20210401,18,,,,010,札幌営業所,726,旅費交通費,,,Q5,,19500,1772,,000,共通部門,111,現金,,,00,,19500,0,旅費,,,,,,,,,,,,,,,,,,,,,,,,,,,,,,,,,,,,,,,,,,,,,,,,,,,,,,
20210401,246,,,,030,名古屋支店,726,旅費交通費,,,Q5,,10000,909,,000,共通部門,111,現金,,,00,,10000,0,旅費,,,,,,,,,,,,,,,,,,,,,,,,,,,,,,,,,,,,,,,,,,,,,,,,,,,,,,
20210402,19,,,,010,札幌営業所,726,旅費交通費,,,Q5,,11000,1000,,000,共通部門,111,現金,,,00,,11000,0,旅費,,,,,,,,,,,,,,,,,,,,,,,,,,,,,,,,,,,,,,,,,,,,,,,,,,,,,,
20210402,68,,,,010,札幌営業所,791,雑費,,,Q5,,2970,270,,000,共通部門,111,現金,,,00,,2970,0,トイレットペーパー他,,,,,,,,,,,,,,,,,,,,,,,,,,,,,,,,,,,,,,,,,,,,,,,,,,,,,,
20210402,122,,,,040,大阪支店,727,通信費,,,Q5,,1050,95,,000,共通部門,111,現金,,,00,,1050,0,証明書発行手数料,,,,,,,,,,,,,,,,,,,,,,,,,,,,,,,,,,,,,,,,,,,,,,,,,,,,,,
20210402,142,,,,040,大阪支店,740,車両費,,,Q5,,2458,223,,000,共通部門,111,現金,,,00,,13384,0,高速代,,,,,,,,,,,,,,,,,,,,,,,,,,,,,,,,,,,,,,,,,,,,,,,,,,,,,,
20210402,142,,,,040,大阪支店,740,車両費,,,Q5,,591,53,,,,,,,,,,,,駐車代,,,,,,,,,,,,,,,,,,,,,,,,,,,,,,,,,,,,,,,,,,,,,,,,,,,,,,
20210402,142,,,,040,大阪支店,740,車両費,,,Q5,,4620,420,,,,,,,,,,,,ガソリン代,,,,,,,,,,,,,,,,,,,,,,,,,,,,,,,,,,,,,,,,,,,,,,,,,,,,,,
20210402,142,,,,040,大阪支店,740,車両費,,,Q5,,5715,519,,,,,,,,,,,,洗車券代,,,,,,,,,,,,,,,,,,,,,,,,,,,,,,,,,,,,,,,,,,,,,,,,,,,,,,
20210403,41,,,,020,東京支店,733,交際接待費,,,Q5,,12000,1090,,000,共通部門,111,現金,,,00,,12000,0,結婚式会費,,,,,,,,,,,,,,,,,,,,,,,,,,,,,,,,,,,,,,,,,,,,,,,,,,,,,,
20210403,134,,,,010,札幌営業所,754,事務用消耗品費,,,Q5,,15600,1418,,000,共通部門,111,現金,,,00,,15600,0,用紙,,,,,,,,,,,,,,,,,,,,,,,,,,,,,,,,,,,,,,,,,,,,,,,,,,,,,,
20210404,310,,,,050,九州営業所,740,車両費,,,Q5,,6486,589,,000,共通部門,111,現金,,,00,,17401,0,ガソリン代,,,,,,,,,,,,,,,,,,,,,,,,,,,,,,,,,,,,,,,,,,,,,,,,,,,,,,
20210404,310,,,,050,九州営業所,740,車両費,,,Q5,,9715,883,,,,,,,,,,,,高速代,,,,,,,,,,,,,,,,,,,,,,,,,,,,,,,,,,,,,,,,,,,,,,,,,,,,,,
20210404,310,,,,050,九州営業所,740,車両費,,,Q5,,1200,109,,,,,,,,,,,,駐車代,,,,,,,,,,,,,,,,,,,,,,,,,,,,,,,,,,,,,,,,,,,,,,,,,,,,,,
20210405,76,,,,020,東京支店,724,福利厚生費,,,Q5,,56000,5090,,000,共通部門,322,未払金,,,00,,56000,0,制服代,,,,,,,,,,,,,,,,,,,,,,,,,,,,,,,,,,,,,,,,,,,,,,,,,,,,,,
20210405,133,,,,020,東京支店,746,支払報酬,,,Q5,,139710,12700,,000,共通部門,131,普通預金,20,ABC銀行 本店,00,,139710,0,税理士報酬,,,,,,,,,,,,,,,,,,,,,,,,,,,,,,,,,,,,,,,,,,,,,,,,,,,,,,
20210405,139,,,,040,大阪支店,724,福利厚生費,,,Q5,,55630,5057,,000,共通部門,322,未払金,,,00,,55630,0,制服代,,,,,,,,,,,,,,,,,,,,,,,,,,,,,,,,,,,,,,,,,,,,,,,,,,,,,,
20210405,254,,,,000,共通部門,131,普通預金,50,MNO銀行 北九州,00,,2959035,0,,000,共通部門,152,売掛金,22,株式会社豊原産業,00,,2959035,0,4月5日伝票No190株式会社豊原産業,,,,,,,,,,,,,,,,,,,,,,,,,,,,,,,,,,,,,,,,,,,,,,,,,,,,,,
20210405,254,,,,050,九州営業所,741,支払手数料,,,Q5,,630,57,,000,共通部門,152,売掛金,22,株式会社豊原産業,00,,630,0,4月5日伝票No190株式会社豊原産業,,,,,,,,,,,,,,,,,,,,,,,,,,,,,,,,,,,,,,,,,,,,,,,,,,,,,,
20210405,255,,,,000,共通部門,131,普通預金,20,ABC銀行 本店,00,,1508295,0,,000,共通部門,152,売掛金,26,若松販売株式会社,00,,1508295,0,4月5日伝票No191若松販売株式会社,,,,,,,,,,,,,,,,,,,,,,,,,,,,,,,,,,,,,,,,,,,,,,,,,,,,,,
20210405,255,,,,020,東京支店,741,支払手数料,,,Q5,,472,42,,000,共通部門,152,売掛金,26,若松販売株式会社,00,,472,0,4月5日伝票No191若松販売株式会社,,,,,,,,,,,,,,,,,,,,,,,,,,,,,,,,,,,,,,,,,,,,,,,,,,,,,,
20210405,256,,,,000,共通部門,131,普通預金,30,GHI銀行 名古屋,00,,2171384,0,,000,共通部門,152,売掛金,27,晴海物産株式会社,00,,2171384,0,4月5日伝票No192晴海物産株式会社,,,,,,,,,,,,,,,,,,,,,,,,,,,,,,,,,,,,,,,,,,,,,,,,,,,,,,
20210405,256,,,,030,名古屋支店,741,支払手数料,,,Q5,,735,66,,000,共通部門,152,売掛金,27,晴海物産株式会社,00,,735,0,4月5日伝票No192晴海物産株式会社,,,,,,,,,,,,,,,,,,,,,,,,,,,,,,,,,,,,,,,,,,,,,,,,,,,,,,
20210406,10,,,,010,札幌営業所,740,車両費,,,Q5,,4224,384,,000,共通部門,111,現金,,,00,,4224,0,ガソリン代,,,,,,,,,,,,,,,,,,,,,,,,,,,,,,,,,,,,,,,,,,,,,,,,,,,,,,
20210406,42,,,,020,東京支店,733,交際接待費,,,Q5,,4650,422,,000,共通部門,111,現金,,,00,,4650,0,昼食代 架空店舗036,,,,,,,,,,,,,,,,,,,,,,,,,,,,,,,,,,,,,,,,,,,,,,,,,,,,,,
20210406,84,,,,030,名古屋支店,727,通信費,,,Q5,,70000,6363,,000,共通部門,111,現金,,,00,,70000,0,切手代,,,,,,,,,,,,,,,,,,,,,,,,,,,,,,,,,,,,,,,,,,,,,,,,,,,,,,
20210406,106,,,,040,大阪支店,733,交際接待費,,,Q5,,5372,488,,000,共通部門,111,現金,,,00,,36020,0,食事代 架空店舗045 2名,,,,,,,,,,,,,,,,,,,,,,,,,,,,,,,,,,,,,,,,,,,,,,,,,,,,,,
20210406,106,,,,040,大阪支店,733,交際接待費,,,Q5,,30648,2786,,,,,,,,,,,,飲食代 架空店舗022,,,,,,,,,,,,,,,,,,,,,,,,,,,,,,,,,,,,,,,,,,,,,,,,,,,,,,
20210406,110,,,,040,大阪支店,726,旅費交通費,,,Q5,,2290,208,,000,共通部門,111,現金,,,00,,2290,0,タクシー代,,,,,,,,,,,,,,,,,,,,,,,,,,,,,,,,,,,,,,,,,,,,,,,,,,,,,,
20210406,123,,,,040,大阪支店,727,通信費,,,Q5,,40000,3636,,000,共通部門,111,現金,,,00,,40000,0,切手代,,,,,,,,,,,,,,,,,,,,,,,,,,,,,,,,,,,,,,,,,,,,,,,,,,,,,,
20210406,124,,,,040,大阪支店,738,租税公課,,,00,,6000,0,,000,共通部門,111,現金,,,00,,6000,0,収入印紙,,,,,,,,,,,,,,,,,,,,,,,,,,,,,,,,,,,,,,,,,,,,,,,,,,,,,,
20210406,147,,,,050,九州営業所,740,車両費,,,Q5,,5126,466,,000,共通部門,322,未払金,,,00,,5126,0,ガソリン代,,,,,,,,,,,,,,,,,,,,,,,,,,,,,,,,,,,,,,,,,,,,,,,,,,,,,,
20210406,156,,,,050,九州営業所,726,旅費交通費,,,Q5,,7500,681,,000,共通部門,111,現金,,,00,,7500,0,出張旅費,,,,,,,,,,,,,,,,,,,,,,,,,,,,,,,,,,,,,,,,,,,,,,,,,,,,,,
20210406,236,,,,020,東京支店,733,交際接待費,,,Q5,,26500,2409,,000,共通部門,111,現金,,,00,,26500,0,ゴルフプレー代2名,,,,,,,,,,,,,,,,,,,,,,,,,,,,,,,,,,,,,,,,,,,,,,,,,,,,,,
20210406,305,,,,000,共通部門,131,普通預金,40,JKL銀行 梅田,00,,1000000,0,,000,共通部門,131,普通預金,20,ABC銀行 本店,00,,1000000,0,資金移動,,,,,,,,,,,,,,,,,,,,,,,,,,,,,,,,,,,,,,,,,,,,,,,,,,,,,,
20210407,20,,,,010,札幌営業所,726,旅費交通費,,,Q5,,39000,3545,,000,共通部門,111,現金,,,00,,39000,0,旅費,,,,,,,,,,,,,,,,,,,,,,,,,,,,,,,,,,,,,,,,,,,,,,,,,,,,,,
20210407,21,,,,010,札幌営業所,726,旅費交通費,,,Q5,,69500,6318,,000,共通部門,111,現金,,,00,,69500,0,架空鉄道会社A代,,,,,,,,,,,,,,,,,,,,,,,,,,,,,,,,,,,,,,,,,,,,,,,,,,,,,,
20210407,22,,,,010,札幌営業所,726,旅費交通費,,,Q5,,50000,4545,,000,共通部門,111,現金,,,00,,50000,0,旅費,,,,,,,,,,,,,,,,,,,,,,,,,,,,,,,,,,,,,,,,,,,,,,,,,,,,,,
20210407,43,,,,020,東京支店,733,交際接待費,,,Q5,,6630,602,,000,共通部門,111,現金,,,00,,6630,0,手土産代 星川商事株式会社,,,,,,,,,,,,,,,,,,,,,,,,,,,,,,,,,,,,,,,,,,,,,,,,,,,,,,
20210407,56,,,,020,東京支店,726,旅費交通費,,,Q5,,21500,1954,,000,共通部門,111,現金,,,00,,21500,0,旅費,,,,,,,,,,,,,,,,,,,,,,,,,,,,,,,,,,,,,,,,,,,,,,,,,,,,,,
20210407,57,,,,020,東京支店,726,旅費交通費,,,Q5,,97800,8890,,000,共通部門,111,現金,,,00,,97800,0,架空鉄道会社A代,,,,,,,,,,,,,,,,,,,,,,,,,,,,,,,,,,,,,,,,,,,,,,,,,,,,,,
20210407,58,,,,020,東京支店,726,旅費交通費,,,Q5,,70000,6363,,000,共通部門,111,現金,,,00,,70000,0,旅費,,,,,,,,,,,,,,,,,,,,,,,,,,,,,,,,,,,,,,,,,,,,,,,,,,,,,,
20210407,69,,,,020,東京支店,791,雑費,,,Q5,,1332,121,,000,共通部門,111,現金,,,00,,4171,0,お茶代,,,,,,,,,,,,,,,,,,,,,,,,,,,,,,,,,,,,,,,,,,,,,,,,,,,,,,
20210407,69,,,,020,東京支店,791,雑費,,,Q5,,2839,258,,,,,,,,,,,,コーヒー代,,,,,,,,,,,,,,,,,,,,,,,,,,,,,,,,,,,,,,,,,,,,,,,,,,,,,,
20210407,102,,,,040,大阪支店,733,交際接待費,,,Q5,,1050,95,,000,共通部門,111,現金,,,00,,1050,0,手土産代 架空店舗089,,,,,,,,,,,,,,,,,,,,,,,,,,,,,,,,,,,,,,,,,,,,,,,,,,,,,,
20210408,50,,,,020,東京支店,740,車両費,,,Q5,,1200,109,,000,共通部門,111,現金,,,00,,1200,0,高速代,,,,,,,,,,,,,,,,,,,,,,,,,,,,,,,,,,,,,,,,,,,,,,,,,,,,,,
20210408,143,,,,040,大阪支店,740,車両費,,,Q5,,7135,648,,000,共通部門,111,現金,,,00,,7135,0,ガソリン代,,,,,,,,,,,,,,,,,,,,,,,,,,,,,,,,,,,,,,,,,,,,,,,,,,,,,,
20210410,33,,,,010,札幌営業所,747,地代家賃,,,Q5,,320000,29090,,000,共通部門,131,普通預金,10,DEF銀行 駅前,00,,320000,0,家賃支払い,,,,,,,,,,,,,,,,,,,,,,,,,,,,,,,,,,,,,,,,,,,,,,,,,,,,,,
20210410,33,,,,010,札幌営業所,727,通信費,,,Q5,,164130,14920,,000,共通部門,131,普通預金,10,DEF銀行 駅前,00,,164130,0,電話代,,,,,,,,,,,,,,,,,,,,,,,,,,,,,,,,,,,,,,,,,,,,,,,,,,,,,,
20210410,85,,,,030,名古屋支店,727,通信費,,,Q5,,129188,11744,,000,共通部門,131,普通預金,30,GHI銀行 名古屋,00,,129188,0,電話代,,,,,,,,,,,,,,,,,,,,,,,,,,,,,,,,,,,,,,,,,,,,,,,,,,,,,,
20210410,112,,,,040,大阪支店,727,通信費,,,Q5,,246816,22437,,000,共通部門,131,普通預金,40,JKL銀行 梅田,00,,246816,0,電話代,,,,,,,,,,,,,,,,,,,,,,,,,,,,,,,,,,,,,,,,,,,,,,,,,,,,,,
20210410,129,,,,030,名古屋支店,747,地代家賃,,,Q5,,399000,36272,,000,共通部門,131,普通預金,30,GHI銀行 名古屋,00,,399000,0,家賃支払い,,,,,,,,,,,,,,,,,,,,,,,,,,,,,,,,,,,,,,,,,,,,,,,,,,,,,,
20210410,149,,,,030,名古屋支店,733,交際接待費,,,Q5,,5760,523,,000,共通部門,111,現金,,,00,,5760,0,食事代 架空店舗002 4名,,,,,,,,,,,,,,,,,,,,,,,,,,,,,,,,,,,,,,,,,,,,,,,,,,,,,,
20210410,157,,,,050,九州営業所,726,旅費交通費,,,Q5,,22200,2018,,000,共通部門,131,普通預金,50,MNO銀行 北九州,00,,22200,0,航空券代,,,,,,,,,,,,,,,,,,,,,,,,,,,,,,,,,,,,,,,,,,,,,,,,,,,,,,
20210410,162,,,,020,東京支店,734,会議費,,,Q5,,24995,2272,,000,共通部門,111,現金,,,00,,24995,0,会議　食事代,,,,,,,,,,,,,,,,,,,,,,,,,,,,,,,,,,,,,,,,,,,,,,,,,,,,,,
20210410,167,,,,050,九州営業所,747,地代家賃,,,Q5,,630000,57272,,000,共通部門,131,普通預金,50,MNO銀行 北九州,00,,630000,0,家賃支払い,,,,,,,,,,,,,,,,,,,,,,,,,,,,,,,,,,,,,,,,,,,,,,,,,,,,,,
20210410,167,,,,050,九州営業所,727,通信費,,,Q5,,166012,15092,,000,共通部門,131,普通預金,50,MNO銀行 北九州,00,,166012,0,電話代,,,,,,,,,,,,,,,,,,,,,,,,,,,,,,,,,,,,,,,,,,,,,,,,,,,,,,
20210410,168,,,,050,九州営業所,791,雑費,,,Q5,,6000,545,,000,共通部門,322,未払金,,,00,,48858,0,有線,,,,,,,,,,,,,,,,,,,,,,,,,,,,,,,,,,,,,,,,,,,,,,,,,,,,,,
20210410,168,,,,050,九州営業所,791,雑費,,,Q5,,42858,3896,,,,,,,,,,,,警備料,,,,,,,,,,,,,,,,,,,,,,,,,,,,,,,,,,,,,,,,,,,,,,,,,,,,,,
20210410,231,,,,000,共通部門,326,預り金,3,源泉税,00,,224870,0,,000,共通部門,131,普通預金,20,ABC銀行 本店,00,,692570,0,源泉税支払,,,,,,,,,,,,,,,,,,,,,,,,,,,,,,,,,,,,,,,,,,,,,,,,,,,,,,
20210410,231,,,,000,共通部門,326,預り金,2,住民税,00,,467700,0,,,,,,,,,,,,住民税支払,,,,,,,,,,,,,,,,,,,,,,,,,,,,,,,,,,,,,,,,,,,,,,,,,,,,,,
20210410,232,,,,020,東京支店,747,地代家賃,,,Q5,,1260000,114545,,000,共通部門,131,普通預金,20,ABC銀行 本店,00,,1260000,0,家賃支払,,,,,,,,,,,,,,,,,,,,,,,,,,,,,,,,,,,,,,,,,,,,,,,,,,,,,,
20210410,233,,,,040,大阪支店,747,地代家賃,,,Q5,,840000,76363,,000,共通部門,131,普通預金,40,JKL銀行 梅田,00,,840000,0,家賃支払,,,,,,,,,,,,,,,,,,,,,,,,,,,,,,,,,,,,,,,,,,,,,,,,,,,,,,
20210410,234,,,,010,札幌営業所,791,雑費,,,Q5,,5000,454,,000,共通部門,322,未払金,,,00,,39286,0,有線,,,,,,,,,,,,,,,,,,,,,,,,,,,,,,,,,,,,,,,,,,,,,,,,,,,,,,
20210410,234,,,,010,札幌営業所,791,雑費,,,Q5,,34286,3116,,,,,,,,,,,,警備料,,,,,,,,,,,,,,,,,,,,,,,,,,,,,,,,,,,,,,,,,,,,,,,,,,,,,,
20210410,248,,,,030,名古屋支店,726,旅費交通費,,,Q5,,10450,950,,000,共通部門,111,現金,,,00,,10450,0,旅費,,,,,,,,,,,,,,,,,,,,,,,,,,,,,,,,,,,,,,,,,,,,,,,,,,,,,,
20210410,257,,,,000,共通部門,131,普通預金,30,GHI銀行 名古屋,00,,1428451,0,,000,共通部門,152,売掛金,19,株式会社南風商会,00,,1428451,0,4月10日伝票No193株式会社南風商会,,,,,,,,,,,,,,,,,,,,,,,,,,,,,,,,,,,,,,,,,,,,,,,,,,,,,,
20210410,257,,,,030,名古屋支店,741,支払手数料,,,Q5,,735,66,,000,共通部門,152,売掛金,19,株式会社南風商会,00,,735,0,4月10日伝票No193株式会社南風商会,,,,,,,,,,,,,,,,,,,,,,,,,,,,,,,,,,,,,,,,,,,,,,,,,,,,,,
20210410,258,,,,000,共通部門,150,受取手形,,,00,,7862107,0,,000,共通部門,152,売掛金,28,株式会社青葉百貨店,00,,7862107,0,4月10日伝票No194株式会社青葉百貨店 | 売上伝票=202103分未収録;手形番号=R20210410-258-28,,,,,,,,,,,,,,,,,,,,,,,,,,,,,,,,,,,,,,,,,,,,,,,,,,,,,,
20210410,259,,,,000,共通部門,312,買掛金,3,青凪商事株式会社,00,,1961954,0,,000,共通部門,152,売掛金,3,青凪商事株式会社,00,,1961954,0,4月10日伝票No472青凪商事株式会社,,,,,,,,,,,,,,,,,,,,,,,,,,,,,,,,,,,,,,,,,,,,,,,,,,,,,,
20210410,260,,,,000,共通部門,131,普通預金,20,ABC銀行 本店,00,,18417920,0,,000,共通部門,152,売掛金,14,株式会社花咲商事,00,,18417920,0,4月10日伝票No494株式会社花咲商事東京本社,,,,,,,,,,,,,,,,,,,,,,,,,,,,,,,,,,,,,,,,,,,,,,,,,,,,,,
20210410,260,,,,020,東京支店,741,支払手数料,,,Q5,,840,76,,000,共通部門,152,売掛金,14,株式会社花咲商事,00,,840,0,4月10日伝票No494株式会社花咲商事東京本社,,,,,,,,,,,,,,,,,,,,,,,,,,,,,,,,,,,,,,,,,,,,,,,,,,,,,,
20210410,261,,,,000,共通部門,312,買掛金,3,青凪商事株式会社,00,,7368349,0,,000,共通部門,301,支払手形,,,00,,7368349,0,4月10日伝票No271青凪商事株式会社,,,,,,,,,,,,,,,,,,,,,,,,,,,,,,,,,,,,,,,,,,,,,,,,,,,,,,
20210410,262,,,,000,共通部門,312,買掛金,8,株式会社白樺商事,00,,402696,0,,000,共通部門,131,普通預金,20,ABC銀行 本店,00,,402696,0,4月10日伝票No273株式会社白樺商事,,,,,,,,,,,,,,,,,,,,,,,,,,,,,,,,,,,,,,,,,,,,,,,,,,,,,,
20210410,298,,,,000,共通部門,301,支払手形,,,00,,7322934,0,,000,共通部門,121,当座預金,1,ABC銀行,00,,7322934,0,手形期日落日 青凪商事株式会社,,,,,,,,,,,,,,,,,,,,,,,,,,,,,,,,,,,,,,,,,,,,,,,,,,,,,,
20210411,73,,,,020,東京支店,733,交際接待費,,,Q5,,26530,2411,,000,共通部門,111,現金,,,00,,26530,0,飲食代 架空店舗078 6名,,,,,,,,,,,,,,,,,,,,,,,,,,,,,,,,,,,,,,,,,,,,,,,,,,,,,,
20210411,74,,,,020,東京支店,733,交際接待費,,,Q5,,39000,3545,,000,共通部門,111,現金,,,00,,39000,0,飲食代 架空店舗025 6名,,,,,,,,,,,,,,,,,,,,,,,,,,,,,,,,,,,,,,,,,,,,,,,,,,,,,,
20210411,229,,,,000,共通部門,121,当座預金,1,ABC銀行,00,,9000000,0,,000,共通部門,131,普通預金,20,ABC銀行 本店,00,,9000000,0,資金移動,,,,,,,,,,,,,,,,,,,,,,,,,,,,,,,,,,,,,,,,,,,,,,,,,,,,,,
20210411,229,,,,000,共通部門,111,現金,,,00,,2000000,0,,000,共通部門,131,普通預金,20,ABC銀行 本店,00,,2000000,0,引き出し,,,,,,,,,,,,,,,,,,,,,,,,,,,,,,,,,,,,,,,,,,,,,,,,,,,,,,
20210412,155,,,,050,九州営業所,740,車両費,,,Q5,,4500,409,,000,共通部門,111,現金,,,00,,5072,0,ガソリン代,,,,,,,,,,,,,,,,,,,,,,,,,,,,,,,,,,,,,,,,,,,,,,,,,,,,,,
20210412,155,,,,050,九州営業所,740,車両費,,,Q5,,572,52,,,,,,,,,,,,駐車代,,,,,,,,,,,,,,,,,,,,,,,,,,,,,,,,,,,,,,,,,,,,,,,,,,,,,,
20210412,249,,,,030,名古屋支店,726,旅費交通費,,,Q5,,10286,935,,000,共通部門,111,現金,,,00,,15048,0,旅費,,,,,,,,,,,,,,,,,,,,,,,,,,,,,,,,,,,,,,,,,,,,,,,,,,,,,,
20210412,249,,,,030,名古屋支店,726,旅費交通費,,,Q5,,4762,432,,,,,,,,,,,,タクシー代,,,,,,,,,,,,,,,,,,,,,,,,,,,,,,,,,,,,,,,,,,,,,,,,,,,,,,
20210412,311,,,,010,札幌営業所,740,車両費,,,Q5,,74000,6727,,000,共通部門,111,現金,,,00,,74000,0,タイヤ交換,,,,,,,,,,,,,,,,,,,,,,,,,,,,,,,,,,,,,,,,,,,,,,,,,,,,,,
20210413,11,,,,010,札幌営業所,740,車両費,,,Q5,,3210,291,,000,共通部門,111,現金,,,00,,3210,0,ガソリン代,,,,,,,,,,,,,,,,,,,,,,,,,,,,,,,,,,,,,,,,,,,,,,,,,,,,,,
20210413,17,,,,010,札幌営業所,740,車両費,,,Q5,,351,31,,000,共通部門,111,現金,,,00,,1113,0,ウォッシャー液,,,,,,,,,,,,,,,,,,,,,,,,,,,,,,,,,,,,,,,,,,,,,,,,,,,,,,
20210413,17,,,,010,札幌営業所,740,車両費,,,Q5,,762,69,,,,,,,,,,,,駐車代,,,,,,,,,,,,,,,,,,,,,,,,,,,,,,,,,,,,,,,,,,,,,,,,,,,,,,
20210413,144,,,,040,大阪支店,740,車両費,,,Q5,,572,52,,000,共通部門,111,現金,,,00,,8691,0,ウォッシャー液代,,,,,,,,,,,,,,,,,,,,,,,,,,,,,,,,,,,,,,,,,,,,,,,,,,,,,,
20210413,144,,,,040,大阪支店,740,車両費,,,Q5,,2286,207,,,,,,,,,,,,高速代,,,,,,,,,,,,,,,,,,,,,,,,,,,,,,,,,,,,,,,,,,,,,,,,,,,,,,
20210413,144,,,,040,大阪支店,740,車両費,,,Q5,,5833,530,,,,,,,,,,,,ガソリン代,,,,,,,,,,,,,,,,,,,,,,,,,,,,,,,,,,,,,,,,,,,,,,,,,,,,,,
20210413,150,,,,050,九州営業所,733,交際接待費,,,Q5,,14000,1272,,000,共通部門,111,現金,,,00,,14000,0,ゴルフプレー代,,,,,,,,,,,,,,,,,,,,,,,,,,,,,,,,,,,,,,,,,,,,,,,,,,,,,,
20210413,158,,,,040,大阪支店,726,旅費交通費,,,Q5,,15000,1363,,000,共通部門,111,現金,,,00,,15000,0,出張旅費,,,,,,,,,,,,,,,,,,,,,,,,,,,,,,,,,,,,,,,,,,,,,,,,,,,,,,
20210414,23,,,,010,札幌営業所,726,旅費交通費,,,Q5,,26667,2424,,000,共通部門,111,現金,,,00,,92858,0,旅費,,,,,,,,,,,,,,,,,,,,,,,,,,,,,,,,,,,,,,,,,,,,,,,,,,,,,,
20210414,23,,,,010,札幌営業所,726,旅費交通費,,,Q5,,29524,2684,,,,,,,,,,,,旅費,,,,,,,,,,,,,,,,,,,,,,,,,,,,,,,,,,,,,,,,,,,,,,,,,,,,,,
20210414,23,,,,010,札幌営業所,726,旅費交通費,,,Q5,,36667,3333,,,,,,,,,,,,旅費,,,,,,,,,,,,,,,,,,,,,,,,,,,,,,,,,,,,,,,,,,,,,,,,,,,,,,
20210414,46,,,,020,東京支店,740,車両費,,,Q5,,2341,212,,000,共通部門,111,現金,,,00,,7151,0,ガソリン代,,,,,,,,,,,,,,,,,,,,,,,,,,,,,,,,,,,,,,,,,,,,,,,,,,,,,,
20210414,46,,,,020,東京支店,740,車両費,,,Q5,,1762,160,,,,,,,,,,,,駐車代,,,,,,,,,,,,,,,,,,,,,,,,,,,,,,,,,,,,,,,,,,,,,,,,,,,,,,
20210414,46,,,,020,東京支店,740,車両費,,,Q5,,3048,277,,,,,,,,,,,,高速代,,,,,,,,,,,,,,,,,,,,,,,,,,,,,,,,,,,,,,,,,,,,,,,,,,,,,,
20210414,51,,,,020,東京支店,740,車両費,,,Q5,,1505,136,,000,共通部門,111,現金,,,00,,4031,0,高速代,,,,,,,,,,,,,,,,,,,,,,,,,,,,,,,,,,,,,,,,,,,,,,,,,,,,,,
20210414,51,,,,020,東京支店,740,車両費,,,Q5,,620,56,,,,,,,,,,,,駐車代,,,,,,,,,,,,,,,,,,,,,,,,,,,,,,,,,,,,,,,,,,,,,,,,,,,,,,
20210414,51,,,,020,東京支店,740,車両費,,,Q5,,810,73,,,,,,,,,,,,駐車代,,,,,,,,,,,,,,,,,,,,,,,,,,,,,,,,,,,,,,,,,,,,,,,,,,,,,,
20210414,51,,,,020,東京支店,740,車両費,,,Q5,,1096,99,,,,,,,,,,,,高速代,,,,,,,,,,,,,,,,,,,,,,,,,,,,,,,,,,,,,,,,,,,,,,,,,,,,,,
20210415,4,,,,010,札幌営業所,732,広告宣伝費,,,Q5,,31500,2863,,000,共通部門,322,未払金,,,00,,31500,0,広告費,,,,,,,,,,,,,,,,,,,,,,,,,,,,,,,,,,,,,,,,,,,,,,,,,,,,,,
20210415,79,,,,030,名古屋支店,724,福利厚生費,,,Q5,,45477,4134,,000,共通部門,111,現金,,,00,,45477,0,景品代,,,,,,,,,,,,,,,,,,,,,,,,,,,,,,,,,,,,,,,,,,,,,,,,,,,,,,
20210415,117,,,,040,大阪支店,742,諸会費,,,00,,20000,0,,000,共通部門,111,現金,,,00,,20000,0,会費,,,,,,,,,,,,,,,,,,,,,,,,,,,,,,,,,,,,,,,,,,,,,,,,,,,,,,
20210415,130,,,,040,大阪支店,742,諸会費,,,00,,24000,0,,000,共通部門,131,普通預金,40,JKL銀行 梅田,00,,24000,0,会費,,,,,,,,,,,,,,,,,,,,,,,,,,,,,,,,,,,,,,,,,,,,,,,,,,,,,,
20210415,151,,,,040,大阪支店,733,交際接待費,,,Q5,,16741,1521,,000,共通部門,111,現金,,,00,,37741,0,飲食代 架空店舗072,,,,,,,,,,,,,,,,,,,,,,,,,,,,,,,,,,,,,,,,,,,,,,,,,,,,,,
20210415,151,,,,040,大阪支店,733,交際接待費,,,Q5,,21000,1909,,,,,,,,,,,,飲食代 架空店舗032,,,,,,,,,,,,,,,,,,,,,,,,,,,,,,,,,,,,,,,,,,,,,,,,,,,,,,
20210415,243,,,,040,大阪支店,740,車両費,,,Q5,,6239,567,,000,共通部門,111,現金,,,00,,6239,0,ガソリン代,,,,,,,,,,,,,,,,,,,,,,,,,,,,,,,,,,,,,,,,,,,,,,,,,,,,,,
20210415,252,,,,020,東京支店,721,雑給,,,00,,396465,0,,000,共通部門,111,現金,,,00,,378068,0,4月給与その他 0060 パート･アルバイト,,,,,,,,,,,,,,,,,,,,,,,,,,,,,,,,,,,,,,,,,,,,,,,,,,,,,,
20210415,252,,,,,,,,,,,,,,,000,共通部門,326,預り金,3,源泉税,00,,2970,0,4月給与その他 0060 パート･アルバイト,,,,,,,,,,,,,,,,,,,,,,,,,,,,,,,,,,,,,,,,,,,,,,,,,,,,,,
20210415,252,,,,,,,,,,,,,,,000,共通部門,326,預り金,9,その他,00,,15427,0,4月給与その他 0060 パート･アルバイト,,,,,,,,,,,,,,,,,,,,,,,,,,,,,,,,,,,,,,,,,,,,,,,,,,,,,,
20210415,263,,,,000,共通部門,131,普通預金,50,MNO銀行 北九州,00,,1382966,0,,000,共通部門,152,売掛金,1,株式会社若葉百貨店,00,,1382966,0,4月15日伝票No195株式会社若葉百貨店,,,,,,,,,,,,,,,,,,,,,,,,,,,,,,,,,,,,,,,,,,,,,,,,,,,,,,
20210415,263,,,,050,九州営業所,741,支払手数料,,,Q5,,840,76,,000,共通部門,152,売掛金,1,株式会社若葉百貨店,00,,840,0,4月15日伝票No195株式会社若葉百貨店,,,,,,,,,,,,,,,,,,,,,,,,,,,,,,,,,,,,,,,,,,,,,,,,,,,,,,
20210415,264,,,,000,共通部門,131,普通預金,30,GHI銀行 名古屋,00,,1269492,0,,000,共通部門,152,売掛金,6,株式会社瑞穂流通,00,,1269492,0,4月15日伝票No196株式会社瑞穂流通,,,,,,,,,,,,,,,,,,,,,,,,,,,,,,,,,,,,,,,,,,,,,,,,,,,,,,
20210415,264,,,,030,名古屋支店,741,支払手数料,,,Q5,,840,76,,000,共通部門,152,売掛金,6,株式会社瑞穂流通,00,,840,0,4月15日伝票No196株式会社瑞穂流通,,,,,,,,,,,,,,,,,,,,,,,,,,,,,,,,,,,,,,,,,,,,,,,,,,,,,,
20210415,265,,,,000,共通部門,131,普通預金,40,JKL銀行 梅田,00,,3379724,0,,000,共通部門,152,売掛金,9,朝凪物産株式会社,00,,3379724,0,4月15日伝票No197朝凪物産株式会社,,,,,,,,,,,,,,,,,,,,,,,,,,,,,,,,,,,,,,,,,,,,,,,,,,,,,,
20210415,265,,,,040,大阪支店,741,支払手数料,,,Q5,,840,76,,000,共通部門,152,売掛金,9,朝凪物産株式会社,00,,840,0,4月15日伝票No197朝凪物産株式会社,,,,,,,,,,,,,,,,,,,,,,,,,,,,,,,,,,,,,,,,,,,,,,,,,,,,,,
20210415,266,,,,000,共通部門,131,普通預金,20,ABC銀行 本店,00,,2819432,0,,000,共通部門,152,売掛金,13,星川商事株式会社,00,,2819432,0,4月15日伝票No198星川商事株式会社,,,,,,,,,,,,,,,,,,,,,,,,,,,,,,,,,,,,,,,,,,,,,,,,,,,,,,
20210415,267,,,,000,共通部門,131,普通預金,40,JKL銀行 梅田,00,,2268756,0,,000,共通部門,152,売掛金,20,清和商事株式会社,00,,2268756,0,4月15日伝票No199清和商事株式会社,,,,,,,,,,,,,,,,,,,,,,,,,,,,,,,,,,,,,,,,,,,,,,,,,,,,,,
20210415,267,,,,040,大阪支店,741,支払手数料,,,Q5,,630,57,,000,共通部門,152,売掛金,20,清和商事株式会社,00,,630,0,4月15日伝票No199清和商事株式会社,,,,,,,,,,,,,,,,,,,,,,,,,,,,,,,,,,,,,,,,,,,,,,,,,,,,,,
20210415,268,,,,000,共通部門,312,買掛金,1,株式会社北辰商事,00,,3557473,0,,000,共通部門,131,普通預金,20,ABC銀行 本店,00,,3557473,0,4月15日伝票No274株式会社北辰商事,,,,,,,,,,,,,,,,,,,,,,,,,,,,,,,,,,,,,,,,,,,,,,,,,,,,,,
20210416,61,,,,020,東京支店,727,通信費,,,Q5,,169334,15394,,000,共通部門,131,普通預金,20,ABC銀行 本店,00,,169334,0,電話代,,,,,,,,,,,,,,,,,,,,,,,,,,,,,,,,,,,,,,,,,,,,,,,,,,,,,,
20210416,103,,,,040,大阪支店,733,交際接待費,,,Q5,,2680,243,,000,共通部門,111,現金,,,00,,2680,0,コーヒー代5名,,,,,,,,,,,,,,,,,,,,,,,,,,,,,,,,,,,,,,,,,,,,,,,,,,,,,,
20210416,136,,,,040,大阪支店,791,雑費,,,Q5,,16500,1500,,000,共通部門,111,現金,,,00,,16500,0,架空清掃会社A代,,,,,,,,,,,,,,,,,,,,,,,,,,,,,,,,,,,,,,,,,,,,,,,,,,,,,,
20210417,12,,,,010,札幌営業所,740,車両費,,,Q5,,4456,405,,000,共通部門,111,現金,,,00,,6171,0,ガソリン代,,,,,,,,,,,,,,,,,,,,,,,,,,,,,,,,,,,,,,,,,,,,,,,,,,,,,,
20210417,12,,,,010,札幌営業所,740,車両費,,,Q5,,572,52,,,,,,,,,,,,高速代,,,,,,,,,,,,,,,,,,,,,,,,,,,,,,,,,,,,,,,,,,,,,,,,,,,,,,
20210417,12,,,,010,札幌営業所,740,車両費,,,Q5,,1143,103,,,,,,,,,,,,駐車代,,,,,,,,,,,,,,,,,,,,,,,,,,,,,,,,,,,,,,,,,,,,,,,,,,,,,,
20210417,47,,,,020,東京支店,740,車両費,,,Q5,,2540,230,,000,共通部門,111,現金,,,00,,2540,0,ガソリン代,,,,,,,,,,,,,,,,,,,,,,,,,,,,,,,,,,,,,,,,,,,,,,,,,,,,,,
20210417,52,,,,020,東京支店,740,車両費,,,Q5,,2191,199,,000,共通部門,111,現金,,,00,,4430,0,ガソリン代,,,,,,,,,,,,,,,,,,,,,,,,,,,,,,,,,,,,,,,,,,,,,,,,,,,,,,
20210417,52,,,,020,東京支店,740,車両費,,,Q5,,1096,99,,,,,,,,,,,,高速代,,,,,,,,,,,,,,,,,,,,,,,,,,,,,,,,,,,,,,,,,,,,,,,,,,,,,,
20210417,52,,,,020,東京支店,740,車両費,,,Q5,,1143,103,,,,,,,,,,,,駐車代,,,,,,,,,,,,,,,,,,,,,,,,,,,,,,,,,,,,,,,,,,,,,,,,,,,,,,
20210418,237,,,,020,東京支店,733,交際接待費,,,Q5,,12000,1090,,000,共通部門,111,現金,,,00,,12000,0,ゴルフプレー代,,,,,,,,,,,,,,,,,,,,,,,,,,,,,,,,,,,,,,,,,,,,,,,,,,,,,,
20210419,244,,,,040,大阪支店,740,車両費,,,Q5,,7063,642,,000,共通部門,111,現金,,,00,,7063,0,ガソリン代,,,,,,,,,,,,,,,,,,,,,,,,,,,,,,,,,,,,,,,,,,,,,,,,,,,,,,
20210419,312,,,,000,共通部門,131,普通預金,10,DEF銀行 駅前,00,,500000,0,,000,共通部門,131,普通預金,20,ABC銀行 本店,00,,500000,0,資金移動,,,,,,,,,,,,,,,,,,,,,,,,,,,,,,,,,,,,,,,,,,,,,,,,,,,,,,
20210420,1,,,,000,共通部門,724,福利厚生費,,,Q6,,21600,1600,,000,共通部門,111,現金,,,00,,21600,0,残業夜食　軽減税率,,,,,,,,,,,,,,,,,,,,,,,,,,,,,,,,,,,,,,,,,,,,,,,,,,,,,,
20210420,6,,,,010,札幌営業所,732,広告宣伝費,,,Q5,,5000,454,,000,共通部門,111,現金,,,00,,5000,0,広告料,,,,,,,,,,,,,,,,,,,,,,,,,,,,,,,,,,,,,,,,,,,,,,,,,,,,,,
20210420,7,,,,010,札幌営業所,733,交際接待費,,,Q5,,1429,129,,000,共通部門,111,現金,,,00,,2605,0,食事代,,,,,,,,,,,,,,,,,,,,,,,,,,,,,,,,,,,,,,,,,,,,,,,,,,,,,,
20210420,7,,,,010,札幌営業所,733,交際接待費,,,Q5,,1176,106,,,,,,,,,,,,食事代,,,,,,,,,,,,,,,,,,,,,,,,,,,,,,,,,,,,,,,,,,,,,,,,,,,,,,
20210420,24,,,,010,札幌営業所,726,旅費交通費,,,Q5,,82620,7510,,000,共通部門,111,現金,,,00,,82620,0,架空鉄道会社A回数券,,,,,,,,,,,,,,,,,,,,,,,,,,,,,,,,,,,,,,,,,,,,,,,,,,,,,,
20210420,31,,,,010,札幌営業所,754,事務用消耗品費,,,Q5,,2679,243,,000,共通部門,322,未払金,,,00,,2679,0,コピー代,,,,,,,,,,,,,,,,,,,,,,,,,,,,,,,,,,,,,,,,,,,,,,,,,,,,,,
20210420,34,,,,010,札幌営業所,736,水道光熱費,,,Q5,,91629,8329,,000,共通部門,131,普通預金,10,DEF銀行 駅前,00,,95772,0,電気代,,,,,,,,,,,,,,,,,,,,,,,,,,,,,,,,,,,,,,,,,,,,,,,,,,,,,,
20210420,34,,,,010,札幌営業所,736,水道光熱費,,,Q5,,4143,376,,,,,,,,,,,,水道代,,,,,,,,,,,,,,,,,,,,,,,,,,,,,,,,,,,,,,,,,,,,,,,,,,,,,,
20210420,45,,,,020,東京支店,733,交際接待費,,,Q5,,8260,750,,000,共通部門,111,現金,,,00,,8260,0,食事代 架空店舗030 4名,,,,,,,,,,,,,,,,,,,,,,,,,,,,,,,,,,,,,,,,,,,,,,,,,,,,,,
20210420,48,,,,020,東京支店,740,車両費,,,Q5,,4303,391,,000,共通部門,111,現金,,,00,,4303,0,ガソリン代,,,,,,,,,,,,,,,,,,,,,,,,,,,,,,,,,,,,,,,,,,,,,,,,,,,,,,
20210420,53,,,,020,東京支店,740,車両費,,,Q5,,381,34,,000,共通部門,111,現金,,,00,,8483,0,高速代,,,,,,,,,,,,,,,,,,,,,,,,,,,,,,,,,,,,,,,,,,,,,,,,,,,,,,
20210420,53,,,,020,東京支店,740,車両費,,,Q5,,2000,181,,,,,,,,,,,,駐車代,,,,,,,,,,,,,,,,,,,,,,,,,,,,,,,,,,,,,,,,,,,,,,,,,,,,,,
20210420,53,,,,020,東京支店,740,車両費,,,Q5,,6102,554,,,,,,,,,,,,ガソリン代,,,,,,,,,,,,,,,,,,,,,,,,,,,,,,,,,,,,,,,,,,,,,,,,,,,,,,
20210420,64,,,,020,東京支店,736,水道光熱費,,,Q5,,174650,15877,,000,共通部門,131,普通預金,20,ABC銀行 本店,00,,183641,0,電気料,,,,,,,,,,,,,,,,,,,,,,,,,,,,,,,,,,,,,,,,,,,,,,,,,,,,,,
20210420,64,,,,020,東京支店,736,水道光熱費,,,Q5,,8991,817,,,,,,,,,,,,水道料,,,,,,,,,,,,,,,,,,,,,,,,,,,,,,,,,,,,,,,,,,,,,,,,,,,,,,
20210420,71,,,,020,東京支店,754,事務用消耗品費,,,Q5,,2458,223,,000,共通部門,322,未払金,,,00,,49091,0,事務用品,,,,,,,,,,,,,,,,,,,,,,,,,,,,,,,,,,,,,,,,,,,,,,,,,,,,,,
20210420,71,,,,020,東京支店,754,事務用消耗品費,,,Q5,,16169,1469,,,,,,,,,,,,事務用品,,,,,,,,,,,,,,,,,,,,,,,,,,,,,,,,,,,,,,,,,,,,,,,,,,,,,,
20210420,71,,,,020,東京支店,754,事務用消耗品費,,,Q5,,30464,2769,,,,,,,,,,,,カウンター料金,,,,,,,,,,,,,,,,,,,,,,,,,,,,,,,,,,,,,,,,,,,,,,,,,,,,,,
20210420,89,,,,030,名古屋支店,736,水道光熱費,,,Q5,,82388,7489,,000,共通部門,131,普通預金,30,GHI銀行 名古屋,00,,90049,0,電気料,,,,,,,,,,,,,,,,,,,,,,,,,,,,,,,,,,,,,,,,,,,,,,,,,,,,,,
20210420,89,,,,030,名古屋支店,736,水道光熱費,,,Q5,,3758,341,,,,,,,,,,,,水道料,,,,,,,,,,,,,,,,,,,,,,,,,,,,,,,,,,,,,,,,,,,,,,,,,,,,,,
20210420,89,,,,030,名古屋支店,736,水道光熱費,,,Q5,,3903,354,,,,,,,,,,,,ガス代,,,,,,,,,,,,,,,,,,,,,,,,,,,,,,,,,,,,,,,,,,,,,,,,,,,,,,
20210420,94,,,,030,名古屋支店,791,雑費,,,Q5,,5000,454,,000,共通部門,322,未払金,,,00,,5000,0,有線,,,,,,,,,,,,,,,,,,,,,,,,,,,,,,,,,,,,,,,,,,,,,,,,,,,,,,
20210420,97,,,,030,名古屋支店,754,事務用消耗品費,,,Q5,,39127,3557,,000,共通部門,322,未払金,,,00,,39127,0,コピー代,,,,,,,,,,,,,,,,,,,,,,,,,,,,,,,,,,,,,,,,,,,,,,,,,,,,,,
20210420,98,,,,030,名古屋支店,754,事務用消耗品費,,,Q5,,15750,1431,,000,共通部門,322,未払金,,,00,,15750,0,事務用品,,,,,,,,,,,,,,,,,,,,,,,,,,,,,,,,,,,,,,,,,,,,,,,,,,,,,,
20210420,101,,,,040,大阪支店,732,広告宣伝費,,,Q5,,52500,4772,,000,共通部門,322,未払金,,,00,,52500,0,広告料,,,,,,,,,,,,,,,,,,,,,,,,,,,,,,,,,,,,,,,,,,,,,,,,,,,,,,
20210420,118,,,,040,大阪支店,754,事務用消耗品費,,,Q5,,7011,637,,000,共通部門,322,未払金,,,00,,7011,0,コピー代,,,,,,,,,,,,,,,,,,,,,,,,,,,,,,,,,,,,,,,,,,,,,,,,,,,,,,
20210420,132,,,,040,大阪支店,736,水道光熱費,,,Q5,,113565,10324,,000,共通部門,131,普通預金,40,JKL銀行 梅田,00,,119794,0,電気代,,,,,,,,,,,,,,,,,,,,,,,,,,,,,,,,,,,,,,,,,,,,,,,,,,,,,,
20210420,132,,,,040,大阪支店,736,水道光熱費,,,Q5,,6229,566,,,,,,,,,,,,水道代,,,,,,,,,,,,,,,,,,,,,,,,,,,,,,,,,,,,,,,,,,,,,,,,,,,,,,
20210420,135,,,,040,大阪支店,754,事務用消耗品費,,,Q5,,3120,283,,000,共通部門,322,未払金,,,00,,3120,0,事務用品,,,,,,,,,,,,,,,,,,,,,,,,,,,,,,,,,,,,,,,,,,,,,,,,,,,,,,
20210420,141,,,,000,共通部門,121,当座預金,1,ABC銀行,00,,7736137,0,,000,共通部門,150,受取手形,,,00,,7794519,0,手形割引 株式会社緑野百貨店 | 仮手形番号=U20210420-141-12;受取仕訳未特定,,,,,,,,,,,,,,,,,,,,,,,,,,,,,,,,,,,,,,,,,,,,,,,,,,,,,,
20210420,141,,,,020,東京支店,821,支払利息,,,P0,,58382,0,,,,,,,,,,,,手形割引料 | 仮手形番号=U20210420-141-12,,,,,,,,,,,,,,,,,,,,,,,,,,,,,,,,,,,,,,,,,,,,,,,,,,,,,,
20210420,153,,,,030,名古屋支店,733,交際接待費,,,Q5,,1940,176,,000,共通部門,111,現金,,,00,,1940,0,コーヒー代他2名,,,,,,,,,,,,,,,,,,,,,,,,,,,,,,,,,,,,,,,,,,,,,,,,,,,,,,
20210420,163,,,,050,九州営業所,742,諸会費,,,00,,18000,0,,000,共通部門,111,現金,,,00,,18000,0,会費,,,,,,,,,,,,,,,,,,,,,,,,,,,,,,,,,,,,,,,,,,,,,,,,,,,,,,
20210420,169,,,,050,九州営業所,736,水道光熱費,,,Q5,,120483,10953,,000,共通部門,131,普通預金,50,MNO銀行 北九州,00,,125786,0,電気料,,,,,,,,,,,,,,,,,,,,,,,,,,,,,,,,,,,,,,,,,,,,,,,,,,,,,,
20210420,169,,,,050,九州営業所,736,水道光熱費,,,Q5,,5303,482,,,,,,,,,,,,水道料,,,,,,,,,,,,,,,,,,,,,,,,,,,,,,,,,,,,,,,,,,,,,,,,,,,,,,
20210420,235,,,,050,九州営業所,754,事務用消耗品費,,,Q5,,6300,572,,000,共通部門,322,未払金,,,00,,6300,0,カウンター料金,,,,,,,,,,,,,,,,,,,,,,,,,,,,,,,,,,,,,,,,,,,,,,,,,,,,,,
20210420,241,,,,000,共通部門,737,消耗品費,,,Q5,,33981,3089,,000,共通部門,322,未払金,,,00,,352077,0,ファイル等,,,,,,,,,,,,,,,,,,,,,,,,,,,,,,,,,,,,,,,,,,,,,,,,,,,,,,
20210420,241,,,,000,共通部門,737,消耗品費,,,Q5,,239048,21731,,,,,,,,,,,,飲料水,,,,,,,,,,,,,,,,,,,,,,,,,,,,,,,,,,,,,,,,,,,,,,,,,,,,,,
20210420,241,,,,000,共通部門,737,消耗品費,,,Q5,,79048,7186,,,,,,,,,,,,名刺代,,,,,,,,,,,,,,,,,,,,,,,,,,,,,,,,,,,,,,,,,,,,,,,,,,,,,,
20210420,269,,,,000,共通部門,131,普通預金,20,ABC銀行 本店,00,,3190411,0,,000,共通部門,152,売掛金,30,株式会社彩雲トレーディング,00,,3190411,0,4月20日伝票No200株式会社彩雲トレーディング,,,,,,,,,,,,,,,,,,,,,,,,,,,,,,,,,,,,,,,,,,,,,,,,,,,,,,
20210420,269,,,,020,東京支店,741,支払手数料,,,Q5,,735,66,,000,共通部門,152,売掛金,30,株式会社彩雲トレーディング,00,,735,0,4月20日伝票No200株式会社彩雲トレーディング,,,,,,,,,,,,,,,,,,,,,,,,,,,,,,,,,,,,,,,,,,,,,,,,,,,,,,
20210420,270,,,,000,共通部門,312,買掛金,4,株式会社和泉流通,00,,1416910,0,,000,共通部門,121,当座預金,1,ABC銀行,00,,1416910,0,4月20日伝票No275株式会社和泉流通,,,,,,,,,,,,,,,,,,,,,,,,,,,,,,,,,,,,,,,,,,,,,,,,,,,,,,
20210420,271,,,,000,共通部門,312,買掛金,6,株式会社日向産業,00,,3596039,0,,000,共通部門,131,普通預金,20,ABC銀行 本店,00,,3596039,0,4月20日伝票No276株式会社日向産業,,,,,,,,,,,,,,,,,,,,,,,,,,,,,,,,,,,,,,,,,,,,,,,,,,,,,,
20210420,272,,,,000,共通部門,312,買掛金,11,株式会社花園商会,00,,6181724,0,,000,共通部門,301,支払手形,,,00,,6181724,0,4月20日伝票No278株式会社花園商会,,,,,,,,,,,,,,,,,,,,,,,,,,,,,,,,,,,,,,,,,,,,,,,,,,,,,,
20210420,299,,,,000,共通部門,301,支払手形,,,00,,5775130,0,,000,共通部門,121,当座預金,1,ABC銀行,00,,5775130,0,手形期日落日 株式会社花園商会,,,,,,,,,,,,,,,,,,,,,,,,,,,,,,,,,,,,,,,,,,,,,,,,,,,,,,
20210420,302,,,,000,共通部門,121,当座預金,1,ABC銀行,00,,9873980,0,,000,共通部門,150,受取手形,,,00,,9873980,0,手形満期 株式会社緑野百貨店 | 仮手形番号=U20210420-302-12;受取仕訳未特定,,,,,,,,,,,,,,,,,,,,,,,,,,,,,,,,,,,,,,,,,,,,,,,,,,,,,,
20210420,307,,,,000,共通部門,131,普通預金,20,ABC銀行 本店,00,,3500000,0,,000,共通部門,121,当座預金,1,ABC銀行,00,,3500000,0,資金移動,,,,,,,,,,,,,,,,,,,,,,,,,,,,,,,,,,,,,,,,,,,,,,,,,,,,,,
20210421,25,,,,010,札幌営業所,726,旅費交通費,,,Q5,,56000,5090,,000,共通部門,111,現金,,,00,,56000,0,旅費,,,,,,,,,,,,,,,,,,,,,,,,,,,,,,,,,,,,,,,,,,,,,,,,,,,,,,
20210421,59,,,,020,東京支店,726,旅費交通費,,,Q5,,30000,2727,,000,共通部門,111,現金,,,00,,30000,0,旅費,,,,,,,,,,,,,,,,,,,,,,,,,,,,,,,,,,,,,,,,,,,,,,,,,,,,,,
20210421,126,,,,020,東京支店,738,租税公課,,,00,,40000,0,,000,共通部門,111,現金,,,00,,40000,0,収入印紙,,,,,,,,,,,,,,,,,,,,,,,,,,,,,,,,,,,,,,,,,,,,,,,,,,,,,,
20210421,160,,,,020,東京支店,726,旅費交通費,,,Q5,,70000,6363,,000,共通部門,111,現金,,,00,,70000,0,出張旅費,,,,,,,,,,,,,,,,,,,,,,,,,,,,,,,,,,,,,,,,,,,,,,,,,,,,,,
20210422,3,,,,010,札幌営業所,724,福利厚生費,,,Q5,,29913,2719,,000,共通部門,322,未払金,,,00,,29913,0,宿泊代,,,,,,,,,,,,,,,,,,,,,,,,,,,,,,,,,,,,,,,,,,,,,,,,,,,,,,
20210422,38,,,,020,東京支店,724,福利厚生費,,,Q5,,48164,4378,,000,共通部門,322,未払金,,,00,,48164,0,宿泊費,,,,,,,,,,,,,,,,,,,,,,,,,,,,,,,,,,,,,,,,,,,,,,,,,,,,,,
20210422,90,,,,030,名古屋支店,791,雑費,,,Q5,,10500,954,,000,共通部門,111,現金,,,00,,10500,0,架空清掃会社A代,,,,,,,,,,,,,,,,,,,,,,,,,,,,,,,,,,,,,,,,,,,,,,,,,,,,,,
20210422,95,,,,030,名古屋支店,791,雑費,,,Q5,,71675,6515,,000,共通部門,322,未払金,,,00,,71675,0,清掃料,,,,,,,,,,,,,,,,,,,,,,,,,,,,,,,,,,,,,,,,,,,,,,,,,,,,,,
20210422,104,,,,040,大阪支店,733,交際接待費,,,Q5,,3330,302,,000,共通部門,111,現金,,,00,,3330,0,食事代 架空店舗003 2名,,,,,,,,,,,,,,,,,,,,,,,,,,,,,,,,,,,,,,,,,,,,,,,,,,,,,,
20210422,105,,,,040,大阪支店,733,交際接待費,,,Q5,,19048,1731,,000,共通部門,111,現金,,,00,,43811,0,飲食代　会費制2名,,,,,,,,,,,,,,,,,,,,,,,,,,,,,,,,,,,,,,,,,,,,,,,,,,,,,,
20210422,105,,,,040,大阪支店,733,交際接待費,,,Q5,,21905,1991,,,,,,,,,,,,飲食代 架空店舗085 5名,,,,,,,,,,,,,,,,,,,,,,,,,,,,,,,,,,,,,,,,,,,,,,,,,,,,,,
20210422,105,,,,040,大阪支店,733,交際接待費,,,Q5,,2858,259,,,,,,,,,,,,食事代 架空店舗043 2名,,,,,,,,,,,,,,,,,,,,,,,,,,,,,,,,,,,,,,,,,,,,,,,,,,,,,,
20210422,107,,,,040,大阪支店,733,交際接待費,,,Q5,,10000,909,,000,共通部門,111,現金,,,00,,10000,0,お見舞い,,,,,,,,,,,,,,,,,,,,,,,,,,,,,,,,,,,,,,,,,,,,,,,,,,,,,,
20210422,152,,,,050,九州営業所,733,交際接待費,,,Q5,,13880,1261,,000,共通部門,111,現金,,,00,,13880,0,飲食代 架空店舗070 3名,,,,,,,,,,,,,,,,,,,,,,,,,,,,,,,,,,,,,,,,,,,,,,,,,,,,,,
20210422,161,,,,050,九州営業所,726,旅費交通費,,,Q5,,10850,986,,000,共通部門,111,現金,,,00,,10850,0,旅費,,,,,,,,,,,,,,,,,,,,,,,,,,,,,,,,,,,,,,,,,,,,,,,,,,,,,,
20210422,166,,,,050,九州営業所,791,雑費,,,Q5,,1890,171,,000,共通部門,111,現金,,,00,,1890,0,架空清掃会社A代,,,,,,,,,,,,,,,,,,,,,,,,,,,,,,,,,,,,,,,,,,,,,,,,,,,,,,
20210422,245,,,,040,大阪支店,740,車両費,,,Q5,,572,52,,000,共通部門,111,現金,,,00,,6572,0,駐車代,,,,,,,,,,,,,,,,,,,,,,,,,,,,,,,,,,,,,,,,,,,,,,,,,,,,,,
20210422,245,,,,040,大阪支店,740,車両費,,,Q5,,762,69,,,,,,,,,,,,高速代,,,,,,,,,,,,,,,,,,,,,,,,,,,,,,,,,,,,,,,,,,,,,,,,,,,,,,
20210422,245,,,,040,大阪支店,740,車両費,,,Q5,,5238,476,,,,,,,,,,,,ガソリン代,,,,,,,,,,,,,,,,,,,,,,,,,,,,,,,,,,,,,,,,,,,,,,,,,,,,,,
20210423,26,,,,010,札幌営業所,726,旅費交通費,,,Q5,,11000,1000,,000,共通部門,111,現金,,,00,,11000,0,旅費,,,,,,,,,,,,,,,,,,,,,,,,,,,,,,,,,,,,,,,,,,,,,,,,,,,,,,
20210423,28,,,,010,札幌営業所,726,旅費交通費,,,Q5,,2420,220,,000,共通部門,322,未払金,,,00,,2420,0,タクシー代,,,,,,,,,,,,,,,,,,,,,,,,,,,,,,,,,,,,,,,,,,,,,,,,,,,,,,
20210423,32,,,,010,札幌営業所,754,事務用消耗品費,,,Q5,,1850,168,,000,共通部門,322,未払金,,,00,,1850,0,事務用品費,,,,,,,,,,,,,,,,,,,,,,,,,,,,,,,,,,,,,,,,,,,,,,,,,,,,,,
20210423,54,,,,020,東京支店,740,車両費,,,Q5,,1810,164,,000,共通部門,111,現金,,,00,,2620,0,高速代,,,,,,,,,,,,,,,,,,,,,,,,,,,,,,,,,,,,,,,,,,,,,,,,,,,,,,
20210423,54,,,,020,東京支店,740,車両費,,,Q5,,810,73,,,,,,,,,,,,駐車代,,,,,,,,,,,,,,,,,,,,,,,,,,,,,,,,,,,,,,,,,,,,,,,,,,,,,,
20210423,86,,,,030,名古屋支店,727,通信費,,,Q5,,70000,6363,,000,共通部門,111,現金,,,00,,70000,0,切手代,,,,,,,,,,,,,,,,,,,,,,,,,,,,,,,,,,,,,,,,,,,,,,,,,,,,,,
20210423,140,,,,040,大阪支店,726,旅費交通費,,,Q5,,10350,940,,000,共通部門,111,現金,,,00,,10350,0,旅費,,,,,,,,,,,,,,,,,,,,,,,,,,,,,,,,,,,,,,,,,,,,,,,,,,,,,,
20210423,141,,,,040,大阪支店,726,旅費交通費,,,Q5,,69500,6318,,000,共通部門,111,現金,,,00,,69500,0,架空鉄道会社A代,,,,,,,,,,,,,,,,,,,,,,,,,,,,,,,,,,,,,,,,,,,,,,,,,,,,,,
20210423,164,,,,050,九州営業所,754,事務用消耗品費,,,Q5,,1580,143,,000,共通部門,111,現金,,,00,,1580,0,事務用品,,,,,,,,,,,,,,,,,,,,,,,,,,,,,,,,,,,,,,,,,,,,,,,,,,,,,,
20210424,8,,,,010,札幌営業所,733,交際接待費,,,Q5,,28572,2597,,000,共通部門,111,現金,,,00,,31582,0,親睦会会費,,,,,,,,,,,,,,,,,,,,,,,,,,,,,,,,,,,,,,,,,,,,,,,,,,,,,,
20210424,8,,,,010,札幌営業所,733,交際接待費,,,Q5,,3010,273,,,,,,,,,,,,差し入れ,,,,,,,,,,,,,,,,,,,,,,,,,,,,,,,,,,,,,,,,,,,,,,,,,,,,,,
20210424,108,,,,040,大阪支店,733,交際接待費,,,Q5,,1360,123,,000,共通部門,111,現金,,,00,,1360,0,コーヒー代,,,,,,,,,,,,,,,,,,,,,,,,,,,,,,,,,,,,,,,,,,,,,,,,,,,,,,
20210424,159,,,,050,九州営業所,726,旅費交通費,,,Q5,,6450,586,,000,共通部門,111,現金,,,00,,6450,0,タクシー代,,,,,,,,,,,,,,,,,,,,,,,,,,,,,,,,,,,,,,,,,,,,,,,,,,,,,,
20210425,29,,,,010,札幌営業所,727,通信費,,,Q5,,64724,5884,,000,共通部門,131,普通預金,10,DEF銀行 駅前,00,,64724,0,携帯電話代,,,,,,,,,,,,,,,,,,,,,,,,,,,,,,,,,,,,,,,,,,,,,,,,,,,,,,
20210425,35,,,,010,札幌営業所,739,新聞図書費,,,Q5,,3925,356,,000,共通部門,111,現金,,,00,,3925,0,新聞代,,,,,,,,,,,,,,,,,,,,,,,,,,,,,,,,,,,,,,,,,,,,,,,,,,,,,,
20210425,87,,,,030,名古屋支店,727,通信費,,,Q5,,38206,3473,,000,共通部門,131,普通預金,30,GHI銀行 名古屋,00,,38206,0,携帯代,,,,,,,,,,,,,,,,,,,,,,,,,,,,,,,,,,,,,,,,,,,,,,,,,,,,,,
20210425,92,,,,010,札幌営業所,753,修繕維持費,,,Q5,,18000,1636,,000,共通部門,322,未払金,,,00,,18000,0,コピー機修繕,,,,,,,,,,,,,,,,,,,,,,,,,,,,,,,,,,,,,,,,,,,,,,,,,,,,,,
20210425,111,,,,040,大阪支店,726,旅費交通費,,,Q5,,12400,1127,,000,共通部門,322,未払金,,,00,,12400,0,タクシー代,,,,,,,,,,,,,,,,,,,,,,,,,,,,,,,,,,,,,,,,,,,,,,,,,,,,,,
20210425,113,,,,040,大阪支店,727,通信費,,,Q5,,58532,5321,,000,共通部門,131,普通預金,40,JKL銀行 梅田,00,,58532,0,携帯代,,,,,,,,,,,,,,,,,,,,,,,,,,,,,,,,,,,,,,,,,,,,,,,,,,,,,,
20210425,114,,,,040,大阪支店,739,新聞図書費,,,Q5,,2540,230,,000,共通部門,111,現金,,,00,,5404,0,新聞代,,,,,,,,,,,,,,,,,,,,,,,,,,,,,,,,,,,,,,,,,,,,,,,,,,,,,,
20210425,114,,,,040,大阪支店,739,新聞図書費,,,Q5,,2864,260,,,,,,,,,,,,新聞代,,,,,,,,,,,,,,,,,,,,,,,,,,,,,,,,,,,,,,,,,,,,,,,,,,,,,,
20210425,121,,,,040,大阪支店,724,福利厚生費,,,Q5,,10000,909,,000,共通部門,111,現金,,,00,,10000,0,お茶代,,,,,,,,,,,,,,,,,,,,,,,,,,,,,,,,,,,,,,,,,,,,,,,,,,,,,,
20210425,131,,,,040,大阪支店,742,諸会費,,,00,,24000,0,,000,共通部門,131,普通預金,40,JKL銀行 梅田,00,,24000,0,会費,,,,,,,,,,,,,,,,,,,,,,,,,,,,,,,,,,,,,,,,,,,,,,,,,,,,,,
20210425,146,,,,050,九州営業所,728,販売手数料,,,Q5,,147000,13363,,000,共通部門,322,未払金,,,00,,147000,0,業務委託費,,,,,,,,,,,,,,,,,,,,,,,,,,,,,,,,,,,,,,,,,,,,,,,,,,,,,,
20210425,170,,,,050,九州営業所,739,新聞図書費,,,Q5,,3007,273,,000,共通部門,111,現金,,,00,,3007,0,新聞代,,,,,,,,,,,,,,,,,,,,,,,,,,,,,,,,,,,,,,,,,,,,,,,,,,,,,,
20210425,171,,,,050,九州営業所,727,通信費,,,Q5,,42103,3827,,000,共通部門,131,普通預金,50,MNO銀行 北九州,00,,42103,0,携帯代,,,,,,,,,,,,,,,,,,,,,,,,,,,,,,,,,,,,,,,,,,,,,,,,,,,,,,
20210425,172,,,,010,札幌営業所,728,販売手数料,,,Q5,,141000,12818,,000,共通部門,322,未払金,,,00,,141000,0,業務委託費支払い,,,,,,,,,,,,,,,,,,,,,,,,,,,,,,,,,,,,,,,,,,,,,,,,,,,,,,
20210425,238,,,,020,東京支店,733,交際接待費,,,Q5,,14200,1290,,000,共通部門,111,現金,,,00,,14200,0,ゴルフプレー代,,,,,,,,,,,,,,,,,,,,,,,,,,,,,,,,,,,,,,,,,,,,,,,,,,,,,,
20210425,253,,,,020,東京支店,711,役員報酬,,,00,,1720000,0,,000,共通部門,131,普通預金,20,ABC銀行 本店,00,,1131093,0,4月給与その他 0001 役員,,,,,,,,,,,,,,,,,,,,,,,,,,,,,,,,,,,,,,,,,,,,,,,,,,,,,,
20210425,253,,,,,,,,,,,,,,,000,共通部門,326,預り金,1,保険料,00,,111192,0,4月給与その他 0001 役員,,,,,,,,,,,,,,,,,,,,,,,,,,,,,,,,,,,,,,,,,,,,,,,,,,,,,,
20210425,253,,,,,,,,,,,,,,,000,共通部門,326,預り金,2,住民税,00,,171200,0,4月給与その他 0001 役員,,,,,,,,,,,,,,,,,,,,,,,,,,,,,,,,,,,,,,,,,,,,,,,,,,,,,,
20210425,253,,,,,,,,,,,,,,,000,共通部門,326,預り金,3,源泉税,00,,166823,0,4月給与その他 0001 役員,,,,,,,,,,,,,,,,,,,,,,,,,,,,,,,,,,,,,,,,,,,,,,,,,,,,,,
20210425,253,,,,,,,,,,,,,,,000,共通部門,326,預り金,4,貯蓄・保険,00,,133972,0,4月給与その他 0001 役員,,,,,,,,,,,,,,,,,,,,,,,,,,,,,,,,,,,,,,,,,,,,,,,,,,,,,,
20210425,253,,,,,,,,,,,,,,,000,共通部門,326,預り金,9,その他,00,,5720,0,4月給与その他 0001 役員,,,,,,,,,,,,,,,,,,,,,,,,,,,,,,,,,,,,,,,,,,,,,,,,,,,,,,
20210425,253,,,,020,東京支店,712,給与手当,,,00,,2147245,0,,000,共通部門,131,普通預金,20,ABC銀行 本店,00,,1641623,0,4月給与その他 0020 営業部,,,,,,,,,,,,,,,,,,,,,,,,,,,,,,,,,,,,,,,,,,,,,,,,,,,,,,
20210425,253,,,,,,,,,,,,,,,000,共通部門,326,預り金,1,保険料,00,,236635,0,4月給与その他 0020 営業部,,,,,,,,,,,,,,,,,,,,,,,,,,,,,,,,,,,,,,,,,,,,,,,,,,,,,,
20210425,253,,,,,,,,,,,,,,,000,共通部門,326,預り金,2,住民税,00,,117200,0,4月給与その他 0020 営業部,,,,,,,,,,,,,,,,,,,,,,,,,,,,,,,,,,,,,,,,,,,,,,,,,,,,,,
20210425,253,,,,,,,,,,,,,,,000,共通部門,326,預り金,3,源泉税,00,,39800,0,4月給与その他 0020 営業部,,,,,,,,,,,,,,,,,,,,,,,,,,,,,,,,,,,,,,,,,,,,,,,,,,,,,,
20210425,253,,,,,,,,,,,,,,,000,共通部門,326,預り金,4,貯蓄・保険,00,,43305,0,4月給与その他 0020 営業部,,,,,,,,,,,,,,,,,,,,,,,,,,,,,,,,,,,,,,,,,,,,,,,,,,,,,,
20210425,253,,,,,,,,,,,,,,,000,共通部門,326,預り金,9,その他,00,,68682,0,4月給与その他 0020 営業部,,,,,,,,,,,,,,,,,,,,,,,,,,,,,,,,,,,,,,,,,,,,,,,,,,,,,,
20210425,253,,,,010,札幌営業所,712,給与手当,,,00,,865688,0,,000,共通部門,131,普通預金,20,ABC銀行 本店,00,,625853,0,4月給与その他 1000 札幌営業所,,,,,,,,,,,,,,,,,,,,,,,,,,,,,,,,,,,,,,,,,,,,,,,,,,,,,,
20210425,253,,,,,,,,,,,,,,,000,共通部門,326,預り金,1,保険料,00,,100704,0,4月給与その他 1000 札幌営業所,,,,,,,,,,,,,,,,,,,,,,,,,,,,,,,,,,,,,,,,,,,,,,,,,,,,,,
20210425,253,,,,,,,,,,,,,,,000,共通部門,326,預り金,2,住民税,00,,46300,0,4月給与その他 1000 札幌営業所,,,,,,,,,,,,,,,,,,,,,,,,,,,,,,,,,,,,,,,,,,,,,,,,,,,,,,
20210425,253,,,,,,,,,,,,,,,000,共通部門,326,預り金,3,源泉税,00,,13990,0,4月給与その他 1000 札幌営業所,,,,,,,,,,,,,,,,,,,,,,,,,,,,,,,,,,,,,,,,,,,,,,,,,,,,,,
20210425,253,,,,,,,,,,,,,,,000,共通部門,326,預り金,4,貯蓄・保険,00,,50648,0,4月給与その他 1000 札幌営業所,,,,,,,,,,,,,,,,,,,,,,,,,,,,,,,,,,,,,,,,,,,,,,,,,,,,,,
20210425,253,,,,,,,,,,,,,,,000,共通部門,326,預り金,9,その他,00,,28193,0,4月給与その他 1000 札幌営業所,,,,,,,,,,,,,,,,,,,,,,,,,,,,,,,,,,,,,,,,,,,,,,,,,,,,,,
20210425,253,,,,030,名古屋支店,712,給与手当,,,00,,763200,0,,000,共通部門,131,普通預金,20,ABC銀行 本店,00,,538572,0,4月給与その他 3000 名古屋営業所,,,,,,,,,,,,,,,,,,,,,,,,,,,,,,,,,,,,,,,,,,,,,,,,,,,,,,
20210425,253,,,,,,,,,,,,,,,000,共通部門,326,預り金,1,保険料,00,,92651,0,4月給与その他 3000 名古屋営業所,,,,,,,,,,,,,,,,,,,,,,,,,,,,,,,,,,,,,,,,,,,,,,,,,,,,,,
20210425,253,,,,,,,,,,,,,,,000,共通部門,326,預り金,2,住民税,00,,42600,0,4月給与その他 3000 名古屋営業所,,,,,,,,,,,,,,,,,,,,,,,,,,,,,,,,,,,,,,,,,,,,,,,,,,,,,,
20210425,253,,,,,,,,,,,,,,,000,共通部門,326,預り金,3,源泉税,00,,7540,0,4月給与その他 3000 名古屋営業所,,,,,,,,,,,,,,,,,,,,,,,,,,,,,,,,,,,,,,,,,,,,,,,,,,,,,,
20210425,253,,,,,,,,,,,,,,,000,共通部門,326,預り金,4,貯蓄・保険,00,,40759,0,4月給与その他 3000 名古屋営業所,,,,,,,,,,,,,,,,,,,,,,,,,,,,,,,,,,,,,,,,,,,,,,,,,,,,,,
20210425,253,,,,,,,,,,,,,,,000,共通部門,326,預り金,9,その他,00,,41078,0,4月給与その他 3000 名古屋営業所,,,,,,,,,,,,,,,,,,,,,,,,,,,,,,,,,,,,,,,,,,,,,,,,,,,,,,
20210425,253,,,,040,大阪支店,712,給与手当,,,00,,1322268,0,,000,共通部門,131,普通預金,20,ABC銀行 本店,00,,1034075,0,4月給与その他 4000 大阪支店,,,,,,,,,,,,,,,,,,,,,,,,,,,,,,,,,,,,,,,,,,,,,,,,,,,,,,
20210425,253,,,,,,,,,,,,,,,000,共通部門,326,預り金,1,保険料,00,,147384,0,4月給与その他 4000 大阪支店,,,,,,,,,,,,,,,,,,,,,,,,,,,,,,,,,,,,,,,,,,,,,,,,,,,,,,
20210425,253,,,,,,,,,,,,,,,000,共通部門,326,預り金,2,住民税,00,,66200,0,4月給与その他 4000 大阪支店,,,,,,,,,,,,,,,,,,,,,,,,,,,,,,,,,,,,,,,,,,,,,,,,,,,,,,
20210425,253,,,,,,,,,,,,,,,000,共通部門,326,預り金,3,源泉税,00,,24960,0,4月給与その他 4000 大阪支店,,,,,,,,,,,,,,,,,,,,,,,,,,,,,,,,,,,,,,,,,,,,,,,,,,,,,,
20210425,253,,,,,,,,,,,,,,,000,共通部門,326,預り金,4,貯蓄・保険,00,,27117,0,4月給与その他 4000 大阪支店,,,,,,,,,,,,,,,,,,,,,,,,,,,,,,,,,,,,,,,,,,,,,,,,,,,,,,
20210425,253,,,,,,,,,,,,,,,000,共通部門,326,預り金,9,その他,00,,22532,0,4月給与その他 4000 大阪支店,,,,,,,,,,,,,,,,,,,,,,,,,,,,,,,,,,,,,,,,,,,,,,,,,,,,,,
20210425,253,,,,050,九州営業所,712,給与手当,,,00,,603951,0,,000,共通部門,131,普通預金,20,ABC銀行 本店,00,,455817,0,4月給与その他 5000 九州営業所,,,,,,,,,,,,,,,,,,,,,,,,,,,,,,,,,,,,,,,,,,,,,,,,,,,,,,
20210425,253,,,,,,,,,,,,,,,000,共通部門,326,預り金,1,保険料,00,,66241,0,4月給与その他 5000 九州営業所,,,,,,,,,,,,,,,,,,,,,,,,,,,,,,,,,,,,,,,,,,,,,,,,,,,,,,
20210425,253,,,,,,,,,,,,,,,000,共通部門,326,預り金,2,住民税,00,,31700,0,4月給与その他 5000 九州営業所,,,,,,,,,,,,,,,,,,,,,,,,,,,,,,,,,,,,,,,,,,,,,,,,,,,,,,
20210425,253,,,,,,,,,,,,,,,000,共通部門,326,預り金,3,源泉税,00,,8630,0,4月給与その他 5000 九州営業所,,,,,,,,,,,,,,,,,,,,,,,,,,,,,,,,,,,,,,,,,,,,,,,,,,,,,,
20210425,253,,,,,,,,,,,,,,,000,共通部門,326,預り金,4,貯蓄・保険,00,,18540,0,4月給与その他 5000 九州営業所,,,,,,,,,,,,,,,,,,,,,,,,,,,,,,,,,,,,,,,,,,,,,,,,,,,,,,
20210425,253,,,,,,,,,,,,,,,000,共通部門,326,預り金,9,その他,00,,23023,0,4月給与その他 5000 九州営業所,,,,,,,,,,,,,,,,,,,,,,,,,,,,,,,,,,,,,,,,,,,,,,,,,,,,,,
20210425,273,,,,000,共通部門,150,受取手形,,,00,,20392404,0,,000,共通部門,152,売掛金,2,株式会社桜丘百貨店,00,,20392404,0,4月25日伝票No201株式会社桜丘百貨店 | 売上伝票=202103分未収録;手形番号=R20210425-273-2,,,,,,,,,,,,,,,,,,,,,,,,,,,,,,,,,,,,,,,,,,,,,,,,,,,,,,
20210425,274,,,,000,共通部門,131,普通預金,30,GHI銀行 名古屋,00,,2186153,0,,000,共通部門,152,売掛金,7,株式会社光彩堂商事,00,,2186153,0,4月25日伝票No202株式会社光彩堂商事,,,,,,,,,,,,,,,,,,,,,,,,,,,,,,,,,,,,,,,,,,,,,,,,,,,,,,
20210425,274,,,,030,名古屋支店,741,支払手数料,,,Q5,,735,66,,000,共通部門,152,売掛金,7,株式会社光彩堂商事,00,,735,0,4月25日伝票No202株式会社光彩堂商事,,,,,,,,,,,,,,,,,,,,,,,,,,,,,,,,,,,,,,,,,,,,,,,,,,,,,,
20210425,275,,,,000,共通部門,131,普通預金,10,DEF銀行 駅前,00,,6636909,0,,000,共通部門,152,売掛金,25,株式会社ほのかマート,00,,6636909,0,4月25日伝票No203株式会社ほのかマート,,,,,,,,,,,,,,,,,,,,,,,,,,,,,,,,,,,,,,,,,,,,,,,,,,,,,,
20210425,275,,,,010,札幌営業所,741,支払手数料,,,Q5,,840,76,,000,共通部門,152,売掛金,25,株式会社ほのかマート,00,,840,0,4月25日伝票No203株式会社ほのかマート,,,,,,,,,,,,,,,,,,,,,,,,,,,,,,,,,,,,,,,,,,,,,,,,,,,,,,
20210426,62,,,,020,東京支店,727,通信費,,,Q5,,54356,4941,,000,共通部門,131,普通預金,20,ABC銀行 本店,00,,54356,0,携帯代,,,,,,,,,,,,,,,,,,,,,,,,,,,,,,,,,,,,,,,,,,,,,,,,,,,,,,
20210426,78,,,,030,名古屋支店,728,販売手数料,,,Q5,,189000,17181,,000,共通部門,322,未払金,,,00,,189000,0,業務委託費支払い,,,,,,,,,,,,,,,,,,,,,,,,,,,,,,,,,,,,,,,,,,,,,,,,,,,,,,
20210426,88,,,,030,名古屋支店,739,新聞図書費,,,Q5,,3568,324,,000,共通部門,111,現金,,,00,,3568,0,新聞代,,,,,,,,,,,,,,,,,,,,,,,,,,,,,,,,,,,,,,,,,,,,,,,,,,,,,,
20210426,109,,,,040,大阪支店,740,車両費,,,Q5,,7108,646,,000,共通部門,322,未払金,,,00,,7108,0,ガソリン代,,,,,,,,,,,,,,,,,,,,,,,,,,,,,,,,,,,,,,,,,,,,,,,,,,,,,,
20210426,120,,,,040,大阪支店,728,販売手数料,,,Q5,,525000,47727,,000,共通部門,322,未払金,,,00,,525000,0,業務委託費,,,,,,,,,,,,,,,,,,,,,,,,,,,,,,,,,,,,,,,,,,,,,,,,,,,,,,
20210426,148,,,,050,九州営業所,740,車両費,,,Q5,,5500,500,,000,共通部門,111,現金,,,00,,6643,0,ガソリン代,,,,,,,,,,,,,,,,,,,,,,,,,,,,,,,,,,,,,,,,,,,,,,,,,,,,,,
20210426,148,,,,050,九州営業所,740,車両費,,,Q5,,1143,103,,,,,,,,,,,,高速代,,,,,,,,,,,,,,,,,,,,,,,,,,,,,,,,,,,,,,,,,,,,,,,,,,,,,,
20210426,304,,,,000,共通部門,131,普通預金,20,ABC銀行 本店,00,,21500000,0,,000,共通部門,131,普通預金,10,DEF銀行 駅前,00,,6000000,0,資金移動,,,,,,,,,,,,,,,,,,,,,,,,,,,,,,,,,,,,,,,,,,,,,,,,,,,,,,
20210426,304,,,,,,,,,,,,,,,000,共通部門,131,普通預金,30,GHI銀行 名古屋,00,,6500000,0,資金移動,,,,,,,,,,,,,,,,,,,,,,,,,,,,,,,,,,,,,,,,,,,,,,,,,,,,,,
20210426,304,,,,,,,,,,,,,,,000,共通部門,131,普通預金,40,JKL銀行 梅田,00,,5500000,0,資金移動,,,,,,,,,,,,,,,,,,,,,,,,,,,,,,,,,,,,,,,,,,,,,,,,,,,,,,
20210426,304,,,,,,,,,,,,,,,000,共通部門,131,普通預金,50,MNO銀行 北九州,00,,3500000,0,資金移動,,,,,,,,,,,,,,,,,,,,,,,,,,,,,,,,,,,,,,,,,,,,,,,,,,,,,,
20210427,1,,,,010,札幌営業所,731,運賃,,,Q5,,89820,8165,,000,共通部門,322,未払金,,,00,,89820,0,運賃 架空運送会社B,,,,,,,,,,,,,,,,,,,,,,,,,,,,,,,,,,,,,,,,,,,,,,,,,,,,,,
20210427,9,,,,010,札幌営業所,733,交際接待費,,,Q5,,10000,909,,000,共通部門,111,現金,,,00,,10000,0,香典代,,,,,,,,,,,,,,,,,,,,,,,,,,,,,,,,,,,,,,,,,,,,,,,,,,,,,,
20210427,13,,,,010,札幌営業所,740,車両費,,,Q5,,12589,1144,,000,共通部門,322,未払金,,,00,,12589,0,ガソリン代,,,,,,,,,,,,,,,,,,,,,,,,,,,,,,,,,,,,,,,,,,,,,,,,,,,,,,
20210427,14,,,,010,札幌営業所,740,車両費,,,Q5,,3000,272,,000,共通部門,111,現金,,,00,,3000,0,ガソリン代,,,,,,,,,,,,,,,,,,,,,,,,,,,,,,,,,,,,,,,,,,,,,,,,,,,,,,
20210427,15,,,,010,札幌営業所,740,車両費,,,Q5,,25000,2272,,000,共通部門,111,現金,,,00,,25000,0,車両管理費,,,,,,,,,,,,,,,,,,,,,,,,,,,,,,,,,,,,,,,,,,,,,,,,,,,,,,
20210427,30,,,,010,札幌営業所,752,保険料,,,P0,,54320,0,,000,共通部門,131,普通預金,10,DEF銀行 駅前,00,,54320,0,保険料支払,,,,,,,,,,,,,,,,,,,,,,,,,,,,,,,,,,,,,,,,,,,,,,,,,,,,,,
20210427,37,,,,020,東京支店,728,販売手数料,,,Q5,,1264000,114909,,000,共通部門,322,未払金,,,00,,1264000,0,業務委託費,,,,,,,,,,,,,,,,,,,,,,,,,,,,,,,,,,,,,,,,,,,,,,,,,,,,,,
20210427,39,,,,020,東京支店,724,福利厚生費,,,Q5,,9000,818,,000,共通部門,111,現金,,,00,,9000,0,会費,,,,,,,,,,,,,,,,,,,,,,,,,,,,,,,,,,,,,,,,,,,,,,,,,,,,,,
20210427,72,,,,020,東京支店,739,新聞図書費,,,Q5,,2864,260,,000,共通部門,111,現金,,,00,,9078,0,新聞代,,,,,,,,,,,,,,,,,,,,,,,,,,,,,,,,,,,,,,,,,,,,,,,,,,,,,,
20210427,72,,,,020,東京支店,739,新聞図書費,,,Q5,,2815,255,,,,,,,,,,,,新聞代,,,,,,,,,,,,,,,,,,,,,,,,,,,,,,,,,,,,,,,,,,,,,,,,,,,,,,
20210427,72,,,,020,東京支店,739,新聞図書費,,,Q5,,3399,309,,,,,,,,,,,,新聞代,,,,,,,,,,,,,,,,,,,,,,,,,,,,,,,,,,,,,,,,,,,,,,,,,,,,,,
20210428,27,,,,010,札幌営業所,726,旅費交通費,,,Q5,,26667,2424,,000,共通部門,111,現金,,,00,,77620,0,旅費,,,,,,,,,,,,,,,,,,,,,,,,,,,,,,,,,,,,,,,,,,,,,,,,,,,,,,
20210428,27,,,,010,札幌営業所,726,旅費交通費,,,Q5,,29524,2684,,,,,,,,,,,,旅費,,,,,,,,,,,,,,,,,,,,,,,,,,,,,,,,,,,,,,,,,,,,,,,,,,,,,,
20210428,27,,,,010,札幌営業所,726,旅費交通費,,,Q5,,21429,1948,,,,,,,,,,,,旅費,,,,,,,,,,,,,,,,,,,,,,,,,,,,,,,,,,,,,,,,,,,,,,,,,,,,,,
20210428,93,,,,030,名古屋支店,753,修繕維持費,,,Q5,,17850,1622,,000,共通部門,322,未払金,,,00,,17850,0,修繕費,,,,,,,,,,,,,,,,,,,,,,,,,,,,,,,,,,,,,,,,,,,,,,,,,,,,,,
20210428,315,,,,000,共通部門,131,普通預金,20,ABC銀行 本店,00,,3000000,0,,000,共通部門,121,当座預金,1,ABC銀行,00,,3000000,0,資金移動,,,,,,,,,,,,,,,,,,,,,,,,,,,,,,,,,,,,,,,,,,,,,,,,,,,,,,
20210430,5,,,,010,札幌営業所,732,広告宣伝費,,,Q5,,52500,4772,,000,共通部門,131,普通預金,10,DEF銀行 駅前,00,,52500,0,広告費,,,,,,,,,,,,,,,,,,,,,,,,,,,,,,,,,,,,,,,,,,,,,,,,,,,,,,
20210430,36,,,,020,東京支店,731,運賃,,,Q5,,1536351,139668,,000,共通部門,322,未払金,,,00,,2577532,0,運賃 架空運送会社A,,,,,,,,,,,,,,,,,,,,,,,,,,,,,,,,,,,,,,,,,,,,,,,,,,,,,,
20210430,36,,,,020,東京支店,731,運賃,,,Q5,,1041181,94652,,,,,,,,,,,,運賃 架空運送会社B,,,,,,,,,,,,,,,,,,,,,,,,,,,,,,,,,,,,,,,,,,,,,,,,,,,,,,
20210430,40,,,,020,東京支店,732,広告宣伝費,,,Q5,,50000,4545,,000,共通部門,322,未払金,,,00,,50000,0,広告掲載,,,,,,,,,,,,,,,,,,,,,,,,,,,,,,,,,,,,,,,,,,,,,,,,,,,,,,
20210430,49,,,,020,東京支店,740,車両費,,,Q5,,163470,14860,,000,共通部門,322,未払金,,,00,,163470,0,ガソリン代,,,,,,,,,,,,,,,,,,,,,,,,,,,,,,,,,,,,,,,,,,,,,,,,,,,,,,
20210430,49,,,,020,東京支店,740,車両費,,,Q5,,3381,307,,000,共通部門,111,現金,,,00,,4143,0,高速代,,,,,,,,,,,,,,,,,,,,,,,,,,,,,,,,,,,,,,,,,,,,,,,,,,,,,,
20210430,49,,,,020,東京支店,740,車両費,,,Q5,,762,69,,,,,,,,,,,,駐車代,,,,,,,,,,,,,,,,,,,,,,,,,,,,,,,,,,,,,,,,,,,,,,,,,,,,,,
20210430,55,,,,020,東京支店,740,車両費,,,Q5,,25000,2272,,000,共通部門,111,現金,,,00,,25000,0,車両管理費,,,,,,,,,,,,,,,,,,,,,,,,,,,,,,,,,,,,,,,,,,,,,,,,,,,,,,
20210430,55,,,,020,東京支店,740,車両費,,,Q5,,28000,2545,,000,共通部門,111,現金,,,00,,28000,0,車両管理費,,,,,,,,,,,,,,,,,,,,,,,,,,,,,,,,,,,,,,,,,,,,,,,,,,,,,,
20210430,55,,,,020,東京支店,740,車両費,,,Q5,,8050,731,,000,共通部門,111,現金,,,00,,8050,0,高速代,,,,,,,,,,,,,,,,,,,,,,,,,,,,,,,,,,,,,,,,,,,,,,,,,,,,,,
20210430,60,,,,020,東京支店,726,旅費交通費,,,Q5,,9750,886,,000,共通部門,111,現金,,,00,,9750,0,旅費,,,,,,,,,,,,,,,,,,,,,,,,,,,,,,,,,,,,,,,,,,,,,,,,,,,,,,
20210430,63,,,,020,東京支店,752,保険料,,,P0,,81000,0,,000,共通部門,131,普通預金,20,ABC銀行 本店,00,,81000,0,保険料,,,,,,,,,,,,,,,,,,,,,,,,,,,,,,,,,,,,,,,,,,,,,,,,,,,,,,
20210430,66,,,,020,東京支店,744,リース料,,,Q5,,209850,19077,,000,共通部門,131,普通預金,20,ABC銀行 本店,00,,209850,0,リース料,,,,,,,,,,,,,,,,,,,,,,,,,,,,,,,,,,,,,,,,,,,,,,,,,,,,,,
20210430,67,,,,020,東京支店,742,諸会費,,,00,,30000,0,,000,共通部門,111,現金,,,00,,30000,0,会費支払い,,,,,,,,,,,,,,,,,,,,,,,,,,,,,,,,,,,,,,,,,,,,,,,,,,,,,,
20210430,70,,,,020,東京支店,791,雑費,,,Q5,,6000,545,,000,共通部門,322,未払金,,,00,,58381,0,有線,,,,,,,,,,,,,,,,,,,,,,,,,,,,,,,,,,,,,,,,,,,,,,,,,,,,,,
20210430,70,,,,020,東京支店,791,雑費,,,Q5,,52381,4761,,,,,,,,,,,,警備料,,,,,,,,,,,,,,,,,,,,,,,,,,,,,,,,,,,,,,,,,,,,,,,,,,,,,,
20210430,70,,,,020,東京支店,791,雑費,,,Q5,,73500,6681,,000,共通部門,322,未払金,,,00,,73500,0,清掃料,,,,,,,,,,,,,,,,,,,,,,,,,,,,,,,,,,,,,,,,,,,,,,,,,,,,,,
20210430,77,,,,030,名古屋支店,731,運賃,,,Q5,,175565,15960,,000,共通部門,322,未払金,,,00,,175565,0,運賃,,,,,,,,,,,,,,,,,,,,,,,,,,,,,,,,,,,,,,,,,,,,,,,,,,,,,,
20210430,81,,,,030,名古屋支店,724,福利厚生費,,,Q5,,21000,1909,,000,共通部門,322,未払金,,,00,,21000,0,お茶代,,,,,,,,,,,,,,,,,,,,,,,,,,,,,,,,,,,,,,,,,,,,,,,,,,,,,,
20210430,82,,,,030,名古屋支店,740,車両費,,,Q5,,22066,2006,,000,共通部門,322,未払金,,,00,,22066,0,ガソリン代,,,,,,,,,,,,,,,,,,,,,,,,,,,,,,,,,,,,,,,,,,,,,,,,,,,,,,
20210430,83,,,,030,名古屋支店,740,車両費,,,Q5,,50000,4545,,000,共通部門,111,現金,,,00,,50000,0,車両管理費,,,,,,,,,,,,,,,,,,,,,,,,,,,,,,,,,,,,,,,,,,,,,,,,,,,,,,
20210430,96,,,,030,名古屋支店,791,雑費,,,Q5,,22470,2042,,000,共通部門,131,普通預金,30,GHI銀行 名古屋,00,,22470,0,警備料,,,,,,,,,,,,,,,,,,,,,,,,,,,,,,,,,,,,,,,,,,,,,,,,,,,,,,
20210430,99,,,,040,大阪支店,731,運賃,,,Q5,,584630,53148,,000,共通部門,322,未払金,,,00,,584630,0,運賃,,,,,,,,,,,,,,,,,,,,,,,,,,,,,,,,,,,,,,,,,,,,,,,,,,,,,,
20210430,100,,,,040,大阪支店,724,福利厚生費,,,Q5,,6000,545,,000,共通部門,111,現金,,,00,,6000,0,会費,,,,,,,,,,,,,,,,,,,,,,,,,,,,,,,,,,,,,,,,,,,,,,,,,,,,,,
20210430,115,,,,040,大阪支店,752,保険料,,,P0,,64500,0,,000,共通部門,131,普通預金,40,JKL銀行 梅田,00,,64500,0,保険料,,,,,,,,,,,,,,,,,,,,,,,,,,,,,,,,,,,,,,,,,,,,,,,,,,,,,,
20210430,116,,,,040,大阪支店,744,リース料,,,Q5,,84000,7636,,000,共通部門,131,普通預金,40,JKL銀行 梅田,00,,84000,0,リース料,,,,,,,,,,,,,,,,,,,,,,,,,,,,,,,,,,,,,,,,,,,,,,,,,,,,,,
20210430,128,,,,010,札幌営業所,738,租税公課,,,00,,10000,0,,000,共通部門,111,現金,,,00,,10000,0,収入印紙,,,,,,,,,,,,,,,,,,,,,,,,,,,,,,,,,,,,,,,,,,,,,,,,,,,,,,
20210430,137,,,,040,大阪支店,791,雑費,,,Q5,,6000,545,,000,共通部門,322,未払金,,,00,,48858,0,有線,,,,,,,,,,,,,,,,,,,,,,,,,,,,,,,,,,,,,,,,,,,,,,,,,,,,,,
20210430,137,,,,040,大阪支店,791,雑費,,,Q5,,42858,3896,,,,,,,,,,,,警備料,,,,,,,,,,,,,,,,,,,,,,,,,,,,,,,,,,,,,,,,,,,,,,,,,,,,,,
20210430,137,,,,040,大阪支店,740,車両費,,,Q5,,53315,4846,,000,共通部門,131,普通預金,40,JKL銀行 梅田,00,,53315,0,高速料,,,,,,,,,,,,,,,,,,,,,,,,,,,,,,,,,,,,,,,,,,,,,,,,,,,,,,
20210430,137,,,,040,大阪支店,791,雑費,,,Q5,,73500,6681,,000,共通部門,322,未払金,,,00,,73500,0,清掃料,,,,,,,,,,,,,,,,,,,,,,,,,,,,,,,,,,,,,,,,,,,,,,,,,,,,,,
20210430,138,,,,040,大阪支店,740,車両費,,,Q5,,3410,310,,000,共通部門,111,現金,,,00,,5934,0,ガソリン代,,,,,,,,,,,,,,,,,,,,,,,,,,,,,,,,,,,,,,,,,,,,,,,,,,,,,,
20210430,138,,,,040,大阪支店,740,車両費,,,Q5,,2524,229,,,,,,,,,,,,高速代,,,,,,,,,,,,,,,,,,,,,,,,,,,,,,,,,,,,,,,,,,,,,,,,,,,,,,
20210430,145,,,,050,九州営業所,731,運賃,,,Q5,,152600,13872,,000,共通部門,322,未払金,,,00,,152600,0,運賃,,,,,,,,,,,,,,,,,,,,,,,,,,,,,,,,,,,,,,,,,,,,,,,,,,,,,,
20210430,154,,,,050,九州営業所,733,交際接待費,,,Q5,,12000,1090,,000,共通部門,322,未払金,,,00,,22000,0,お花代,,,,,,,,,,,,,,,,,,,,,,,,,,,,,,,,,,,,,,,,,,,,,,,,,,,,,,
20210430,154,,,,050,九州営業所,733,交際接待費,,,Q5,,10000,909,,,,,,,,,,,,香典代,,,,,,,,,,,,,,,,,,,,,,,,,,,,,,,,,,,,,,,,,,,,,,,,,,,,,,
20210430,230,,,,000,共通部門,326,預り金,1,保険料,00,,734249,0,,000,共通部門,131,普通預金,20,ABC銀行 本店,00,,1478175,0,保険料預かり分,,,,,,,,,,,,,,,,,,,,,,,,,,,,,,,,,,,,,,,,,,,,,,,,,,,,,,
20210430,230,,,,020,東京支店,723,法定福利費,,,P0,,111192,0,,,,,,,,,,,,保険料　事業主負担分,,,,,,,,,,,,,,,,,,,,,,,,,,,,,,,,,,,,,,,,,,,,,,,,,,,,,,
20210430,230,,,,020,東京支店,723,法定福利費,,,P0,,236635,0,,,,,,,,,,,,保険料　事業主負担分,,,,,,,,,,,,,,,,,,,,,,,,,,,,,,,,,,,,,,,,,,,,,,,,,,,,,,
20210430,230,,,,010,札幌営業所,723,法定福利費,,,P0,,100704,0,,,,,,,,,,,,保険料　事業主負担分,,,,,,,,,,,,,,,,,,,,,,,,,,,,,,,,,,,,,,,,,,,,,,,,,,,,,,
20210430,230,,,,030,名古屋支店,723,法定福利費,,,P0,,92652,0,,,,,,,,,,,,保険料　事業主負担分,,,,,,,,,,,,,,,,,,,,,,,,,,,,,,,,,,,,,,,,,,,,,,,,,,,,,,
20210430,230,,,,040,大阪支店,723,法定福利費,,,P0,,126826,0,,,,,,,,,,,,保険料　事業主負担分,,,,,,,,,,,,,,,,,,,,,,,,,,,,,,,,,,,,,,,,,,,,,,,,,,,,,,
20210430,230,,,,050,九州営業所,723,法定福利費,,,P0,,66245,0,,,,,,,,,,,,保険料　事業主負担分,,,,,,,,,,,,,,,,,,,,,,,,,,,,,,,,,,,,,,,,,,,,,,,,,,,,,,
20210430,230,,,,020,東京支店,723,法定福利費,,,P0,,9672,0,,,,,,,,,,,,児童拠出金　事業主負担分,,,,,,,,,,,,,,,,,,,,,,,,,,,,,,,,,,,,,,,,,,,,,,,,,,,,,,
20210430,239,,,,030,名古屋支店,752,保険料,,,P0,,62000,0,,000,共通部門,131,普通預金,30,GHI銀行 名古屋,00,,62000,0,保険料,,,,,,,,,,,,,,,,,,,,,,,,,,,,,,,,,,,,,,,,,,,,,,,,,,,,,,
20210430,240,,,,050,九州営業所,752,保険料,,,P0,,57000,0,,000,共通部門,131,普通預金,50,MNO銀行 北九州,00,,57000,0,保険料支払い,,,,,,,,,,,,,,,,,,,,,,,,,,,,,,,,,,,,,,,,,,,,,,,,,,,,,,
20210430,242,,,,,,,,,,,,,,,000,共通部門,737,消耗品費,,,00,,352077,0,消耗品費　部門配賦,,,,,,,,,,,,,,,,,,,,,,,,,,,,,,,,,,,,,,,,,,,,,,,,,,,,,,
20210430,242,,,,010,札幌営業所,737,消耗品費,,,00,,38728,0,,,,,,,,,,,,,,,,,,,,,,,,,,,,,,,,,,,,,,,,,,,,,,,,,,,,,,,,,,,,,,,,,,
20210430,242,,,,020,東京支店,737,消耗品費,,,00,,168999,0,,,,,,,,,,,,,,,,,,,,,,,,,,,,,,,,,,,,,,,,,,,,,,,,,,,,,,,,,,,,,,,,,,
20210430,242,,,,030,名古屋支店,737,消耗品費,,,00,,35207,0,,,,,,,,,,,,,,,,,,,,,,,,,,,,,,,,,,,,,,,,,,,,,,,,,,,,,,,,,,,,,,,,,,
20210430,242,,,,040,大阪支店,737,消耗品費,,,00,,84498,0,,,,,,,,,,,,,,,,,,,,,,,,,,,,,,,,,,,,,,,,,,,,,,,,,,,,,,,,,,,,,,,,,,
20210430,242,,,,050,九州営業所,737,消耗品費,,,00,,24645,0,,,,,,,,,,,,,,,,,,,,,,,,,,,,,,,,,,,,,,,,,,,,,,,,,,,,,,,,,,,,,,,,,,
20210430,251,,,,030,名古屋支店,726,旅費交通費,,,Q5,,9800,890,,000,共通部門,111,現金,,,00,,9800,0,旅費,,,,,,,,,,,,,,,,,,,,,,,,,,,,,,,,,,,,,,,,,,,,,,,,,,,,,,
20210430,276,,,,000,共通部門,152,売掛金,5,東雲商会株式会社,00,,1536384,0,,010,札幌営業所,511,売上高,,,B5,,1536384,139671,4月1日～4月30日分売上,,,,,,,,,,,,,,,,,,,,,,,,,,,,,,,,,,,,,,,,,,,,,,,,,,,,,,
20210430,276,,,,000,共通部門,152,売掛金,25,株式会社ほのかマート,00,,3664410,0,,010,札幌営業所,511,売上高,,,B5,,3664410,333128,4月1日～4月30日分売上,,,,,,,,,,,,,,,,,,,,,,,,,,,,,,,,,,,,,,,,,,,,,,,,,,,,,,
20210430,276,,,,000,共通部門,152,売掛金,14,株式会社花咲商事,00,,1418200,0,,010,札幌営業所,511,売上高,,,B5,,1418200,128927,4月1日～4月30日分売上,,,,,,,,,,,,,,,,,,,,,,,,,,,,,,,,,,,,,,,,,,,,,,,,,,,,,,
20210430,277,,,,000,共通部門,152,売掛金,2,株式会社桜丘百貨店,00,,13321782,0,,020,東京支店,511,売上高,,,B5,,13321782,1211071,4月1日～4月30日分売上,,,,,,,,,,,,,,,,,,,,,,,,,,,,,,,,,,,,,,,,,,,,,,,,,,,,,,
20210430,277,,,,000,共通部門,152,売掛金,12,株式会社緑野百貨店,00,,10846514,0,,020,東京支店,511,売上高,,,B5,,10846514,986046,4月1日～4月30日分売上,,,,,,,,,,,,,,,,,,,,,,,,,,,,,,,,,,,,,,,,,,,,,,,,,,,,,,
20210430,277,,,,000,共通部門,152,売掛金,11,株式会社楓屋,00,,620476,0,,020,東京支店,511,売上高,,,B5,,620476,56406,4月1日～4月30日分売上,,,,,,,,,,,,,,,,,,,,,,,,,,,,,,,,,,,,,,,,,,,,,,,,,,,,,,
20210430,277,,,,000,共通部門,152,売掛金,13,星川商事株式会社,00,,1671612,0,,020,東京支店,511,売上高,,,B5,,1671612,151964,4月1日～4月30日分売上,,,,,,,,,,,,,,,,,,,,,,,,,,,,,,,,,,,,,,,,,,,,,,,,,,,,,,
20210430,277,,,,000,共通部門,152,売掛金,14,株式会社花咲商事,00,,2064894,0,,020,東京支店,511,売上高,,,B5,,2064894,187717,4月1日～4月30日分売上,,,,,,,,,,,,,,,,,,,,,,,,,,,,,,,,,,,,,,,,,,,,,,,,,,,,,,
20210430,277,,,,000,共通部門,152,売掛金,26,若松販売株式会社,00,,976504,0,,020,東京支店,511,売上高,,,B5,,976504,88773,4月1日～4月30日分売上,,,,,,,,,,,,,,,,,,,,,,,,,,,,,,,,,,,,,,,,,,,,,,,,,,,,,,
20210430,277,,,,000,共通部門,152,売掛金,30,株式会社彩雲トレーディング,00,,1104852,0,,020,東京支店,511,売上高,,,B5,,1104852,100441,4月1日～4月30日分売上,,,,,,,,,,,,,,,,,,,,,,,,,,,,,,,,,,,,,,,,,,,,,,,,,,,,,,
20210430,277,,,,020,東京支店,521,売上値引戻り高,,,C5,,70720,6429,,000,共通部門,152,売掛金,13,星川商事株式会社,00,,70720,0,4月1日～4月30日分売上,,,,,,,,,,,,,,,,,,,,,,,,,,,,,,,,,,,,,,,,,,,,,,,,,,,,,,
20210430,277,,,,000,共通部門,152,売掛金,10,合同会社こもれび商事,00,,359744,0,,020,東京支店,511,売上高,,,B5,,359744,32704,4月1日～4月30日分売上,,,,,,,,,,,,,,,,,,,,,,,,,,,,,,,,,,,,,,,,,,,,,,,,,,,,,,
20210430,277,,,,020,東京支店,521,売上値引戻り高,,,C5,,38736,3521,,000,共通部門,152,売掛金,12,株式会社緑野百貨店,00,,38736,0,4月1日～4月30日分売上,,,,,,,,,,,,,,,,,,,,,,,,,,,,,,,,,,,,,,,,,,,,,,,,,,,,,,
20210430,277,,,,000,共通部門,152,売掛金,24,白峰商事株式会社,00,,430032,0,,020,東京支店,511,売上高,,,B5,,430032,39093,4月1日～4月30日分売上,,,,,,,,,,,,,,,,,,,,,,,,,,,,,,,,,,,,,,,,,,,,,,,,,,,,,,
20210430,278,,,,000,共通部門,152,売掛金,6,株式会社瑞穂流通,00,,1054408,0,,030,名古屋支店,511,売上高,,,B5,,1054408,95855,4月1日～4月30日分売上,,,,,,,,,,,,,,,,,,,,,,,,,,,,,,,,,,,,,,,,,,,,,,,,,,,,,,
20210430,278,,,,000,共通部門,152,売掛金,7,株式会社光彩堂商事,00,,1246560,0,,030,名古屋支店,511,売上高,,,B5,,1246560,113323,4月1日～4月30日分売上,,,,,,,,,,,,,,,,,,,,,,,,,,,,,,,,,,,,,,,,,,,,,,,,,,,,,,
20210430,278,,,,000,共通部門,152,売掛金,14,株式会社花咲商事,00,,1260302,0,,030,名古屋支店,511,売上高,,,B5,,1260302,114572,4月1日～4月30日分売上,,,,,,,,,,,,,,,,,,,,,,,,,,,,,,,,,,,,,,,,,,,,,,,,,,,,,,
20210430,278,,,,000,共通部門,152,売掛金,19,株式会社南風商会,00,,818910,0,,030,名古屋支店,511,売上高,,,B5,,818910,74446,4月1日～4月30日分売上,,,,,,,,,,,,,,,,,,,,,,,,,,,,,,,,,,,,,,,,,,,,,,,,,,,,,,
20210430,278,,,,000,共通部門,152,売掛金,21,合同会社つばさ商店,00,,845757,0,,030,名古屋支店,511,売上高,,,B5,,845757,76887,4月1日～4月30日分売上,,,,,,,,,,,,,,,,,,,,,,,,,,,,,,,,,,,,,,,,,,,,,,,,,,,,,,
20210430,278,,,,000,共通部門,152,売掛金,27,晴海物産株式会社,00,,883909,0,,030,名古屋支店,511,売上高,,,B5,,883909,80355,4月1日～4月30日分売上,,,,,,,,,,,,,,,,,,,,,,,,,,,,,,,,,,,,,,,,,,,,,,,,,,,,,,
20210430,278,,,,030,名古屋支店,521,売上値引戻り高,,,C5,,34000,3090,,000,共通部門,152,売掛金,6,株式会社瑞穂流通,00,,34000,0,4月1日～4月30日分売上,,,,,,,,,,,,,,,,,,,,,,,,,,,,,,,,,,,,,,,,,,,,,,,,,,,,,,
20210430,279,,,,000,共通部門,152,売掛金,3,青凪商事株式会社,00,,736072,0,,040,大阪支店,511,売上高,,,B5,,736072,66915,4月1日～4月30日分売上,,,,,,,,,,,,,,,,,,,,,,,,,,,,,,,,,,,,,,,,,,,,,,,,,,,,,,
20210430,279,,,,000,共通部門,152,売掛金,4,株式会社ひなたマート,00,,1200768,0,,040,大阪支店,511,売上高,,,B5,,1200768,109160,4月1日～4月30日分売上,,,,,,,,,,,,,,,,,,,,,,,,,,,,,,,,,,,,,,,,,,,,,,,,,,,,,,
20210430,279,,,,000,共通部門,152,売掛金,8,株式会社高原マーケット,00,,942912,0,,040,大阪支店,511,売上高,,,B5,,942912,85719,4月1日～4月30日分売上,,,,,,,,,,,,,,,,,,,,,,,,,,,,,,,,,,,,,,,,,,,,,,,,,,,,,,
20210430,279,,,,000,共通部門,152,売掛金,9,朝凪物産株式会社,00,,1202528,0,,040,大阪支店,511,売上高,,,B5,,1202528,109320,4月1日～4月30日分売上,,,,,,,,,,,,,,,,,,,,,,,,,,,,,,,,,,,,,,,,,,,,,,,,,,,,,,
20210430,279,,,,000,共通部門,152,売掛金,14,株式会社花咲商事,00,,1526316,0,,040,大阪支店,511,売上高,,,B5,,1526316,138756,4月1日～4月30日分売上,,,,,,,,,,,,,,,,,,,,,,,,,,,,,,,,,,,,,,,,,,,,,,,,,,,,,,
20210430,279,,,,000,共通部門,152,売掛金,20,清和商事株式会社,00,,1136086,0,,040,大阪支店,511,売上高,,,B5,,1136086,103280,4月1日～4月30日分売上,,,,,,,,,,,,,,,,,,,,,,,,,,,,,,,,,,,,,,,,,,,,,,,,,,,,,,
20210430,279,,,,000,共通部門,152,売掛金,23,株式会社杉の木商店,00,,694821,0,,040,大阪支店,511,売上高,,,B5,,694821,63165,4月1日～4月30日分売上,,,,,,,,,,,,,,,,,,,,,,,,,,,,,,,,,,,,,,,,,,,,,,,,,,,,,,
20210430,279,,,,000,共通部門,152,売掛金,28,株式会社青葉百貨店,00,,4716787,0,,040,大阪支店,511,売上高,,,B5,,4716787,428798,4月1日～4月30日分売上,,,,,,,,,,,,,,,,,,,,,,,,,,,,,,,,,,,,,,,,,,,,,,,,,,,,,,
20210430,279,,,,040,大阪支店,521,売上値引戻り高,,,C5,,24480,2225,,000,共通部門,152,売掛金,28,株式会社青葉百貨店,00,,24480,0,4月1日～4月30日分売上,,,,,,,,,,,,,,,,,,,,,,,,,,,,,,,,,,,,,,,,,,,,,,,,,,,,,,
20210430,280,,,,000,共通部門,152,売掛金,1,株式会社若葉百貨店,00,,1476232,0,,050,九州営業所,511,売上高,,,B5,,1476232,134202,4月1日～4月30日分売上,,,,,,,,,,,,,,,,,,,,,,,,,,,,,,,,,,,,,,,,,,,,,,,,,,,,,,
20210430,280,,,,000,共通部門,152,売掛金,14,株式会社花咲商事,00,,1081720,0,,050,九州営業所,511,売上高,,,B5,,1081720,98338,4月1日～4月30日分売上,,,,,,,,,,,,,,,,,,,,,,,,,,,,,,,,,,,,,,,,,,,,,,,,,,,,,,
20210430,280,,,,000,共通部門,152,売掛金,22,株式会社豊原産業,00,,1041464,0,,050,九州営業所,511,売上高,,,B5,,1041464,94678,4月1日～4月30日分売上,,,,,,,,,,,,,,,,,,,,,,,,,,,,,,,,,,,,,,,,,,,,,,,,,,,,,,
20210430,280,,,,000,共通部門,152,売掛金,29,株式会社小春サービス,00,,456660,0,,050,九州営業所,511,売上高,,,B5,,456660,41514,4月1日～4月30日分売上,,,,,,,,,,,,,,,,,,,,,,,,,,,,,,,,,,,,,,,,,,,,,,,,,,,,,,
20210430,281,,,,000,共通部門,131,普通預金,40,JKL銀行 梅田,00,,2874761,0,,000,共通部門,152,売掛金,4,株式会社ひなたマート,00,,2874761,0,4月30日伝票No204株式会社ひなたマート,,,,,,,,,,,,,,,,,,,,,,,,,,,,,,,,,,,,,,,,,,,,,,,,,,,,,,
20210430,281,,,,040,大阪支店,741,支払手数料,,,Q5,,840,76,,000,共通部門,152,売掛金,4,株式会社ひなたマート,00,,840,0,4月30日伝票No204株式会社ひなたマート,,,,,,,,,,,,,,,,,,,,,,,,,,,,,,,,,,,,,,,,,,,,,,,,,,,,,,
20210430,282,,,,000,共通部門,131,普通預金,10,DEF銀行 駅前,00,,4014481,0,,000,共通部門,152,売掛金,5,東雲商会株式会社,00,,4014481,0,4月30日伝票No205東雲商会株式会社,,,,,,,,,,,,,,,,,,,,,,,,,,,,,,,,,,,,,,,,,,,,,,,,,,,,,,
20210430,282,,,,010,札幌営業所,741,支払手数料,,,Q5,,840,76,,000,共通部門,152,売掛金,5,東雲商会株式会社,00,,840,0,4月30日伝票No205東雲商会株式会社,,,,,,,,,,,,,,,,,,,,,,,,,,,,,,,,,,,,,,,,,,,,,,,,,,,,,,
20210430,283,,,,000,共通部門,150,受取手形,,,00,,11435166,0,,000,共通部門,152,売掛金,12,株式会社緑野百貨店,00,,11435166,0,4月30日伝票No206株式会社緑野百貨店 | 売上伝票=202103分未収録;手形番号=R20210430-283-12,,,,,,,,,,,,,,,,,,,,,,,,,,,,,,,,,,,,,,,,,,,,,,,,,,,,,,
20210430,284,,,,010,札幌営業所,541,商品仕入高,,,Q5,,185975,16906,,000,共通部門,312,買掛金,2,株式会社双葉物産,00,,185975,0,4月1日～4月30日分仕入,,,,,,,,,,,,,,,,,,,,,,,,,,,,,,,,,,,,,,,,,,,,,,,,,,,,,,
20210430,284,,,,010,札幌営業所,541,商品仕入高,,,Q5,,23688,2153,,000,共通部門,312,買掛金,8,株式会社白樺商事,00,,23688,0,4月1日～4月30日分仕入,,,,,,,,,,,,,,,,,,,,,,,,,,,,,,,,,,,,,,,,,,,,,,,,,,,,,,
20210430,285,,,,020,東京支店,541,商品仕入高,,,Q5,,1263652,114877,,000,共通部門,312,買掛金,13,朝日野産業株式会社,00,,1263652,0,4月1日～4月30日分仕入,,,,,,,,,,,,,,,,,,,,,,,,,,,,,,,,,,,,,,,,,,,,,,,,,,,,,,
20210430,285,,,,020,東京支店,541,商品仕入高,,,Q5,,6031869,548351,,000,共通部門,312,買掛金,1,株式会社北辰商事,00,,6031869,0,4月1日～4月30日分仕入,,,,,,,,,,,,,,,,,,,,,,,,,,,,,,,,,,,,,,,,,,,,,,,,,,,,,,
20210430,285,,,,020,東京支店,541,商品仕入高,,,Q5,,4109548,373595,,000,共通部門,312,買掛金,11,株式会社花園商会,00,,4109548,0,4月1日～4月30日分仕入,,,,,,,,,,,,,,,,,,,,,,,,,,,,,,,,,,,,,,,,,,,,,,,,,,,,,,
20210430,285,,,,020,東京支店,541,商品仕入高,,,Q5,,322812,29346,,000,共通部門,312,買掛金,12,株式会社泉川商事,00,,322812,0,4月1日～4月30日分仕入,,,,,,,,,,,,,,,,,,,,,,,,,,,,,,,,,,,,,,,,,,,,,,,,,,,,,,
20210430,285,,,,020,東京支店,541,商品仕入高,,,Q5,,2915080,265007,,000,共通部門,312,買掛金,3,青凪商事株式会社,00,,2915080,0,4月1日～4月30日分仕入,,,,,,,,,,,,,,,,,,,,,,,,,,,,,,,,,,,,,,,,,,,,,,,,,,,,,,
20210430,285,,,,020,東京支店,541,商品仕入高,,,Q5,,2584863,234987,,000,共通部門,312,買掛金,14,合同会社あかね商会,00,,2584863,0,4月1日～4月30日分仕入,,,,,,,,,,,,,,,,,,,,,,,,,,,,,,,,,,,,,,,,,,,,,,,,,,,,,,
20210430,285,,,,020,東京支店,541,商品仕入高,,,Q5,,409145,37195,,000,共通部門,312,買掛金,2,株式会社双葉物産,00,,409145,0,4月1日～4月30日分仕入,,,,,,,,,,,,,,,,,,,,,,,,,,,,,,,,,,,,,,,,,,,,,,,,,,,,,,
20210430,285,,,,000,共通部門,312,買掛金,1,株式会社北辰商事,00,,73207,0,,020,東京支店,551,仕入値引戻し高,,,R5,,73207,6655,4月1日～4月30日分仕入,,,,,,,,,,,,,,,,,,,,,,,,,,,,,,,,,,,,,,,,,,,,,,,,,,,,,,
20210430,285,,,,020,東京支店,541,商品仕入高,,,Q5,,189504,17227,,000,共通部門,312,買掛金,8,株式会社白樺商事,00,,189504,0,4月1日～4月30日分仕入,,,,,,,,,,,,,,,,,,,,,,,,,,,,,,,,,,,,,,,,,,,,,,,,,,,,,,
20210430,285,,,,000,共通部門,312,買掛金,3,青凪商事株式会社,00,,21672,0,,020,東京支店,551,仕入値引戻し高,,,R5,,21672,1970,4月1日～4月30日分仕入,,,,,,,,,,,,,,,,,,,,,,,,,,,,,,,,,,,,,,,,,,,,,,,,,,,,,,
20210430,286,,,,030,名古屋支店,541,商品仕入高,,,Q5,,1733105,157555,,000,共通部門,312,買掛金,9,東原産業株式会社,00,,1733105,0,4月1日～4月30日分仕入,,,,,,,,,,,,,,,,,,,,,,,,,,,,,,,,,,,,,,,,,,,,,,,,,,,,,,
20210430,286,,,,030,名古屋支店,541,商品仕入高,,,Q5,,1113366,101215,,000,共通部門,312,買掛金,15,株式会社麦穂商事,00,,1113366,0,4月1日～4月30日分仕入,,,,,,,,,,,,,,,,,,,,,,,,,,,,,,,,,,,,,,,,,,,,,,,,,,,,,,
20210430,286,,,,030,名古屋支店,541,商品仕入高,,,Q5,,3387545,307958,,000,共通部門,312,買掛金,7,株式会社夕凪商会,00,,3387545,0,4月1日～4月30日分仕入,,,,,,,,,,,,,,,,,,,,,,,,,,,,,,,,,,,,,,,,,,,,,,,,,,,,,,
20210430,286,,,,030,名古屋支店,541,商品仕入高,,,Q5,,152913,13901,,000,共通部門,312,買掛金,2,株式会社双葉物産,00,,152913,0,4月1日～4月30日分仕入,,,,,,,,,,,,,,,,,,,,,,,,,,,,,,,,,,,,,,,,,,,,,,,,,,,,,,
20210430,286,,,,000,共通部門,312,買掛金,15,株式会社麦穂商事,00,,16968,0,,030,名古屋支店,551,仕入値引戻し高,,,R5,,16968,1542,4月1日～4月30日分仕入,,,,,,,,,,,,,,,,,,,,,,,,,,,,,,,,,,,,,,,,,,,,,,,,,,,,,,
20210430,286,,,,030,名古屋支店,541,商品仕入高,,,Q5,,42638,3876,,000,共通部門,312,買掛金,8,株式会社白樺商事,00,,42638,0,4月1日～4月30日分仕入,,,,,,,,,,,,,,,,,,,,,,,,,,,,,,,,,,,,,,,,,,,,,,,,,,,,,,
20210430,286,,,,000,共通部門,312,買掛金,9,東原産業株式会社,00,,11793,0,,030,名古屋支店,551,仕入値引戻し高,,,R5,,11793,1072,4月1日～4月30日分仕入,,,,,,,,,,,,,,,,,,,,,,,,,,,,,,,,,,,,,,,,,,,,,,,,,,,,,,
20210430,287,,,,040,大阪支店,541,商品仕入高,,,Q5,,905555,82323,,000,共通部門,312,買掛金,4,株式会社和泉流通,00,,905555,0,4月1日～4月30日分仕入,,,,,,,,,,,,,,,,,,,,,,,,,,,,,,,,,,,,,,,,,,,,,,,,,,,,,,
20210430,287,,,,040,大阪支店,541,商品仕入高,,,Q5,,2891993,262908,,000,共通部門,312,買掛金,10,光野販売株式会社,00,,2891993,0,4月1日～4月30日分仕入,,,,,,,,,,,,,,,,,,,,,,,,,,,,,,,,,,,,,,,,,,,,,,,,,,,,,,
20210430,287,,,,000,共通部門,312,買掛金,10,光野販売株式会社,00,,34587,0,,040,大阪支店,551,仕入値引戻し高,,,R5,,34587,3144,4月1日～4月30日分仕入,,,,,,,,,,,,,,,,,,,,,,,,,,,,,,,,,,,,,,,,,,,,,,,,,,,,,,
20210430,287,,,,040,大阪支店,541,商品仕入高,,,Q5,,3320176,301834,,000,共通部門,312,買掛金,6,株式会社日向産業,00,,3320176,0,4月1日～4月30日分仕入,,,,,,,,,,,,,,,,,,,,,,,,,,,,,,,,,,,,,,,,,,,,,,,,,,,,,,
20210430,287,,,,040,大阪支店,541,商品仕入高,,,Q5,,3445686,313244,,000,共通部門,312,買掛金,5,千草商事株式会社,00,,3445686,0,4月1日～4月30日分仕入,,,,,,,,,,,,,,,,,,,,,,,,,,,,,,,,,,,,,,,,,,,,,,,,,,,,,,
20210430,287,,,,040,大阪支店,541,商品仕入高,,,Q5,,71064,6460,,000,共通部門,312,買掛金,8,株式会社白樺商事,00,,71064,0,4月1日～4月30日分仕入,,,,,,,,,,,,,,,,,,,,,,,,,,,,,,,,,,,,,,,,,,,,,,,,,,,,,,
20210430,287,,,,040,大阪支店,541,商品仕入高,,,Q5,,293427,26675,,000,共通部門,312,買掛金,2,株式会社双葉物産,00,,293427,0,4月1日～4月30日分仕入,,,,,,,,,,,,,,,,,,,,,,,,,,,,,,,,,,,,,,,,,,,,,,,,,,,,,,
20210430,287,,,,000,共通部門,312,買掛金,6,株式会社日向産業,00,,22478,0,,040,大阪支店,551,仕入値引戻し高,,,R5,,22478,2043,4月1日～4月30日分仕入,,,,,,,,,,,,,,,,,,,,,,,,,,,,,,,,,,,,,,,,,,,,,,,,,,,,,,
20210430,287,,,,000,共通部門,312,買掛金,5,千草商事株式会社,00,,21674,0,,040,大阪支店,551,仕入値引戻し高,,,R5,,21674,1970,4月1日～4月30日分仕入,,,,,,,,,,,,,,,,,,,,,,,,,,,,,,,,,,,,,,,,,,,,,,,,,,,,,,
20210430,288,,,,050,九州営業所,541,商品仕入高,,,Q5,,74390,6762,,000,共通部門,312,買掛金,2,株式会社双葉物産,00,,74390,0,4月1日～4月30日分仕入,,,,,,,,,,,,,,,,,,,,,,,,,,,,,,,,,,,,,,,,,,,,,,,,,,,,,,
20210430,288,,,,050,九州営業所,541,商品仕入高,,,Q5,,23688,2153,,000,共通部門,312,買掛金,8,株式会社白樺商事,00,,23688,0,4月1日～4月30日分仕入,,,,,,,,,,,,,,,,,,,,,,,,,,,,,,,,,,,,,,,,,,,,,,,,,,,,,,
20210430,289,,,,000,共通部門,312,買掛金,10,光野販売株式会社,00,,4640751,0,,000,共通部門,301,支払手形,,,00,,4640751,0,4月30日伝票No124光野販売株式会社,,,,,,,,,,,,,,,,,,,,,,,,,,,,,,,,,,,,,,,,,,,,,,,,,,,,,,
20210430,290,,,,000,共通部門,312,買掛金,12,株式会社泉川商事,00,,497372,0,,000,共通部門,131,普通預金,20,ABC銀行 本店,00,,497372,0,4月30日伝票No125株式会社泉川商事,,,,,,,,,,,,,,,,,,,,,,,,,,,,,,,,,,,,,,,,,,,,,,,,,,,,,,
20210430,291,,,,000,共通部門,312,買掛金,13,朝日野産業株式会社,00,,1370598,0,,000,共通部門,131,普通預金,20,ABC銀行 本店,00,,1370598,0,4月30日伝票No128朝日野産業株式会社,,,,,,,,,,,,,,,,,,,,,,,,,,,,,,,,,,,,,,,,,,,,,,,,,,,,,,
20210430,292,,,,000,共通部門,312,買掛金,14,合同会社あかね商会,00,,4036321,0,,000,共通部門,131,普通預金,20,ABC銀行 本店,00,,4036321,0,4月30日伝票No129合同会社あかね商会,,,,,,,,,,,,,,,,,,,,,,,,,,,,,,,,,,,,,,,,,,,,,,,,,,,,,,
20210430,293,,,,000,共通部門,312,買掛金,15,株式会社麦穂商事,00,,1710087,0,,000,共通部門,131,普通預金,20,ABC銀行 本店,00,,1710087,0,4月30日伝票No131株式会社麦穂商事,,,,,,,,,,,,,,,,,,,,,,,,,,,,,,,,,,,,,,,,,,,,,,,,,,,,,,
20210430,294,,,,000,共通部門,312,買掛金,2,株式会社双葉物産,00,,1829520,0,,000,共通部門,131,普通預金,20,ABC銀行 本店,00,,1829520,0,4月30日伝票No279株式会社双葉物産,,,,,,,,,,,,,,,,,,,,,,,,,,,,,,,,,,,,,,,,,,,,,,,,,,,,,,
20210430,295,,,,000,共通部門,312,買掛金,5,千草商事株式会社,00,,5237507,0,,000,共通部門,301,支払手形,,,00,,5237507,0,4月30日伝票No282千草商事株式会社,,,,,,,,,,,,,,,,,,,,,,,,,,,,,,,,,,,,,,,,,,,,,,,,,,,,,,
20210430,296,,,,000,共通部門,312,買掛金,7,株式会社夕凪商会,00,,5522383,0,,000,共通部門,131,普通預金,20,ABC銀行 本店,00,,5522383,0,4月30日伝票No285株式会社夕凪商会,,,,,,,,,,,,,,,,,,,,,,,,,,,,,,,,,,,,,,,,,,,,,,,,,,,,,,
20210430,297,,,,000,共通部門,312,買掛金,9,東原産業株式会社,00,,2599235,0,,000,共通部門,301,支払手形,,,00,,2599235,0,4月30日伝票No286東原産業株式会社,,,,,,,,,,,,,,,,,,,,,,,,,,,,,,,,,,,,,,,,,,,,,,,,,,,,,,
20210430,300,,,,000,共通部門,301,支払手形,,,00,,4787688,0,,000,共通部門,121,当座預金,1,ABC銀行,00,,4787688,0,手形期日落日 千草商事株式会社,,,,,,,,,,,,,,,,,,,,,,,,,,,,,,,,,,,,,,,,,,,,,,,,,,,,,,
20210430,300,,,,000,共通部門,301,支払手形,,,00,,2317977,0,,000,共通部門,121,当座預金,1,ABC銀行,00,,2317977,0,手形期日落日 東原産業株式会社,,,,,,,,,,,,,,,,,,,,,,,,,,,,,,,,,,,,,,,,,,,,,,,,,,,,,,
20210430,300,,,,000,共通部門,301,支払手形,,,00,,3900829,0,,000,共通部門,121,当座預金,1,ABC銀行,00,,3900829,0,手形期日落日 光野販売株式会社,,,,,,,,,,,,,,,,,,,,,,,,,,,,,,,,,,,,,,,,,,,,,,,,,,,,,,
20210430,303,,,,000,共通部門,121,当座預金,1,ABC銀行,00,,7022119,0,,000,共通部門,150,受取手形,,,00,,7022119,0,手形満期 株式会社青葉百貨店 | 仮手形番号=U20210430-303-28;受取仕訳未特定,,,,,,,,,,,,,,,,,,,,,,,,,,,,,,,,,,,,,,,,,,,,,,,,,,,,,,
20210430,306,,,,000,共通部門,322,未払金,,,00,,7584692,0,,000,共通部門,131,普通預金,20,ABC銀行 本店,00,,7584692,0,3月分支払,,,,,,,,,,,,,,,,,,,,,,,,,,,,,,,,,,,,,,,,,,,,,,,,,,,,,,
20210430,308,,,,000,共通部門,131,普通預金,20,ABC銀行 本店,00,,40000,0,,000,共通部門,183,短期貸付金,,,00,,40000,0,貸付金返済,,,,,,,,,,,,,,,,,,,,,,,,,,,,,,,,,,,,,,,,,,,,,,,,,,,,,,
20210430,313,,,,000,共通部門,148,定期積金,,,00,,500000,0,,000,共通部門,131,普通預金,20,ABC銀行 本店,00,,625000,0,定期積立金,,,,,,,,,,,,,,,,,,,,,,,,,,,,,,,,,,,,,,,,,,,,,,,,,,,,,,
20210430,313,,,,000,共通部門,248,保険積立金,,,00,,125000,0,,,,,,,,,,,,保険積立金,,,,,,,,,,,,,,,,,,,,,,,,,,,,,,,,,,,,,,,,,,,,,,,,,,,,,,
20210430,314,,,,000,共通部門,321,短期借入金,,,00,,653500,0,,000,共通部門,121,当座預金,1,ABC銀行,00,,686175,0,借入金返済,,,,,,,,,,,,,,,,,,,,,,,,,,,,,,,,,,,,,,,,,,,,,,,,,,,,,,
20210430,314,,,,020,東京支店,821,支払利息,,,P0,,32675,0,,,,,,,,,,,,利息,,,,,,,,,,,,,,,,,,,,,,,,,,,,,,,,,,,,,,,,,,,,,,,,,,,,,,
20210430,990001,,,,010,札幌営業所,713,賞与,,,00,,110000,0,,010,札幌営業所,337,賞与引当金,,,00,,110000,0,サンプル定義：賞与半年均等引当 202104 部門010,,,,,,,,,,,,,,,,,,,,,,,,,,,,,,,,,,,,,,,,,,,,,,,,,,,,,,
20210430,990001,,,,020,東京支店,713,賞与,,,00,,261667,0,,020,東京支店,337,賞与引当金,,,00,,261667,0,サンプル定義：賞与半年均等引当 202104 部門020,,,,,,,,,,,,,,,,,,,,,,,,,,,,,,,,,,,,,,,,,,,,,,,,,,,,,,
20210430,990001,,,,030,名古屋支店,713,賞与,,,00,,102667,0,,030,名古屋支店,337,賞与引当金,,,00,,102667,0,サンプル定義：賞与半年均等引当 202104 部門030,,,,,,,,,,,,,,,,,,,,,,,,,,,,,,,,,,,,,,,,,,,,,,,,,,,,,,
20210430,990001,,,,040,大阪支店,713,賞与,,,00,,120333,0,,040,大阪支店,337,賞与引当金,,,00,,120333,0,サンプル定義：賞与半年均等引当 202104 部門040,,,,,,,,,,,,,,,,,,,,,,,,,,,,,,,,,,,,,,,,,,,,,,,,,,,,,,
20210430,990001,,,,050,九州営業所,713,賞与,,,00,,79000,0,,050,九州営業所,337,賞与引当金,,,00,,79000,0,サンプル定義：賞与半年均等引当 202104 部門050,,,,,,,,,,,,,,,,,,,,,,,,,,,,,,,,,,,,,,,,,,,,,,,,,,,,,,
20210501,18,,,,010,札幌営業所,726,旅費交通費,,,Q5,,24800,2254,,000,共通部門,111,現金,,,00,,24800,0,旅費,,,,,,,,,,,,,,,,,,,,,,,,,,,,,,,,,,,,,,,,,,,,,,,,,,,,,,
20210501,148,,,,010,札幌営業所,724,福利厚生費,,,Q5,,53500,4863,,000,共通部門,322,未払金,,,00,,53500,0,制服代,,,,,,,,,,,,,,,,,,,,,,,,,,,,,,,,,,,,,,,,,,,,,,,,,,,,,,
20210502,122,,,,020,東京支店,727,通信費,,,Q5,,1050,95,,000,共通部門,111,現金,,,00,,1050,0,証明書発行手数料,,,,,,,,,,,,,,,,,,,,,,,,,,,,,,,,,,,,,,,,,,,,,,,,,,,,,,
20210502,124,,,,010,札幌営業所,738,租税公課,,,00,,6000,0,,000,共通部門,111,現金,,,00,,6000,0,収入印紙,,,,,,,,,,,,,,,,,,,,,,,,,,,,,,,,,,,,,,,,,,,,,,,,,,,,,,
20210502,149,,,,030,名古屋支店,724,福利厚生費,,,Q5,,70325,6393,,000,共通部門,322,未払金,,,00,,70325,0,制服代,,,,,,,,,,,,,,,,,,,,,,,,,,,,,,,,,,,,,,,,,,,,,,,,,,,,,,
20210503,10,,,,010,札幌営業所,740,車両費,,,Q5,,3642,331,,000,共通部門,111,現金,,,00,,3642,0,ガソリン代,,,,,,,,,,,,,,,,,,,,,,,,,,,,,,,,,,,,,,,,,,,,,,,,,,,,,,
20210503,19,,,,010,札幌営業所,726,旅費交通費,,,Q5,,15000,1363,,000,共通部門,111,現金,,,00,,15000,0,旅費,,,,,,,,,,,,,,,,,,,,,,,,,,,,,,,,,,,,,,,,,,,,,,,,,,,,,,
20210505,56,,,,020,東京支店,726,旅費交通費,,,Q5,,41500,3772,,000,共通部門,111,現金,,,00,,41500,0,旅費,,,,,,,,,,,,,,,,,,,,,,,,,,,,,,,,,,,,,,,,,,,,,,,,,,,,,,
20210505,80,,,,030,名古屋支店,726,旅費交通費,,,Q5,,9500,863,,000,共通部門,111,現金,,,00,,9500,0,タクシー代,,,,,,,,,,,,,,,,,,,,,,,,,,,,,,,,,,,,,,,,,,,,,,,,,,,,,,
20210505,89,,,,000,共通部門,131,普通預金,50,MNO銀行 北九州,00,,1040992,0,,000,共通部門,152,売掛金,22,株式会社豊原産業,00,,1040992,0,5月5日伝票No207株式会社豊原産業,,,,,,,,,,,,,,,,,,,,,,,,,,,,,,,,,,,,,,,,,,,,,,,,,,,,,,
20210505,89,,,,050,九州営業所,741,支払手数料,,,Q5,,472,42,,000,共通部門,152,売掛金,22,株式会社豊原産業,00,,472,0,5月5日伝票No207株式会社豊原産業,,,,,,,,,,,,,,,,,,,,,,,,,,,,,,,,,,,,,,,,,,,,,,,,,,,,,,
20210505,90,,,,000,共通部門,131,普通預金,20,ABC銀行 本店,00,,975874,0,,000,共通部門,152,売掛金,26,若松販売株式会社,00,,975874,0,5月5日伝票No208若松販売株式会社,,,,,,,,,,,,,,,,,,,,,,,,,,,,,,,,,,,,,,,,,,,,,,,,,,,,,,
20210505,90,,,,020,東京支店,741,支払手数料,,,Q5,,630,57,,000,共通部門,152,売掛金,26,若松販売株式会社,00,,630,0,5月5日伝票No208若松販売株式会社,,,,,,,,,,,,,,,,,,,,,,,,,,,,,,,,,,,,,,,,,,,,,,,,,,,,,,
20210505,91,,,,000,共通部門,131,普通預金,30,GHI銀行 名古屋,00,,883909,0,,000,共通部門,152,売掛金,27,晴海物産株式会社,00,,883909,0,5月5日伝票No209晴海物産株式会社,,,,,,,,,,,,,,,,,,,,,,,,,,,,,,,,,,,,,,,,,,,,,,,,,,,,,,
20210505,139,,,,050,九州営業所,724,福利厚生費,,,Q5,,55630,5057,,000,共通部門,322,未払金,,,00,,55630,0,制服代,,,,,,,,,,,,,,,,,,,,,,,,,,,,,,,,,,,,,,,,,,,,,,,,,,,,,,
20210506,20,,,,010,札幌営業所,726,旅費交通費,,,Q5,,41000,3727,,000,共通部門,111,現金,,,00,,41000,0,旅費,,,,,,,,,,,,,,,,,,,,,,,,,,,,,,,,,,,,,,,,,,,,,,,,,,,,,,
20210506,42,,,,020,東京支店,733,交際接待費,,,Q5,,16650,1513,,000,共通部門,111,現金,,,00,,16650,0,食事代 株式会社桜丘百貨店2名,,,,,,,,,,,,,,,,,,,,,,,,,,,,,,,,,,,,,,,,,,,,,,,,,,,,,,
20210506,106,,,,040,大阪支店,733,交際接待費,,,Q5,,14352,1304,,000,共通部門,111,現金,,,00,,14352,0,食事代,,,,,,,,,,,,,,,,,,,,,,,,,,,,,,,,,,,,,,,,,,,,,,,,,,,,,,
20210506,110,,,,040,大阪支店,726,旅費交通費,,,Q5,,3290,299,,000,共通部門,111,現金,,,00,,3290,0,タクシー代,,,,,,,,,,,,,,,,,,,,,,,,,,,,,,,,,,,,,,,,,,,,,,,,,,,,,,
20210506,133,,,,020,東京支店,746,支払報酬,,,Q5,,139710,12700,,000,共通部門,131,普通預金,20,ABC銀行 本店,00,,139710,0,税理士報酬,,,,,,,,,,,,,,,,,,,,,,,,,,,,,,,,,,,,,,,,,,,,,,,,,,,,,,
20210507,22,,,,010,札幌営業所,726,旅費交通費,,,Q5,,50000,4545,,000,共通部門,111,現金,,,00,,50000,0,旅費,,,,,,,,,,,,,,,,,,,,,,,,,,,,,,,,,,,,,,,,,,,,,,,,,,,,,,
20210507,57,,,,040,大阪支店,726,旅費交通費,,,Q5,,97800,8890,,000,共通部門,111,現金,,,00,,97800,0,架空鉄道会社A代,,,,,,,,,,,,,,,,,,,,,,,,,,,,,,,,,,,,,,,,,,,,,,,,,,,,,,
20210507,58,,,,020,東京支店,726,旅費交通費,,,Q5,,70000,6363,,000,共通部門,111,現金,,,00,,70000,0,旅費,,,,,,,,,,,,,,,,,,,,,,,,,,,,,,,,,,,,,,,,,,,,,,,,,,,,,,
20210507,69,,,,040,大阪支店,791,雑費,,,Q5,,2398,218,,000,共通部門,111,現金,,,00,,2398,0,洗剤代他,,,,,,,,,,,,,,,,,,,,,,,,,,,,,,,,,,,,,,,,,,,,,,,,,,,,,,
20210507,81,,,,030,名古屋支店,726,旅費交通費,,,Q5,,10000,909,,000,共通部門,111,現金,,,00,,10000,0,旅費,,,,,,,,,,,,,,,,,,,,,,,,,,,,,,,,,,,,,,,,,,,,,,,,,,,,,,
20210507,102,,,,040,大阪支店,733,交際接待費,,,Q5,,1050,95,,000,共通部門,111,現金,,,00,,1050,0,差し入れ,,,,,,,,,,,,,,,,,,,,,,,,,,,,,,,,,,,,,,,,,,,,,,,,,,,,,,
20210507,158,,,,040,大阪支店,726,旅費交通費,,,Q5,,10300,936,,000,共通部門,111,現金,,,00,,10300,0,出張旅費,,,,,,,,,,,,,,,,,,,,,,,,,,,,,,,,,,,,,,,,,,,,,,,,,,,,,,
20210508,17,,,,010,札幌営業所,740,車両費,,,Q5,,7560,687,,000,共通部門,111,現金,,,00,,7900,0,夏用ワイパー代,,,,,,,,,,,,,,,,,,,,,,,,,,,,,,,,,,,,,,,,,,,,,,,,,,,,,,
20210508,17,,,,010,札幌営業所,740,車両費,,,Q5,,340,30,,,,,,,,,,,,ウォッシャー液,,,,,,,,,,,,,,,,,,,,,,,,,,,,,,,,,,,,,,,,,,,,,,,,,,,,,,
20210508,41,,,,040,大阪支店,733,交際接待費,,,Q5,,10000,909,,000,共通部門,111,現金,,,00,,10000,0,出産祝い,,,,,,,,,,,,,,,,,,,,,,,,,,,,,,,,,,,,,,,,,,,,,,,,,,,,,,
20210508,43,,,,020,東京支店,733,交際接待費,,,Q5,,1200,109,,000,共通部門,111,現金,,,00,,1200,0,コーヒー代2名,,,,,,,,,,,,,,,,,,,,,,,,,,,,,,,,,,,,,,,,,,,,,,,,,,,,,,
20210508,142,,,,040,大阪支店,740,車両費,,,Q5,,762,69,,000,共通部門,111,現金,,,00,,7572,0,駐車代,,,,,,,,,,,,,,,,,,,,,,,,,,,,,,,,,,,,,,,,,,,,,,,,,,,,,,
20210508,142,,,,040,大阪支店,740,車両費,,,Q5,,6810,619,,,,,,,,,,,,ガソリン代,,,,,,,,,,,,,,,,,,,,,,,,,,,,,,,,,,,,,,,,,,,,,,,,,,,,,,
20210508,147,,,,050,九州営業所,740,車両費,,,Q5,,6642,603,,000,共通部門,322,未払金,,,00,,6642,0,ガソリン代,,,,,,,,,,,,,,,,,,,,,,,,,,,,,,,,,,,,,,,,,,,,,,,,,,,,,,
20210508,154,,,,000,共通部門,111,現金,,,00,,1000000,0,,000,共通部門,131,普通預金,20,ABC銀行 本店,00,,1000000,0,引き出し,,,,,,,,,,,,,,,,,,,,,,,,,,,,,,,,,,,,,,,,,,,,,,,,,,,,,,
20210509,84,,,,010,札幌営業所,727,通信費,,,Q5,,47680,4334,,000,共通部門,111,現金,,,00,,47680,0,切手代,,,,,,,,,,,,,,,,,,,,,,,,,,,,,,,,,,,,,,,,,,,,,,,,,,,,,,
20210510,21,,,,010,札幌営業所,726,旅費交通費,,,Q5,,82400,7490,,000,共通部門,111,現金,,,00,,82400,0,架空鉄道会社A代,,,,,,,,,,,,,,,,,,,,,,,,,,,,,,,,,,,,,,,,,,,,,,,,,,,,,,
20210510,46,,,,020,東京支店,740,車両費,,,Q5,,2858,259,,000,共通部門,111,現金,,,00,,10735,0,ガソリン代,,,,,,,,,,,,,,,,,,,,,,,,,,,,,,,,,,,,,,,,,,,,,,,,,,,,,,
20210510,46,,,,020,東京支店,740,車両費,,,Q5,,1429,129,,,,,,,,,,,,駐車代,,,,,,,,,,,,,,,,,,,,,,,,,,,,,,,,,,,,,,,,,,,,,,,,,,,,,,
20210510,46,,,,020,東京支店,740,車両費,,,Q5,,6448,586,,,,,,,,,,,,高速代,,,,,,,,,,,,,,,,,,,,,,,,,,,,,,,,,,,,,,,,,,,,,,,,,,,,,,
20210510,65,,,,000,共通部門,326,預り金,3,源泉税,00,,264713,0,,000,共通部門,131,普通預金,20,ABC銀行 本店,00,,739913,0,源泉税支払,,,,,,,,,,,,,,,,,,,,,,,,,,,,,,,,,,,,,,,,,,,,,,,,,,,,,,
20210510,65,,,,000,共通部門,326,預り金,2,住民税,00,,475200,0,,,,,,,,,,,,住民税支払,,,,,,,,,,,,,,,,,,,,,,,,,,,,,,,,,,,,,,,,,,,,,,,,,,,,,,
20210510,68,,,,010,札幌営業所,791,雑費,,,Q5,,5000,454,,000,共通部門,322,未払金,,,00,,39286,0,有線,,,,,,,,,,,,,,,,,,,,,,,,,,,,,,,,,,,,,,,,,,,,,,,,,,,,,,
20210510,68,,,,010,札幌営業所,791,雑費,,,Q5,,34286,3116,,,,,,,,,,,,警備料,,,,,,,,,,,,,,,,,,,,,,,,,,,,,,,,,,,,,,,,,,,,,,,,,,,,,,
20210510,69,,,,010,札幌営業所,791,雑費,,,Q5,,976,88,,000,共通部門,111,現金,,,00,,976,0,ティッシュ他,,,,,,,,,,,,,,,,,,,,,,,,,,,,,,,,,,,,,,,,,,,,,,,,,,,,,,
20210510,92,,,,000,共通部門,131,普通預金,30,GHI銀行 名古屋,00,,818175,0,,000,共通部門,152,売掛金,19,株式会社南風商会,00,,818175,0,5月10日伝票No210株式会社南風商会,,,,,,,,,,,,,,,,,,,,,,,,,,,,,,,,,,,,,,,,,,,,,,,,,,,,,,
20210510,92,,,,030,名古屋支店,741,支払手数料,,,Q5,,735,66,,000,共通部門,152,売掛金,19,株式会社南風商会,00,,735,0,5月10日伝票No210株式会社南風商会,,,,,,,,,,,,,,,,,,,,,,,,,,,,,,,,,,,,,,,,,,,,,,,,,,,,,,
20210510,93,,,,000,共通部門,150,受取手形,,,00,,4692307,0,,000,共通部門,152,売掛金,28,株式会社青葉百貨店,00,,4692307,0,5月10日伝票No211株式会社青葉百貨店 | 売上伝票=20210430-279;手形番号=R20210510-93-28,,,,,,,,,,,,,,,,,,,,,,,,,,,,,,,,,,,,,,,,,,,,,,,,,,,,,,
20210510,94,,,,000,共通部門,312,買掛金,3,青凪商事株式会社,00,,736072,0,,000,共通部門,152,売掛金,3,青凪商事株式会社,00,,736072,0,5月10日伝票No473青凪商事株式会社,,,,,,,,,,,,,,,,,,,,,,,,,,,,,,,,,,,,,,,,,,,,,,,,,,,,,,
20210510,95,,,,000,共通部門,131,普通預金,20,ABC銀行 本店,00,,7350592,0,,000,共通部門,152,売掛金,14,株式会社花咲商事,00,,7350592,0,5月10日伝票No495株式会社花咲商事東京本社,,,,,,,,,,,,,,,,,,,,,,,,,,,,,,,,,,,,,,,,,,,,,,,,,,,,,,
20210510,95,,,,020,東京支店,741,支払手数料,,,Q5,,840,76,,000,共通部門,152,売掛金,14,株式会社花咲商事,00,,840,0,5月10日伝票No495株式会社花咲商事東京本社,,,,,,,,,,,,,,,,,,,,,,,,,,,,,,,,,,,,,,,,,,,,,,,,,,,,,,
20210510,96,,,,000,共通部門,312,買掛金,3,青凪商事株式会社,00,,2157336,0,,000,共通部門,301,支払手形,,,00,,2157336,0,5月10日伝票No137青凪商事株式会社,,,,,,,,,,,,,,,,,,,,,,,,,,,,,,,,,,,,,,,,,,,,,,,,,,,,,,
20210510,97,,,,000,共通部門,312,買掛金,8,株式会社白樺商事,00,,634838,0,,000,共通部門,131,普通預金,20,ABC銀行 本店,00,,634838,0,5月10日伝票No139株式会社白樺商事,,,,,,,,,,,,,,,,,,,,,,,,,,,,,,,,,,,,,,,,,,,,,,,,,,,,,,
20210510,139,,,,000,共通部門,301,支払手形,,,00,,5177928,0,,000,共通部門,121,当座預金,1,ABC銀行,00,,5177928,0,青凪商事株式会社,,,,,,,,,,,,,,,,,,,,,,,,,,,,,,,,,,,,,,,,,,,,,,,,,,,,,,
20210510,141,,,,040,大阪支店,726,旅費交通費,,,Q5,,45000,4090,,000,共通部門,111,現金,,,00,,45000,0,架空鉄道会社A代,,,,,,,,,,,,,,,,,,,,,,,,,,,,,,,,,,,,,,,,,,,,,,,,,,,,,,
20210510,150,,,,050,九州営業所,733,交際接待費,,,Q5,,24064,2187,,000,共通部門,111,現金,,,00,,24064,0,飲食代 架空店舗060 4名,,,,,,,,,,,,,,,,,,,,,,,,,,,,,,,,,,,,,,,,,,,,,,,,,,,,,,
20210510,150,,,,050,九州営業所,738,租税公課,,,00,,20000,0,,000,共通部門,111,現金,,,00,,20000,0,収入印紙,,,,,,,,,,,,,,,,,,,,,,,,,,,,,,,,,,,,,,,,,,,,,,,,,,,,,,
20210510,162,,,,020,東京支店,734,会議費,,,Q5,,31520,2865,,000,共通部門,111,現金,,,00,,31520,0,会議　食事代,,,,,,,,,,,,,,,,,,,,,,,,,,,,,,,,,,,,,,,,,,,,,,,,,,,,,,
20210510,168,,,,050,九州営業所,791,雑費,,,Q5,,6000,545,,000,共通部門,322,未払金,,,00,,48858,0,有線,,,,,,,,,,,,,,,,,,,,,,,,,,,,,,,,,,,,,,,,,,,,,,,,,,,,,,
20210510,168,,,,050,九州営業所,791,雑費,,,Q5,,42858,3896,,,,,,,,,,,,警備料,,,,,,,,,,,,,,,,,,,,,,,,,,,,,,,,,,,,,,,,,,,,,,,,,,,,,,
20210511,33,,,,010,札幌営業所,747,地代家賃,,,Q5,,320000,29090,,000,共通部門,131,普通預金,10,DEF銀行 駅前,00,,320000,0,家賃支払い,,,,,,,,,,,,,,,,,,,,,,,,,,,,,,,,,,,,,,,,,,,,,,,,,,,,,,
20210511,33,,,,010,札幌営業所,727,通信費,,,Q5,,186152,16922,,000,共通部門,131,普通預金,10,DEF銀行 駅前,00,,186152,0,電話代,,,,,,,,,,,,,,,,,,,,,,,,,,,,,,,,,,,,,,,,,,,,,,,,,,,,,,
20210511,61,,,,020,東京支店,727,通信費,,,Q5,,184264,16751,,000,共通部門,131,普通預金,20,ABC銀行 本店,00,,184264,0,電話代,,,,,,,,,,,,,,,,,,,,,,,,,,,,,,,,,,,,,,,,,,,,,,,,,,,,,,
20210511,64,,,,000,共通部門,111,現金,,,00,,1000000,0,,000,共通部門,131,普通預金,20,ABC銀行 本店,00,,1000000,0,引き出し,,,,,,,,,,,,,,,,,,,,,,,,,,,,,,,,,,,,,,,,,,,,,,,,,,,,,,
20210511,66,,,,020,東京支店,747,地代家賃,,,Q5,,1260000,114545,,000,共通部門,131,普通預金,20,ABC銀行 本店,00,,1260000,0,家賃支払,,,,,,,,,,,,,,,,,,,,,,,,,,,,,,,,,,,,,,,,,,,,,,,,,,,,,,
20210511,67,,,,040,大阪支店,747,地代家賃,,,Q5,,840000,76363,,000,共通部門,131,普通預金,40,JKL銀行 梅田,00,,840000,0,家賃支払,,,,,,,,,,,,,,,,,,,,,,,,,,,,,,,,,,,,,,,,,,,,,,,,,,,,,,
20210511,73,,,,020,東京支店,733,交際接待費,,,Q5,,26530,2411,,000,共通部門,111,現金,,,00,,26530,0,食事代,,,,,,,,,,,,,,,,,,,,,,,,,,,,,,,,,,,,,,,,,,,,,,,,,,,,,,
20210511,85,,,,030,名古屋支店,727,通信費,,,Q5,,95247,8658,,000,共通部門,131,普通預金,30,GHI銀行 名古屋,00,,95247,0,電話代,,,,,,,,,,,,,,,,,,,,,,,,,,,,,,,,,,,,,,,,,,,,,,,,,,,,,,
20210511,112,,,,040,大阪支店,727,通信費,,,Q5,,196354,17850,,000,共通部門,131,普通預金,40,JKL銀行 梅田,00,,196354,0,電話代,,,,,,,,,,,,,,,,,,,,,,,,,,,,,,,,,,,,,,,,,,,,,,,,,,,,,,
20210511,129,,,,030,名古屋支店,747,地代家賃,,,Q5,,399000,36272,,000,共通部門,131,普通預金,30,GHI銀行 名古屋,00,,399000,0,家賃支払い,,,,,,,,,,,,,,,,,,,,,,,,,,,,,,,,,,,,,,,,,,,,,,,,,,,,,,
20210511,149,,,,030,名古屋支店,733,交際接待費,,,Q5,,1260,114,,000,共通部門,111,現金,,,00,,1260,0,コーヒー代2名,,,,,,,,,,,,,,,,,,,,,,,,,,,,,,,,,,,,,,,,,,,,,,,,,,,,,,
20210511,167,,,,050,九州営業所,747,地代家賃,,,Q5,,630000,57272,,000,共通部門,131,普通預金,50,MNO銀行 北九州,00,,630000,0,家賃支払い,,,,,,,,,,,,,,,,,,,,,,,,,,,,,,,,,,,,,,,,,,,,,,,,,,,,,,
20210511,167,,,,050,九州営業所,727,通信費,,,Q5,,153452,13950,,000,共通部門,131,普通預金,50,MNO銀行 北九州,00,,153452,0,電話代,,,,,,,,,,,,,,,,,,,,,,,,,,,,,,,,,,,,,,,,,,,,,,,,,,,,,,
20210512,23,,,,010,札幌営業所,726,旅費交通費,,,Q5,,15715,1428,,000,共通部門,111,現金,,,00,,121335,0,旅費,,,,,,,,,,,,,,,,,,,,,,,,,,,,,,,,,,,,,,,,,,,,,,,,,,,,,,
20210512,23,,,,010,札幌営業所,726,旅費交通費,,,Q5,,67715,6155,,,,,,,,,,,,旅費,,,,,,,,,,,,,,,,,,,,,,,,,,,,,,,,,,,,,,,,,,,,,,,,,,,,,,
20210512,23,,,,010,札幌営業所,726,旅費交通費,,,Q5,,37905,3445,,,,,,,,,,,,旅費,,,,,,,,,,,,,,,,,,,,,,,,,,,,,,,,,,,,,,,,,,,,,,,,,,,,,,
20210512,125,,,,040,大阪支店,738,租税公課,,,00,,40000,0,,000,共通部門,111,現金,,,00,,40000,0,収入印紙,,,,,,,,,,,,,,,,,,,,,,,,,,,,,,,,,,,,,,,,,,,,,,,,,,,,,,
20210512,143,,,,040,大阪支店,740,車両費,,,Q5,,24420,2220,,000,共通部門,111,現金,,,00,,24420,0,点検作業料,,,,,,,,,,,,,,,,,,,,,,,,,,,,,,,,,,,,,,,,,,,,,,,,,,,,,,
20210512,151,,,,040,大阪支店,733,交際接待費,,,Q5,,8991,817,,000,共通部門,111,現金,,,00,,29991,0,飲食代 架空店舗057 2名,,,,,,,,,,,,,,,,,,,,,,,,,,,,,,,,,,,,,,,,,,,,,,,,,,,,,,
20210512,151,,,,040,大阪支店,733,交際接待費,,,Q5,,21000,1909,,,,,,,,,,,,飲食代 架空店舗022,,,,,,,,,,,,,,,,,,,,,,,,,,,,,,,,,,,,,,,,,,,,,,,,,,,,,,
20210513,82,,,,030,名古屋支店,726,旅費交通費,,,Q5,,8200,745,,000,共通部門,111,現金,,,00,,8200,0,旅費,,,,,,,,,,,,,,,,,,,,,,,,,,,,,,,,,,,,,,,,,,,,,,,,,,,,,,
20210513,103,,,,040,大阪支店,733,交際接待費,,,Q5,,3150,286,,000,共通部門,111,現金,,,00,,3150,0,コーヒー代他3名,,,,,,,,,,,,,,,,,,,,,,,,,,,,,,,,,,,,,,,,,,,,,,,,,,,,,,
20210513,144,,,,040,大阪支店,740,車両費,,,Q5,,6720,610,,000,共通部門,111,現金,,,00,,6720,0,ガソリン代,,,,,,,,,,,,,,,,,,,,,,,,,,,,,,,,,,,,,,,,,,,,,,,,,,,,,,
20210514,156,,,,050,九州営業所,726,旅費交通費,,,Q5,,10000,909,,000,共通部門,111,現金,,,00,,10000,0,出張旅費,,,,,,,,,,,,,,,,,,,,,,,,,,,,,,,,,,,,,,,,,,,,,,,,,,,,,,
20210515,9,,,,010,札幌営業所,733,交際接待費,,,Q5,,6000,545,,000,共通部門,111,現金,,,00,,34572,0,手土産代 青凪商事株式会社,,,,,,,,,,,,,,,,,,,,,,,,,,,,,,,,,,,,,,,,,,,,,,,,,,,,,,
20210515,9,,,,010,札幌営業所,733,交際接待費,,,Q5,,28572,2597,,,,,,,,,,,,お米券 青凪商事株式会社,,,,,,,,,,,,,,,,,,,,,,,,,,,,,,,,,,,,,,,,,,,,,,,,,,,,,,
20210515,11,,,,010,札幌営業所,740,車両費,,,Q5,,3210,291,,000,共通部門,111,現金,,,00,,3210,0,ガソリン代,,,,,,,,,,,,,,,,,,,,,,,,,,,,,,,,,,,,,,,,,,,,,,,,,,,,,,
20210515,52,,,,020,東京支店,740,車両費,,,Q5,,762,69,,000,共通部門,111,現金,,,00,,9079,0,駐車代,,,,,,,,,,,,,,,,,,,,,,,,,,,,,,,,,,,,,,,,,,,,,,,,,,,,,,
20210515,52,,,,020,東京支店,740,車両費,,,Q5,,2191,199,,,,,,,,,,,,高速代,,,,,,,,,,,,,,,,,,,,,,,,,,,,,,,,,,,,,,,,,,,,,,,,,,,,,,
20210515,52,,,,020,東京支店,740,車両費,,,Q5,,6126,556,,,,,,,,,,,,ガソリン代,,,,,,,,,,,,,,,,,,,,,,,,,,,,,,,,,,,,,,,,,,,,,,,,,,,,,,
20210515,61,,,,010,札幌営業所,732,広告宣伝費,,,Q5,,31500,2863,,000,共通部門,322,未払金,,,00,,31500,0,広告費,,,,,,,,,,,,,,,,,,,,,,,,,,,,,,,,,,,,,,,,,,,,,,,,,,,,,,
20210515,72,,,,020,東京支店,733,交際接待費,,,Q5,,32400,2945,,000,共通部門,111,現金,,,00,,32400,0,ゴルフプレー代3名,,,,,,,,,,,,,,,,,,,,,,,,,,,,,,,,,,,,,,,,,,,,,,,,,,,,,,
20210515,79,,,,020,東京支店,724,福利厚生費,,,Q5,,45477,4134,,000,共通部門,111,現金,,,00,,45477,0,景品代,,,,,,,,,,,,,,,,,,,,,,,,,,,,,,,,,,,,,,,,,,,,,,,,,,,,,,
20210515,85,,,,020,東京支店,721,雑給,,,00,,231672,0,,000,共通部門,111,現金,,,00,,224883,0,5月給与その他 0060 パート･アルバイト,,,,,,,,,,,,,,,,,,,,,,,,,,,,,,,,,,,,,,,,,,,,,,,,,,,,,,
20210515,85,,,,,,,,,,,,,,,000,共通部門,326,預り金,9,その他,00,,6789,0,5月給与その他 0060 パート･アルバイト,,,,,,,,,,,,,,,,,,,,,,,,,,,,,,,,,,,,,,,,,,,,,,,,,,,,,,
20210515,88,,,,000,共通部門,131,普通預金,40,JKL銀行 梅田,00,,1135771,0,,000,共通部門,152,売掛金,20,清和商事株式会社,00,,1135771,0,5月15日伝票No217清和商事株式会社,,,,,,,,,,,,,,,,,,,,,,,,,,,,,,,,,,,,,,,,,,,,,,,,,,,,,,
20210515,88,,,,040,大阪支店,741,支払手数料,,,Q5,,315,28,,000,共通部門,152,売掛金,20,清和商事株式会社,00,,315,0,5月15日伝票No217清和商事株式会社,,,,,,,,,,,,,,,,,,,,,,,,,,,,,,,,,,,,,,,,,,,,,,,,,,,,,,
20210515,98,,,,000,共通部門,131,普通預金,50,MNO銀行 北九州,00,,1475392,0,,000,共通部門,152,売掛金,1,株式会社若葉百貨店,00,,1475392,0,5月15日伝票No212株式会社若葉百貨店,,,,,,,,,,,,,,,,,,,,,,,,,,,,,,,,,,,,,,,,,,,,,,,,,,,,,,
20210515,98,,,,050,九州営業所,741,支払手数料,,,Q5,,840,76,,000,共通部門,152,売掛金,1,株式会社若葉百貨店,00,,840,0,5月15日伝票No212株式会社若葉百貨店,,,,,,,,,,,,,,,,,,,,,,,,,,,,,,,,,,,,,,,,,,,,,,,,,,,,,,
20210515,99,,,,000,共通部門,131,普通預金,30,GHI銀行 名古屋,00,,1019568,0,,000,共通部門,152,売掛金,6,株式会社瑞穂流通,00,,1019568,0,5月15日伝票No213株式会社瑞穂流通,,,,,,,,,,,,,,,,,,,,,,,,,,,,,,,,,,,,,,,,,,,,,,,,,,,,,,
20210515,99,,,,030,名古屋支店,741,支払手数料,,,Q5,,840,76,,000,共通部門,152,売掛金,6,株式会社瑞穂流通,00,,840,0,5月15日伝票No213株式会社瑞穂流通,,,,,,,,,,,,,,,,,,,,,,,,,,,,,,,,,,,,,,,,,,,,,,,,,,,,,,
20210515,100,,,,000,共通部門,131,普通預金,40,JKL銀行 梅田,00,,942072,0,,000,共通部門,152,売掛金,8,株式会社高原マーケット,00,,942072,0,5月15日伝票No214株式会社高原マーケット,,,,,,,,,,,,,,,,,,,,,,,,,,,,,,,,,,,,,,,,,,,,,,,,,,,,,,
20210515,100,,,,040,大阪支店,741,支払手数料,,,Q5,,840,76,,000,共通部門,152,売掛金,8,株式会社高原マーケット,00,,840,0,5月15日伝票No214株式会社高原マーケット,,,,,,,,,,,,,,,,,,,,,,,,,,,,,,,,,,,,,,,,,,,,,,,,,,,,,,
20210515,101,,,,000,共通部門,131,普通預金,40,JKL銀行 梅田,00,,1201688,0,,000,共通部門,152,売掛金,9,朝凪物産株式会社,00,,1201688,0,5月15日伝票No215朝凪物産株式会社,,,,,,,,,,,,,,,,,,,,,,,,,,,,,,,,,,,,,,,,,,,,,,,,,,,,,,
20210515,101,,,,040,大阪支店,741,支払手数料,,,Q5,,840,76,,000,共通部門,152,売掛金,9,朝凪物産株式会社,00,,840,0,5月15日伝票No215朝凪物産株式会社,,,,,,,,,,,,,,,,,,,,,,,,,,,,,,,,,,,,,,,,,,,,,,,,,,,,,,
20210515,102,,,,000,共通部門,131,普通預金,20,ABC銀行 本店,00,,1600892,0,,000,共通部門,152,売掛金,13,星川商事株式会社,00,,1600892,0,5月15日伝票No216星川商事株式会社,,,,,,,,,,,,,,,,,,,,,,,,,,,,,,,,,,,,,,,,,,,,,,,,,,,,,,
20210515,103,,,,000,共通部門,312,買掛金,1,株式会社北辰商事,00,,4297106,0,,000,共通部門,131,普通預金,20,ABC銀行 本店,00,,4297106,0,5月15日伝票No140株式会社北辰商事,,,,,,,,,,,,,,,,,,,,,,,,,,,,,,,,,,,,,,,,,,,,,,,,,,,,,,
20210515,117,,,,040,大阪支店,742,諸会費,,,00,,20000,0,,000,共通部門,111,現金,,,00,,20000,0,会費,,,,,,,,,,,,,,,,,,,,,,,,,,,,,,,,,,,,,,,,,,,,,,,,,,,,,,
20210515,130,,,,040,大阪支店,742,諸会費,,,00,,24000,0,,000,共通部門,131,普通預金,40,JKL銀行 梅田,00,,24000,0,会費,,,,,,,,,,,,,,,,,,,,,,,,,,,,,,,,,,,,,,,,,,,,,,,,,,,,,,
20210515,157,,,,050,九州営業所,726,旅費交通費,,,Q5,,75905,6900,,000,共通部門,131,普通預金,50,MNO銀行 北九州,00,,90105,0,航空券代,,,,,,,,,,,,,,,,,,,,,,,,,,,,,,,,,,,,,,,,,,,,,,,,,,,,,,
20210515,157,,,,050,九州営業所,726,旅費交通費,,,Q5,,14200,1290,,,,,,,,,,,,宿泊代,,,,,,,,,,,,,,,,,,,,,,,,,,,,,,,,,,,,,,,,,,,,,,,,,,,,,,
20210516,44,,,,020,東京支店,733,交際接待費,,,Q5,,5890,535,,000,共通部門,111,現金,,,00,,5890,0,食事代 架空店舗042,,,,,,,,,,,,,,,,,,,,,,,,,,,,,,,,,,,,,,,,,,,,,,,,,,,,,,
20210516,136,,,,040,大阪支店,791,雑費,,,Q5,,16500,1500,,000,共通部門,111,現金,,,00,,16500,0,架空清掃会社A代,,,,,,,,,,,,,,,,,,,,,,,,,,,,,,,,,,,,,,,,,,,,,,,,,,,,,,
20210517,94,,,,030,名古屋支店,791,雑費,,,Q5,,10500,954,,000,共通部門,322,未払金,,,00,,10500,0,印刷代,,,,,,,,,,,,,,,,,,,,,,,,,,,,,,,,,,,,,,,,,,,,,,,,,,,,,,
20210518,47,,,,020,東京支店,740,車両費,,,Q5,,2420,220,,000,共通部門,111,現金,,,00,,7182,0,高速代,,,,,,,,,,,,,,,,,,,,,,,,,,,,,,,,,,,,,,,,,,,,,,,,,,,,,,
20210518,47,,,,020,東京支店,740,車両費,,,Q5,,4762,432,,,,,,,,,,,,ガソリン代,,,,,,,,,,,,,,,,,,,,,,,,,,,,,,,,,,,,,,,,,,,,,,,,,,,,,,
20210518,105,,,,040,大阪支店,733,交際接待費,,,Q5,,16510,1500,,000,共通部門,111,現金,,,00,,16510,0,飲食代 架空店舗074,,,,,,,,,,,,,,,,,,,,,,,,,,,,,,,,,,,,,,,,,,,,,,,,,,,,,,
20210518,109,,,,040,大阪支店,740,車両費,,,Q5,,6570,597,,000,共通部門,322,未払金,,,00,,6570,0,ガソリン代,,,,,,,,,,,,,,,,,,,,,,,,,,,,,,,,,,,,,,,,,,,,,,,,,,,,,,
20210518,153,,,,030,名古屋支店,733,交際接待費,,,Q5,,12650,1150,,000,共通部門,111,現金,,,00,,12650,0,飲食代 架空店舗073,,,,,,,,,,,,,,,,,,,,,,,,,,,,,,,,,,,,,,,,,,,,,,,,,,,,,,
20210519,6,,,,010,札幌営業所,732,広告宣伝費,,,Q5,,43200,3927,,000,共通部門,111,現金,,,00,,43200,0,広告料,,,,,,,,,,,,,,,,,,,,,,,,,,,,,,,,,,,,,,,,,,,,,,,,,,,,,,
20210520,1,,,,000,共通部門,724,福利厚生費,,,Q6,,21600,1600,,000,共通部門,111,現金,,,00,,21600,0,残業夜食　軽減税率,,,,,,,,,,,,,,,,,,,,,,,,,,,,,,,,,,,,,,,,,,,,,,,,,,,,,,
20210520,13,,,,010,札幌営業所,740,車両費,,,Q5,,8030,730,,000,共通部門,111,現金,,,00,,8030,0,ガソリン代,,,,,,,,,,,,,,,,,,,,,,,,,,,,,,,,,,,,,,,,,,,,,,,,,,,,,,
20210520,24,,,,010,札幌営業所,726,旅費交通費,,,Q5,,82620,7510,,000,共通部門,111,現金,,,00,,82620,0,架空鉄道会社A回数券,,,,,,,,,,,,,,,,,,,,,,,,,,,,,,,,,,,,,,,,,,,,,,,,,,,,,,
20210520,31,,,,010,札幌営業所,754,事務用消耗品費,,,Q5,,3457,314,,000,共通部門,322,未払金,,,00,,3457,0,コピー代,,,,,,,,,,,,,,,,,,,,,,,,,,,,,,,,,,,,,,,,,,,,,,,,,,,,,,
20210520,53,,,,020,東京支店,740,車両費,,,Q5,,1350,122,,000,共通部門,111,現金,,,00,,1350,0,高速代,,,,,,,,,,,,,,,,,,,,,,,,,,,,,,,,,,,,,,,,,,,,,,,,,,,,,,
20210520,70,,,,030,名古屋支店,791,雑費,,,Q5,,5000,454,,000,共通部門,322,未払金,,,00,,5000,0,有線,,,,,,,,,,,,,,,,,,,,,,,,,,,,,,,,,,,,,,,,,,,,,,,,,,,,,,
20210520,71,,,,020,東京支店,754,事務用消耗品費,,,Q5,,5050,459,,000,共通部門,322,未払金,,,00,,39324,0,事務用品,,,,,,,,,,,,,,,,,,,,,,,,,,,,,,,,,,,,,,,,,,,,,,,,,,,,,,
20210520,71,,,,020,東京支店,754,事務用消耗品費,,,Q5,,34274,3115,,,,,,,,,,,,カウンター料金,,,,,,,,,,,,,,,,,,,,,,,,,,,,,,,,,,,,,,,,,,,,,,,,,,,,,,
20210520,71,,,,050,九州営業所,754,事務用消耗品費,,,Q5,,6300,572,,000,共通部門,322,未払金,,,00,,6300,0,カウンター料金,,,,,,,,,,,,,,,,,,,,,,,,,,,,,,,,,,,,,,,,,,,,,,,,,,,,,,
20210520,76,,,,000,共通部門,737,消耗品費,,,Q5,,29762,2705,,000,共通部門,322,未払金,,,00,,270192,0,ファイル等,,,,,,,,,,,,,,,,,,,,,,,,,,,,,,,,,,,,,,,,,,,,,,,,,,,,,,
20210520,76,,,,000,共通部門,737,消耗品費,,,Q5,,190620,17329,,,,,,,,,,,,飲料水,,,,,,,,,,,,,,,,,,,,,,,,,,,,,,,,,,,,,,,,,,,,,,,,,,,,,,
20210520,76,,,,000,共通部門,737,消耗品費,,,Q5,,49810,4528,,,,,,,,,,,,名刺代,,,,,,,,,,,,,,,,,,,,,,,,,,,,,,,,,,,,,,,,,,,,,,,,,,,,,,
20210520,82,,,,030,名古屋支店,740,車両費,,,Q5,,18861,1714,,000,共通部門,322,未払金,,,00,,19230,0,ガソリン代,,,,,,,,,,,,,,,,,,,,,,,,,,,,,,,,,,,,,,,,,,,,,,,,,,,,,,
20210520,82,,,,030,名古屋支店,740,車両費,,,Q5,,369,33,,,,,,,,,,,,ウォッシャー液,,,,,,,,,,,,,,,,,,,,,,,,,,,,,,,,,,,,,,,,,,,,,,,,,,,,,,
20210520,83,,,,030,名古屋支店,726,旅費交通費,,,Q5,,6600,600,,000,共通部門,111,現金,,,00,,6600,0,旅費,,,,,,,,,,,,,,,,,,,,,,,,,,,,,,,,,,,,,,,,,,,,,,,,,,,,,,
20210520,97,,,,030,名古屋支店,754,事務用消耗品費,,,Q5,,40127,3647,,000,共通部門,322,未払金,,,00,,40127,0,コピー代,,,,,,,,,,,,,,,,,,,,,,,,,,,,,,,,,,,,,,,,,,,,,,,,,,,,,,
20210520,98,,,,030,名古屋支店,754,事務用消耗品費,,,Q5,,38580,3507,,000,共通部門,322,未払金,,,00,,38580,0,事務用品,,,,,,,,,,,,,,,,,,,,,,,,,,,,,,,,,,,,,,,,,,,,,,,,,,,,,,
20210520,101,,,,040,大阪支店,732,広告宣伝費,,,Q5,,52500,4772,,000,共通部門,322,未払金,,,00,,52500,0,広告料,,,,,,,,,,,,,,,,,,,,,,,,,,,,,,,,,,,,,,,,,,,,,,,,,,,,,,
20210520,104,,,,000,共通部門,111,現金,,,00,,620476,0,,000,共通部門,152,売掛金,11,株式会社楓屋,00,,620476,0,5月20日伝票No218株式会社楓屋,,,,,,,,,,,,,,,,,,,,,,,,,,,,,,,,,,,,,,,,,,,,,,,,,,,,,,
20210520,105,,,,000,共通部門,131,普通預金,30,GHI銀行 名古屋,00,,845127,0,,000,共通部門,152,売掛金,21,合同会社つばさ商店,00,,845127,0,5月20日伝票No219合同会社つばさ商店,,,,,,,,,,,,,,,,,,,,,,,,,,,,,,,,,,,,,,,,,,,,,,,,,,,,,,
20210520,105,,,,030,名古屋支店,741,支払手数料,,,Q5,,630,57,,000,共通部門,152,売掛金,21,合同会社つばさ商店,00,,630,0,5月20日伝票No219合同会社つばさ商店,,,,,,,,,,,,,,,,,,,,,,,,,,,,,,,,,,,,,,,,,,,,,,,,,,,,,,
20210520,106,,,,000,共通部門,131,普通預金,20,ABC銀行 本店,00,,1104117,0,,000,共通部門,152,売掛金,30,株式会社彩雲トレーディング,00,,1104117,0,5月20日伝票No220株式会社彩雲トレーディング,,,,,,,,,,,,,,,,,,,,,,,,,,,,,,,,,,,,,,,,,,,,,,,,,,,,,,
20210520,106,,,,020,東京支店,741,支払手数料,,,Q5,,735,66,,000,共通部門,152,売掛金,30,株式会社彩雲トレーディング,00,,735,0,5月20日伝票No220株式会社彩雲トレーディング,,,,,,,,,,,,,,,,,,,,,,,,,,,,,,,,,,,,,,,,,,,,,,,,,,,,,,
20210520,107,,,,000,共通部門,312,買掛金,4,株式会社和泉流通,00,,905555,0,,000,共通部門,131,普通預金,20,ABC銀行 本店,00,,905555,0,5月20日伝票No141株式会社和泉流通,,,,,,,,,,,,,,,,,,,,,,,,,,,,,,,,,,,,,,,,,,,,,,,,,,,,,,
20210520,108,,,,000,共通部門,312,買掛金,6,株式会社日向産業,00,,5204428,0,,000,共通部門,131,普通預金,20,ABC銀行 本店,00,,5204428,0,5月20日伝票No144株式会社日向産業,,,,,,,,,,,,,,,,,,,,,,,,,,,,,,,,,,,,,,,,,,,,,,,,,,,,,,
20210520,109,,,,000,共通部門,312,買掛金,11,株式会社花園商会,00,,4109548,0,,000,共通部門,131,普通預金,20,ABC銀行 本店,00,,4109548,0,5月20日伝票No145株式会社花園商会,,,,,,,,,,,,,,,,,,,,,,,,,,,,,,,,,,,,,,,,,,,,,,,,,,,,,,
20210520,118,,,,040,大阪支店,754,事務用消耗品費,,,Q5,,8065,733,,000,共通部門,322,未払金,,,00,,8065,0,コピー代,,,,,,,,,,,,,,,,,,,,,,,,,,,,,,,,,,,,,,,,,,,,,,,,,,,,,,
20210520,119,,,,040,大阪支店,754,事務用消耗品費,,,Q5,,4132,375,,000,共通部門,322,未払金,,,00,,4132,0,事務用品,,,,,,,,,,,,,,,,,,,,,,,,,,,,,,,,,,,,,,,,,,,,,,,,,,,,,,
20210520,144,,,,000,共通部門,121,当座預金,1,ABC銀行,00,,11349497,0,,000,共通部門,150,受取手形,,,00,,11435166,0,手形割引 株式会社緑野百貨店 | 手形番号=R20210430-283-12,,,,,,,,,,,,,,,,,,,,,,,,,,,,,,,,,,,,,,,,,,,,,,,,,,,,,,
20210520,144,,,,020,東京支店,821,支払利息,,,P0,,85669,0,,,,,,,,,,,,手形割引料 | 手形番号=R20210430-283-12,,,,,,,,,,,,,,,,,,,,,,,,,,,,,,,,,,,,,,,,,,,,,,,,,,,,,,
20210520,145,,,,000,共通部門,131,普通預金,20,ABC銀行 本店,00,,15000000,0,,000,共通部門,121,当座預金,1,ABC銀行,00,,15000000,0,資金移動,,,,,,,,,,,,,,,,,,,,,,,,,,,,,,,,,,,,,,,,,,,,,,,,,,,,,,
20210521,25,,,,010,札幌営業所,726,旅費交通費,,,Q5,,56000,5090,,000,共通部門,111,現金,,,00,,56000,0,旅費,,,,,,,,,,,,,,,,,,,,,,,,,,,,,,,,,,,,,,,,,,,,,,,,,,,,,,
20210521,34,,,,010,札幌営業所,736,水道光熱費,,,Q5,,92672,8424,,000,共通部門,131,普通預金,10,DEF銀行 駅前,00,,98585,0,電気代,,,,,,,,,,,,,,,,,,,,,,,,,,,,,,,,,,,,,,,,,,,,,,,,,,,,,,
20210521,34,,,,010,札幌営業所,736,水道光熱費,,,Q5,,5913,537,,,,,,,,,,,,水道代,,,,,,,,,,,,,,,,,,,,,,,,,,,,,,,,,,,,,,,,,,,,,,,,,,,,,,
20210521,59,,,,020,東京支店,726,旅費交通費,,,Q5,,40000,3636,,000,共通部門,111,現金,,,00,,40000,0,旅費,,,,,,,,,,,,,,,,,,,,,,,,,,,,,,,,,,,,,,,,,,,,,,,,,,,,,,
20210521,64,,,,020,東京支店,736,水道光熱費,,,Q5,,163192,14835,,000,共通部門,131,普通預金,20,ABC銀行 本店,00,,171341,0,電気料,,,,,,,,,,,,,,,,,,,,,,,,,,,,,,,,,,,,,,,,,,,,,,,,,,,,,,
20210521,64,,,,020,東京支店,736,水道光熱費,,,Q5,,8149,740,,,,,,,,,,,,水道料,,,,,,,,,,,,,,,,,,,,,,,,,,,,,,,,,,,,,,,,,,,,,,,,,,,,,,
20210521,89,,,,030,名古屋支店,736,水道光熱費,,,Q5,,84438,7676,,000,共通部門,131,普通預金,30,GHI銀行 名古屋,00,,95424,0,電気料,,,,,,,,,,,,,,,,,,,,,,,,,,,,,,,,,,,,,,,,,,,,,,,,,,,,,,
20210521,89,,,,030,名古屋支店,736,水道光熱費,,,Q5,,5680,516,,,,,,,,,,,,水道料,,,,,,,,,,,,,,,,,,,,,,,,,,,,,,,,,,,,,,,,,,,,,,,,,,,,,,
20210521,89,,,,030,名古屋支店,736,水道光熱費,,,Q5,,5306,482,,,,,,,,,,,,ガス代,,,,,,,,,,,,,,,,,,,,,,,,,,,,,,,,,,,,,,,,,,,,,,,,,,,,,,
20210521,132,,,,040,大阪支店,736,水道光熱費,,,Q5,,156512,14228,,000,共通部門,131,普通預金,40,JKL銀行 梅田,00,,164252,0,電気代,,,,,,,,,,,,,,,,,,,,,,,,,,,,,,,,,,,,,,,,,,,,,,,,,,,,,,
20210521,132,,,,040,大阪支店,736,水道光熱費,,,Q5,,7740,703,,,,,,,,,,,,水道代,,,,,,,,,,,,,,,,,,,,,,,,,,,,,,,,,,,,,,,,,,,,,,,,,,,,,,
20210521,152,,,,050,九州営業所,733,交際接待費,,,Q5,,16800,1527,,000,共通部門,111,現金,,,00,,16800,0,食事代,,,,,,,,,,,,,,,,,,,,,,,,,,,,,,,,,,,,,,,,,,,,,,,,,,,,,,
20210521,160,,,,020,東京支店,726,旅費交通費,,,Q5,,70000,6363,,000,共通部門,111,現金,,,00,,70000,0,出張旅費,,,,,,,,,,,,,,,,,,,,,,,,,,,,,,,,,,,,,,,,,,,,,,,,,,,,,,
20210521,163,,,,050,九州営業所,742,諸会費,,,00,,18000,0,,000,共通部門,111,現金,,,00,,18000,0,会費,,,,,,,,,,,,,,,,,,,,,,,,,,,,,,,,,,,,,,,,,,,,,,,,,,,,,,
20210521,169,,,,050,九州営業所,736,水道光熱費,,,Q5,,109906,9991,,000,共通部門,131,普通預金,50,MNO銀行 北九州,00,,116172,0,電気料,,,,,,,,,,,,,,,,,,,,,,,,,,,,,,,,,,,,,,,,,,,,,,,,,,,,,,
20210521,169,,,,050,九州営業所,736,水道光熱費,,,Q5,,6266,569,,,,,,,,,,,,水道料,,,,,,,,,,,,,,,,,,,,,,,,,,,,,,,,,,,,,,,,,,,,,,,,,,,,,,
20210522,7,,,,010,札幌営業所,733,交際接待費,,,Q5,,5239,476,,000,共通部門,111,現金,,,00,,7335,0,食事代　打合せ昼食　2名,,,,,,,,,,,,,,,,,,,,,,,,,,,,,,,,,,,,,,,,,,,,,,,,,,,,,,
20210522,7,,,,010,札幌営業所,733,交際接待費,,,Q5,,2096,190,,,,,,,,,,,,食事代　喫茶コーヒー代　4名,,,,,,,,,,,,,,,,,,,,,,,,,,,,,,,,,,,,,,,,,,,,,,,,,,,,,,
20210522,38,,,,020,東京支店,724,福利厚生費,,,Q5,,53000,4818,,000,共通部門,322,未払金,,,00,,53000,0,宿泊費,,,,,,,,,,,,,,,,,,,,,,,,,,,,,,,,,,,,,,,,,,,,,,,,,,,,,,
20210522,73,,,,020,東京支店,733,交際接待費,,,Q5,,9600,872,,000,共通部門,111,現金,,,00,,9600,0,ゴルフプレー代,,,,,,,,,,,,,,,,,,,,,,,,,,,,,,,,,,,,,,,,,,,,,,,,,,,,,,
20210522,74,,,,030,名古屋支店,733,交際接待費,,,Q5,,5820,529,,000,共通部門,111,現金,,,00,,5820,0,食事代 架空店舗008 2名,,,,,,,,,,,,,,,,,,,,,,,,,,,,,,,,,,,,,,,,,,,,,,,,,,,,,,
20210522,90,,,,030,名古屋支店,791,雑費,,,Q5,,10500,954,,000,共通部門,111,現金,,,00,,10500,0,架空清掃会社A代,,,,,,,,,,,,,,,,,,,,,,,,,,,,,,,,,,,,,,,,,,,,,,,,,,,,,,
20210522,95,,,,030,名古屋支店,791,雑費,,,Q5,,71675,6515,,000,共通部門,322,未払金,,,00,,71675,0,清掃料,,,,,,,,,,,,,,,,,,,,,,,,,,,,,,,,,,,,,,,,,,,,,,,,,,,,,,
20210522,104,,,,040,大阪支店,733,交際接待費,,,Q5,,2650,240,,000,共通部門,111,現金,,,00,,2650,0,手土産代 架空店舗058,,,,,,,,,,,,,,,,,,,,,,,,,,,,,,,,,,,,,,,,,,,,,,,,,,,,,,
20210522,138,,,,040,大阪支店,740,車両費,,,Q5,,5650,513,,000,共通部門,111,現金,,,00,,10546,0,ガソリン代,,,,,,,,,,,,,,,,,,,,,,,,,,,,,,,,,,,,,,,,,,,,,,,,,,,,,,
20210522,138,,,,040,大阪支店,740,車両費,,,Q5,,4896,445,,,,,,,,,,,,高速代,,,,,,,,,,,,,,,,,,,,,,,,,,,,,,,,,,,,,,,,,,,,,,,,,,,,,,
20210522,165,,,,050,九州営業所,791,雑費,,,Q5,,2100,190,,000,共通部門,111,現金,,,00,,2100,0,トイレットペーパー代,,,,,,,,,,,,,,,,,,,,,,,,,,,,,,,,,,,,,,,,,,,,,,,,,,,,,,
20210522,166,,,,050,九州営業所,791,雑費,,,Q5,,1890,171,,000,共通部門,111,現金,,,00,,1890,0,架空清掃会社A代,,,,,,,,,,,,,,,,,,,,,,,,,,,,,,,,,,,,,,,,,,,,,,,,,,,,,,
20210523,26,,,,010,札幌営業所,726,旅費交通費,,,Q5,,11000,1000,,000,共通部門,111,現金,,,00,,11000,0,旅費,,,,,,,,,,,,,,,,,,,,,,,,,,,,,,,,,,,,,,,,,,,,,,,,,,,,,,
20210523,28,,,,010,札幌営業所,726,旅費交通費,,,Q5,,2420,220,,000,共通部門,322,未払金,,,00,,2420,0,タクシー代,,,,,,,,,,,,,,,,,,,,,,,,,,,,,,,,,,,,,,,,,,,,,,,,,,,,,,
20210523,75,,,,020,東京支店,733,交際接待費,,,Q5,,20515,1865,,000,共通部門,111,現金,,,00,,65096,0,飲食代 架空店舗028 6名,,,,,,,,,,,,,,,,,,,,,,,,,,,,,,,,,,,,,,,,,,,,,,,,,,,,,,
20210523,75,,,,020,東京支店,733,交際接待費,,,Q5,,44581,4052,,,,,,,,,,,,架空飲食店A6名,,,,,,,,,,,,,,,,,,,,,,,,,,,,,,,,,,,,,,,,,,,,,,,,,,,,,,
20210523,78,,,,040,大阪支店,740,車両費,,,Q5,,6420,583,,000,共通部門,111,現金,,,00,,6420,0,ガソリン代,,,,,,,,,,,,,,,,,,,,,,,,,,,,,,,,,,,,,,,,,,,,,,,,,,,,,,
20210523,121,,,,040,大阪支店,724,福利厚生費,,,Q5,,12000,1090,,000,共通部門,111,現金,,,00,,12000,0,お茶代,,,,,,,,,,,,,,,,,,,,,,,,,,,,,,,,,,,,,,,,,,,,,,,,,,,,,,
20210523,140,,,,040,大阪支店,726,旅費交通費,,,Q5,,3290,299,,000,共通部門,111,現金,,,00,,3290,0,旅費,,,,,,,,,,,,,,,,,,,,,,,,,,,,,,,,,,,,,,,,,,,,,,,,,,,,,,
20210523,161,,,,050,九州営業所,726,旅費交通費,,,Q5,,18050,1640,,000,共通部門,111,現金,,,00,,18050,0,旅費,,,,,,,,,,,,,,,,,,,,,,,,,,,,,,,,,,,,,,,,,,,,,,,,,,,,,,
20210524,37,,,,020,東京支店,728,販売手数料,,,Q5,,1192500,108409,,000,共通部門,322,未払金,,,00,,1192500,0,業務委託費,,,,,,,,,,,,,,,,,,,,,,,,,,,,,,,,,,,,,,,,,,,,,,,,,,,,,,
20210524,108,,,,040,大阪支店,733,交際接待費,,,Q5,,23540,2140,,000,共通部門,111,現金,,,00,,23540,0,ゴルフプレー代2名,,,,,,,,,,,,,,,,,,,,,,,,,,,,,,,,,,,,,,,,,,,,,,,,,,,,,,
20210524,120,,,,040,大阪支店,728,販売手数料,,,Q5,,420000,38181,,000,共通部門,322,未払金,,,00,,420000,0,業務委託費,,,,,,,,,,,,,,,,,,,,,,,,,,,,,,,,,,,,,,,,,,,,,,,,,,,,,,
20210525,3,,,,010,札幌営業所,724,福利厚生費,,,Q5,,38000,3454,,000,共通部門,322,未払金,,,00,,38000,0,宿泊代,,,,,,,,,,,,,,,,,,,,,,,,,,,,,,,,,,,,,,,,,,,,,,,,,,,,,,
20210525,8,,,,010,札幌営業所,733,交際接待費,,,Q5,,4250,386,,000,共通部門,111,現金,,,00,,4250,0,飲食代,,,,,,,,,,,,,,,,,,,,,,,,,,,,,,,,,,,,,,,,,,,,,,,,,,,,,,
20210525,29,,,,010,札幌営業所,727,通信費,,,Q5,,64842,5894,,000,共通部門,131,普通預金,10,DEF銀行 駅前,00,,64842,0,携帯電話代,,,,,,,,,,,,,,,,,,,,,,,,,,,,,,,,,,,,,,,,,,,,,,,,,,,,,,
20210525,84,,,,030,名古屋支店,726,旅費交通費,,,Q5,,10800,981,,000,共通部門,111,現金,,,00,,10800,0,旅費,,,,,,,,,,,,,,,,,,,,,,,,,,,,,,,,,,,,,,,,,,,,,,,,,,,,,,
20210525,86,,,,020,東京支店,727,通信費,,,Q5,,8000,727,,000,共通部門,111,現金,,,00,,8000,0,切手代,,,,,,,,,,,,,,,,,,,,,,,,,,,,,,,,,,,,,,,,,,,,,,,,,,,,,,
20210525,86,,,,020,東京支店,711,役員報酬,,,00,,1720000,0,,000,共通部門,131,普通預金,20,ABC銀行 本店,00,,1131093,0,5月給与その他 0001 役員,,,,,,,,,,,,,,,,,,,,,,,,,,,,,,,,,,,,,,,,,,,,,,,,,,,,,,
20210525,86,,,,,,,,,,,,,,,000,共通部門,326,預り金,1,保険料,00,,111192,0,5月給与その他 0001 役員,,,,,,,,,,,,,,,,,,,,,,,,,,,,,,,,,,,,,,,,,,,,,,,,,,,,,,
20210525,86,,,,,,,,,,,,,,,000,共通部門,326,預り金,2,住民税,00,,171200,0,5月給与その他 0001 役員,,,,,,,,,,,,,,,,,,,,,,,,,,,,,,,,,,,,,,,,,,,,,,,,,,,,,,
20210525,86,,,,,,,,,,,,,,,000,共通部門,326,預り金,3,源泉税,00,,166823,0,5月給与その他 0001 役員,,,,,,,,,,,,,,,,,,,,,,,,,,,,,,,,,,,,,,,,,,,,,,,,,,,,,,
20210525,86,,,,,,,,,,,,,,,000,共通部門,326,預り金,4,貯蓄・保険,00,,133972,0,5月給与その他 0001 役員,,,,,,,,,,,,,,,,,,,,,,,,,,,,,,,,,,,,,,,,,,,,,,,,,,,,,,
20210525,86,,,,,,,,,,,,,,,000,共通部門,326,預り金,9,その他,00,,5720,0,5月給与その他 0001 役員,,,,,,,,,,,,,,,,,,,,,,,,,,,,,,,,,,,,,,,,,,,,,,,,,,,,,,
20210525,86,,,,020,東京支店,712,給与手当,,,00,,1993705,0,,000,共通部門,131,普通預金,20,ABC銀行 本店,00,,1530273,0,5月給与その他 0020 営業部,,,,,,,,,,,,,,,,,,,,,,,,,,,,,,,,,,,,,,,,,,,,,,,,,,,,,,
20210525,86,,,,,,,,,,,,,,,000,共通部門,326,預り金,1,保険料,00,,216077,0,5月給与その他 0020 営業部,,,,,,,,,,,,,,,,,,,,,,,,,,,,,,,,,,,,,,,,,,,,,,,,,,,,,,
20210525,86,,,,,,,,,,,,,,,000,共通部門,326,預り金,2,住民税,00,,104300,0,5月給与その他 0020 営業部,,,,,,,,,,,,,,,,,,,,,,,,,,,,,,,,,,,,,,,,,,,,,,,,,,,,,,
20210525,86,,,,,,,,,,,,,,,000,共通部門,326,預り金,3,源泉税,00,,37790,0,5月給与その他 0020 営業部,,,,,,,,,,,,,,,,,,,,,,,,,,,,,,,,,,,,,,,,,,,,,,,,,,,,,,
20210525,86,,,,,,,,,,,,,,,000,共通部門,326,預り金,4,貯蓄・保険,00,,43305,0,5月給与その他 0020 営業部,,,,,,,,,,,,,,,,,,,,,,,,,,,,,,,,,,,,,,,,,,,,,,,,,,,,,,
20210525,86,,,,,,,,,,,,,,,000,共通部門,326,預り金,9,その他,00,,61960,0,5月給与その他 0020 営業部,,,,,,,,,,,,,,,,,,,,,,,,,,,,,,,,,,,,,,,,,,,,,,,,,,,,,,
20210525,86,,,,010,札幌営業所,712,給与手当,,,00,,857000,0,,000,共通部門,131,普通預金,20,ABC銀行 本店,00,,609096,0,5月給与その他 1000 札幌営業所,,,,,,,,,,,,,,,,,,,,,,,,,,,,,,,,,,,,,,,,,,,,,,,,,,,,,,
20210525,86,,,,,,,,,,,,,,,000,共通部門,326,預り金,1,保険料,00,,100704,0,5月給与その他 1000 札幌営業所,,,,,,,,,,,,,,,,,,,,,,,,,,,,,,,,,,,,,,,,,,,,,,,,,,,,,,
20210525,86,,,,,,,,,,,,,,,000,共通部門,326,預り金,2,住民税,00,,46300,0,5月給与その他 1000 札幌営業所,,,,,,,,,,,,,,,,,,,,,,,,,,,,,,,,,,,,,,,,,,,,,,,,,,,,,,
20210525,86,,,,,,,,,,,,,,,000,共通部門,326,預り金,3,源泉税,00,,13710,0,5月給与その他 1000 札幌営業所,,,,,,,,,,,,,,,,,,,,,,,,,,,,,,,,,,,,,,,,,,,,,,,,,,,,,,
20210525,86,,,,,,,,,,,,,,,000,共通部門,326,預り金,4,貯蓄・保険,00,,50648,0,5月給与その他 1000 札幌営業所,,,,,,,,,,,,,,,,,,,,,,,,,,,,,,,,,,,,,,,,,,,,,,,,,,,,,,
20210525,86,,,,,,,,,,,,,,,000,共通部門,326,預り金,9,その他,00,,36542,0,5月給与その他 1000 札幌営業所,,,,,,,,,,,,,,,,,,,,,,,,,,,,,,,,,,,,,,,,,,,,,,,,,,,,,,
20210525,86,,,,030,名古屋支店,712,給与手当,,,00,,763200,0,,000,共通部門,131,普通預金,20,ABC銀行 本店,00,,546572,0,5月給与その他 3000 名古屋営業所,,,,,,,,,,,,,,,,,,,,,,,,,,,,,,,,,,,,,,,,,,,,,,,,,,,,,,
20210525,86,,,,,,,,,,,,,,,000,共通部門,326,預り金,1,保険料,00,,92651,0,5月給与その他 3000 名古屋営業所,,,,,,,,,,,,,,,,,,,,,,,,,,,,,,,,,,,,,,,,,,,,,,,,,,,,,,
20210525,86,,,,,,,,,,,,,,,000,共通部門,326,預り金,2,住民税,00,,42600,0,5月給与その他 3000 名古屋営業所,,,,,,,,,,,,,,,,,,,,,,,,,,,,,,,,,,,,,,,,,,,,,,,,,,,,,,
20210525,86,,,,,,,,,,,,,,,000,共通部門,326,預り金,3,源泉税,00,,7540,0,5月給与その他 3000 名古屋営業所,,,,,,,,,,,,,,,,,,,,,,,,,,,,,,,,,,,,,,,,,,,,,,,,,,,,,,
20210525,86,,,,,,,,,,,,,,,000,共通部門,326,預り金,4,貯蓄・保険,00,,40759,0,5月給与その他 3000 名古屋営業所,,,,,,,,,,,,,,,,,,,,,,,,,,,,,,,,,,,,,,,,,,,,,,,,,,,,,,
20210525,86,,,,,,,,,,,,,,,000,共通部門,326,預り金,9,その他,00,,33078,0,5月給与その他 3000 名古屋営業所,,,,,,,,,,,,,,,,,,,,,,,,,,,,,,,,,,,,,,,,,,,,,,,,,,,,,,
20210525,86,,,,040,大阪支店,712,給与手当,,,00,,1313199,0,,000,共通部門,131,普通預金,20,ABC銀行 本店,00,,1023560,0,5月給与その他 4000 大阪支店,,,,,,,,,,,,,,,,,,,,,,,,,,,,,,,,,,,,,,,,,,,,,,,,,,,,,,
20210525,86,,,,,,,,,,,,,,,000,共通部門,326,預り金,1,保険料,00,,147384,0,5月給与その他 4000 大阪支店,,,,,,,,,,,,,,,,,,,,,,,,,,,,,,,,,,,,,,,,,,,,,,,,,,,,,,
20210525,86,,,,,,,,,,,,,,,000,共通部門,326,預り金,2,住民税,00,,66200,0,5月給与その他 4000 大阪支店,,,,,,,,,,,,,,,,,,,,,,,,,,,,,,,,,,,,,,,,,,,,,,,,,,,,,,
20210525,86,,,,,,,,,,,,,,,000,共通部門,326,預り金,3,源泉税,00,,24660,0,5月給与その他 4000 大阪支店,,,,,,,,,,,,,,,,,,,,,,,,,,,,,,,,,,,,,,,,,,,,,,,,,,,,,,
20210525,86,,,,,,,,,,,,,,,000,共通部門,326,預り金,4,貯蓄・保険,00,,27117,0,5月給与その他 4000 大阪支店,,,,,,,,,,,,,,,,,,,,,,,,,,,,,,,,,,,,,,,,,,,,,,,,,,,,,,
20210525,86,,,,,,,,,,,,,,,000,共通部門,326,預り金,9,その他,00,,24278,0,5月給与その他 4000 大阪支店,,,,,,,,,,,,,,,,,,,,,,,,,,,,,,,,,,,,,,,,,,,,,,,,,,,,,,
20210525,86,,,,050,九州営業所,712,給与手当,,,00,,588526,0,,000,共通部門,131,普通預金,20,ABC銀行 本店,00,,444044,0,5月給与その他 5000 九州営業所,,,,,,,,,,,,,,,,,,,,,,,,,,,,,,,,,,,,,,,,,,,,,,,,,,,,,,
20210525,86,,,,,,,,,,,,,,,000,共通部門,326,預り金,1,保険料,00,,66241,0,5月給与その他 5000 九州営業所,,,,,,,,,,,,,,,,,,,,,,,,,,,,,,,,,,,,,,,,,,,,,,,,,,,,,,
20210525,86,,,,,,,,,,,,,,,000,共通部門,326,預り金,2,住民税,00,,31700,0,5月給与その他 5000 九州営業所,,,,,,,,,,,,,,,,,,,,,,,,,,,,,,,,,,,,,,,,,,,,,,,,,,,,,,
20210525,86,,,,,,,,,,,,,,,000,共通部門,326,預り金,3,源泉税,00,,8070,0,5月給与その他 5000 九州営業所,,,,,,,,,,,,,,,,,,,,,,,,,,,,,,,,,,,,,,,,,,,,,,,,,,,,,,
20210525,86,,,,,,,,,,,,,,,000,共通部門,326,預り金,4,貯蓄・保険,00,,18540,0,5月給与その他 5000 九州営業所,,,,,,,,,,,,,,,,,,,,,,,,,,,,,,,,,,,,,,,,,,,,,,,,,,,,,,
20210525,86,,,,,,,,,,,,,,,000,共通部門,326,預り金,9,その他,00,,19931,0,5月給与その他 5000 九州営業所,,,,,,,,,,,,,,,,,,,,,,,,,,,,,,,,,,,,,,,,,,,,,,,,,,,,,,
20210525,92,,,,040,大阪支店,753,修繕維持費,,,Q5,,105000,9545,,000,共通部門,322,未払金,,,00,,105000,0,コピー機修繕,,,,,,,,,,,,,,,,,,,,,,,,,,,,,,,,,,,,,,,,,,,,,,,,,,,,,,
20210525,107,,,,040,大阪支店,733,交際接待費,,,Q5,,10000,909,,000,共通部門,111,現金,,,00,,10000,0,結婚祝い金,,,,,,,,,,,,,,,,,,,,,,,,,,,,,,,,,,,,,,,,,,,,,,,,,,,,,,
20210525,110,,,,000,共通部門,150,受取手形,,,00,,13321782,0,,000,共通部門,152,売掛金,2,株式会社桜丘百貨店,00,,13321782,0,5月25日伝票No221株式会社桜丘百貨店 | 売上伝票=20210430-277;手形番号=R20210525-110-2,,,,,,,,,,,,,,,,,,,,,,,,,,,,,,,,,,,,,,,,,,,,,,,,,,,,,,
20210525,111,,,,040,大阪支店,726,旅費交通費,,,Q5,,14260,1296,,000,共通部門,322,未払金,,,00,,14260,0,タクシー代,,,,,,,,,,,,,,,,,,,,,,,,,,,,,,,,,,,,,,,,,,,,,,,,,,,,,,
20210525,111,,,,000,共通部門,131,普通預金,30,GHI銀行 名古屋,00,,1245825,0,,000,共通部門,152,売掛金,7,株式会社光彩堂商事,00,,1245825,0,5月25日伝票No222株式会社光彩堂商事,,,,,,,,,,,,,,,,,,,,,,,,,,,,,,,,,,,,,,,,,,,,,,,,,,,,,,
20210525,111,,,,030,名古屋支店,741,支払手数料,,,Q5,,735,66,,000,共通部門,152,売掛金,7,株式会社光彩堂商事,00,,735,0,5月25日伝票No222株式会社光彩堂商事,,,,,,,,,,,,,,,,,,,,,,,,,,,,,,,,,,,,,,,,,,,,,,,,,,,,,,
20210525,112,,,,000,共通部門,131,普通預金,40,JKL銀行 梅田,00,,694191,0,,000,共通部門,152,売掛金,23,株式会社杉の木商店,00,,694191,0,5月25日伝票No223株式会社杉の木商店,,,,,,,,,,,,,,,,,,,,,,,,,,,,,,,,,,,,,,,,,,,,,,,,,,,,,,
20210525,112,,,,040,大阪支店,741,支払手数料,,,Q5,,630,57,,000,共通部門,152,売掛金,23,株式会社杉の木商店,00,,630,0,5月25日伝票No223株式会社杉の木商店,,,,,,,,,,,,,,,,,,,,,,,,,,,,,,,,,,,,,,,,,,,,,,,,,,,,,,
20210525,113,,,,000,共通部門,131,普通預金,10,DEF銀行 駅前,00,,3663570,0,,000,共通部門,152,売掛金,25,株式会社ほのかマート,00,,3663570,0,5月25日伝票No224株式会社ほのかマート,,,,,,,,,,,,,,,,,,,,,,,,,,,,,,,,,,,,,,,,,,,,,,,,,,,,,,
20210525,113,,,,010,札幌営業所,741,支払手数料,,,Q5,,840,76,,000,共通部門,152,売掛金,25,株式会社ほのかマート,00,,840,0,5月25日伝票No224株式会社ほのかマート,,,,,,,,,,,,,,,,,,,,,,,,,,,,,,,,,,,,,,,,,,,,,,,,,,,,,,
20210525,131,,,,040,大阪支店,742,諸会費,,,00,,24000,0,,000,共通部門,131,普通預金,40,JKL銀行 梅田,00,,24000,0,会費,,,,,,,,,,,,,,,,,,,,,,,,,,,,,,,,,,,,,,,,,,,,,,,,,,,,,,
20210525,172,,,,010,札幌営業所,728,販売手数料,,,Q5,,94000,8545,,000,共通部門,322,未払金,,,00,,94000,0,業務委託費支払い,,,,,,,,,,,,,,,,,,,,,,,,,,,,,,,,,,,,,,,,,,,,,,,,,,,,,,
20210526,14,,,,010,札幌営業所,740,車両費,,,Q5,,4200,381,,000,共通部門,111,現金,,,00,,4200,0,ガソリン代,,,,,,,,,,,,,,,,,,,,,,,,,,,,,,,,,,,,,,,,,,,,,,,,,,,,,,
20210526,27,,,,010,札幌営業所,726,旅費交通費,,,Q5,,27239,2476,,000,共通部門,111,現金,,,00,,80097,0,旅費,,,,,,,,,,,,,,,,,,,,,,,,,,,,,,,,,,,,,,,,,,,,,,,,,,,,,,
20210526,27,,,,010,札幌営業所,726,旅費交通費,,,Q5,,31429,2857,,,,,,,,,,,,旅費,,,,,,,,,,,,,,,,,,,,,,,,,,,,,,,,,,,,,,,,,,,,,,,,,,,,,,
20210526,27,,,,010,札幌営業所,726,旅費交通費,,,Q5,,21429,1948,,,,,,,,,,,,旅費,,,,,,,,,,,,,,,,,,,,,,,,,,,,,,,,,,,,,,,,,,,,,,,,,,,,,,
20210526,35,,,,010,札幌営業所,739,新聞図書費,,,Q5,,3925,356,,000,共通部門,111,現金,,,00,,3925,0,新聞代,,,,,,,,,,,,,,,,,,,,,,,,,,,,,,,,,,,,,,,,,,,,,,,,,,,,,,
20210526,72,,,,020,東京支店,739,新聞図書費,,,Q5,,2864,260,,000,共通部門,111,現金,,,00,,9078,0,新聞代,,,,,,,,,,,,,,,,,,,,,,,,,,,,,,,,,,,,,,,,,,,,,,,,,,,,,,
20210526,72,,,,020,東京支店,739,新聞図書費,,,Q5,,2815,255,,,,,,,,,,,,新聞代,,,,,,,,,,,,,,,,,,,,,,,,,,,,,,,,,,,,,,,,,,,,,,,,,,,,,,
20210526,72,,,,020,東京支店,739,新聞図書費,,,Q5,,3399,309,,,,,,,,,,,,新聞代,,,,,,,,,,,,,,,,,,,,,,,,,,,,,,,,,,,,,,,,,,,,,,,,,,,,,,
20210526,78,,,,030,名古屋支店,728,販売手数料,,,Q5,,189000,17181,,000,共通部門,322,未払金,,,00,,189000,0,業務委託費支払い,,,,,,,,,,,,,,,,,,,,,,,,,,,,,,,,,,,,,,,,,,,,,,,,,,,,,,
20210526,83,,,,030,名古屋支店,740,車両費,,,Q5,,45000,4090,,000,共通部門,111,現金,,,00,,45000,0,車両管理費,,,,,,,,,,,,,,,,,,,,,,,,,,,,,,,,,,,,,,,,,,,,,,,,,,,,,,
20210526,87,,,,030,名古屋支店,727,通信費,,,Q5,,42657,3877,,000,共通部門,131,普通預金,30,GHI銀行 名古屋,00,,42657,0,携帯代,,,,,,,,,,,,,,,,,,,,,,,,,,,,,,,,,,,,,,,,,,,,,,,,,,,,,,
20210526,113,,,,040,大阪支店,727,通信費,,,Q5,,39254,3568,,000,共通部門,131,普通預金,40,JKL銀行 梅田,00,,39254,0,携帯代,,,,,,,,,,,,,,,,,,,,,,,,,,,,,,,,,,,,,,,,,,,,,,,,,,,,,,
20210526,146,,,,050,九州営業所,728,販売手数料,,,Q5,,147000,13363,,000,共通部門,322,未払金,,,00,,147000,0,業務委託費,,,,,,,,,,,,,,,,,,,,,,,,,,,,,,,,,,,,,,,,,,,,,,,,,,,,,,
20210526,170,,,,050,九州営業所,739,新聞図書費,,,Q5,,3007,273,,000,共通部門,111,現金,,,00,,3007,0,新聞代,,,,,,,,,,,,,,,,,,,,,,,,,,,,,,,,,,,,,,,,,,,,,,,,,,,,,,
20210526,171,,,,050,九州営業所,727,通信費,,,Q5,,86498,7863,,000,共通部門,131,普通預金,50,MNO銀行 北九州,00,,86498,0,携帯代,,,,,,,,,,,,,,,,,,,,,,,,,,,,,,,,,,,,,,,,,,,,,,,,,,,,,,
20210527,15,,,,010,札幌営業所,740,車両費,,,Q5,,75000,6818,,000,共通部門,111,現金,,,00,,75000,0,タイヤ交換,,,,,,,,,,,,,,,,,,,,,,,,,,,,,,,,,,,,,,,,,,,,,,,,,,,,,,
20210527,30,,,,010,札幌営業所,752,保険料,,,P0,,54320,0,,000,共通部門,131,普通預金,10,DEF銀行 駅前,00,,54320,0,保険料支払,,,,,,,,,,,,,,,,,,,,,,,,,,,,,,,,,,,,,,,,,,,,,,,,,,,,,,
20210527,39,,,,020,東京支店,724,福利厚生費,,,Q5,,13000,1181,,000,共通部門,111,現金,,,00,,13000,0,会費,,,,,,,,,,,,,,,,,,,,,,,,,,,,,,,,,,,,,,,,,,,,,,,,,,,,,,
20210527,49,,,,020,東京支店,740,車両費,,,Q5,,150000,13636,,000,共通部門,111,現金,,,00,,150000,0,ガソリン代,,,,,,,,,,,,,,,,,,,,,,,,,,,,,,,,,,,,,,,,,,,,,,,,,,,,,,
20210527,49,,,,020,東京支店,740,車両費,,,Q5,,34200,3109,,000,共通部門,131,普通預金,20,ABC銀行 本店,00,,34200,0,車両管理費,,,,,,,,,,,,,,,,,,,,,,,,,,,,,,,,,,,,,,,,,,,,,,,,,,,,,,
20210527,62,,,,020,東京支店,727,通信費,,,Q5,,65404,5945,,000,共通部門,131,普通預金,20,ABC銀行 本店,00,,65404,0,携帯代,,,,,,,,,,,,,,,,,,,,,,,,,,,,,,,,,,,,,,,,,,,,,,,,,,,,,,
20210527,79,,,,040,大阪支店,740,車両費,,,Q5,,3714,337,,000,共通部門,111,現金,,,00,,3714,0,ガソリン代,,,,,,,,,,,,,,,,,,,,,,,,,,,,,,,,,,,,,,,,,,,,,,,,,,,,,,
20210527,88,,,,030,名古屋支店,739,新聞図書費,,,Q5,,3568,324,,000,共通部門,111,現金,,,00,,3568,0,新聞代,,,,,,,,,,,,,,,,,,,,,,,,,,,,,,,,,,,,,,,,,,,,,,,,,,,,,,
20210527,114,,,,040,大阪支店,739,新聞図書費,,,Q5,,2540,230,,000,共通部門,111,現金,,,00,,5404,0,新聞代,,,,,,,,,,,,,,,,,,,,,,,,,,,,,,,,,,,,,,,,,,,,,,,,,,,,,,
20210527,114,,,,040,大阪支店,739,新聞図書費,,,Q5,,2864,260,,,,,,,,,,,,新聞代,,,,,,,,,,,,,,,,,,,,,,,,,,,,,,,,,,,,,,,,,,,,,,,,,,,,,,
20210528,32,,,,010,札幌営業所,754,事務用消耗品費,,,Q5,,3450,313,,000,共通部門,322,未払金,,,00,,3450,0,事務用品費,,,,,,,,,,,,,,,,,,,,,,,,,,,,,,,,,,,,,,,,,,,,,,,,,,,,,,
20210528,93,,,,020,東京支店,753,修繕維持費,,,Q5,,17700,1609,,000,共通部門,322,未払金,,,00,,17700,0,修繕費,,,,,,,,,,,,,,,,,,,,,,,,,,,,,,,,,,,,,,,,,,,,,,,,,,,,,,
20210528,159,,,,050,九州営業所,726,旅費交通費,,,Q5,,16420,1492,,000,共通部門,111,現金,,,00,,16420,0,架空鉄道会社A代,,,,,,,,,,,,,,,,,,,,,,,,,,,,,,,,,,,,,,,,,,,,,,,,,,,,,,
20210529,62,,,,050,九州営業所,733,交際接待費,,,Q5,,36054,3277,,000,共通部門,322,未払金,,,00,,36054,0,飲食代,,,,,,,,,,,,,,,,,,,,,,,,,,,,,,,,,,,,,,,,,,,,,,,,,,,,,,
20210529,63,,,,020,東京支店,734,会議費,,,Q5,,23954,2177,,000,共通部門,111,現金,,,00,,23954,0,会議　飲食代,,,,,,,,,,,,,,,,,,,,,,,,,,,,,,,,,,,,,,,,,,,,,,,,,,,,,,
20210529,146,,,,000,共通部門,131,普通預金,20,ABC銀行 本店,00,,21000000,0,,000,共通部門,131,普通預金,10,DEF銀行 駅前,00,,7000000,0,資金移動,,,,,,,,,,,,,,,,,,,,,,,,,,,,,,,,,,,,,,,,,,,,,,,,,,,,,,
20210529,146,,,,,,,,,,,,,,,000,共通部門,131,普通預金,30,GHI銀行 名古屋,00,,6500000,0,,,,,,,,,,,,,,,,,,,,,,,,,,,,,,,,,,,,,,,,,,,,,,,,,,,,,,,
20210529,146,,,,,,,,,,,,,,,000,共通部門,131,普通預金,40,JKL銀行 梅田,00,,5500000,0,,,,,,,,,,,,,,,,,,,,,,,,,,,,,,,,,,,,,,,,,,,,,,,,,,,,,,,
20210529,146,,,,,,,,,,,,,,,000,共通部門,131,普通預金,50,MNO銀行 北九州,00,,2000000,0,,,,,,,,,,,,,,,,,,,,,,,,,,,,,,,,,,,,,,,,,,,,,,,,,,,,,,,
20210529,155,,,,050,九州営業所,740,車両費,,,Q5,,6486,589,,000,共通部門,111,現金,,,00,,17401,0,車両管理費,,,,,,,,,,,,,,,,,,,,,,,,,,,,,,,,,,,,,,,,,,,,,,,,,,,,,,
20210529,155,,,,050,九州営業所,740,車両費,,,Q5,,9715,883,,,,,,,,,,,,高速代,,,,,,,,,,,,,,,,,,,,,,,,,,,,,,,,,,,,,,,,,,,,,,,,,,,,,,
20210529,155,,,,050,九州営業所,740,車両費,,,Q5,,1200,109,,,,,,,,,,,,駐車代,,,,,,,,,,,,,,,,,,,,,,,,,,,,,,,,,,,,,,,,,,,,,,,,,,,,,,
20210530,70,,,,020,東京支店,791,雑費,,,Q5,,6000,545,,000,共通部門,322,未払金,,,00,,58381,0,有線,,,,,,,,,,,,,,,,,,,,,,,,,,,,,,,,,,,,,,,,,,,,,,,,,,,,,,
20210530,70,,,,020,東京支店,791,雑費,,,Q5,,52381,4761,,,,,,,,,,,,警備料,,,,,,,,,,,,,,,,,,,,,,,,,,,,,,,,,,,,,,,,,,,,,,,,,,,,,,
20210530,70,,,,020,東京支店,740,車両費,,,Q5,,73315,6665,,000,共通部門,111,現金,,,00,,73315,0,高速料,,,,,,,,,,,,,,,,,,,,,,,,,,,,,,,,,,,,,,,,,,,,,,,,,,,,,,
20210530,70,,,,020,東京支店,791,雑費,,,Q5,,73500,6681,,000,共通部門,322,未払金,,,00,,73500,0,清掃料,,,,,,,,,,,,,,,,,,,,,,,,,,,,,,,,,,,,,,,,,,,,,,,,,,,,,,
20210530,96,,,,030,名古屋支店,791,雑費,,,Q5,,22470,2042,,000,共通部門,131,普通預金,30,GHI銀行 名古屋,00,,22470,0,警備料,,,,,,,,,,,,,,,,,,,,,,,,,,,,,,,,,,,,,,,,,,,,,,,,,,,,,,
20210530,100,,,,040,大阪支店,724,福利厚生費,,,Q5,,14000,1272,,000,共通部門,111,現金,,,00,,14000,0,会費,,,,,,,,,,,,,,,,,,,,,,,,,,,,,,,,,,,,,,,,,,,,,,,,,,,,,,
20210530,115,,,,040,大阪支店,752,保険料,,,P0,,64500,0,,000,共通部門,131,普通預金,40,JKL銀行 梅田,00,,64500,0,保険料,,,,,,,,,,,,,,,,,,,,,,,,,,,,,,,,,,,,,,,,,,,,,,,,,,,,,,
20210530,137,,,,040,大阪支店,791,雑費,,,Q5,,6000,545,,000,共通部門,322,未払金,,,00,,48858,0,有線,,,,,,,,,,,,,,,,,,,,,,,,,,,,,,,,,,,,,,,,,,,,,,,,,,,,,,
20210530,137,,,,040,大阪支店,791,雑費,,,Q5,,42858,3896,,,,,,,,,,,,警備料,,,,,,,,,,,,,,,,,,,,,,,,,,,,,,,,,,,,,,,,,,,,,,,,,,,,,,
20210530,137,,,,040,大阪支店,740,車両費,,,Q5,,53315,4846,,000,共通部門,131,普通預金,40,JKL銀行 梅田,00,,53315,0,高速料,,,,,,,,,,,,,,,,,,,,,,,,,,,,,,,,,,,,,,,,,,,,,,,,,,,,,,
20210530,137,,,,040,大阪支店,791,雑費,,,Q5,,73500,6681,,000,共通部門,322,未払金,,,00,,73500,0,清掃料,,,,,,,,,,,,,,,,,,,,,,,,,,,,,,,,,,,,,,,,,,,,,,,,,,,,,,
20210530,148,,,,040,大阪支店,740,車両費,,,Q5,,630,57,,000,共通部門,111,現金,,,00,,630,0,ウォッシャー液他,,,,,,,,,,,,,,,,,,,,,,,,,,,,,,,,,,,,,,,,,,,,,,,,,,,,,,
20210530,164,,,,050,九州営業所,754,事務用消耗品費,,,Q5,,5320,483,,000,共通部門,111,現金,,,00,,5320,0,事務用品,,,,,,,,,,,,,,,,,,,,,,,,,,,,,,,,,,,,,,,,,,,,,,,,,,,,,,
20210531,1,,,,010,札幌営業所,731,運賃,,,Q5,,89140,8103,,000,共通部門,322,未払金,,,00,,89140,0,運賃 架空運送会社B,,,,,,,,,,,,,,,,,,,,,,,,,,,,,,,,,,,,,,,,,,,,,,,,,,,,,,
20210531,36,,,,020,東京支店,731,運賃,,,Q5,,1456324,132393,,000,共通部門,322,未払金,,,00,,2409239,0,運賃 架空運送会社A,,,,,,,,,,,,,,,,,,,,,,,,,,,,,,,,,,,,,,,,,,,,,,,,,,,,,,
20210531,36,,,,020,東京支店,731,運賃,,,Q5,,952915,86628,,,,,,,,,,,,運賃 架空運送会社B,,,,,,,,,,,,,,,,,,,,,,,,,,,,,,,,,,,,,,,,,,,,,,,,,,,,,,
20210531,40,,,,020,東京支店,732,広告宣伝費,,,Q5,,50000,4545,,000,共通部門,322,未払金,,,00,,50000,0,広告掲載,,,,,,,,,,,,,,,,,,,,,,,,,,,,,,,,,,,,,,,,,,,,,,,,,,,,,,
20210531,55,,,,020,東京支店,740,車両費,,,Q5,,9700,881,,000,共通部門,111,現金,,,00,,9700,0,高速代,,,,,,,,,,,,,,,,,,,,,,,,,,,,,,,,,,,,,,,,,,,,,,,,,,,,,,
20210531,60,,,,020,東京支店,726,旅費交通費,,,Q5,,18750,1704,,000,共通部門,111,現金,,,00,,18750,0,旅費,,,,,,,,,,,,,,,,,,,,,,,,,,,,,,,,,,,,,,,,,,,,,,,,,,,,,,
20210531,63,,,,020,東京支店,752,保険料,,,P0,,81000,0,,000,共通部門,131,普通預金,20,ABC銀行 本店,00,,81000,0,保険料,,,,,,,,,,,,,,,,,,,,,,,,,,,,,,,,,,,,,,,,,,,,,,,,,,,,,,
20210531,66,,,,020,東京支店,744,リース料,,,Q5,,209850,19077,,000,共通部門,131,普通預金,20,ABC銀行 本店,00,,209850,0,リース料,,,,,,,,,,,,,,,,,,,,,,,,,,,,,,,,,,,,,,,,,,,,,,,,,,,,,,
20210531,67,,,,020,東京支店,742,諸会費,,,00,,30000,0,,000,共通部門,111,現金,,,00,,30000,0,会費支払い,,,,,,,,,,,,,,,,,,,,,,,,,,,,,,,,,,,,,,,,,,,,,,,,,,,,,,
20210531,74,,,,030,名古屋支店,752,保険料,,,P0,,62000,0,,000,共通部門,131,普通預金,30,GHI銀行 名古屋,00,,62000,0,保険料,,,,,,,,,,,,,,,,,,,,,,,,,,,,,,,,,,,,,,,,,,,,,,,,,,,,,,
20210531,75,,,,050,九州営業所,752,保険料,,,P0,,57000,0,,000,共通部門,131,普通預金,50,MNO銀行 北九州,00,,57000,0,保険料支払い,,,,,,,,,,,,,,,,,,,,,,,,,,,,,,,,,,,,,,,,,,,,,,,,,,,,,,
20210531,77,,,,,,,,,,,,,,,000,共通部門,737,消耗品費,,,00,,270192,0,消耗品費　部門配賦,,,,,,,,,,,,,,,,,,,,,,,,,,,,,,,,,,,,,,,,,,,,,,,,,,,,,,
20210531,77,,,,010,札幌営業所,737,消耗品費,,,00,,29721,0,,,,,,,,,,,,,,,,,,,,,,,,,,,,,,,,,,,,,,,,,,,,,,,,,,,,,,,,,,,,,,,,,,
20210531,77,,,,020,東京支店,737,消耗品費,,,00,,129693,0,,,,,,,,,,,,,,,,,,,,,,,,,,,,,,,,,,,,,,,,,,,,,,,,,,,,,,,,,,,,,,,,,,
20210531,77,,,,030,名古屋支店,737,消耗品費,,,00,,27019,0,,,,,,,,,,,,,,,,,,,,,,,,,,,,,,,,,,,,,,,,,,,,,,,,,,,,,,,,,,,,,,,,,,
20210531,77,,,,040,大阪支店,737,消耗品費,,,00,,64846,0,,,,,,,,,,,,,,,,,,,,,,,,,,,,,,,,,,,,,,,,,,,,,,,,,,,,,,,,,,,,,,,,,,
20210531,77,,,,050,九州営業所,737,消耗品費,,,00,,18913,0,,,,,,,,,,,,,,,,,,,,,,,,,,,,,,,,,,,,,,,,,,,,,,,,,,,,,,,,,,,,,,,,,,
20210531,77,,,,030,名古屋支店,731,運賃,,,Q5,,152525,13865,,000,共通部門,322,未払金,,,00,,152525,0,運賃 架空運送会社A,,,,,,,,,,,,,,,,,,,,,,,,,,,,,,,,,,,,,,,,,,,,,,,,,,,,,,
20210531,81,,,,030,名古屋支店,724,福利厚生費,,,Q5,,26300,2390,,000,共通部門,322,未払金,,,00,,26300,0,お茶代,,,,,,,,,,,,,,,,,,,,,,,,,,,,,,,,,,,,,,,,,,,,,,,,,,,,,,
20210531,87,,,,000,共通部門,322,未払金,,,00,,7369946,0,,000,共通部門,131,普通預金,20,ABC銀行 本店,00,,7369946,0,4月分支払,,,,,,,,,,,,,,,,,,,,,,,,,,,,,,,,,,,,,,,,,,,,,,,,,,,,,,
20210531,99,,,,040,大阪支店,731,運賃,,,Q5,,748350,68031,,000,共通部門,322,未払金,,,00,,748350,0,運賃,,,,,,,,,,,,,,,,,,,,,,,,,,,,,,,,,,,,,,,,,,,,,,,,,,,,,,
20210531,114,,,,000,共通部門,152,売掛金,5,東雲商会株式会社,00,,1245400,0,,010,札幌営業所,511,売上高,,,B5,,1245400,113218,5月1日～5月31日分売上,,,,,,,,,,,,,,,,,,,,,,,,,,,,,,,,,,,,,,,,,,,,,,,,,,,,,,
20210531,114,,,,000,共通部門,152,売掛金,14,株式会社花咲商事,00,,1329984,0,,010,札幌営業所,511,売上高,,,B5,,1329984,120907,5月1日～5月31日分売上,,,,,,,,,,,,,,,,,,,,,,,,,,,,,,,,,,,,,,,,,,,,,,,,,,,,,,
20210531,114,,,,000,共通部門,152,売掛金,25,株式会社ほのかマート,00,,3964716,0,,010,札幌営業所,511,売上高,,,B5,,3964716,360428,5月1日～5月31日分売上,,,,,,,,,,,,,,,,,,,,,,,,,,,,,,,,,,,,,,,,,,,,,,,,,,,,,,
20210531,114,,,,010,札幌営業所,521,売上値引戻り高,,,C5,,101952,9268,,000,共通部門,152,売掛金,25,株式会社ほのかマート,00,,101952,0,5月1日～5月31日分売上,,,,,,,,,,,,,,,,,,,,,,,,,,,,,,,,,,,,,,,,,,,,,,,,,,,,,,
20210531,114,,,,010,札幌営業所,521,売上値引戻り高,,,C5,,40800,3709,,000,共通部門,152,売掛金,5,東雲商会株式会社,00,,40800,0,5月1日～5月31日分売上,,,,,,,,,,,,,,,,,,,,,,,,,,,,,,,,,,,,,,,,,,,,,,,,,,,,,,
20210531,115,,,,000,共通部門,152,売掛金,30,株式会社彩雲トレーディング,00,,1379070,0,,020,東京支店,511,売上高,,,B5,,1379070,125370,5月1日～5月31日分売上,,,,,,,,,,,,,,,,,,,,,,,,,,,,,,,,,,,,,,,,,,,,,,,,,,,,,,
20210531,115,,,,000,共通部門,152,売掛金,2,株式会社桜丘百貨店,00,,15044472,0,,020,東京支店,511,売上高,,,B5,,15044472,1367679,5月1日～5月31日分売上,,,,,,,,,,,,,,,,,,,,,,,,,,,,,,,,,,,,,,,,,,,,,,,,,,,,,,
20210531,115,,,,000,共通部門,152,売掛金,11,株式会社楓屋,00,,859668,0,,020,東京支店,511,売上高,,,B5,,859668,78151,5月1日～5月31日分売上,,,,,,,,,,,,,,,,,,,,,,,,,,,,,,,,,,,,,,,,,,,,,,,,,,,,,,
20210531,115,,,,000,共通部門,152,売掛金,12,株式会社緑野百貨店,00,,8059094,0,,020,東京支店,511,売上高,,,B5,,8059094,732644,5月1日～5月31日分売上,,,,,,,,,,,,,,,,,,,,,,,,,,,,,,,,,,,,,,,,,,,,,,,,,,,,,,
20210531,115,,,,000,共通部門,152,売掛金,13,星川商事株式会社,00,,883097,0,,020,東京支店,511,売上高,,,B5,,883097,80281,5月1日～5月31日分売上,,,,,,,,,,,,,,,,,,,,,,,,,,,,,,,,,,,,,,,,,,,,,,,,,,,,,,
20210531,115,,,,000,共通部門,152,売掛金,14,株式会社花咲商事,00,,1587526,0,,020,東京支店,511,売上高,,,B5,,1587526,144320,5月1日～5月31日分売上,,,,,,,,,,,,,,,,,,,,,,,,,,,,,,,,,,,,,,,,,,,,,,,,,,,,,,
20210531,115,,,,000,共通部門,152,売掛金,24,白峰商事株式会社,00,,730124,0,,020,東京支店,511,売上高,,,B5,,730124,66374,5月1日～5月31日分売上,,,,,,,,,,,,,,,,,,,,,,,,,,,,,,,,,,,,,,,,,,,,,,,,,,,,,,
20210531,115,,,,000,共通部門,152,売掛金,26,若松販売株式会社,00,,1163584,0,,020,東京支店,511,売上高,,,B5,,1163584,105780,5月1日～5月31日分売上,,,,,,,,,,,,,,,,,,,,,,,,,,,,,,,,,,,,,,,,,,,,,,,,,,,,,,
20210531,115,,,,000,共通部門,152,売掛金,10,合同会社こもれび商事,00,,560672,0,,020,東京支店,511,売上高,,,B5,,560672,50970,5月1日～5月31日分売上,,,,,,,,,,,,,,,,,,,,,,,,,,,,,,,,,,,,,,,,,,,,,,,,,,,,,,
20210531,115,,,,020,東京支店,521,売上値引戻り高,,,C5,,32640,2967,,000,共通部門,152,売掛金,26,若松販売株式会社,00,,32640,0,5月1日～5月31日分売上,,,,,,,,,,,,,,,,,,,,,,,,,,,,,,,,,,,,,,,,,,,,,,,,,,,,,,
20210531,115,,,,020,東京支店,521,売上値引戻り高,,,C5,,26496,2408,,000,共通部門,152,売掛金,2,株式会社桜丘百貨店,00,,26496,0,5月1日～5月31日分売上,,,,,,,,,,,,,,,,,,,,,,,,,,,,,,,,,,,,,,,,,,,,,,,,,,,,,,
20210531,115,,,,020,東京支店,521,売上値引戻り高,,,C5,,38736,3521,,000,共通部門,152,売掛金,11,株式会社楓屋,00,,38736,0,5月1日～5月31日分売上,,,,,,,,,,,,,,,,,,,,,,,,,,,,,,,,,,,,,,,,,,,,,,,,,,,,,,
20210531,115,,,,020,東京支店,521,売上値引戻り高,,,C5,,58400,5309,,000,共通部門,152,売掛金,12,株式会社緑野百貨店,00,,58400,0,5月1日～5月31日分売上,,,,,,,,,,,,,,,,,,,,,,,,,,,,,,,,,,,,,,,,,,,,,,,,,,,,,,
20210531,116,,,,000,共通部門,152,売掛金,7,株式会社光彩堂商事,00,,1216464,0,,030,名古屋支店,511,売上高,,,B5,,1216464,110587,5月1日～5月31日分売上,,,,,,,,,,,,,,,,,,,,,,,,,,,,,,,,,,,,,,,,,,,,,,,,,,,,,,
20210531,116,,,,000,共通部門,152,売掛金,14,株式会社花咲商事,00,,1192362,0,,030,名古屋支店,511,売上高,,,B5,,1192362,108396,5月1日～5月31日分売上,,,,,,,,,,,,,,,,,,,,,,,,,,,,,,,,,,,,,,,,,,,,,,,,,,,,,,
20210531,116,,,,000,共通部門,152,売掛金,19,株式会社南風商会,00,,1012572,0,,030,名古屋支店,511,売上高,,,B5,,1012572,92052,5月1日～5月31日分売上,,,,,,,,,,,,,,,,,,,,,,,,,,,,,,,,,,,,,,,,,,,,,,,,,,,,,,
20210531,116,,,,000,共通部門,152,売掛金,27,晴海物産株式会社,00,,764268,0,,030,名古屋支店,511,売上高,,,B5,,764268,69478,5月1日～5月31日分売上,,,,,,,,,,,,,,,,,,,,,,,,,,,,,,,,,,,,,,,,,,,,,,,,,,,,,,
20210531,116,,,,000,共通部門,152,売掛金,6,株式会社瑞穂流通,00,,713868,0,,030,名古屋支店,511,売上高,,,B5,,713868,64897,5月1日～5月31日分売上,,,,,,,,,,,,,,,,,,,,,,,,,,,,,,,,,,,,,,,,,,,,,,,,,,,,,,
20210531,116,,,,000,共通部門,152,売掛金,21,合同会社つばさ商店,00,,750780,0,,030,名古屋支店,511,売上高,,,B5,,750780,68252,5月1日～5月31日分売上,,,,,,,,,,,,,,,,,,,,,,,,,,,,,,,,,,,,,,,,,,,,,,,,,,,,,,
20210531,116,,,,030,名古屋支店,521,売上値引戻り高,,,C5,,74240,6749,,000,共通部門,152,売掛金,7,株式会社光彩堂商事,00,,74240,0,5月1日～5月31日分売上,,,,,,,,,,,,,,,,,,,,,,,,,,,,,,,,,,,,,,,,,,,,,,,,,,,,,,
20210531,116,,,,040,大阪支店,744,リース料,,,Q5,,84000,7636,,000,共通部門,131,普通預金,40,JKL銀行 梅田,00,,84000,0,リース料,,,,,,,,,,,,,,,,,,,,,,,,,,,,,,,,,,,,,,,,,,,,,,,,,,,,,,
20210531,117,,,,000,共通部門,152,売掛金,3,青凪商事株式会社,00,,733365,0,,040,大阪支店,511,売上高,,,B5,,733365,66669,5月1日～5月31日分売上,,,,,,,,,,,,,,,,,,,,,,,,,,,,,,,,,,,,,,,,,,,,,,,,,,,,,,
20210531,117,,,,000,共通部門,152,売掛金,9,朝凪物産株式会社,00,,806520,0,,040,大阪支店,511,売上高,,,B5,,806520,73320,5月1日～5月31日分売上,,,,,,,,,,,,,,,,,,,,,,,,,,,,,,,,,,,,,,,,,,,,,,,,,,,,,,
20210531,117,,,,000,共通部門,152,売掛金,20,清和商事株式会社,00,,871688,0,,040,大阪支店,511,売上高,,,B5,,871688,79244,5月1日～5月31日分売上,,,,,,,,,,,,,,,,,,,,,,,,,,,,,,,,,,,,,,,,,,,,,,,,,,,,,,
20210531,117,,,,000,共通部門,152,売掛金,23,株式会社杉の木商店,00,,910136,0,,040,大阪支店,511,売上高,,,B5,,910136,82739,5月1日～5月31日分売上,,,,,,,,,,,,,,,,,,,,,,,,,,,,,,,,,,,,,,,,,,,,,,,,,,,,,,
20210531,117,,,,000,共通部門,152,売掛金,28,株式会社青葉百貨店,00,,6725128,0,,040,大阪支店,511,売上高,,,B5,,6725128,611375,5月1日～5月31日分売上,,,,,,,,,,,,,,,,,,,,,,,,,,,,,,,,,,,,,,,,,,,,,,,,,,,,,,
20210531,117,,,,000,共通部門,152,売掛金,8,株式会社高原マーケット,00,,428130,0,,040,大阪支店,511,売上高,,,B5,,428130,38920,5月1日～5月31日分売上,,,,,,,,,,,,,,,,,,,,,,,,,,,,,,,,,,,,,,,,,,,,,,,,,,,,,,
20210531,117,,,,000,共通部門,152,売掛金,14,株式会社花咲商事,00,,2209402,0,,040,大阪支店,511,売上高,,,B5,,2209402,200854,5月1日～5月31日分売上,,,,,,,,,,,,,,,,,,,,,,,,,,,,,,,,,,,,,,,,,,,,,,,,,,,,,,
20210531,117,,,,000,共通部門,152,売掛金,4,株式会社ひなたマート,00,,1274640,0,,040,大阪支店,511,売上高,,,B5,,1274640,115876,5月1日～5月31日分売上,,,,,,,,,,,,,,,,,,,,,,,,,,,,,,,,,,,,,,,,,,,,,,,,,,,,,,
20210531,117,,,,040,大阪支店,521,売上値引戻り高,,,C5,,31440,2858,,000,共通部門,152,売掛金,14,株式会社花咲商事,00,,31440,0,5月1日～5月31日分売上,,,,,,,,,,,,,,,,,,,,,,,,,,,,,,,,,,,,,,,,,,,,,,,,,,,,,,
20210531,117,,,,040,大阪支店,521,売上値引戻り高,,,C5,,21600,1963,,000,共通部門,152,売掛金,20,清和商事株式会社,00,,21600,0,5月1日～5月31日分売上,,,,,,,,,,,,,,,,,,,,,,,,,,,,,,,,,,,,,,,,,,,,,,,,,,,,,,
20210531,117,,,,040,大阪支店,521,売上値引戻り高,,,C5,,18000,1636,,000,共通部門,152,売掛金,28,株式会社青葉百貨店,00,,18000,0,5月1日～5月31日分売上,,,,,,,,,,,,,,,,,,,,,,,,,,,,,,,,,,,,,,,,,,,,,,,,,,,,,,
20210531,118,,,,000,共通部門,152,売掛金,1,株式会社若葉百貨店,00,,1642082,0,,050,九州営業所,511,売上高,,,B5,,1642082,149280,5月1日～5月31日分売上,,,,,,,,,,,,,,,,,,,,,,,,,,,,,,,,,,,,,,,,,,,,,,,,,,,,,,
20210531,118,,,,000,共通部門,152,売掛金,14,株式会社花咲商事,00,,991728,0,,050,九州営業所,511,売上高,,,B5,,991728,90157,5月1日～5月31日分売上,,,,,,,,,,,,,,,,,,,,,,,,,,,,,,,,,,,,,,,,,,,,,,,,,,,,,,
20210531,118,,,,000,共通部門,152,売掛金,22,株式会社豊原産業,00,,1295648,0,,050,九州営業所,511,売上高,,,B5,,1295648,117786,5月1日～5月31日分売上,,,,,,,,,,,,,,,,,,,,,,,,,,,,,,,,,,,,,,,,,,,,,,,,,,,,,,
20210531,118,,,,000,共通部門,152,売掛金,29,株式会社小春サービス,00,,843660,0,,050,九州営業所,511,売上高,,,B5,,843660,76696,5月1日～5月31日分売上,,,,,,,,,,,,,,,,,,,,,,,,,,,,,,,,,,,,,,,,,,,,,,,,,,,,,,
20210531,118,,,,050,九州営業所,521,売上値引戻り高,,,C5,,35200,3200,,000,共通部門,152,売掛金,14,株式会社花咲商事,00,,35200,0,5月1日～5月31日分売上,,,,,,,,,,,,,,,,,,,,,,,,,,,,,,,,,,,,,,,,,,,,,,,,,,,,,,
20210531,118,,,,050,九州営業所,521,売上値引戻り高,,,C5,,24960,2269,,000,共通部門,152,売掛金,1,株式会社若葉百貨店,00,,24960,0,5月1日～5月31日分売上,,,,,,,,,,,,,,,,,,,,,,,,,,,,,,,,,,,,,,,,,,,,,,,,,,,,,,
20210531,119,,,,000,共通部門,131,普通預金,40,JKL銀行 梅田,00,,1199928,0,,000,共通部門,152,売掛金,4,株式会社ひなたマート,00,,1199928,0,5月31日伝票No225株式会社ひなたマート,,,,,,,,,,,,,,,,,,,,,,,,,,,,,,,,,,,,,,,,,,,,,,,,,,,,,,
20210531,119,,,,040,大阪支店,741,支払手数料,,,Q5,,840,76,,000,共通部門,152,売掛金,4,株式会社ひなたマート,00,,840,0,5月31日伝票No225株式会社ひなたマート,,,,,,,,,,,,,,,,,,,,,,,,,,,,,,,,,,,,,,,,,,,,,,,,,,,,,,
20210531,120,,,,000,共通部門,131,普通預金,10,DEF銀行 駅前,00,,1535544,0,,000,共通部門,152,売掛金,5,東雲商会株式会社,00,,1535544,0,5月31日伝票No226東雲商会株式会社,,,,,,,,,,,,,,,,,,,,,,,,,,,,,,,,,,,,,,,,,,,,,,,,,,,,,,
20210531,120,,,,010,札幌営業所,741,支払手数料,,,Q5,,840,76,,000,共通部門,152,売掛金,5,東雲商会株式会社,00,,840,0,5月31日伝票No226東雲商会株式会社,,,,,,,,,,,,,,,,,,,,,,,,,,,,,,,,,,,,,,,,,,,,,,,,,,,,,,
20210531,121,,,,000,共通部門,150,受取手形,,,00,,10807778,0,,000,共通部門,152,売掛金,12,株式会社緑野百貨店,00,,10807778,0,5月31日伝票No227株式会社緑野百貨店 | 売上伝票=20210430-277;手形番号=R20210531-121-12,,,,,,,,,,,,,,,,,,,,,,,,,,,,,,,,,,,,,,,,,,,,,,,,,,,,,,
20210531,122,,,,000,共通部門,131,普通預金,20,ABC銀行 本店,00,,429402,0,,000,共通部門,152,売掛金,24,白峰商事株式会社,00,,429402,0,5月31日伝票No228白峰商事株式会社,,,,,,,,,,,,,,,,,,,,,,,,,,,,,,,,,,,,,,,,,,,,,,,,,,,,,,
20210531,122,,,,020,東京支店,741,支払手数料,,,Q5,,630,57,,000,共通部門,152,売掛金,24,白峰商事株式会社,00,,630,0,5月31日伝票No228白峰商事株式会社,,,,,,,,,,,,,,,,,,,,,,,,,,,,,,,,,,,,,,,,,,,,,,,,,,,,,,
20210531,123,,,,000,共通部門,131,普通預金,50,MNO銀行 北九州,00,,456450,0,,000,共通部門,152,売掛金,29,株式会社小春サービス,00,,456450,0,5月31日伝票No229株式会社小春サービス,,,,,,,,,,,,,,,,,,,,,,,,,,,,,,,,,,,,,,,,,,,,,,,,,,,,,,
20210531,123,,,,050,九州営業所,741,支払手数料,,,Q5,,210,19,,000,共通部門,152,売掛金,29,株式会社小春サービス,00,,210,0,5月31日伝票No229株式会社小春サービス,,,,,,,,,,,,,,,,,,,,,,,,,,,,,,,,,,,,,,,,,,,,,,,,,,,,,,
20210531,124,,,,000,共通部門,111,現金,,,00,,359744,0,,000,共通部門,152,売掛金,10,合同会社こもれび商事,00,,359744,0,5月31日伝票No451合同会社こもれび商事,,,,,,,,,,,,,,,,,,,,,,,,,,,,,,,,,,,,,,,,,,,,,,,,,,,,,,
20210531,125,,,,010,札幌営業所,541,商品仕入高,,,Q5,,72576,6597,,000,共通部門,312,買掛金,8,株式会社白樺商事,00,,72576,0,5月1日～5月31日分仕入,,,,,,,,,,,,,,,,,,,,,,,,,,,,,,,,,,,,,,,,,,,,,,,,,,,,,,
20210531,125,,,,010,札幌営業所,541,商品仕入高,,,Q5,,135474,12315,,000,共通部門,312,買掛金,2,株式会社双葉物産,00,,135474,0,5月1日～5月31日分仕入,,,,,,,,,,,,,,,,,,,,,,,,,,,,,,,,,,,,,,,,,,,,,,,,,,,,,,
20210531,126,,,,020,東京支店,541,商品仕入高,,,Q5,,4270793,388253,,000,共通部門,312,買掛金,11,株式会社花園商会,00,,4270793,0,5月1日～5月31日分仕入,,,,,,,,,,,,,,,,,,,,,,,,,,,,,,,,,,,,,,,,,,,,,,,,,,,,,,
20210531,126,,,,020,東京支店,541,商品仕入高,,,Q5,,6139435,558130,,000,共通部門,312,買掛金,1,株式会社北辰商事,00,,6139435,0,5月1日～5月31日分仕入,,,,,,,,,,,,,,,,,,,,,,,,,,,,,,,,,,,,,,,,,,,,,,,,,,,,,,
20210531,126,,,,000,共通部門,312,買掛金,11,株式会社花園商会,00,,42386,0,,020,東京支店,551,仕入値引戻し高,,,R5,,42386,3853,5月1日～5月31日分仕入,,,,,,,,,,,,,,,,,,,,,,,,,,,,,,,,,,,,,,,,,,,,,,,,,,,,,,
20210531,126,,,,020,東京支店,541,商品仕入高,,,Q5,,2895984,263271,,000,共通部門,312,買掛金,14,合同会社あかね商会,00,,2895984,0,5月1日～5月31日分仕入,,,,,,,,,,,,,,,,,,,,,,,,,,,,,,,,,,,,,,,,,,,,,,,,,,,,,,
20210531,126,,,,020,東京支店,541,商品仕入高,,,Q5,,3107835,282530,,000,共通部門,312,買掛金,3,青凪商事株式会社,00,,3107835,0,5月1日～5月31日分仕入,,,,,,,,,,,,,,,,,,,,,,,,,,,,,,,,,,,,,,,,,,,,,,,,,,,,,,
20210531,126,,,,020,東京支店,541,商品仕入高,,,Q5,,630800,57345,,000,共通部門,312,買掛金,2,株式会社双葉物産,00,,630800,0,5月1日～5月31日分仕入,,,,,,,,,,,,,,,,,,,,,,,,,,,,,,,,,,,,,,,,,,,,,,,,,,,,,,
20210531,126,,,,020,東京支店,541,商品仕入高,,,Q5,,1291839,117439,,000,共通部門,312,買掛金,13,朝日野産業株式会社,00,,1291839,0,5月1日～5月31日分仕入,,,,,,,,,,,,,,,,,,,,,,,,,,,,,,,,,,,,,,,,,,,,,,,,,,,,,,
20210531,126,,,,020,東京支店,541,商品仕入高,,,Q5,,330220,30020,,000,共通部門,312,買掛金,12,株式会社泉川商事,00,,330220,0,5月1日～5月31日分仕入,,,,,,,,,,,,,,,,,,,,,,,,,,,,,,,,,,,,,,,,,,,,,,,,,,,,,,
20210531,126,,,,020,東京支店,541,商品仕入高,,,Q5,,140313,12755,,000,共通部門,312,買掛金,8,株式会社白樺商事,00,,140313,0,5月1日～5月31日分仕入,,,,,,,,,,,,,,,,,,,,,,,,,,,,,,,,,,,,,,,,,,,,,,,,,,,,,,
20210531,126,,,,000,共通部門,312,買掛金,3,青凪商事株式会社,00,,81144,0,,020,東京支店,551,仕入値引戻し高,,,R5,,81144,7376,5月1日～5月31日分仕入,,,,,,,,,,,,,,,,,,,,,,,,,,,,,,,,,,,,,,,,,,,,,,,,,,,,,,
20210531,127,,,,030,名古屋支店,541,商品仕入高,,,Q5,,3549759,322705,,000,共通部門,312,買掛金,7,株式会社夕凪商会,00,,3549759,0,5月1日～5月31日分仕入,,,,,,,,,,,,,,,,,,,,,,,,,,,,,,,,,,,,,,,,,,,,,,,,,,,,,,
20210531,127,,,,030,名古屋支店,541,商品仕入高,,,Q5,,1772046,161095,,000,共通部門,312,買掛金,9,東原産業株式会社,00,,1772046,0,5月1日～5月31日分仕入,,,,,,,,,,,,,,,,,,,,,,,,,,,,,,,,,,,,,,,,,,,,,,,,,,,,,,
20210531,127,,,,030,名古屋支店,541,商品仕入高,,,Q5,,1154355,104941,,000,共通部門,312,買掛金,15,株式会社麦穂商事,00,,1154355,0,5月1日～5月31日分仕入,,,,,,,,,,,,,,,,,,,,,,,,,,,,,,,,,,,,,,,,,,,,,,,,,,,,,,
20210531,127,,,,000,共通部門,312,買掛金,9,東原産業株式会社,00,,12903,0,,030,名古屋支店,551,仕入値引戻し高,,,R5,,12903,1173,5月1日～5月31日分仕入,,,,,,,,,,,,,,,,,,,,,,,,,,,,,,,,,,,,,,,,,,,,,,,,,,,,,,
20210531,127,,,,000,共通部門,312,買掛金,7,株式会社夕凪商会,00,,17337,0,,030,名古屋支店,551,仕入値引戻し高,,,R5,,17337,1576,5月1日～5月31日分仕入,,,,,,,,,,,,,,,,,,,,,,,,,,,,,,,,,,,,,,,,,,,,,,,,,,,,,,
20210531,127,,,,030,名古屋支店,541,商品仕入高,,,Q5,,190510,17319,,000,共通部門,312,買掛金,2,株式会社双葉物産,00,,190510,0,5月1日～5月31日分仕入,,,,,,,,,,,,,,,,,,,,,,,,,,,,,,,,,,,,,,,,,,,,,,,,,,,,,,
20210531,128,,,,040,大阪支店,541,商品仕入高,,,Q5,,3030717,275519,,000,共通部門,312,買掛金,10,光野販売株式会社,00,,3030717,0,5月1日～5月31日分仕入,,,,,,,,,,,,,,,,,,,,,,,,,,,,,,,,,,,,,,,,,,,,,,,,,,,,,,
20210531,128,,,,040,大阪支店,541,商品仕入高,,,Q5,,3530262,320932,,000,共通部門,312,買掛金,6,株式会社日向産業,00,,3530262,0,5月1日～5月31日分仕入,,,,,,,,,,,,,,,,,,,,,,,,,,,,,,,,,,,,,,,,,,,,,,,,,,,,,,
20210531,128,,,,040,大阪支店,541,商品仕入高,,,Q5,,3744310,340391,,000,共通部門,312,買掛金,5,千草商事株式会社,00,,3744310,0,5月1日～5月31日分仕入,,,,,,,,,,,,,,,,,,,,,,,,,,,,,,,,,,,,,,,,,,,,,,,,,,,,,,
20210531,128,,,,040,大阪支店,541,商品仕入高,,,Q5,,926133,84193,,000,共通部門,312,買掛金,4,株式会社和泉流通,00,,926133,0,5月1日～5月31日分仕入,,,,,,,,,,,,,,,,,,,,,,,,,,,,,,,,,,,,,,,,,,,,,,,,,,,,,,
20210531,128,,,,040,大阪支店,541,商品仕入高,,,Q5,,169344,15394,,000,共通部門,312,買掛金,8,株式会社白樺商事,00,,169344,0,5月1日～5月31日分仕入,,,,,,,,,,,,,,,,,,,,,,,,,,,,,,,,,,,,,,,,,,,,,,,,,,,,,,
20210531,128,,,,000,共通部門,312,買掛金,10,光野販売株式会社,00,,56044,0,,040,大阪支店,551,仕入値引戻し高,,,R5,,56044,5094,5月1日～5月31日分仕入,,,,,,,,,,,,,,,,,,,,,,,,,,,,,,,,,,,,,,,,,,,,,,,,,,,,,,
20210531,128,,,,040,大阪支店,541,商品仕入高,,,Q5,,283648,25786,,000,共通部門,312,買掛金,2,株式会社双葉物産,00,,283648,0,5月1日～5月31日分仕入,,,,,,,,,,,,,,,,,,,,,,,,,,,,,,,,,,,,,,,,,,,,,,,,,,,,,,
20210531,128,,,,000,共通部門,312,買掛金,5,千草商事株式会社,00,,22176,0,,040,大阪支店,551,仕入値引戻し高,,,R5,,22176,2016,5月1日～5月31日分仕入,,,,,,,,,,,,,,,,,,,,,,,,,,,,,,,,,,,,,,,,,,,,,,,,,,,,,,
20210531,129,,,,050,九州営業所,541,商品仕入高,,,Q5,,24192,2199,,000,共通部門,312,買掛金,8,株式会社白樺商事,00,,24192,0,5月1日～5月31日分仕入,,,,,,,,,,,,,,,,,,,,,,,,,,,,,,,,,,,,,,,,,,,,,,,,,,,,,,
20210531,129,,,,050,九州営業所,541,商品仕入高,,,Q5,,55036,5003,,000,共通部門,312,買掛金,2,株式会社双葉物産,00,,55036,0,5月1日～5月31日分仕入,,,,,,,,,,,,,,,,,,,,,,,,,,,,,,,,,,,,,,,,,,,,,,,,,,,,,,
20210531,130,,,,000,共通部門,312,買掛金,2,株式会社双葉物産,00,,1115850,0,,000,共通部門,131,普通預金,20,ABC銀行 本店,00,,1115850,0,5月31日伝票No146株式会社双葉物産,,,,,,,,,,,,,,,,,,,,,,,,,,,,,,,,,,,,,,,,,,,,,,,,,,,,,,
20210531,131,,,,000,共通部門,312,買掛金,5,千草商事株式会社,00,,3424012,0,,000,共通部門,301,支払手形,,,00,,3424012,0,5月31日伝票No147千草商事株式会社,,,,,,,,,,,,,,,,,,,,,,,,,,,,,,,,,,,,,,,,,,,,,,,,,,,,,,
20210531,132,,,,000,共通部門,312,買掛金,7,株式会社夕凪商会,00,,3387545,0,,000,共通部門,131,普通預金,20,ABC銀行 本店,00,,3387545,0,5月31日伝票No148株式会社夕凪商会,,,,,,,,,,,,,,,,,,,,,,,,,,,,,,,,,,,,,,,,,,,,,,,,,,,,,,
20210531,133,,,,000,共通部門,312,買掛金,9,東原産業株式会社,00,,1721312,0,,000,共通部門,301,支払手形,,,00,,1721312,0,5月31日伝票No149東原産業株式会社,,,,,,,,,,,,,,,,,,,,,,,,,,,,,,,,,,,,,,,,,,,,,,,,,,,,,,
20210531,134,,,,000,共通部門,312,買掛金,10,光野販売株式会社,00,,2857406,0,,000,共通部門,131,普通預金,20,ABC銀行 本店,00,,2857406,0,5月31日伝票No150光野販売株式会社,,,,,,,,,,,,,,,,,,,,,,,,,,,,,,,,,,,,,,,,,,,,,,,,,,,,,,
20210531,135,,,,000,共通部門,312,買掛金,12,株式会社泉川商事,00,,322812,0,,000,共通部門,131,普通預金,20,ABC銀行 本店,00,,322812,0,5月31日伝票No151株式会社泉川商事,,,,,,,,,,,,,,,,,,,,,,,,,,,,,,,,,,,,,,,,,,,,,,,,,,,,,,
20210531,136,,,,000,共通部門,312,買掛金,13,朝日野産業株式会社,00,,1985810,0,,000,共通部門,131,普通預金,20,ABC銀行 本店,00,,1985810,0,5月31日伝票No152朝日野産業株式会社,,,,,,,,,,,,,,,,,,,,,,,,,,,,,,,,,,,,,,,,,,,,,,,,,,,,,,
20210531,137,,,,000,共通部門,312,買掛金,14,合同会社あかね商会,00,,2584863,0,,000,共通部門,131,普通預金,20,ABC銀行 本店,00,,2584863,0,5月31日伝票No153合同会社あかね商会,,,,,,,,,,,,,,,,,,,,,,,,,,,,,,,,,,,,,,,,,,,,,,,,,,,,,,
20210531,138,,,,000,共通部門,312,買掛金,15,株式会社麦穂商事,00,,1096398,0,,000,共通部門,131,普通預金,20,ABC銀行 本店,00,,1096398,0,5月31日伝票No154株式会社麦穂商事,,,,,,,,,,,,,,,,,,,,,,,,,,,,,,,,,,,,,,,,,,,,,,,,,,,,,,
20210531,138,,,,000,共通部門,121,当座預金,1,ABC銀行,00,,13153880,0,,000,共通部門,150,受取手形,,,00,,13153880,0,手形満期 株式会社桜丘百貨店 | 仮手形番号=U20210531-138-2;受取仕訳未特定,,,,,,,,,,,,,,,,,,,,,,,,,,,,,,,,,,,,,,,,,,,,,,,,,,,,,,
20210531,139,,,,000,共通部門,121,当座預金,1,ABC銀行,00,,7756692,0,,000,共通部門,150,受取手形,,,00,,7756692,0,手形満期 株式会社青葉百貨店 | 仮手形番号=U20210531-139-28;受取仕訳未特定,,,,,,,,,,,,,,,,,,,,,,,,,,,,,,,,,,,,,,,,,,,,,,,,,,,,,,
20210531,140,,,,000,共通部門,301,支払手形,,,00,,3512659,0,,000,共通部門,121,当座預金,1,ABC銀行,00,,3512659,0,手形期日落日 千草商事株式会社,,,,,,,,,,,,,,,,,,,,,,,,,,,,,,,,,,,,,,,,,,,,,,,,,,,,,,
20210531,140,,,,000,共通部門,301,支払手形,,,00,,1647815,0,,000,共通部門,121,当座預金,1,ABC銀行,00,,1647815,0,手形期日落日 東原産業株式会社,,,,,,,,,,,,,,,,,,,,,,,,,,,,,,,,,,,,,,,,,,,,,,,,,,,,,,
20210531,140,,,,000,共通部門,301,支払手形,,,00,,3005608,0,,000,共通部門,121,当座預金,1,ABC銀行,00,,3005608,0,手形期日落日 光野販売株式会社,,,,,,,,,,,,,,,,,,,,,,,,,,,,,,,,,,,,,,,,,,,,,,,,,,,,,,
20210531,145,,,,050,九州営業所,731,運賃,,,Q5,,170900,15536,,000,共通部門,322,未払金,,,00,,170900,0,運賃,,,,,,,,,,,,,,,,,,,,,,,,,,,,,,,,,,,,,,,,,,,,,,,,,,,,,,
20210531,147,,,,000,共通部門,131,普通預金,20,ABC銀行 本店,00,,40000,0,,000,共通部門,183,短期貸付金,,,00,,40000,0,貸付金返済,,,,,,,,,,,,,,,,,,,,,,,,,,,,,,,,,,,,,,,,,,,,,,,,,,,,,,
20210531,151,,,,000,共通部門,327,未払事業税等,,,00,,1862000,0,,000,共通部門,131,普通預金,20,ABC銀行 本店,00,,9673478,0,事業税等支払,,,,,,,,,,,,,,,,,,,,,,,,,,,,,,,,,,,,,,,,,,,,,,,,,,,,,,
20210531,151,,,,000,共通部門,328,未払法人税等,,,00,,2864378,0,,,,,,,,,,,,法人税支払,,,,,,,,,,,,,,,,,,,,,,,,,,,,,,,,,,,,,,,,,,,,,,,,,,,,,,
20210531,151,,,,000,共通部門,336,未払消費税等,,,00,,4947100,0,,,,,,,,,,,,消費税支払,,,,,,,,,,,,,,,,,,,,,,,,,,,,,,,,,,,,,,,,,,,,,,,,,,,,,,
20210531,152,,,,000,共通部門,148,定期積金,,,00,,500000,0,,000,共通部門,131,普通預金,20,ABC銀行 本店,00,,625000,0,定期積立金,,,,,,,,,,,,,,,,,,,,,,,,,,,,,,,,,,,,,,,,,,,,,,,,,,,,,,
20210531,152,,,,000,共通部門,248,保険積立金,,,00,,125000,0,,,,,,,,,,,,保険積立金,,,,,,,,,,,,,,,,,,,,,,,,,,,,,,,,,,,,,,,,,,,,,,,,,,,,,,
20210531,153,,,,000,共通部門,321,短期借入金,,,00,,653500,0,,000,共通部門,121,当座預金,1,ABC銀行,00,,686175,0,借入金返済,,,,,,,,,,,,,,,,,,,,,,,,,,,,,,,,,,,,,,,,,,,,,,,,,,,,,,
20210531,153,,,,020,東京支店,821,支払利息,,,P0,,32675,0,,,,,,,,,,,,利息,,,,,,,,,,,,,,,,,,,,,,,,,,,,,,,,,,,,,,,,,,,,,,,,,,,,,,
20210531,154,,,,040,大阪支店,733,交際接待費,,,Q5,,12000,1090,,000,共通部門,322,未払金,,,00,,22000,0,お花代,,,,,,,,,,,,,,,,,,,,,,,,,,,,,,,,,,,,,,,,,,,,,,,,,,,,,,
20210531,154,,,,040,大阪支店,733,交際接待費,,,Q5,,10000,909,,,,,,,,,,,,香典代,,,,,,,,,,,,,,,,,,,,,,,,,,,,,,,,,,,,,,,,,,,,,,,,,,,,,,
20210531,155,,,,000,共通部門,131,普通預金,20,ABC銀行 本店,00,,3000000,0,,000,共通部門,121,当座預金,1,ABC銀行,00,,3000000,0,資金移動,,,,,,,,,,,,,,,,,,,,,,,,,,,,,,,,,,,,,,,,,,,,,,,,,,,,,,
20210531,208,,,,000,共通部門,326,預り金,1,保険料,00,,754807,0,,000,共通部門,131,普通預金,20,ABC銀行 本店,00,,1519292,0,保険料預かり分,,,,,,,,,,,,,,,,,,,,,,,,,,,,,,,,,,,,,,,,,,,,,,,,,,,,,,
20210531,208,,,,020,東京支店,723,法定福利費,,,P0,,111192,0,,,,,,,,,,,,保険料　事業主負担分,,,,,,,,,,,,,,,,,,,,,,,,,,,,,,,,,,,,,,,,,,,,,,,,,,,,,,
20210531,208,,,,020,東京支店,723,法定福利費,,,P0,,236635,0,,,,,,,,,,,,保険料　事業主負担分,,,,,,,,,,,,,,,,,,,,,,,,,,,,,,,,,,,,,,,,,,,,,,,,,,,,,,
20210531,208,,,,010,札幌営業所,723,法定福利費,,,P0,,100704,0,,,,,,,,,,,,保険料　事業主負担分,,,,,,,,,,,,,,,,,,,,,,,,,,,,,,,,,,,,,,,,,,,,,,,,,,,,,,
20210531,208,,,,030,名古屋支店,723,法定福利費,,,P0,,92652,0,,,,,,,,,,,,保険料　事業主負担分,,,,,,,,,,,,,,,,,,,,,,,,,,,,,,,,,,,,,,,,,,,,,,,,,,,,,,
20210531,208,,,,040,大阪支店,723,法定福利費,,,P0,,147385,0,,,,,,,,,,,,保険料　事業主負担分,,,,,,,,,,,,,,,,,,,,,,,,,,,,,,,,,,,,,,,,,,,,,,,,,,,,,,
20210531,208,,,,050,九州営業所,723,法定福利費,,,P0,,66245,0,,,,,,,,,,,,保険料　事業主負担分,,,,,,,,,,,,,,,,,,,,,,,,,,,,,,,,,,,,,,,,,,,,,,,,,,,,,,
20210531,208,,,,020,東京支店,723,法定福利費,,,P0,,9672,0,,,,,,,,,,,,児童拠出金　事業主負担分,,,,,,,,,,,,,,,,,,,,,,,,,,,,,,,,,,,,,,,,,,,,,,,,,,,,,,
20210531,990002,,,,010,札幌営業所,713,賞与,,,00,,110000,0,,010,札幌営業所,337,賞与引当金,,,00,,110000,0,サンプル定義：賞与半年均等引当 202105 部門010,,,,,,,,,,,,,,,,,,,,,,,,,,,,,,,,,,,,,,,,,,,,,,,,,,,,,,
20210531,990002,,,,020,東京支店,713,賞与,,,00,,261666,0,,020,東京支店,337,賞与引当金,,,00,,261666,0,サンプル定義：賞与半年均等引当 202105 部門020,,,,,,,,,,,,,,,,,,,,,,,,,,,,,,,,,,,,,,,,,,,,,,,,,,,,,,
20210531,990002,,,,030,名古屋支店,713,賞与,,,00,,102666,0,,030,名古屋支店,337,賞与引当金,,,00,,102666,0,サンプル定義：賞与半年均等引当 202105 部門030,,,,,,,,,,,,,,,,,,,,,,,,,,,,,,,,,,,,,,,,,,,,,,,,,,,,,,
20210531,990002,,,,040,大阪支店,713,賞与,,,00,,120334,0,,040,大阪支店,337,賞与引当金,,,00,,120334,0,サンプル定義：賞与半年均等引当 202105 部門040,,,,,,,,,,,,,,,,,,,,,,,,,,,,,,,,,,,,,,,,,,,,,,,,,,,,,,
20210531,990002,,,,050,九州営業所,713,賞与,,,00,,79000,0,,050,九州営業所,337,賞与引当金,,,00,,79000,0,サンプル定義：賞与半年均等引当 202105 部門050,,,,,,,,,,,,,,,,,,,,,,,,,,,,,,,,,,,,,,,,,,,,,,,,,,,,,,
20210601,94,,,,030,名古屋支店,791,雑費,,,Q5,,3150,286,,000,共通部門,111,現金,,,00,,3150,0,お茶代,,,,,,,,,,,,,,,,,,,,,,,,,,,,,,,,,,,,,,,,,,,,,,,,,,,,,,
20210601,106,,,,040,大阪支店,733,交際接待費,,,Q5,,7267,660,,000,共通部門,111,現金,,,00,,27896,0,食事代 架空店舗006 4名,,,,,,,,,,,,,,,,,,,,,,,,,,,,,,,,,,,,,,,,,,,,,,,,,,,,,,
20210601,106,,,,040,大阪支店,733,交際接待費,,,Q5,,20629,1875,,,,,,,,,,,,飲食代 架空店舗022,,,,,,,,,,,,,,,,,,,,,,,,,,,,,,,,,,,,,,,,,,,,,,,,,,,,,,
20210601,147,,,,050,九州営業所,740,車両費,,,Q5,,5416,492,,000,共通部門,322,未払金,,,00,,5988,0,ガソリン代,,,,,,,,,,,,,,,,,,,,,,,,,,,,,,,,,,,,,,,,,,,,,,,,,,,,,,
20210601,147,,,,050,九州営業所,740,車両費,,,Q5,,572,52,,,,,,,,,,,,高速代,,,,,,,,,,,,,,,,,,,,,,,,,,,,,,,,,,,,,,,,,,,,,,,,,,,,,,
20210602,10,,,,010,札幌営業所,740,車両費,,,Q5,,4224,384,,000,共通部門,111,現金,,,00,,4224,0,ガソリン代,,,,,,,,,,,,,,,,,,,,,,,,,,,,,,,,,,,,,,,,,,,,,,,,,,,,,,
20210602,18,,,,010,札幌営業所,726,旅費交通費,,,Q5,,21700,1972,,000,共通部門,111,現金,,,00,,21700,0,旅費,,,,,,,,,,,,,,,,,,,,,,,,,,,,,,,,,,,,,,,,,,,,,,,,,,,,,,
20210602,42,,,,020,東京支店,733,交際接待費,,,Q5,,3420,310,,000,共通部門,111,現金,,,00,,3420,0,昼食代 架空店舗066 3名,,,,,,,,,,,,,,,,,,,,,,,,,,,,,,,,,,,,,,,,,,,,,,,,,,,,,,
20210602,56,,,,020,東京支店,726,旅費交通費,,,Q5,,32600,2963,,000,共通部門,111,現金,,,00,,32600,0,旅費,,,,,,,,,,,,,,,,,,,,,,,,,,,,,,,,,,,,,,,,,,,,,,,,,,,,,,
20210602,77,,,,010,札幌営業所,733,交際接待費,,,Q5,,6800,618,,000,共通部門,111,現金,,,00,,6800,0,ゴルフプレー代,,,,,,,,,,,,,,,,,,,,,,,,,,,,,,,,,,,,,,,,,,,,,,,,,,,,,,
20210604,19,,,,010,札幌営業所,726,旅費交通費,,,Q5,,15000,1363,,000,共通部門,111,現金,,,00,,15000,0,旅費,,,,,,,,,,,,,,,,,,,,,,,,,,,,,,,,,,,,,,,,,,,,,,,,,,,,,,
20210604,161,,,,050,九州営業所,726,旅費交通費,,,Q5,,7500,681,,000,共通部門,111,現金,,,00,,7500,0,旅費,,,,,,,,,,,,,,,,,,,,,,,,,,,,,,,,,,,,,,,,,,,,,,,,,,,,,,
20210605,94,,,,000,共通部門,131,普通預金,50,MNO銀行 北九州,00,,1295176,0,,000,共通部門,152,売掛金,22,株式会社豊原産業,00,,1295176,0,6月5日伝票No230株式会社豊原産業,,,,,,,,,,,,,,,,,,,,,,,,,,,,,,,,,,,,,,,,,,,,,,,,,,,,,,
20210605,94,,,,050,九州営業所,741,支払手数料,,,Q5,,472,42,,000,共通部門,152,売掛金,22,株式会社豊原産業,00,,472,0,6月5日伝票No230株式会社豊原産業,,,,,,,,,,,,,,,,,,,,,,,,,,,,,,,,,,,,,,,,,,,,,,,,,,,,,,
20210605,95,,,,000,共通部門,131,普通預金,20,ABC銀行 本店,00,,1130472,0,,000,共通部門,152,売掛金,26,若松販売株式会社,00,,1130472,0,6月5日伝票No231若松販売株式会社,,,,,,,,,,,,,,,,,,,,,,,,,,,,,,,,,,,,,,,,,,,,,,,,,,,,,,
20210605,95,,,,020,東京支店,741,支払手数料,,,Q5,,472,42,,000,共通部門,152,売掛金,26,若松販売株式会社,00,,472,0,6月5日伝票No231若松販売株式会社,,,,,,,,,,,,,,,,,,,,,,,,,,,,,,,,,,,,,,,,,,,,,,,,,,,,,,
20210605,96,,,,000,共通部門,131,普通預金,30,GHI銀行 名古屋,00,,764268,0,,000,共通部門,152,売掛金,27,晴海物産株式会社,00,,764268,0,6月5日伝票No232晴海物産株式会社,,,,,,,,,,,,,,,,,,,,,,,,,,,,,,,,,,,,,,,,,,,,,,,,,,,,,,
20210605,133,,,,020,東京支店,746,支払報酬,,,Q5,,139710,12700,,000,共通部門,131,普通預金,20,ABC銀行 本店,00,,139710,0,税理士報酬,,,,,,,,,,,,,,,,,,,,,,,,,,,,,,,,,,,,,,,,,,,,,,,,,,,,,,
20210606,20,,,,010,札幌営業所,726,旅費交通費,,,Q5,,41000,3727,,000,共通部門,111,現金,,,00,,41000,0,航空券代,,,,,,,,,,,,,,,,,,,,,,,,,,,,,,,,,,,,,,,,,,,,,,,,,,,,,,
20210606,84,,,,030,名古屋支店,727,通信費,,,Q5,,4000,363,,000,共通部門,111,現金,,,00,,4000,0,切手代,,,,,,,,,,,,,,,,,,,,,,,,,,,,,,,,,,,,,,,,,,,,,,,,,,,,,,
20210606,110,,,,040,大阪支店,726,旅費交通費,,,Q5,,2290,208,,000,共通部門,111,現金,,,00,,2290,0,タクシー代,,,,,,,,,,,,,,,,,,,,,,,,,,,,,,,,,,,,,,,,,,,,,,,,,,,,,,
20210606,122,,,,040,大阪支店,727,通信費,,,Q5,,1050,95,,000,共通部門,111,現金,,,00,,1050,0,証明書発行手数料,,,,,,,,,,,,,,,,,,,,,,,,,,,,,,,,,,,,,,,,,,,,,,,,,,,,,,
20210606,142,,,,040,大阪支店,740,車両費,,,Q5,,6267,569,,000,共通部門,111,現金,,,00,,9459,0,ガソリン代,,,,,,,,,,,,,,,,,,,,,,,,,,,,,,,,,,,,,,,,,,,,,,,,,,,,,,
20210606,142,,,,040,大阪支店,740,車両費,,,Q5,,1572,142,,,,,,,,,,,,高速代,,,,,,,,,,,,,,,,,,,,,,,,,,,,,,,,,,,,,,,,,,,,,,,,,,,,,,
20210606,142,,,,040,大阪支店,740,車両費,,,Q5,,620,56,,,,,,,,,,,,駐車代,,,,,,,,,,,,,,,,,,,,,,,,,,,,,,,,,,,,,,,,,,,,,,,,,,,,,,
20210606,142,,,,040,大阪支店,740,車両費,,,Q5,,1000,90,,,,,,,,,,,,洗車代,,,,,,,,,,,,,,,,,,,,,,,,,,,,,,,,,,,,,,,,,,,,,,,,,,,,,,
20210607,22,,,,010,札幌営業所,726,旅費交通費,,,Q5,,50000,4545,,000,共通部門,111,現金,,,00,,50000,0,旅費,,,,,,,,,,,,,,,,,,,,,,,,,,,,,,,,,,,,,,,,,,,,,,,,,,,,,,
20210607,58,,,,020,東京支店,726,旅費交通費,,,Q5,,70000,6363,,000,共通部門,111,現金,,,00,,70000,0,旅費,,,,,,,,,,,,,,,,,,,,,,,,,,,,,,,,,,,,,,,,,,,,,,,,,,,,,,
20210607,69,,,,020,東京支店,791,雑費,,,Q5,,1332,121,,000,共通部門,111,現金,,,00,,3090,0,電池代,,,,,,,,,,,,,,,,,,,,,,,,,,,,,,,,,,,,,,,,,,,,,,,,,,,,,,
20210607,69,,,,020,東京支店,791,雑費,,,Q5,,1758,159,,,,,,,,,,,,洗剤等,,,,,,,,,,,,,,,,,,,,,,,,,,,,,,,,,,,,,,,,,,,,,,,,,,,,,,
20210607,78,,,,010,札幌営業所,733,交際接待費,,,Q5,,12600,1145,,000,共通部門,111,現金,,,00,,12600,0,ゴルフプレー代,,,,,,,,,,,,,,,,,,,,,,,,,,,,,,,,,,,,,,,,,,,,,,,,,,,,,,
20210607,141,,,,040,大阪支店,726,旅費交通費,,,Q5,,16000,1454,,000,共通部門,111,現金,,,00,,16000,0,架空鉄道会社A代,,,,,,,,,,,,,,,,,,,,,,,,,,,,,,,,,,,,,,,,,,,,,,,,,,,,,,
20210608,50,,,,020,東京支店,740,車両費,,,Q5,,1200,109,,000,共通部門,111,現金,,,00,,1200,0,高速代,,,,,,,,,,,,,,,,,,,,,,,,,,,,,,,,,,,,,,,,,,,,,,,,,,,,,,
20210608,85,,,,030,名古屋支店,726,旅費交通費,,,Q5,,8200,745,,000,共通部門,111,現金,,,00,,8200,0,旅費,,,,,,,,,,,,,,,,,,,,,,,,,,,,,,,,,,,,,,,,,,,,,,,,,,,,,,
20210608,149,,,,030,名古屋支店,733,交際接待費,,,Q5,,1260,114,,000,共通部門,111,現金,,,00,,1260,0,コーヒー代,,,,,,,,,,,,,,,,,,,,,,,,,,,,,,,,,,,,,,,,,,,,,,,,,,,,,,
20210609,33,,,,010,札幌営業所,747,地代家賃,,,Q5,,320000,29090,,000,共通部門,131,普通預金,10,DEF銀行 駅前,00,,320000,0,家賃支払い,,,,,,,,,,,,,,,,,,,,,,,,,,,,,,,,,,,,,,,,,,,,,,,,,,,,,,
20210609,33,,,,010,札幌営業所,727,通信費,,,Q5,,123450,11222,,000,共通部門,131,普通預金,10,DEF銀行 駅前,00,,123450,0,電話代,,,,,,,,,,,,,,,,,,,,,,,,,,,,,,,,,,,,,,,,,,,,,,,,,,,,,,
20210609,70,,,,020,東京支店,747,地代家賃,,,Q5,,1260000,114545,,000,共通部門,131,普通預金,20,ABC銀行 本店,00,,1260000,0,家賃支払,,,,,,,,,,,,,,,,,,,,,,,,,,,,,,,,,,,,,,,,,,,,,,,,,,,,,,
20210609,71,,,,040,大阪支店,747,地代家賃,,,Q5,,840000,76363,,000,共通部門,131,普通預金,40,JKL銀行 梅田,00,,840000,0,家賃支払,,,,,,,,,,,,,,,,,,,,,,,,,,,,,,,,,,,,,,,,,,,,,,,,,,,,,,
20210609,112,,,,040,大阪支店,727,通信費,,,Q5,,215577,19597,,000,共通部門,131,普通預金,40,JKL銀行 梅田,00,,215577,0,電話代,,,,,,,,,,,,,,,,,,,,,,,,,,,,,,,,,,,,,,,,,,,,,,,,,,,,,,
20210609,129,,,,030,名古屋支店,747,地代家賃,,,Q5,,399000,36272,,000,共通部門,131,普通預金,30,GHI銀行 名古屋,00,,399000,0,家賃支払い,,,,,,,,,,,,,,,,,,,,,,,,,,,,,,,,,,,,,,,,,,,,,,,,,,,,,,
20210609,167,,,,050,九州営業所,747,地代家賃,,,Q5,,630000,57272,,000,共通部門,131,普通預金,50,MNO銀行 北九州,00,,630000,0,家賃支払い,,,,,,,,,,,,,,,,,,,,,,,,,,,,,,,,,,,,,,,,,,,,,,,,,,,,,,
20210609,167,,,,050,九州営業所,727,通信費,,,Q5,,149355,13577,,000,共通部門,131,普通預金,50,MNO銀行 北九州,00,,149355,0,電話代,,,,,,,,,,,,,,,,,,,,,,,,,,,,,,,,,,,,,,,,,,,,,,,,,,,,,,
20210610,21,,,,010,札幌営業所,726,旅費交通費,,,Q5,,64580,5870,,000,共通部門,111,現金,,,00,,64580,0,架空鉄道会社A代,,,,,,,,,,,,,,,,,,,,,,,,,,,,,,,,,,,,,,,,,,,,,,,,,,,,,,
20210610,44,,,,020,東京支店,733,交際接待費,,,Q5,,1260,114,,000,共通部門,111,現金,,,00,,1260,0,コーヒー代2名,,,,,,,,,,,,,,,,,,,,,,,,,,,,,,,,,,,,,,,,,,,,,,,,,,,,,,
20210610,57,,,,020,東京支店,726,旅費交通費,,,Q5,,65870,5988,,000,共通部門,111,現金,,,00,,65870,0,架空鉄道会社A代,,,,,,,,,,,,,,,,,,,,,,,,,,,,,,,,,,,,,,,,,,,,,,,,,,,,,,
20210610,64,,,,000,共通部門,111,現金,,,00,,1000000,0,,000,共通部門,121,当座預金,1,ABC銀行,00,,1000000,0,引き出し,,,,,,,,,,,,,,,,,,,,,,,,,,,,,,,,,,,,,,,,,,,,,,,,,,,,,,
20210610,68,,,,000,共通部門,326,預り金,3,源泉税,00,,258593,0,,000,共通部門,131,普通預金,20,ABC銀行 本店,00,,720893,0,源泉税支払,,,,,,,,,,,,,,,,,,,,,,,,,,,,,,,,,,,,,,,,,,,,,,,,,,,,,,
20210610,68,,,,000,共通部門,326,預り金,2,住民税,00,,462300,0,,,,,,,,,,,,住民税支払,,,,,,,,,,,,,,,,,,,,,,,,,,,,,,,,,,,,,,,,,,,,,,,,,,,,,,
20210610,72,,,,010,札幌営業所,791,雑費,,,Q5,,5000,454,,000,共通部門,322,未払金,,,00,,39286,0,有線,,,,,,,,,,,,,,,,,,,,,,,,,,,,,,,,,,,,,,,,,,,,,,,,,,,,,,
20210610,72,,,,010,札幌営業所,791,雑費,,,Q5,,34286,3116,,,,,,,,,,,,警備料,,,,,,,,,,,,,,,,,,,,,,,,,,,,,,,,,,,,,,,,,,,,,,,,,,,,,,
20210610,76,,,,020,東京支店,724,福利厚生費,,,Q5,,12500,1136,,000,共通部門,322,未払金,,,00,,12500,0,社員夜食代,,,,,,,,,,,,,,,,,,,,,,,,,,,,,,,,,,,,,,,,,,,,,,,,,,,,,,
20210610,85,,,,030,名古屋支店,727,通信費,,,Q5,,76546,6958,,000,共通部門,131,普通預金,30,GHI銀行 名古屋,00,,76546,0,電話代,,,,,,,,,,,,,,,,,,,,,,,,,,,,,,,,,,,,,,,,,,,,,,,,,,,,,,
20210610,86,,,,030,名古屋支店,726,旅費交通費,,,Q5,,5050,459,,000,共通部門,111,現金,,,00,,5050,0,タクシー代,,,,,,,,,,,,,,,,,,,,,,,,,,,,,,,,,,,,,,,,,,,,,,,,,,,,,,
20210610,97,,,,000,共通部門,131,普通預金,30,GHI銀行 名古屋,00,,1011837,0,,000,共通部門,152,売掛金,19,株式会社南風商会,00,,1011837,0,6月10日伝票No233株式会社南風商会,,,,,,,,,,,,,,,,,,,,,,,,,,,,,,,,,,,,,,,,,,,,,,,,,,,,,,
20210610,97,,,,030,名古屋支店,741,支払手数料,,,Q5,,735,66,,000,共通部門,152,売掛金,19,株式会社南風商会,00,,735,0,6月10日伝票No233株式会社南風商会,,,,,,,,,,,,,,,,,,,,,,,,,,,,,,,,,,,,,,,,,,,,,,,,,,,,,,
20210610,98,,,,000,共通部門,150,受取手形,,,00,,6707128,0,,000,共通部門,152,売掛金,28,株式会社青葉百貨店,00,,6707128,0,6月10日伝票No234株式会社青葉百貨店 | 売上伝票=20210531-117;手形番号=R20210610-98-28,,,,,,,,,,,,,,,,,,,,,,,,,,,,,,,,,,,,,,,,,,,,,,,,,,,,,,
20210610,99,,,,000,共通部門,312,買掛金,3,青凪商事株式会社,00,,733365,0,,000,共通部門,152,売掛金,3,青凪商事株式会社,00,,733365,0,6月10日伝票No474青凪商事株式会社,,,,,,,,,,,,,,,,,,,,,,,,,,,,,,,,,,,,,,,,,,,,,,,,,,,,,,
20210610,100,,,,000,共通部門,131,普通預金,20,ABC銀行 本店,00,,7243522,0,,000,共通部門,152,売掛金,14,株式会社花咲商事,00,,7243522,0,6月10日伝票No496株式会社花咲商事東京本社,,,,,,,,,,,,,,,,,,,,,,,,,,,,,,,,,,,,,,,,,,,,,,,,,,,,,,
20210610,100,,,,020,東京支店,741,支払手数料,,,Q5,,840,76,,000,共通部門,152,売掛金,14,株式会社花咲商事,00,,840,0,6月10日伝票No496株式会社花咲商事東京本社,,,,,,,,,,,,,,,,,,,,,,,,,,,,,,,,,,,,,,,,,,,,,,,,,,,,,,
20210610,101,,,,000,共通部門,312,買掛金,3,青凪商事株式会社,00,,2293326,0,,000,共通部門,301,支払手形,,,00,,2293326,0,6月10日伝票No155青凪商事株式会社,,,,,,,,,,,,,,,,,,,,,,,,,,,,,,,,,,,,,,,,,,,,,,,,,,,,,,
20210610,102,,,,000,共通部門,312,買掛金,8,株式会社白樺商事,00,,350582,0,,000,共通部門,131,普通預金,20,ABC銀行 本店,00,,350582,0,6月10日伝票No156株式会社白樺商事,,,,,,,,,,,,,,,,,,,,,,,,,,,,,,,,,,,,,,,,,,,,,,,,,,,,,,
20210610,145,,,,000,共通部門,301,支払手形,,,00,,5714131,0,,000,共通部門,121,当座預金,1,ABC銀行,00,,5714131,0,手形期日落日 青凪商事株式会社,,,,,,,,,,,,,,,,,,,,,,,,,,,,,,,,,,,,,,,,,,,,,,,,,,,,,,
20210610,162,,,,020,東京支店,734,会議費,,,Q5,,24995,2272,,000,共通部門,111,現金,,,00,,24995,0,会議　食事代,,,,,,,,,,,,,,,,,,,,,,,,,,,,,,,,,,,,,,,,,,,,,,,,,,,,,,
20210610,168,,,,050,九州営業所,791,雑費,,,Q5,,6000,545,,000,共通部門,322,未払金,,,00,,48858,0,有線,,,,,,,,,,,,,,,,,,,,,,,,,,,,,,,,,,,,,,,,,,,,,,,,,,,,,,
20210610,168,,,,050,九州営業所,791,雑費,,,Q5,,42858,3896,,,,,,,,,,,,警備料,,,,,,,,,,,,,,,,,,,,,,,,,,,,,,,,,,,,,,,,,,,,,,,,,,,,,,
20210611,8,,,,010,札幌営業所,733,交際接待費,,,Q5,,6570,597,,000,共通部門,111,現金,,,00,,6570,0,食事代　昼食3名,,,,,,,,,,,,,,,,,,,,,,,,,,,,,,,,,,,,,,,,,,,,,,,,,,,,,,
20210611,23,,,,010,札幌営業所,726,旅費交通費,,,Q5,,30000,2727,,000,共通部門,111,現金,,,00,,98001,0,旅費,,,,,,,,,,,,,,,,,,,,,,,,,,,,,,,,,,,,,,,,,,,,,,,,,,,,,,
20210611,23,,,,010,札幌営業所,726,旅費交通費,,,Q5,,28381,2580,,,,,,,,,,,,旅費,,,,,,,,,,,,,,,,,,,,,,,,,,,,,,,,,,,,,,,,,,,,,,,,,,,,,,
20210611,23,,,,010,札幌営業所,726,旅費交通費,,,Q5,,39620,3601,,,,,,,,,,,,旅費,,,,,,,,,,,,,,,,,,,,,,,,,,,,,,,,,,,,,,,,,,,,,,,,,,,,,,
20210611,87,,,,030,名古屋支店,726,旅費交通費,,,Q5,,10500,954,,000,共通部門,111,現金,,,00,,10500,0,旅費,,,,,,,,,,,,,,,,,,,,,,,,,,,,,,,,,,,,,,,,,,,,,,,,,,,,,,
20210611,88,,,,030,名古屋支店,726,旅費交通費,,,Q5,,11000,1000,,000,共通部門,111,現金,,,00,,11000,0,架空鉄道会社A代,,,,,,,,,,,,,,,,,,,,,,,,,,,,,,,,,,,,,,,,,,,,,,,,,,,,,,
20210611,158,,,,040,大阪支店,726,旅費交通費,,,Q5,,22000,2000,,000,共通部門,111,現金,,,00,,22000,0,出張旅費,,,,,,,,,,,,,,,,,,,,,,,,,,,,,,,,,,,,,,,,,,,,,,,,,,,,,,
20210612,7,,,,010,札幌営業所,733,交際接待費,,,Q5,,7562,687,,000,共通部門,111,現金,,,00,,33266,0,食事代 架空店舗069,,,,,,,,,,,,,,,,,,,,,,,,,,,,,,,,,,,,,,,,,,,,,,,,,,,,,,
20210612,7,,,,010,札幌営業所,733,交際接待費,,,Q5,,25704,2336,,,,,,,,,,,,飲食代 架空店舗017,,,,,,,,,,,,,,,,,,,,,,,,,,,,,,,,,,,,,,,,,,,,,,,,,,,,,,
20210612,159,,,,050,九州営業所,726,旅費交通費,,,Q5,,7420,674,,000,共通部門,111,現金,,,00,,7420,0,タクシー代,,,,,,,,,,,,,,,,,,,,,,,,,,,,,,,,,,,,,,,,,,,,,,,,,,,,,,
20210613,73,,,,020,東京支店,733,交際接待費,,,Q5,,11430,1039,,000,共通部門,111,現金,,,00,,11430,0,飲食代 架空店舗086 3名,,,,,,,,,,,,,,,,,,,,,,,,,,,,,,,,,,,,,,,,,,,,,,,,,,,,,,
20210613,73,,,,010,札幌営業所,791,雑費,,,Q5,,463,42,,000,共通部門,111,現金,,,00,,463,0,電池代,,,,,,,,,,,,,,,,,,,,,,,,,,,,,,,,,,,,,,,,,,,,,,,,,,,,,,
20210613,143,,,,040,大阪支店,740,車両費,,,Q5,,7248,658,,000,共通部門,111,現金,,,00,,7248,0,ガソリン代,,,,,,,,,,,,,,,,,,,,,,,,,,,,,,,,,,,,,,,,,,,,,,,,,,,,,,
20210613,150,,,,050,九州営業所,733,交際接待費,,,Q5,,14625,1329,,000,共通部門,111,現金,,,00,,14625,0,手土産代,,,,,,,,,,,,,,,,,,,,,,,,,,,,,,,,,,,,,,,,,,,,,,,,,,,,,,
20210613,151,,,,040,大阪支店,733,交際接待費,,,Q5,,6496,590,,000,共通部門,111,現金,,,00,,29973,0,食事代 架空店舗003 4名,,,,,,,,,,,,,,,,,,,,,,,,,,,,,,,,,,,,,,,,,,,,,,,,,,,,,,
20210613,151,,,,040,大阪支店,733,交際接待費,,,Q5,,23477,2134,,,,,,,,,,,,飲食代 架空店舗031 4名,,,,,,,,,,,,,,,,,,,,,,,,,,,,,,,,,,,,,,,,,,,,,,,,,,,,,,
20210613,152,,,,050,九州営業所,733,交際接待費,,,Q5,,7308,664,,000,共通部門,111,現金,,,00,,7308,0,食事代,,,,,,,,,,,,,,,,,,,,,,,,,,,,,,,,,,,,,,,,,,,,,,,,,,,,,,
20210614,51,,,,020,東京支店,740,車両費,,,Q5,,10929,993,,000,共通部門,111,現金,,,00,,14834,0,ガソリン代,,,,,,,,,,,,,,,,,,,,,,,,,,,,,,,,,,,,,,,,,,,,,,,,,,,,,,
20210614,51,,,,020,東京支店,740,車両費,,,Q5,,762,69,,,,,,,,,,,,駐車代,,,,,,,,,,,,,,,,,,,,,,,,,,,,,,,,,,,,,,,,,,,,,,,,,,,,,,
20210614,51,,,,020,東京支店,740,車両費,,,Q5,,3143,285,,,,,,,,,,,,高速代,,,,,,,,,,,,,,,,,,,,,,,,,,,,,,,,,,,,,,,,,,,,,,,,,,,,,,
20210615,11,,,,010,札幌営業所,740,車両費,,,Q5,,3210,291,,000,共通部門,111,現金,,,00,,3210,0,高速代,,,,,,,,,,,,,,,,,,,,,,,,,,,,,,,,,,,,,,,,,,,,,,,,,,,,,,
20210615,52,,,,020,東京支店,740,車両費,,,Q5,,750,68,,000,共通部門,111,現金,,,00,,750,0,高速代,,,,,,,,,,,,,,,,,,,,,,,,,,,,,,,,,,,,,,,,,,,,,,,,,,,,,,
20210615,61,,,,020,東京支店,727,通信費,,,Q5,,169547,15413,,000,共通部門,131,普通預金,20,ABC銀行 本店,00,,169547,0,電話代,,,,,,,,,,,,,,,,,,,,,,,,,,,,,,,,,,,,,,,,,,,,,,,,,,,,,,
20210615,90,,,,020,東京支店,721,雑給,,,00,,279865,0,,000,共通部門,111,現金,,,00,,272337,0,6月給与その他 0060 パート･アルバイト,,,,,,,,,,,,,,,,,,,,,,,,,,,,,,,,,,,,,,,,,,,,,,,,,,,,,,
20210615,90,,,,,,,,,,,,,,,000,共通部門,326,預り金,9,その他,00,,7528,0,6月給与その他 0060 パート･アルバイト,,,,,,,,,,,,,,,,,,,,,,,,,,,,,,,,,,,,,,,,,,,,,,,,,,,,,,
20210615,103,,,,000,共通部門,131,普通預金,50,MNO銀行 北九州,00,,1616282,0,,000,共通部門,152,売掛金,1,株式会社若葉百貨店,00,,1616282,0,6月15日伝票No235株式会社若葉百貨店,,,,,,,,,,,,,,,,,,,,,,,,,,,,,,,,,,,,,,,,,,,,,,,,,,,,,,
20210615,103,,,,050,九州営業所,741,支払手数料,,,Q5,,840,76,,000,共通部門,152,売掛金,1,株式会社若葉百貨店,00,,840,0,6月15日伝票No235株式会社若葉百貨店,,,,,,,,,,,,,,,,,,,,,,,,,,,,,,,,,,,,,,,,,,,,,,,,,,,,,,
20210615,104,,,,000,共通部門,131,普通預金,30,GHI銀行 名古屋,00,,713028,0,,000,共通部門,152,売掛金,6,株式会社瑞穂流通,00,,713028,0,6月15日伝票No236株式会社瑞穂流通,,,,,,,,,,,,,,,,,,,,,,,,,,,,,,,,,,,,,,,,,,,,,,,,,,,,,,
20210615,104,,,,030,名古屋支店,741,支払手数料,,,Q5,,840,76,,000,共通部門,152,売掛金,6,株式会社瑞穂流通,00,,840,0,6月15日伝票No236株式会社瑞穂流通,,,,,,,,,,,,,,,,,,,,,,,,,,,,,,,,,,,,,,,,,,,,,,,,,,,,,,
20210615,105,,,,000,共通部門,131,普通預金,40,JKL銀行 梅田,00,,427500,0,,000,共通部門,152,売掛金,8,株式会社高原マーケット,00,,427500,0,6月15日伝票No237株式会社高原マーケット,,,,,,,,,,,,,,,,,,,,,,,,,,,,,,,,,,,,,,,,,,,,,,,,,,,,,,
20210615,105,,,,040,大阪支店,741,支払手数料,,,Q5,,630,57,,000,共通部門,152,売掛金,8,株式会社高原マーケット,00,,630,0,6月15日伝票No237株式会社高原マーケット,,,,,,,,,,,,,,,,,,,,,,,,,,,,,,,,,,,,,,,,,,,,,,,,,,,,,,
20210615,106,,,,000,共通部門,131,普通預金,40,JKL銀行 梅田,00,,805785,0,,000,共通部門,152,売掛金,9,朝凪物産株式会社,00,,805785,0,6月15日伝票No238朝凪物産株式会社,,,,,,,,,,,,,,,,,,,,,,,,,,,,,,,,,,,,,,,,,,,,,,,,,,,,,,
20210615,106,,,,040,大阪支店,741,支払手数料,,,Q5,,735,66,,000,共通部門,152,売掛金,9,朝凪物産株式会社,00,,735,0,6月15日伝票No238朝凪物産株式会社,,,,,,,,,,,,,,,,,,,,,,,,,,,,,,,,,,,,,,,,,,,,,,,,,,,,,,
20210615,107,,,,000,共通部門,131,普通預金,20,ABC銀行 本店,00,,883097,0,,000,共通部門,152,売掛金,13,星川商事株式会社,00,,883097,0,6月15日伝票No239星川商事株式会社,,,,,,,,,,,,,,,,,,,,,,,,,,,,,,,,,,,,,,,,,,,,,,,,,,,,,,
20210615,108,,,,000,共通部門,131,普通預金,40,JKL銀行 梅田,00,,849773,0,,000,共通部門,152,売掛金,20,清和商事株式会社,00,,849773,0,6月15日伝票No240清和商事株式会社,,,,,,,,,,,,,,,,,,,,,,,,,,,,,,,,,,,,,,,,,,,,,,,,,,,,,,
20210615,108,,,,040,大阪支店,741,支払手数料,,,Q5,,315,28,,000,共通部門,152,売掛金,20,清和商事株式会社,00,,315,0,6月15日伝票No240清和商事株式会社,,,,,,,,,,,,,,,,,,,,,,,,,,,,,,,,,,,,,,,,,,,,,,,,,,,,,,
20210615,109,,,,000,共通部門,312,買掛金,1,株式会社北辰商事,00,,5958662,0,,000,共通部門,131,普通預金,20,ABC銀行 本店,00,,5958662,0,6月15日伝票No157株式会社北辰商事,,,,,,,,,,,,,,,,,,,,,,,,,,,,,,,,,,,,,,,,,,,,,,,,,,,,,,
20210615,117,,,,040,大阪支店,742,諸会費,,,00,,20000,0,,000,共通部門,111,現金,,,00,,20000,0,会費,,,,,,,,,,,,,,,,,,,,,,,,,,,,,,,,,,,,,,,,,,,,,,,,,,,,,,
20210615,130,,,,040,大阪支店,742,諸会費,,,00,,24000,0,,000,共通部門,131,普通預金,40,JKL銀行 梅田,00,,24000,0,会費,,,,,,,,,,,,,,,,,,,,,,,,,,,,,,,,,,,,,,,,,,,,,,,,,,,,,,
20210615,164,,,,050,九州営業所,754,事務用消耗品費,,,Q5,,3007,273,,000,共通部門,111,現金,,,00,,3007,0,事務用品,,,,,,,,,,,,,,,,,,,,,,,,,,,,,,,,,,,,,,,,,,,,,,,,,,,,,,
20210616,83,,,,050,九州営業所,740,車両費,,,Q5,,4957,450,,000,共通部門,322,未払金,,,00,,4957,0,ガソリン代,,,,,,,,,,,,,,,,,,,,,,,,,,,,,,,,,,,,,,,,,,,,,,,,,,,,,,
20210616,136,,,,040,大阪支店,791,雑費,,,Q5,,16500,1500,,000,共通部門,111,現金,,,00,,16500,0,架空清掃会社A代,,,,,,,,,,,,,,,,,,,,,,,,,,,,,,,,,,,,,,,,,,,,,,,,,,,,,,
20210617,4,,,,010,札幌営業所,732,広告宣伝費,,,Q5,,31500,2863,,000,共通部門,322,未払金,,,00,,31500,0,広告費,,,,,,,,,,,,,,,,,,,,,,,,,,,,,,,,,,,,,,,,,,,,,,,,,,,,,,
20210617,86,,,,030,名古屋支店,727,通信費,,,Q5,,8000,727,,000,共通部門,111,現金,,,00,,8000,0,切手代,,,,,,,,,,,,,,,,,,,,,,,,,,,,,,,,,,,,,,,,,,,,,,,,,,,,,,
20210617,144,,,,040,大阪支店,740,車両費,,,Q5,,5528,502,,000,共通部門,111,現金,,,00,,7719,0,ガソリン代,,,,,,,,,,,,,,,,,,,,,,,,,,,,,,,,,,,,,,,,,,,,,,,,,,,,,,
20210617,144,,,,040,大阪支店,740,車両費,,,Q5,,762,69,,,,,,,,,,,,高速代,,,,,,,,,,,,,,,,,,,,,,,,,,,,,,,,,,,,,,,,,,,,,,,,,,,,,,
20210617,144,,,,040,大阪支店,740,車両費,,,Q5,,1429,129,,,,,,,,,,,,駐車代,,,,,,,,,,,,,,,,,,,,,,,,,,,,,,,,,,,,,,,,,,,,,,,,,,,,,,
20210618,82,,,,030,名古屋支店,740,車両費,,,Q5,,31087,2826,,000,共通部門,322,未払金,,,00,,31087,0,ガソリン代,,,,,,,,,,,,,,,,,,,,,,,,,,,,,,,,,,,,,,,,,,,,,,,,,,,,,,
20210618,103,,,,040,大阪支店,733,交際接待費,,,Q5,,12570,1142,,000,共通部門,111,現金,,,00,,12570,0,ゴルフプレー代,,,,,,,,,,,,,,,,,,,,,,,,,,,,,,,,,,,,,,,,,,,,,,,,,,,,,,
20210619,46,,,,020,東京支店,740,車両費,,,Q5,,12587,1144,,000,共通部門,111,現金,,,00,,12587,0,ガソリン代,,,,,,,,,,,,,,,,,,,,,,,,,,,,,,,,,,,,,,,,,,,,,,,,,,,,,,
20210619,74,,,,020,東京支店,733,交際接待費,,,Q5,,32400,2945,,000,共通部門,111,現金,,,00,,32400,0,飲食代 架空店舗019 4名,,,,,,,,,,,,,,,,,,,,,,,,,,,,,,,,,,,,,,,,,,,,,,,,,,,,,,
20210620,1,,,,000,共通部門,724,福利厚生費,,,Q6,,32400,2400,,000,共通部門,111,現金,,,00,,32400,0,残業夜食　軽減税率,,,,,,,,,,,,,,,,,,,,,,,,,,,,,,,,,,,,,,,,,,,,,,,,,,,,,,
20210620,3,,,,010,札幌営業所,724,福利厚生費,,,Q5,,31210,2837,,000,共通部門,322,未払金,,,00,,31210,0,宿泊代,,,,,,,,,,,,,,,,,,,,,,,,,,,,,,,,,,,,,,,,,,,,,,,,,,,,,,
20210620,6,,,,010,札幌営業所,732,広告宣伝費,,,Q5,,5000,454,,000,共通部門,111,現金,,,00,,5000,0,広告料,,,,,,,,,,,,,,,,,,,,,,,,,,,,,,,,,,,,,,,,,,,,,,,,,,,,,,
20210620,31,,,,010,札幌営業所,754,事務用消耗品費,,,Q5,,2753,250,,000,共通部門,322,未払金,,,00,,2753,0,コピー代,,,,,,,,,,,,,,,,,,,,,,,,,,,,,,,,,,,,,,,,,,,,,,,,,,,,,,
20210620,34,,,,010,札幌営業所,736,水道光熱費,,,Q5,,74915,6810,,000,共通部門,131,普通預金,10,DEF銀行 駅前,00,,78973,0,電気代,,,,,,,,,,,,,,,,,,,,,,,,,,,,,,,,,,,,,,,,,,,,,,,,,,,,,,
20210620,34,,,,010,札幌営業所,736,水道光熱費,,,Q5,,4058,368,,,,,,,,,,,,水道代,,,,,,,,,,,,,,,,,,,,,,,,,,,,,,,,,,,,,,,,,,,,,,,,,,,,,,
20210620,53,,,,020,東京支店,740,車両費,,,Q5,,2500,227,,000,共通部門,111,現金,,,00,,2500,0,高速代,,,,,,,,,,,,,,,,,,,,,,,,,,,,,,,,,,,,,,,,,,,,,,,,,,,,,,
20210620,64,,,,020,東京支店,736,水道光熱費,,,Q5,,172641,15694,,000,共通部門,131,普通預金,20,ABC銀行 本店,00,,179593,0,電気料,,,,,,,,,,,,,,,,,,,,,,,,,,,,,,,,,,,,,,,,,,,,,,,,,,,,,,
20210620,64,,,,020,東京支店,736,水道光熱費,,,Q5,,6952,632,,,,,,,,,,,,水道料,,,,,,,,,,,,,,,,,,,,,,,,,,,,,,,,,,,,,,,,,,,,,,,,,,,,,,
20210620,65,,,,000,共通部門,131,普通預金,20,ABC銀行 本店,00,,6000000,0,,000,共通部門,121,当座預金,1,ABC銀行,00,,6000000,0,資金移動,,,,,,,,,,,,,,,,,,,,,,,,,,,,,,,,,,,,,,,,,,,,,,,,,,,,,,
20210620,66,,,,050,九州営業所,724,福利厚生費,,,Q5,,10500,954,,000,共通部門,322,未払金,,,00,,10500,0,お茶代,,,,,,,,,,,,,,,,,,,,,,,,,,,,,,,,,,,,,,,,,,,,,,,,,,,,,,
20210620,71,,,,020,東京支店,754,事務用消耗品費,,,Q5,,1505,136,,000,共通部門,322,未払金,,,00,,33359,0,事務用品,,,,,,,,,,,,,,,,,,,,,,,,,,,,,,,,,,,,,,,,,,,,,,,,,,,,,,
20210620,71,,,,020,東京支店,754,事務用消耗品費,,,Q5,,31854,2895,,,,,,,,,,,,カウンター料金,,,,,,,,,,,,,,,,,,,,,,,,,,,,,,,,,,,,,,,,,,,,,,,,,,,,,,
20210620,74,,,,030,名古屋支店,791,雑費,,,Q5,,5000,454,,000,共通部門,322,未払金,,,00,,5000,0,有線,,,,,,,,,,,,,,,,,,,,,,,,,,,,,,,,,,,,,,,,,,,,,,,,,,,,,,
20210620,75,,,,040,大阪支店,791,雑費,,,Q5,,1079,98,,000,共通部門,111,現金,,,00,,1079,0,トイレットペーパー他,,,,,,,,,,,,,,,,,,,,,,,,,,,,,,,,,,,,,,,,,,,,,,,,,,,,,,
20210620,76,,,,050,九州営業所,754,事務用消耗品費,,,Q5,,6300,572,,000,共通部門,322,未払金,,,00,,6300,0,カウンター料金,,,,,,,,,,,,,,,,,,,,,,,,,,,,,,,,,,,,,,,,,,,,,,,,,,,,,,
20210620,80,,,,030,名古屋支店,724,福利厚生費,,,Q5,,417375,37943,,000,共通部門,322,未払金,,,00,,417375,0,会費支払い,,,,,,,,,,,,,,,,,,,,,,,,,,,,,,,,,,,,,,,,,,,,,,,,,,,,,,
20210620,81,,,,000,共通部門,737,消耗品費,,,Q5,,16667,1515,,000,共通部門,322,未払金,,,00,,258572,0,ファイル等,,,,,,,,,,,,,,,,,,,,,,,,,,,,,,,,,,,,,,,,,,,,,,,,,,,,,,
20210620,81,,,,000,共通部門,737,消耗品費,,,Q5,,210000,19090,,,,,,,,,,,,飲料水,,,,,,,,,,,,,,,,,,,,,,,,,,,,,,,,,,,,,,,,,,,,,,,,,,,,,,
20210620,81,,,,000,共通部門,737,消耗品費,,,Q5,,31905,2900,,,,,,,,,,,,名刺代,,,,,,,,,,,,,,,,,,,,,,,,,,,,,,,,,,,,,,,,,,,,,,,,,,,,,,
20210620,89,,,,030,名古屋支店,736,水道光熱費,,,Q5,,78737,7157,,000,共通部門,131,普通預金,30,GHI銀行 名古屋,00,,84889,0,電気料,,,,,,,,,,,,,,,,,,,,,,,,,,,,,,,,,,,,,,,,,,,,,,,,,,,,,,
20210620,89,,,,030,名古屋支店,736,水道光熱費,,,Q5,,3327,302,,,,,,,,,,,,水道料,,,,,,,,,,,,,,,,,,,,,,,,,,,,,,,,,,,,,,,,,,,,,,,,,,,,,,
20210620,89,,,,030,名古屋支店,736,水道光熱費,,,Q5,,2825,256,,,,,,,,,,,,ガス代,,,,,,,,,,,,,,,,,,,,,,,,,,,,,,,,,,,,,,,,,,,,,,,,,,,,,,
20210620,97,,,,030,名古屋支店,754,事務用消耗品費,,,Q5,,38845,3531,,000,共通部門,322,未払金,,,00,,38845,0,コピー代,,,,,,,,,,,,,,,,,,,,,,,,,,,,,,,,,,,,,,,,,,,,,,,,,,,,,,
20210620,98,,,,030,名古屋支店,754,事務用消耗品費,,,Q5,,2390,217,,000,共通部門,322,未払金,,,00,,2390,0,事務用品,,,,,,,,,,,,,,,,,,,,,,,,,,,,,,,,,,,,,,,,,,,,,,,,,,,,,,
20210620,101,,,,040,大阪支店,732,広告宣伝費,,,Q5,,52500,4772,,000,共通部門,322,未払金,,,00,,52500,0,広告料,,,,,,,,,,,,,,,,,,,,,,,,,,,,,,,,,,,,,,,,,,,,,,,,,,,,,,
20210620,110,,,,000,共通部門,111,現金,,,00,,820932,0,,000,共通部門,152,売掛金,11,株式会社楓屋,00,,820932,0,6月20日伝票No241株式会社楓屋,,,,,,,,,,,,,,,,,,,,,,,,,,,,,,,,,,,,,,,,,,,,,,,,,,,,,,
20210620,111,,,,000,共通部門,131,普通預金,30,GHI銀行 名古屋,00,,750150,0,,000,共通部門,152,売掛金,21,合同会社つばさ商店,00,,750150,0,6月20日伝票No242合同会社つばさ商店,,,,,,,,,,,,,,,,,,,,,,,,,,,,,,,,,,,,,,,,,,,,,,,,,,,,,,
20210620,111,,,,030,名古屋支店,741,支払手数料,,,Q5,,630,57,,000,共通部門,152,売掛金,21,合同会社つばさ商店,00,,630,0,6月20日伝票No242合同会社つばさ商店,,,,,,,,,,,,,,,,,,,,,,,,,,,,,,,,,,,,,,,,,,,,,,,,,,,,,,
20210620,112,,,,000,共通部門,131,普通預金,20,ABC銀行 本店,00,,1378335,0,,000,共通部門,152,売掛金,30,株式会社彩雲トレーディング,00,,1378335,0,6月20日伝票No243株式会社彩雲トレーディング,,,,,,,,,,,,,,,,,,,,,,,,,,,,,,,,,,,,,,,,,,,,,,,,,,,,,,
20210620,112,,,,020,東京支店,741,支払手数料,,,Q5,,735,66,,000,共通部門,152,売掛金,30,株式会社彩雲トレーディング,00,,735,0,6月20日伝票No243株式会社彩雲トレーディング,,,,,,,,,,,,,,,,,,,,,,,,,,,,,,,,,,,,,,,,,,,,,,,,,,,,,,
20210620,113,,,,000,共通部門,312,買掛金,4,株式会社和泉流通,00,,926133,0,,000,共通部門,131,普通預金,20,ABC銀行 本店,00,,926133,0,6月20日伝票No158株式会社和泉流通,,,,,,,,,,,,,,,,,,,,,,,,,,,,,,,,,,,,,,,,,,,,,,,,,,,,,,
20210620,114,,,,000,共通部門,312,買掛金,6,株式会社日向産業,00,,3297698,0,,000,共通部門,131,普通預金,20,ABC銀行 本店,00,,3297698,0,6月20日伝票No159株式会社日向産業,,,,,,,,,,,,,,,,,,,,,,,,,,,,,,,,,,,,,,,,,,,,,,,,,,,,,,
20210620,115,,,,000,共通部門,312,買掛金,11,株式会社花園商会,00,,4228407,0,,000,共通部門,131,普通預金,20,ABC銀行 本店,00,,4228407,0,6月20日伝票No160株式会社花園商会,,,,,,,,,,,,,,,,,,,,,,,,,,,,,,,,,,,,,,,,,,,,,,,,,,,,,,
20210620,118,,,,040,大阪支店,754,事務用消耗品費,,,Q5,,7123,647,,000,共通部門,322,未払金,,,00,,7123,0,コピー代,,,,,,,,,,,,,,,,,,,,,,,,,,,,,,,,,,,,,,,,,,,,,,,,,,,,,,
20210620,132,,,,040,大阪支店,736,水道光熱費,,,Q5,,95300,8663,,000,共通部門,131,普通預金,40,JKL銀行 梅田,00,,100859,0,電気代,,,,,,,,,,,,,,,,,,,,,,,,,,,,,,,,,,,,,,,,,,,,,,,,,,,,,,
20210620,132,,,,040,大阪支店,736,水道光熱費,,,Q5,,5559,505,,,,,,,,,,,,水道代,,,,,,,,,,,,,,,,,,,,,,,,,,,,,,,,,,,,,,,,,,,,,,,,,,,,,,
20210620,134,,,,020,東京支店,754,事務用消耗品費,,,Q5,,23000,2090,,000,共通部門,322,未払金,,,00,,23000,0,用紙,,,,,,,,,,,,,,,,,,,,,,,,,,,,,,,,,,,,,,,,,,,,,,,,,,,,,,
20210620,135,,,,040,大阪支店,754,事務用消耗品費,,,Q5,,7302,663,,000,共通部門,322,未払金,,,00,,7302,0,事務用品,,,,,,,,,,,,,,,,,,,,,,,,,,,,,,,,,,,,,,,,,,,,,,,,,,,,,,
20210620,141,,,,000,共通部門,121,当座預金,1,ABC銀行,00,,10722057,0,,000,共通部門,150,受取手形,,,00,,10807778,0,手形割引 株式会社緑野百貨店 | 手形番号=R20210531-121-12;受取額に決済額を訂正,,,,,,,,,,,,,,,,,,,,,,,,,,,,,,,,,,,,,,,,,,,,,,,,,,,,,,
20210620,141,,,,020,東京支店,821,支払利息,,,P0,,85721,0,,,,,,,,,,,,手形割引料 | 手形番号=R20210531-121-12,,,,,,,,,,,,,,,,,,,,,,,,,,,,,,,,,,,,,,,,,,,,,,,,,,,,,,
20210620,143,,,,000,共通部門,121,当座預金,1,ABC銀行,00,,4629728,0,,000,共通部門,150,受取手形,,,00,,4692307,0,手形割引 株式会社青葉百貨店 | 手形番号=R20210510-93-28;受取額に決済額を訂正,,,,,,,,,,,,,,,,,,,,,,,,,,,,,,,,,,,,,,,,,,,,,,,,,,,,,,
20210620,143,,,,020,東京支店,821,支払利息,,,P0,,62579,0,,,,,,,,,,,,手形割引料 | 手形番号=R20210510-93-28,,,,,,,,,,,,,,,,,,,,,,,,,,,,,,,,,,,,,,,,,,,,,,,,,,,,,,
20210620,150,,,,000,共通部門,131,普通預金,20,ABC銀行 本店,00,,7000000,0,,000,共通部門,121,当座預金,1,ABC銀行,00,,7000000,0,資金移動,,,,,,,,,,,,,,,,,,,,,,,,,,,,,,,,,,,,,,,,,,,,,,,,,,,,,,
20210620,169,,,,050,九州営業所,736,水道光熱費,,,Q5,,95768,8706,,000,共通部門,131,普通預金,50,MNO銀行 北九州,00,,102589,0,電気料,,,,,,,,,,,,,,,,,,,,,,,,,,,,,,,,,,,,,,,,,,,,,,,,,,,,,,
20210620,169,,,,050,九州営業所,736,水道光熱費,,,Q5,,6821,620,,,,,,,,,,,,水道料,,,,,,,,,,,,,,,,,,,,,,,,,,,,,,,,,,,,,,,,,,,,,,,,,,,,,,
20210621,12,,,,010,札幌営業所,740,車両費,,,Q5,,4456,405,,000,共通部門,111,現金,,,00,,7817,0,ガソリン代,,,,,,,,,,,,,,,,,,,,,,,,,,,,,,,,,,,,,,,,,,,,,,,,,,,,,,
20210621,12,,,,010,札幌営業所,740,車両費,,,Q5,,2313,210,,,,,,,,,,,,ガソリン添加剤代,,,,,,,,,,,,,,,,,,,,,,,,,,,,,,,,,,,,,,,,,,,,,,,,,,,,,,
20210621,12,,,,010,札幌営業所,740,車両費,,,Q5,,1048,95,,,,,,,,,,,,高速代,,,,,,,,,,,,,,,,,,,,,,,,,,,,,,,,,,,,,,,,,,,,,,,,,,,,,,
20210621,24,,,,010,札幌営業所,726,旅費交通費,,,Q5,,82620,7510,,000,共通部門,111,現金,,,00,,82620,0,架空鉄道会社A回数券,,,,,,,,,,,,,,,,,,,,,,,,,,,,,,,,,,,,,,,,,,,,,,,,,,,,,,
20210621,89,,,,030,名古屋支店,726,旅費交通費,,,Q5,,9800,890,,000,共通部門,111,現金,,,00,,9800,0,旅費,,,,,,,,,,,,,,,,,,,,,,,,,,,,,,,,,,,,,,,,,,,,,,,,,,,,,,
20210621,160,,,,020,東京支店,726,旅費交通費,,,Q5,,70000,6363,,000,共通部門,111,現金,,,00,,70000,0,出張旅費,,,,,,,,,,,,,,,,,,,,,,,,,,,,,,,,,,,,,,,,,,,,,,,,,,,,,,
20210622,9,,,,010,札幌営業所,733,交際接待費,,,Q5,,3239,294,,000,共通部門,111,現金,,,00,,8001,0,お菓子詰め合わせ 株式会社高原マーケット,,,,,,,,,,,,,,,,,,,,,,,,,,,,,,,,,,,,,,,,,,,,,,,,,,,,,,
20210622,9,,,,010,札幌営業所,733,交際接待費,,,Q5,,4762,432,,,,,,,,,,,,商品券 株式会社高原マーケット,,,,,,,,,,,,,,,,,,,,,,,,,,,,,,,,,,,,,,,,,,,,,,,,,,,,,,
20210622,90,,,,030,名古屋支店,791,雑費,,,Q5,,10500,954,,000,共通部門,111,現金,,,00,,10500,0,架空清掃会社A代,,,,,,,,,,,,,,,,,,,,,,,,,,,,,,,,,,,,,,,,,,,,,,,,,,,,,,
20210622,95,,,,030,名古屋支店,791,雑費,,,Q5,,71675,6515,,000,共通部門,322,未払金,,,00,,71675,0,清掃料,,,,,,,,,,,,,,,,,,,,,,,,,,,,,,,,,,,,,,,,,,,,,,,,,,,,,,
20210622,109,,,,040,大阪支店,740,車両費,,,Q5,,6962,632,,000,共通部門,322,未払金,,,00,,6962,0,ガソリン代,,,,,,,,,,,,,,,,,,,,,,,,,,,,,,,,,,,,,,,,,,,,,,,,,,,,,,
20210622,153,,,,030,名古屋支店,733,交際接待費,,,Q5,,16540,1503,,000,共通部門,111,現金,,,00,,16540,0,飲食代 架空店舗082,,,,,,,,,,,,,,,,,,,,,,,,,,,,,,,,,,,,,,,,,,,,,,,,,,,,,,
20210622,155,,,,050,九州営業所,740,車両費,,,Q5,,5713,519,,000,共通部門,111,現金,,,00,,6856,0,ガソリン代,,,,,,,,,,,,,,,,,,,,,,,,,,,,,,,,,,,,,,,,,,,,,,,,,,,,,,
20210622,155,,,,050,九州営業所,740,車両費,,,Q5,,762,69,,,,,,,,,,,,高速代,,,,,,,,,,,,,,,,,,,,,,,,,,,,,,,,,,,,,,,,,,,,,,,,,,,,,,
20210622,155,,,,050,九州営業所,740,車両費,,,Q5,,381,34,,,,,,,,,,,,駐車代,,,,,,,,,,,,,,,,,,,,,,,,,,,,,,,,,,,,,,,,,,,,,,,,,,,,,,
20210622,163,,,,050,九州営業所,742,諸会費,,,00,,18000,0,,000,共通部門,111,現金,,,00,,18000,0,会費,,,,,,,,,,,,,,,,,,,,,,,,,,,,,,,,,,,,,,,,,,,,,,,,,,,,,,
20210622,166,,,,050,九州営業所,791,雑費,,,Q5,,1890,171,,000,共通部門,111,現金,,,00,,1890,0,架空清掃会社A代,,,,,,,,,,,,,,,,,,,,,,,,,,,,,,,,,,,,,,,,,,,,,,,,,,,,,,
20210623,25,,,,010,札幌営業所,726,旅費交通費,,,Q5,,61000,5545,,000,共通部門,111,現金,,,00,,61000,0,旅費,,,,,,,,,,,,,,,,,,,,,,,,,,,,,,,,,,,,,,,,,,,,,,,,,,,,,,
20210623,28,,,,010,札幌営業所,726,旅費交通費,,,Q5,,2420,220,,000,共通部門,322,未払金,,,00,,2420,0,タクシー代,,,,,,,,,,,,,,,,,,,,,,,,,,,,,,,,,,,,,,,,,,,,,,,,,,,,,,
20210623,38,,,,020,東京支店,724,福利厚生費,,,Q5,,48164,4378,,000,共通部門,322,未払金,,,00,,48164,0,宿泊費,,,,,,,,,,,,,,,,,,,,,,,,,,,,,,,,,,,,,,,,,,,,,,,,,,,,,,
20210623,59,,,,020,東京支店,726,旅費交通費,,,Q5,,65000,5909,,000,共通部門,111,現金,,,00,,65000,0,旅費,,,,,,,,,,,,,,,,,,,,,,,,,,,,,,,,,,,,,,,,,,,,,,,,,,,,,,
20210623,140,,,,040,大阪支店,726,旅費交通費,,,Q5,,7450,677,,000,共通部門,111,現金,,,00,,7450,0,旅費,,,,,,,,,,,,,,,,,,,,,,,,,,,,,,,,,,,,,,,,,,,,,,,,,,,,,,
20210624,26,,,,010,札幌営業所,726,旅費交通費,,,Q5,,12000,1090,,000,共通部門,111,現金,,,00,,12000,0,旅費,,,,,,,,,,,,,,,,,,,,,,,,,,,,,,,,,,,,,,,,,,,,,,,,,,,,,,
20210624,29,,,,010,札幌営業所,727,通信費,,,Q5,,49551,4504,,000,共通部門,131,普通預金,10,DEF銀行 駅前,00,,49551,0,携帯電話代,,,,,,,,,,,,,,,,,,,,,,,,,,,,,,,,,,,,,,,,,,,,,,,,,,,,,,
20210624,81,,,,030,名古屋支店,724,福利厚生費,,,Q5,,18000,1636,,000,共通部門,322,未払金,,,00,,18000,0,お茶代,,,,,,,,,,,,,,,,,,,,,,,,,,,,,,,,,,,,,,,,,,,,,,,,,,,,,,
20210624,131,,,,040,大阪支店,742,諸会費,,,00,,24000,0,,000,共通部門,131,普通預金,40,JKL銀行 梅田,00,,24000,0,会費,,,,,,,,,,,,,,,,,,,,,,,,,,,,,,,,,,,,,,,,,,,,,,,,,,,,,,
20210624,154,,,,050,九州営業所,733,交際接待費,,,Q5,,18240,1658,,000,共通部門,322,未払金,,,00,,18240,0,ゴルフプレー代,,,,,,,,,,,,,,,,,,,,,,,,,,,,,,,,,,,,,,,,,,,,,,,,,,,,,,
20210625,27,,,,010,札幌営業所,726,旅費交通費,,,Q5,,23810,2164,,000,共通部門,111,現金,,,00,,80096,0,旅費,,,,,,,,,,,,,,,,,,,,,,,,,,,,,,,,,,,,,,,,,,,,,,,,,,,,,,
20210625,27,,,,010,札幌営業所,726,旅費交通費,,,Q5,,32381,2943,,,,,,,,,,,,旅費,,,,,,,,,,,,,,,,,,,,,,,,,,,,,,,,,,,,,,,,,,,,,,,,,,,,,,
20210625,27,,,,010,札幌営業所,726,旅費交通費,,,Q5,,23905,2173,,,,,,,,,,,,旅費,,,,,,,,,,,,,,,,,,,,,,,,,,,,,,,,,,,,,,,,,,,,,,,,,,,,,,
20210625,54,,,,020,東京支店,740,車両費,,,Q5,,2000,181,,000,共通部門,111,現金,,,00,,2000,0,駐車代,,,,,,,,,,,,,,,,,,,,,,,,,,,,,,,,,,,,,,,,,,,,,,,,,,,,,,
20210625,62,,,,020,東京支店,727,通信費,,,Q5,,126581,11507,,000,共通部門,131,普通預金,20,ABC銀行 本店,00,,126581,0,携帯代,,,,,,,,,,,,,,,,,,,,,,,,,,,,,,,,,,,,,,,,,,,,,,,,,,,,,,
20210625,72,,,,020,東京支店,739,新聞図書費,,,Q5,,2864,260,,000,共通部門,111,現金,,,00,,9078,0,新聞代,,,,,,,,,,,,,,,,,,,,,,,,,,,,,,,,,,,,,,,,,,,,,,,,,,,,,,
20210625,72,,,,020,東京支店,739,新聞図書費,,,Q5,,2815,255,,,,,,,,,,,,新聞代,,,,,,,,,,,,,,,,,,,,,,,,,,,,,,,,,,,,,,,,,,,,,,,,,,,,,,
20210625,72,,,,020,東京支店,739,新聞図書費,,,Q5,,3399,309,,,,,,,,,,,,新聞代,,,,,,,,,,,,,,,,,,,,,,,,,,,,,,,,,,,,,,,,,,,,,,,,,,,,,,
20210625,91,,,,020,東京支店,711,役員報酬,,,00,,1720000,0,,000,共通部門,131,普通預金,20,ABC銀行 本店,00,,1172293,0,6月給与その他 0001 役員,,,,,,,,,,,,,,,,,,,,,,,,,,,,,,,,,,,,,,,,,,,,,,,,,,,,,,
20210625,91,,,,,,,,,,,,,,,000,共通部門,326,預り金,1,保険料,00,,111192,0,6月給与その他 0001 役員,,,,,,,,,,,,,,,,,,,,,,,,,,,,,,,,,,,,,,,,,,,,,,,,,,,,,,
20210625,91,,,,,,,,,,,,,,,000,共通部門,326,預り金,2,住民税,00,,130000,0,6月給与その他 0001 役員,,,,,,,,,,,,,,,,,,,,,,,,,,,,,,,,,,,,,,,,,,,,,,,,,,,,,,
20210625,91,,,,,,,,,,,,,,,000,共通部門,326,預り金,3,源泉税,00,,166823,0,6月給与その他 0001 役員,,,,,,,,,,,,,,,,,,,,,,,,,,,,,,,,,,,,,,,,,,,,,,,,,,,,,,
20210625,91,,,,,,,,,,,,,,,000,共通部門,326,預り金,4,貯蓄・保険,00,,133972,0,6月給与その他 0001 役員,,,,,,,,,,,,,,,,,,,,,,,,,,,,,,,,,,,,,,,,,,,,,,,,,,,,,,
20210625,91,,,,,,,,,,,,,,,000,共通部門,326,預り金,9,その他,00,,5720,0,6月給与その他 0001 役員,,,,,,,,,,,,,,,,,,,,,,,,,,,,,,,,,,,,,,,,,,,,,,,,,,,,,,
20210625,91,,,,020,東京支店,712,給与手当,,,00,,1974028,0,,000,共通部門,131,普通預金,20,ABC銀行 本店,00,,1530004,0,6月給与その他 0020 営業部,,,,,,,,,,,,,,,,,,,,,,,,,,,,,,,,,,,,,,,,,,,,,,,,,,,,,,
20210625,91,,,,,,,,,,,,,,,000,共通部門,326,預り金,1,保険料,00,,216077,0,6月給与その他 0020 営業部,,,,,,,,,,,,,,,,,,,,,,,,,,,,,,,,,,,,,,,,,,,,,,,,,,,,,,
20210625,91,,,,,,,,,,,,,,,000,共通部門,326,預り金,2,住民税,00,,62200,0,6月給与その他 0020 営業部,,,,,,,,,,,,,,,,,,,,,,,,,,,,,,,,,,,,,,,,,,,,,,,,,,,,,,
20210625,91,,,,,,,,,,,,,,,000,共通部門,326,預り金,3,源泉税,00,,37200,0,6月給与その他 0020 営業部,,,,,,,,,,,,,,,,,,,,,,,,,,,,,,,,,,,,,,,,,,,,,,,,,,,,,,
20210625,91,,,,,,,,,,,,,,,000,共通部門,326,預り金,4,貯蓄・保険,00,,43305,0,6月給与その他 0020 営業部,,,,,,,,,,,,,,,,,,,,,,,,,,,,,,,,,,,,,,,,,,,,,,,,,,,,,,
20210625,91,,,,,,,,,,,,,,,000,共通部門,326,預り金,9,その他,00,,85242,0,6月給与その他 0020 営業部,,,,,,,,,,,,,,,,,,,,,,,,,,,,,,,,,,,,,,,,,,,,,,,,,,,,,,
20210625,91,,,,010,札幌営業所,712,給与手当,,,00,,849000,0,,000,共通部門,131,普通預金,20,ABC銀行 本店,00,,603524,0,6月給与その他 1000 札幌営業所,,,,,,,,,,,,,,,,,,,,,,,,,,,,,,,,,,,,,,,,,,,,,,,,,,,,,,
20210625,91,,,,,,,,,,,,,,,000,共通部門,326,預り金,1,保険料,00,,100704,0,6月給与その他 1000 札幌営業所,,,,,,,,,,,,,,,,,,,,,,,,,,,,,,,,,,,,,,,,,,,,,,,,,,,,,,
20210625,91,,,,,,,,,,,,,,,000,共通部門,326,預り金,2,住民税,00,,34600,0,6月給与その他 1000 札幌営業所,,,,,,,,,,,,,,,,,,,,,,,,,,,,,,,,,,,,,,,,,,,,,,,,,,,,,,
20210625,91,,,,,,,,,,,,,,,000,共通部門,326,預り金,3,源泉税,00,,13430,0,6月給与その他 1000 札幌営業所,,,,,,,,,,,,,,,,,,,,,,,,,,,,,,,,,,,,,,,,,,,,,,,,,,,,,,
20210625,91,,,,,,,,,,,,,,,000,共通部門,326,預り金,4,貯蓄・保険,00,,50648,0,6月給与その他 1000 札幌営業所,,,,,,,,,,,,,,,,,,,,,,,,,,,,,,,,,,,,,,,,,,,,,,,,,,,,,,
20210625,91,,,,,,,,,,,,,,,000,共通部門,326,預り金,9,その他,00,,46094,0,6月給与その他 1000 札幌営業所,,,,,,,,,,,,,,,,,,,,,,,,,,,,,,,,,,,,,,,,,,,,,,,,,,,,,,
20210625,91,,,,030,名古屋支店,712,給与手当,,,00,,804657,0,,000,共通部門,131,普通預金,20,ABC銀行 本店,00,,599450,0,6月給与その他 3000 名古屋営業所,,,,,,,,,,,,,,,,,,,,,,,,,,,,,,,,,,,,,,,,,,,,,,,,,,,,,,
20210625,91,,,,,,,,,,,,,,,000,共通部門,326,預り金,1,保険料,00,,92651,0,6月給与その他 3000 名古屋営業所,,,,,,,,,,,,,,,,,,,,,,,,,,,,,,,,,,,,,,,,,,,,,,,,,,,,,,
20210625,91,,,,,,,,,,,,,,,000,共通部門,326,預り金,2,住民税,00,,21500,0,6月給与その他 3000 名古屋営業所,,,,,,,,,,,,,,,,,,,,,,,,,,,,,,,,,,,,,,,,,,,,,,,,,,,,,,
20210625,91,,,,,,,,,,,,,,,000,共通部門,326,預り金,3,源泉税,00,,8970,0,6月給与その他 3000 名古屋営業所,,,,,,,,,,,,,,,,,,,,,,,,,,,,,,,,,,,,,,,,,,,,,,,,,,,,,,
20210625,91,,,,,,,,,,,,,,,000,共通部門,326,預り金,4,貯蓄・保険,00,,40759,0,6月給与その他 3000 名古屋営業所,,,,,,,,,,,,,,,,,,,,,,,,,,,,,,,,,,,,,,,,,,,,,,,,,,,,,,
20210625,91,,,,,,,,,,,,,,,000,共通部門,326,預り金,9,その他,00,,41327,0,6月給与その他 3000 名古屋営業所,,,,,,,,,,,,,,,,,,,,,,,,,,,,,,,,,,,,,,,,,,,,,,,,,,,,,,
20210625,91,,,,040,大阪支店,712,給与手当,,,00,,1078300,0,,000,共通部門,131,普通預金,20,ABC銀行 本店,00,,879567,0,6月給与その他 4000 大阪支店,,,,,,,,,,,,,,,,,,,,,,,,,,,,,,,,,,,,,,,,,,,,,,,,,,,,,,
20210625,91,,,,,,,,,,,,,,,000,共通部門,326,預り金,1,保険料,00,,119974,0,6月給与その他 4000 大阪支店,,,,,,,,,,,,,,,,,,,,,,,,,,,,,,,,,,,,,,,,,,,,,,,,,,,,,,
20210625,91,,,,,,,,,,,,,,,000,共通部門,326,預り金,2,住民税,00,,29900,0,6月給与その他 4000 大阪支店,,,,,,,,,,,,,,,,,,,,,,,,,,,,,,,,,,,,,,,,,,,,,,,,,,,,,,
20210625,91,,,,,,,,,,,,,,,000,共通部門,326,預り金,3,源泉税,00,,20020,0,6月給与その他 4000 大阪支店,,,,,,,,,,,,,,,,,,,,,,,,,,,,,,,,,,,,,,,,,,,,,,,,,,,,,,
20210625,91,,,,,,,,,,,,,,,000,共通部門,326,預り金,4,貯蓄・保険,00,,13570,0,6月給与その他 4000 大阪支店,,,,,,,,,,,,,,,,,,,,,,,,,,,,,,,,,,,,,,,,,,,,,,,,,,,,,,
20210625,91,,,,,,,,,,,,,,,000,共通部門,326,預り金,9,その他,00,,15269,0,6月給与その他 4000 大阪支店,,,,,,,,,,,,,,,,,,,,,,,,,,,,,,,,,,,,,,,,,,,,,,,,,,,,,,
20210625,91,,,,050,九州営業所,712,給与手当,,,00,,584400,0,,000,共通部門,131,普通預金,20,ABC銀行 本店,00,,448753,0,6月給与その他 5000 九州営業所,,,,,,,,,,,,,,,,,,,,,,,,,,,,,,,,,,,,,,,,,,,,,,,,,,,,,,
20210625,91,,,,,,,,,,,,,,,000,共通部門,326,預り金,1,保険料,00,,66241,0,6月給与その他 5000 九州営業所,,,,,,,,,,,,,,,,,,,,,,,,,,,,,,,,,,,,,,,,,,,,,,,,,,,,,,
20210625,91,,,,,,,,,,,,,,,000,共通部門,326,預り金,2,住民税,00,,17600,0,6月給与その他 5000 九州営業所,,,,,,,,,,,,,,,,,,,,,,,,,,,,,,,,,,,,,,,,,,,,,,,,,,,,,,
20210625,91,,,,,,,,,,,,,,,000,共通部門,326,預り金,3,源泉税,00,,7960,0,6月給与その他 5000 九州営業所,,,,,,,,,,,,,,,,,,,,,,,,,,,,,,,,,,,,,,,,,,,,,,,,,,,,,,
20210625,91,,,,,,,,,,,,,,,000,共通部門,326,預り金,4,貯蓄・保険,00,,18540,0,6月給与その他 5000 九州営業所,,,,,,,,,,,,,,,,,,,,,,,,,,,,,,,,,,,,,,,,,,,,,,,,,,,,,,
20210625,91,,,,,,,,,,,,,,,000,共通部門,326,預り金,9,その他,00,,25306,0,6月給与その他 5000 九州営業所,,,,,,,,,,,,,,,,,,,,,,,,,,,,,,,,,,,,,,,,,,,,,,,,,,,,,,
20210625,111,,,,040,大阪支店,726,旅費交通費,,,Q5,,9800,890,,000,共通部門,322,未払金,,,00,,9800,0,タクシー代,,,,,,,,,,,,,,,,,,,,,,,,,,,,,,,,,,,,,,,,,,,,,,,,,,,,,,
20210625,116,,,,000,共通部門,150,受取手形,,,00,,15017976,0,,000,共通部門,152,売掛金,2,株式会社桜丘百貨店,00,,15017976,0,6月25日伝票No244株式会社桜丘百貨店 | 売上伝票=20210531-115;手形番号=R20210625-116-2,,,,,,,,,,,,,,,,,,,,,,,,,,,,,,,,,,,,,,,,,,,,,,,,,,,,,,
20210625,117,,,,000,共通部門,131,普通預金,30,GHI銀行 名古屋,00,,1141489,0,,000,共通部門,152,売掛金,7,株式会社光彩堂商事,00,,1141489,0,6月25日伝票No245株式会社光彩堂商事,,,,,,,,,,,,,,,,,,,,,,,,,,,,,,,,,,,,,,,,,,,,,,,,,,,,,,
20210625,117,,,,030,名古屋支店,741,支払手数料,,,Q5,,735,66,,000,共通部門,152,売掛金,7,株式会社光彩堂商事,00,,735,0,6月25日伝票No245株式会社光彩堂商事,,,,,,,,,,,,,,,,,,,,,,,,,,,,,,,,,,,,,,,,,,,,,,,,,,,,,,
20210625,118,,,,000,共通部門,131,普通預金,40,JKL銀行 梅田,00,,909506,0,,000,共通部門,152,売掛金,23,株式会社杉の木商店,00,,909506,0,6月25日伝票No246株式会社杉の木商店,,,,,,,,,,,,,,,,,,,,,,,,,,,,,,,,,,,,,,,,,,,,,,,,,,,,,,
20210625,118,,,,040,大阪支店,741,支払手数料,,,Q5,,630,57,,000,共通部門,152,売掛金,23,株式会社杉の木商店,00,,630,0,6月25日伝票No246株式会社杉の木商店,,,,,,,,,,,,,,,,,,,,,,,,,,,,,,,,,,,,,,,,,,,,,,,,,,,,,,
20210625,119,,,,000,共通部門,131,普通預金,10,DEF銀行 駅前,00,,3861924,0,,000,共通部門,152,売掛金,25,株式会社ほのかマート,00,,3861924,0,6月25日伝票No247株式会社ほのかマート,,,,,,,,,,,,,,,,,,,,,,,,,,,,,,,,,,,,,,,,,,,,,,,,,,,,,,
20210625,119,,,,010,札幌営業所,741,支払手数料,,,Q5,,840,76,,000,共通部門,152,売掛金,25,株式会社ほのかマート,00,,840,0,6月25日伝票No247株式会社ほのかマート,,,,,,,,,,,,,,,,,,,,,,,,,,,,,,,,,,,,,,,,,,,,,,,,,,,,,,
20210625,121,,,,040,大阪支店,724,福利厚生費,,,Q5,,11500,1045,,000,共通部門,111,現金,,,00,,11500,0,お茶代,,,,,,,,,,,,,,,,,,,,,,,,,,,,,,,,,,,,,,,,,,,,,,,,,,,,,,
20210625,170,,,,050,九州営業所,739,新聞図書費,,,Q5,,3007,273,,000,共通部門,111,現金,,,00,,3007,0,新聞代,,,,,,,,,,,,,,,,,,,,,,,,,,,,,,,,,,,,,,,,,,,,,,,,,,,,,,
20210625,171,,,,050,九州営業所,727,通信費,,,Q5,,42103,3827,,000,共通部門,131,普通預金,50,MNO銀行 北九州,00,,42103,0,携帯代,,,,,,,,,,,,,,,,,,,,,,,,,,,,,,,,,,,,,,,,,,,,,,,,,,,,,,
20210626,13,,,,010,札幌営業所,740,車両費,,,Q5,,3462,314,,000,共通部門,111,現金,,,00,,3462,0,ガソリン代,,,,,,,,,,,,,,,,,,,,,,,,,,,,,,,,,,,,,,,,,,,,,,,,,,,,,,
20210626,14,,,,010,札幌営業所,740,車両費,,,Q5,,3000,272,,000,共通部門,111,現金,,,00,,3000,0,洗車代,,,,,,,,,,,,,,,,,,,,,,,,,,,,,,,,,,,,,,,,,,,,,,,,,,,,,,
20210626,37,,,,020,東京支店,728,販売手数料,,,Q5,,1320000,120000,,000,共通部門,322,未払金,,,00,,1320000,0,業務委託費,,,,,,,,,,,,,,,,,,,,,,,,,,,,,,,,,,,,,,,,,,,,,,,,,,,,,,
20210626,75,,,,020,東京支店,733,交際接待費,,,Q5,,10000,909,,000,共通部門,111,現金,,,00,,10000,0,香典代,,,,,,,,,,,,,,,,,,,,,,,,,,,,,,,,,,,,,,,,,,,,,,,,,,,,,,
20210626,87,,,,030,名古屋支店,727,通信費,,,Q5,,42562,3869,,000,共通部門,131,普通預金,30,GHI銀行 名古屋,00,,42562,0,携帯代,,,,,,,,,,,,,,,,,,,,,,,,,,,,,,,,,,,,,,,,,,,,,,,,,,,,,,
20210626,88,,,,030,名古屋支店,739,新聞図書費,,,Q5,,3568,324,,000,共通部門,111,現金,,,00,,3568,0,新聞代,,,,,,,,,,,,,,,,,,,,,,,,,,,,,,,,,,,,,,,,,,,,,,,,,,,,,,
20210626,113,,,,040,大阪支店,727,通信費,,,Q5,,61364,5578,,000,共通部門,131,普通預金,40,JKL銀行 梅田,00,,61364,0,携帯代,,,,,,,,,,,,,,,,,,,,,,,,,,,,,,,,,,,,,,,,,,,,,,,,,,,,,,
20210626,114,,,,040,大阪支店,739,新聞図書費,,,Q5,,2540,230,,000,共通部門,111,現金,,,00,,5404,0,新聞代,,,,,,,,,,,,,,,,,,,,,,,,,,,,,,,,,,,,,,,,,,,,,,,,,,,,,,
20210626,114,,,,040,大阪支店,739,新聞図書費,,,Q5,,2864,260,,,,,,,,,,,,新聞代,,,,,,,,,,,,,,,,,,,,,,,,,,,,,,,,,,,,,,,,,,,,,,,,,,,,,,
20210626,120,,,,040,大阪支店,728,販売手数料,,,Q5,,472500,42954,,000,共通部門,322,未払金,,,00,,472500,0,業務委託費,,,,,,,,,,,,,,,,,,,,,,,,,,,,,,,,,,,,,,,,,,,,,,,,,,,,,,
20210626,138,,,,040,大阪支店,740,車両費,,,Q5,,7093,644,,000,共通部門,111,現金,,,00,,7093,0,高速代,,,,,,,,,,,,,,,,,,,,,,,,,,,,,,,,,,,,,,,,,,,,,,,,,,,,,,
20210626,146,,,,050,九州営業所,728,販売手数料,,,Q5,,147000,13363,,000,共通部門,322,未払金,,,00,,147000,0,業務委託費,,,,,,,,,,,,,,,,,,,,,,,,,,,,,,,,,,,,,,,,,,,,,,,,,,,,,,
20210626,172,,,,010,札幌営業所,728,販売手数料,,,Q5,,145000,13181,,000,共通部門,322,未払金,,,00,,145000,0,業務委託費支払い,,,,,,,,,,,,,,,,,,,,,,,,,,,,,,,,,,,,,,,,,,,,,,,,,,,,,,
20210627,30,,,,010,札幌営業所,752,保険料,,,P0,,54320,0,,000,共通部門,131,普通預金,10,DEF銀行 駅前,00,,54320,0,保険料支払,,,,,,,,,,,,,,,,,,,,,,,,,,,,,,,,,,,,,,,,,,,,,,,,,,,,,,
20210627,35,,,,010,札幌営業所,739,新聞図書費,,,Q5,,3925,356,,000,共通部門,111,現金,,,00,,3925,0,新聞代,,,,,,,,,,,,,,,,,,,,,,,,,,,,,,,,,,,,,,,,,,,,,,,,,,,,,,
20210627,39,,,,020,東京支店,724,福利厚生費,,,Q5,,9000,818,,000,共通部門,111,現金,,,00,,9000,0,会費,,,,,,,,,,,,,,,,,,,,,,,,,,,,,,,,,,,,,,,,,,,,,,,,,,,,,,
20210627,78,,,,030,名古屋支店,728,販売手数料,,,Q5,,189000,17181,,000,共通部門,322,未払金,,,00,,189000,0,業務委託費支払い,,,,,,,,,,,,,,,,,,,,,,,,,,,,,,,,,,,,,,,,,,,,,,,,,,,,,,
20210627,127,,,,030,名古屋支店,738,租税公課,,,00,,9000,0,,000,共通部門,111,現金,,,00,,9000,0,収入印紙,,,,,,,,,,,,,,,,,,,,,,,,,,,,,,,,,,,,,,,,,,,,,,,,,,,,,,
20210628,60,,,,020,東京支店,726,旅費交通費,,,Q5,,14500,1318,,000,共通部門,111,現金,,,00,,14500,0,旅費,,,,,,,,,,,,,,,,,,,,,,,,,,,,,,,,,,,,,,,,,,,,,,,,,,,,,,
20210628,93,,,,030,名古屋支店,753,修繕維持費,,,Q5,,17850,1622,,000,共通部門,322,未払金,,,00,,17850,0,修繕費,,,,,,,,,,,,,,,,,,,,,,,,,,,,,,,,,,,,,,,,,,,,,,,,,,,,,,
20210628,108,,,,040,大阪支店,733,交際接待費,,,Q5,,1120,101,,000,共通部門,111,現金,,,00,,1120,0,コーヒー代2名,,,,,,,,,,,,,,,,,,,,,,,,,,,,,,,,,,,,,,,,,,,,,,,,,,,,,,
20210628,149,,,,000,共通部門,131,普通預金,20,ABC銀行 本店,00,,18500000,0,,000,共通部門,131,普通預金,10,DEF銀行 駅前,00,,5500000,0,資金移動,,,,,,,,,,,,,,,,,,,,,,,,,,,,,,,,,,,,,,,,,,,,,,,,,,,,,,
20210628,149,,,,,,,,,,,,,,,000,共通部門,131,普通預金,30,GHI銀行 名古屋,00,,4000000,0,資金移動,,,,,,,,,,,,,,,,,,,,,,,,,,,,,,,,,,,,,,,,,,,,,,,,,,,,,,
20210628,149,,,,,,,,,,,,,,,000,共通部門,131,普通預金,40,JKL銀行 梅田,00,,3000000,0,資金移動,,,,,,,,,,,,,,,,,,,,,,,,,,,,,,,,,,,,,,,,,,,,,,,,,,,,,,
20210628,149,,,,,,,,,,,,,,,000,共通部門,131,普通預金,50,MNO銀行 北九州,00,,6000000,0,資金移動,,,,,,,,,,,,,,,,,,,,,,,,,,,,,,,,,,,,,,,,,,,,,,,,,,,,,,
20210629,83,,,,030,名古屋支店,740,車両費,,,Q5,,51500,4681,,000,共通部門,111,現金,,,00,,51500,0,車両管理費,,,,,,,,,,,,,,,,,,,,,,,,,,,,,,,,,,,,,,,,,,,,,,,,,,,,,,
20210630,1,,,,010,札幌営業所,731,運賃,,,Q5,,61350,5577,,000,共通部門,322,未払金,,,00,,61350,0,運賃 架空運送会社B,,,,,,,,,,,,,,,,,,,,,,,,,,,,,,,,,,,,,,,,,,,,,,,,,,,,,,
20210630,36,,,,020,東京支店,731,運賃,,,Q5,,1637000,148818,,000,共通部門,322,未払金,,,00,,2442743,0,運賃 架空運送会社A,,,,,,,,,,,,,,,,,,,,,,,,,,,,,,,,,,,,,,,,,,,,,,,,,,,,,,
20210630,36,,,,020,東京支店,731,運賃,,,Q5,,805743,73249,,,,,,,,,,,,運賃 架空運送会社B,,,,,,,,,,,,,,,,,,,,,,,,,,,,,,,,,,,,,,,,,,,,,,,,,,,,,,
20210630,40,,,,020,東京支店,732,広告宣伝費,,,Q5,,50000,4545,,000,共通部門,322,未払金,,,00,,50000,0,広告掲載,,,,,,,,,,,,,,,,,,,,,,,,,,,,,,,,,,,,,,,,,,,,,,,,,,,,,,
20210630,49,,,,020,東京支店,740,車両費,,,Q5,,120000,10909,,000,共通部門,131,普通預金,20,ABC銀行 本店,00,,120000,0,ガソリン代,,,,,,,,,,,,,,,,,,,,,,,,,,,,,,,,,,,,,,,,,,,,,,,,,,,,,,
20210630,63,,,,020,東京支店,752,保険料,,,P0,,81000,0,,000,共通部門,131,普通預金,20,ABC銀行 本店,00,,81000,0,保険料,,,,,,,,,,,,,,,,,,,,,,,,,,,,,,,,,,,,,,,,,,,,,,,,,,,,,,
20210630,67,,,,020,東京支店,742,諸会費,,,00,,30000,0,,000,共通部門,111,現金,,,00,,30000,0,会費支払い,,,,,,,,,,,,,,,,,,,,,,,,,,,,,,,,,,,,,,,,,,,,,,,,,,,,,,
20210630,70,,,,020,東京支店,791,雑費,,,Q5,,6000,545,,000,共通部門,322,未払金,,,00,,58381,0,有線,,,,,,,,,,,,,,,,,,,,,,,,,,,,,,,,,,,,,,,,,,,,,,,,,,,,,,
20210630,70,,,,020,東京支店,791,雑費,,,Q5,,52381,4761,,,,,,,,,,,,警備料,,,,,,,,,,,,,,,,,,,,,,,,,,,,,,,,,,,,,,,,,,,,,,,,,,,,,,
20210630,70,,,,020,東京支店,740,車両費,,,Q5,,63350,5759,,000,共通部門,131,普通預金,20,ABC銀行 本店,00,,63350,0,高速料,,,,,,,,,,,,,,,,,,,,,,,,,,,,,,,,,,,,,,,,,,,,,,,,,,,,,,
20210630,70,,,,020,東京支店,791,雑費,,,Q5,,73500,6681,,000,共通部門,322,未払金,,,00,,73500,0,清掃料,,,,,,,,,,,,,,,,,,,,,,,,,,,,,,,,,,,,,,,,,,,,,,,,,,,,,,
20210630,77,,,,030,名古屋支店,731,運賃,,,Q5,,149265,13569,,000,共通部門,322,未払金,,,00,,149265,0,運賃,,,,,,,,,,,,,,,,,,,,,,,,,,,,,,,,,,,,,,,,,,,,,,,,,,,,,,
20210630,79,,,,030,名古屋支店,752,保険料,,,P0,,62000,0,,000,共通部門,131,普通預金,30,GHI銀行 名古屋,00,,62000,0,保険料,,,,,,,,,,,,,,,,,,,,,,,,,,,,,,,,,,,,,,,,,,,,,,,,,,,,,,
20210630,80,,,,050,九州営業所,752,保険料,,,P0,,57000,0,,000,共通部門,131,普通預金,50,MNO銀行 北九州,00,,57000,0,保険料支払い,,,,,,,,,,,,,,,,,,,,,,,,,,,,,,,,,,,,,,,,,,,,,,,,,,,,,,
20210630,82,,,,,,,,,,,,,,,000,共通部門,737,消耗品費,,,00,,258572,0,消耗品費　部門配賦,,,,,,,,,,,,,,,,,,,,,,,,,,,,,,,,,,,,,,,,,,,,,,,,,,,,,,
20210630,82,,,,010,札幌営業所,737,消耗品費,,,00,,28442,0,,,,,,,,,,,,,,,,,,,,,,,,,,,,,,,,,,,,,,,,,,,,,,,,,,,,,,,,,,,,,,,,,,
20210630,82,,,,020,東京支店,737,消耗品費,,,00,,124116,0,,,,,,,,,,,,,,,,,,,,,,,,,,,,,,,,,,,,,,,,,,,,,,,,,,,,,,,,,,,,,,,,,,
20210630,82,,,,030,名古屋支店,737,消耗品費,,,00,,25857,0,,,,,,,,,,,,,,,,,,,,,,,,,,,,,,,,,,,,,,,,,,,,,,,,,,,,,,,,,,,,,,,,,,
20210630,82,,,,040,大阪支店,737,消耗品費,,,00,,62057,0,,,,,,,,,,,,,,,,,,,,,,,,,,,,,,,,,,,,,,,,,,,,,,,,,,,,,,,,,,,,,,,,,,
20210630,82,,,,050,九州営業所,737,消耗品費,,,00,,18100,0,,,,,,,,,,,,,,,,,,,,,,,,,,,,,,,,,,,,,,,,,,,,,,,,,,,,,,,,,,,,,,,,,,
20210630,84,,,,050,九州営業所,740,車両費,,,Q5,,3411,310,,000,共通部門,111,現金,,,00,,3411,0,ガソリン代,,,,,,,,,,,,,,,,,,,,,,,,,,,,,,,,,,,,,,,,,,,,,,,,,,,,,,
20210630,92,,,,020,東京支店,337,賞与引当金,,,00,,1570000,0,,000,共通部門,131,普通預金,20,ABC銀行 本店,00,,1246323,0,6月賞与その他 0020 営業部,,,,,,,,,,,,,,,,,,,,,,,,,,,,,,,,,,,,,,,,,,,,,,,,,,,,,,
20210630,92,,,,,,,,,,,,,,,000,共通部門,326,預り金,1,保険料,00,,185182,0,6月賞与その他 0020 営業部,,,,,,,,,,,,,,,,,,,,,,,,,,,,,,,,,,,,,,,,,,,,,,,,,,,,,,
20210630,92,,,,,,,,,,,,,,,000,共通部門,326,預り金,3,源泉税,00,,129075,0,6月賞与その他 0020 営業部,,,,,,,,,,,,,,,,,,,,,,,,,,,,,,,,,,,,,,,,,,,,,,,,,,,,,,
20210630,92,,,,,,,,,,,,,,,000,共通部門,326,預り金,9,その他,00,,9420,0,6月賞与その他 0020 営業部,,,,,,,,,,,,,,,,,,,,,,,,,,,,,,,,,,,,,,,,,,,,,,,,,,,,,,
20210630,92,,,,010,札幌営業所,337,賞与引当金,,,00,,660000,0,,000,共通部門,131,普通預金,20,ABC銀行 本店,00,,526495,0,6月賞与その他 1000 札幌営業所,,,,,,,,,,,,,,,,,,,,,,,,,,,,,,,,,,,,,,,,,,,,,,,,,,,,,,
20210630,92,,,,,,,,,,,,,,,000,共通部門,326,預り金,1,保険料,00,,77070,0,6月賞与その他 1000 札幌営業所,,,,,,,,,,,,,,,,,,,,,,,,,,,,,,,,,,,,,,,,,,,,,,,,,,,,,,
20210630,92,,,,,,,,,,,,,,,000,共通部門,326,預り金,3,源泉税,00,,52475,0,6月賞与その他 1000 札幌営業所,,,,,,,,,,,,,,,,,,,,,,,,,,,,,,,,,,,,,,,,,,,,,,,,,,,,,,
20210630,92,,,,,,,,,,,,,,,000,共通部門,326,預り金,9,その他,00,,3960,0,6月賞与その他 1000 札幌営業所,,,,,,,,,,,,,,,,,,,,,,,,,,,,,,,,,,,,,,,,,,,,,,,,,,,,,,
20210630,92,,,,030,名古屋支店,337,賞与引当金,,,00,,616000,0,,000,共通部門,131,普通預金,20,ABC銀行 本店,00,,492891,0,6月賞与その他 3000 名古屋営業所,,,,,,,,,,,,,,,,,,,,,,,,,,,,,,,,,,,,,,,,,,,,,,,,,,,,,,
20210630,92,,,,,,,,,,,,,,,000,共通部門,326,預り金,1,保険料,00,,72997,0,6月賞与その他 3000 名古屋営業所,,,,,,,,,,,,,,,,,,,,,,,,,,,,,,,,,,,,,,,,,,,,,,,,,,,,,,
20210630,92,,,,,,,,,,,,,,,000,共通部門,326,預り金,3,源泉税,00,,46416,0,6月賞与その他 3000 名古屋営業所,,,,,,,,,,,,,,,,,,,,,,,,,,,,,,,,,,,,,,,,,,,,,,,,,,,,,,
20210630,92,,,,,,,,,,,,,,,000,共通部門,326,預り金,9,その他,00,,3696,0,6月賞与その他 3000 名古屋営業所,,,,,,,,,,,,,,,,,,,,,,,,,,,,,,,,,,,,,,,,,,,,,,,,,,,,,,
20210630,92,,,,040,大阪支店,337,賞与引当金,,,00,,722000,0,,000,共通部門,131,普通預金,20,ABC銀行 本店,00,,570872,0,6月賞与その他 4000 大阪支店,,,,,,,,,,,,,,,,,,,,,,,,,,,,,,,,,,,,,,,,,,,,,,,,,,,,,,
20210630,92,,,,,,,,,,,,,,,000,共通部門,326,預り金,1,保険料,00,,84304,0,6月賞与その他 4000 大阪支店,,,,,,,,,,,,,,,,,,,,,,,,,,,,,,,,,,,,,,,,,,,,,,,,,,,,,,
20210630,92,,,,,,,,,,,,,,,000,共通部門,326,預り金,3,源泉税,00,,62492,0,6月賞与その他 4000 大阪支店,,,,,,,,,,,,,,,,,,,,,,,,,,,,,,,,,,,,,,,,,,,,,,,,,,,,,,
20210630,92,,,,,,,,,,,,,,,000,共通部門,326,預り金,9,その他,00,,4332,0,6月賞与その他 4000 大阪支店,,,,,,,,,,,,,,,,,,,,,,,,,,,,,,,,,,,,,,,,,,,,,,,,,,,,,,
20210630,92,,,,050,九州営業所,337,賞与引当金,,,00,,474000,0,,000,共通部門,131,普通預金,20,ABC銀行 本店,00,,376270,0,6月賞与その他 5000 九州営業所,,,,,,,,,,,,,,,,,,,,,,,,,,,,,,,,,,,,,,,,,,,,,,,,,,,,,,
20210630,92,,,,,,,,,,,,,,,000,共通部門,326,預り金,1,保険料,00,,54135,0,6月賞与その他 5000 九州営業所,,,,,,,,,,,,,,,,,,,,,,,,,,,,,,,,,,,,,,,,,,,,,,,,,,,,,,
20210630,92,,,,,,,,,,,,,,,000,共通部門,326,預り金,3,源泉税,00,,40751,0,6月賞与その他 5000 九州営業所,,,,,,,,,,,,,,,,,,,,,,,,,,,,,,,,,,,,,,,,,,,,,,,,,,,,,,
20210630,92,,,,,,,,,,,,,,,000,共通部門,326,預り金,9,その他,00,,2844,0,6月賞与その他 5000 九州営業所,,,,,,,,,,,,,,,,,,,,,,,,,,,,,,,,,,,,,,,,,,,,,,,,,,,,,,
20210630,93,,,,000,共通部門,322,未払金,,,00,,7116470,0,,000,共通部門,131,普通預金,20,ABC銀行 本店,00,,7116470,0,5月分支払,,,,,,,,,,,,,,,,,,,,,,,,,,,,,,,,,,,,,,,,,,,,,,,,,,,,,,
20210630,96,,,,030,名古屋支店,791,雑費,,,Q5,,22470,2042,,000,共通部門,131,普通預金,30,GHI銀行 名古屋,00,,22470,0,警備料,,,,,,,,,,,,,,,,,,,,,,,,,,,,,,,,,,,,,,,,,,,,,,,,,,,,,,
20210630,99,,,,040,大阪支店,731,運賃,,,Q5,,612430,55675,,000,共通部門,322,未払金,,,00,,612430,0,運賃,,,,,,,,,,,,,,,,,,,,,,,,,,,,,,,,,,,,,,,,,,,,,,,,,,,,,,
20210630,100,,,,040,大阪支店,724,福利厚生費,,,Q5,,6000,545,,000,共通部門,111,現金,,,00,,6000,0,会費,,,,,,,,,,,,,,,,,,,,,,,,,,,,,,,,,,,,,,,,,,,,,,,,,,,,,,
20210630,100,,,,000,共通部門,326,預り金,1,保険料,00,,734249,0,,000,共通部門,131,普通預金,20,ABC銀行 本店,00,,1478176,0,保険料預かり分,,,,,,,,,,,,,,,,,,,,,,,,,,,,,,,,,,,,,,,,,,,,,,,,,,,,,,
20210630,100,,,,020,東京支店,723,法定福利費,,,P0,,111192,0,,,,,,,,,,,,保険料　事業主負担分,,,,,,,,,,,,,,,,,,,,,,,,,,,,,,,,,,,,,,,,,,,,,,,,,,,,,,
20210630,100,,,,020,東京支店,723,法定福利費,,,P0,,216077,0,,,,,,,,,,,,保険料　事業主負担分,,,,,,,,,,,,,,,,,,,,,,,,,,,,,,,,,,,,,,,,,,,,,,,,,,,,,,
20210630,100,,,,010,札幌営業所,723,法定福利費,,,P0,,100704,0,,,,,,,,,,,,保険料　事業主負担分,,,,,,,,,,,,,,,,,,,,,,,,,,,,,,,,,,,,,,,,,,,,,,,,,,,,,,
20210630,100,,,,030,名古屋支店,723,法定福利費,,,P0,,92652,0,,,,,,,,,,,,保険料　事業主負担分,,,,,,,,,,,,,,,,,,,,,,,,,,,,,,,,,,,,,,,,,,,,,,,,,,,,,,
20210630,100,,,,040,大阪支店,723,法定福利費,,,P0,,147385,0,,,,,,,,,,,,保険料　事業主負担分,,,,,,,,,,,,,,,,,,,,,,,,,,,,,,,,,,,,,,,,,,,,,,,,,,,,,,
20210630,100,,,,050,九州営業所,723,法定福利費,,,P0,,66245,0,,,,,,,,,,,,保険料　事業主負担分,,,,,,,,,,,,,,,,,,,,,,,,,,,,,,,,,,,,,,,,,,,,,,,,,,,,,,
20210630,100,,,,020,東京支店,723,法定福利費,,,P0,,9672,0,,,,,,,,,,,,児童拠出金　事業主負担分,,,,,,,,,,,,,,,,,,,,,,,,,,,,,,,,,,,,,,,,,,,,,,,,,,,,,,
20210630,115,,,,040,大阪支店,752,保険料,,,P0,,64500,0,,000,共通部門,131,普通預金,40,JKL銀行 梅田,00,,64500,0,保険料,,,,,,,,,,,,,,,,,,,,,,,,,,,,,,,,,,,,,,,,,,,,,,,,,,,,,,
20210630,120,,,,000,共通部門,152,売掛金,5,東雲商会株式会社,00,,904048,0,,010,札幌営業所,511,売上高,,,B5,,904048,82186,6月1日～6月30日分売上,,,,,,,,,,,,,,,,,,,,,,,,,,,,,,,,,,,,,,,,,,,,,,,,,,,,,,
20210630,120,,,,000,共通部門,152,売掛金,25,株式会社ほのかマート,00,,2998818,0,,010,札幌営業所,511,売上高,,,B5,,2998818,272619,6月1日～6月30日分売上,,,,,,,,,,,,,,,,,,,,,,,,,,,,,,,,,,,,,,,,,,,,,,,,,,,,,,
20210630,120,,,,000,共通部門,152,売掛金,14,株式会社花咲商事,00,,1536704,0,,010,札幌営業所,511,売上高,,,B5,,1536704,139700,6月1日～6月30日分売上,,,,,,,,,,,,,,,,,,,,,,,,,,,,,,,,,,,,,,,,,,,,,,,,,,,,,,
20210630,120,,,,010,札幌営業所,521,売上値引戻り高,,,C5,,66560,6050,,000,共通部門,152,売掛金,14,株式会社花咲商事,00,,66560,0,6月1日～6月30日分売上,,,,,,,,,,,,,,,,,,,,,,,,,,,,,,,,,,,,,,,,,,,,,,,,,,,,,,
20210630,121,,,,000,共通部門,152,売掛金,12,株式会社緑野百貨店,00,,10195015,0,,020,東京支店,511,売上高,,,B5,,10195015,926819,6月1日～6月30日分売上,,,,,,,,,,,,,,,,,,,,,,,,,,,,,,,,,,,,,,,,,,,,,,,,,,,,,,
20210630,121,,,,000,共通部門,152,売掛金,2,株式会社桜丘百貨店,00,,14067110,0,,020,東京支店,511,売上高,,,B5,,14067110,1278828,6月1日～6月30日分売上,,,,,,,,,,,,,,,,,,,,,,,,,,,,,,,,,,,,,,,,,,,,,,,,,,,,,,
20210630,121,,,,000,共通部門,152,売掛金,30,株式会社彩雲トレーディング,00,,1019738,0,,020,東京支店,511,売上高,,,B5,,1019738,92703,6月1日～6月30日分売上,,,,,,,,,,,,,,,,,,,,,,,,,,,,,,,,,,,,,,,,,,,,,,,,,,,,,,
20210630,121,,,,000,共通部門,152,売掛金,24,白峰商事株式会社,00,,602808,0,,020,東京支店,511,売上高,,,B5,,602808,54800,6月1日～6月30日分売上,,,,,,,,,,,,,,,,,,,,,,,,,,,,,,,,,,,,,,,,,,,,,,,,,,,,,,
20210630,121,,,,000,共通部門,152,売掛金,11,株式会社楓屋,00,,603296,0,,020,東京支店,511,売上高,,,B5,,603296,54845,6月1日～6月30日分売上,,,,,,,,,,,,,,,,,,,,,,,,,,,,,,,,,,,,,,,,,,,,,,,,,,,,,,
20210630,121,,,,000,共通部門,152,売掛金,13,星川商事株式会社,00,,1101380,0,,020,東京支店,511,売上高,,,B5,,1101380,100125,6月1日～6月30日分売上,,,,,,,,,,,,,,,,,,,,,,,,,,,,,,,,,,,,,,,,,,,,,,,,,,,,,,
20210630,121,,,,000,共通部門,152,売掛金,14,株式会社花咲商事,00,,1903676,0,,020,東京支店,511,売上高,,,B5,,1903676,173061,6月1日～6月30日分売上,,,,,,,,,,,,,,,,,,,,,,,,,,,,,,,,,,,,,,,,,,,,,,,,,,,,,,
20210630,121,,,,000,共通部門,152,売掛金,10,合同会社こもれび商事,00,,372176,0,,020,東京支店,511,売上高,,,B5,,372176,33834,6月1日～6月30日分売上,,,,,,,,,,,,,,,,,,,,,,,,,,,,,,,,,,,,,,,,,,,,,,,,,,,,,,
20210630,121,,,,000,共通部門,152,売掛金,26,若松販売株式会社,00,,763160,0,,020,東京支店,511,売上高,,,B5,,763160,69378,6月1日～6月30日分売上,,,,,,,,,,,,,,,,,,,,,,,,,,,,,,,,,,,,,,,,,,,,,,,,,,,,,,
20210630,121,,,,020,東京支店,521,売上値引戻り高,,,C5,,40500,3681,,000,共通部門,152,売掛金,2,株式会社桜丘百貨店,00,,40500,0,6月1日～6月30日分売上,,,,,,,,,,,,,,,,,,,,,,,,,,,,,,,,,,,,,,,,,,,,,,,,,,,,,,
20210630,121,,,,020,東京支店,521,売上値引戻り高,,,C5,,64752,5886,,000,共通部門,152,売掛金,12,株式会社緑野百貨店,00,,64752,0,6月1日～6月30日分売上,,,,,,,,,,,,,,,,,,,,,,,,,,,,,,,,,,,,,,,,,,,,,,,,,,,,,,
20210630,122,,,,000,共通部門,152,売掛金,27,晴海物産株式会社,00,,799276,0,,030,名古屋支店,511,売上高,,,B5,,799276,72661,6月1日～6月30日分売上,,,,,,,,,,,,,,,,,,,,,,,,,,,,,,,,,,,,,,,,,,,,,,,,,,,,,,
20210630,122,,,,000,共通部門,152,売掛金,7,株式会社光彩堂商事,00,,1108544,0,,030,名古屋支店,511,売上高,,,B5,,1108544,100776,6月1日～6月30日分売上,,,,,,,,,,,,,,,,,,,,,,,,,,,,,,,,,,,,,,,,,,,,,,,,,,,,,,
20210630,122,,,,000,共通部門,152,売掛金,6,株式会社瑞穂流通,00,,893412,0,,030,名古屋支店,511,売上高,,,B5,,893412,81219,6月1日～6月30日分売上,,,,,,,,,,,,,,,,,,,,,,,,,,,,,,,,,,,,,,,,,,,,,,,,,,,,,,
20210630,122,,,,000,共通部門,152,売掛金,14,株式会社花咲商事,00,,1472424,0,,030,名古屋支店,511,売上高,,,B5,,1472424,133856,6月1日～6月30日分売上,,,,,,,,,,,,,,,,,,,,,,,,,,,,,,,,,,,,,,,,,,,,,,,,,,,,,,
20210630,122,,,,000,共通部門,152,売掛金,19,株式会社南風商会,00,,804060,0,,030,名古屋支店,511,売上高,,,B5,,804060,73096,6月1日～6月30日分売上,,,,,,,,,,,,,,,,,,,,,,,,,,,,,,,,,,,,,,,,,,,,,,,,,,,,,,
20210630,122,,,,000,共通部門,152,売掛金,21,合同会社つばさ商店,00,,504450,0,,030,名古屋支店,511,売上高,,,B5,,504450,45859,6月1日～6月30日分売上,,,,,,,,,,,,,,,,,,,,,,,,,,,,,,,,,,,,,,,,,,,,,,,,,,,,,,
20210630,122,,,,030,名古屋支店,521,売上値引戻り高,,,C5,,23376,2125,,000,共通部門,152,売掛金,14,株式会社花咲商事,00,,23376,0,6月1日～6月30日分売上,,,,,,,,,,,,,,,,,,,,,,,,,,,,,,,,,,,,,,,,,,,,,,,,,,,,,,
20210630,123,,,,000,共通部門,152,売掛金,20,清和商事株式会社,00,,1016210,0,,040,大阪支店,511,売上高,,,B5,,1016210,92382,6月1日～6月30日分売上,,,,,,,,,,,,,,,,,,,,,,,,,,,,,,,,,,,,,,,,,,,,,,,,,,,,,,
20210630,123,,,,000,共通部門,152,売掛金,28,株式会社青葉百貨店,00,,5645572,0,,040,大阪支店,511,売上高,,,B5,,5645572,513233,6月1日～6月30日分売上,,,,,,,,,,,,,,,,,,,,,,,,,,,,,,,,,,,,,,,,,,,,,,,,,,,,,,
20210630,123,,,,000,共通部門,152,売掛金,4,株式会社ひなたマート,00,,908128,0,,040,大阪支店,511,売上高,,,B5,,908128,82557,6月1日～6月30日分売上,,,,,,,,,,,,,,,,,,,,,,,,,,,,,,,,,,,,,,,,,,,,,,,,,,,,,,
20210630,123,,,,000,共通部門,152,売掛金,14,株式会社花咲商事,00,,2319041,0,,040,大阪支店,511,売上高,,,B5,,2319041,210821,6月1日～6月30日分売上,,,,,,,,,,,,,,,,,,,,,,,,,,,,,,,,,,,,,,,,,,,,,,,,,,,,,,
20210630,123,,,,000,共通部門,152,売掛金,23,株式会社杉の木商店,00,,859929,0,,040,大阪支店,511,売上高,,,B5,,859929,78175,6月1日～6月30日分売上,,,,,,,,,,,,,,,,,,,,,,,,,,,,,,,,,,,,,,,,,,,,,,,,,,,,,,
20210630,123,,,,000,共通部門,152,売掛金,8,株式会社高原マーケット,00,,746892,0,,040,大阪支店,511,売上高,,,B5,,746892,67899,6月1日～6月30日分売上,,,,,,,,,,,,,,,,,,,,,,,,,,,,,,,,,,,,,,,,,,,,,,,,,,,,,,
20210630,123,,,,000,共通部門,152,売掛金,3,青凪商事株式会社,00,,335052,0,,040,大阪支店,511,売上高,,,B5,,335052,30459,6月1日～6月30日分売上,,,,,,,,,,,,,,,,,,,,,,,,,,,,,,,,,,,,,,,,,,,,,,,,,,,,,,
20210630,123,,,,000,共通部門,152,売掛金,9,朝凪物産株式会社,00,,746304,0,,040,大阪支店,511,売上高,,,B5,,746304,67845,6月1日～6月30日分売上,,,,,,,,,,,,,,,,,,,,,,,,,,,,,,,,,,,,,,,,,,,,,,,,,,,,,,
20210630,123,,,,040,大阪支店,521,売上値引戻り高,,,C5,,28800,2618,,000,共通部門,152,売掛金,4,株式会社ひなたマート,00,,28800,0,6月1日～6月30日分売上,,,,,,,,,,,,,,,,,,,,,,,,,,,,,,,,,,,,,,,,,,,,,,,,,,,,,,
20210630,123,,,,040,大阪支店,521,売上値引戻り高,,,C5,,26496,2408,,000,共通部門,152,売掛金,28,株式会社青葉百貨店,00,,26496,0,6月1日～6月30日分売上,,,,,,,,,,,,,,,,,,,,,,,,,,,,,,,,,,,,,,,,,,,,,,,,,,,,,,
20210630,124,,,,000,共通部門,152,売掛金,14,株式会社花咲商事,00,,1335240,0,,050,九州営業所,511,売上高,,,B5,,1335240,121385,6月1日～6月30日分売上,,,,,,,,,,,,,,,,,,,,,,,,,,,,,,,,,,,,,,,,,,,,,,,,,,,,,,
20210630,124,,,,000,共通部門,152,売掛金,29,株式会社小春サービス,00,,404352,0,,050,九州営業所,511,売上高,,,B5,,404352,36759,6月1日～6月30日分売上,,,,,,,,,,,,,,,,,,,,,,,,,,,,,,,,,,,,,,,,,,,,,,,,,,,,,,
20210630,124,,,,000,共通部門,152,売掛金,1,株式会社若葉百貨店,00,,1221480,0,,050,九州営業所,511,売上高,,,B5,,1221480,111043,6月1日～6月30日分売上,,,,,,,,,,,,,,,,,,,,,,,,,,,,,,,,,,,,,,,,,,,,,,,,,,,,,,
20210630,124,,,,000,共通部門,152,売掛金,22,株式会社豊原産業,00,,915480,0,,050,九州営業所,511,売上高,,,B5,,915480,83225,6月1日～6月30日分売上,,,,,,,,,,,,,,,,,,,,,,,,,,,,,,,,,,,,,,,,,,,,,,,,,,,,,,
20210630,124,,,,050,九州営業所,521,売上値引戻り高,,,C5,,21600,1963,,000,共通部門,152,売掛金,1,株式会社若葉百貨店,00,,21600,0,6月1日～6月30日分売上,,,,,,,,,,,,,,,,,,,,,,,,,,,,,,,,,,,,,,,,,,,,,,,,,,,,,,
20210630,125,,,,000,共通部門,131,普通預金,40,JKL銀行 梅田,00,,1273800,0,,000,共通部門,152,売掛金,4,株式会社ひなたマート,00,,1273800,0,6月30日伝票No248株式会社ひなたマート,,,,,,,,,,,,,,,,,,,,,,,,,,,,,,,,,,,,,,,,,,,,,,,,,,,,,,
20210630,125,,,,040,大阪支店,741,支払手数料,,,Q5,,840,76,,000,共通部門,152,売掛金,4,株式会社ひなたマート,00,,840,0,6月30日伝票No248株式会社ひなたマート,,,,,,,,,,,,,,,,,,,,,,,,,,,,,,,,,,,,,,,,,,,,,,,,,,,,,,
20210630,126,,,,000,共通部門,131,普通預金,10,DEF銀行 駅前,00,,1203760,0,,000,共通部門,152,売掛金,5,東雲商会株式会社,00,,1203760,0,6月30日伝票No249東雲商会株式会社,,,,,,,,,,,,,,,,,,,,,,,,,,,,,,,,,,,,,,,,,,,,,,,,,,,,,,
20210630,126,,,,010,札幌営業所,741,支払手数料,,,Q5,,840,76,,000,共通部門,152,売掛金,5,東雲商会株式会社,00,,840,0,6月30日伝票No249東雲商会株式会社,,,,,,,,,,,,,,,,,,,,,,,,,,,,,,,,,,,,,,,,,,,,,,,,,,,,,,
20210630,127,,,,000,共通部門,150,受取手形,,,00,,8000694,0,,000,共通部門,152,売掛金,12,株式会社緑野百貨店,00,,8000694,0,6月30日伝票No250株式会社緑野百貨店 | 売上伝票=20210531-115;手形番号=R20210630-127-12,,,,,,,,,,,,,,,,,,,,,,,,,,,,,,,,,,,,,,,,,,,,,,,,,,,,,,
20210630,128,,,,010,札幌営業所,738,租税公課,,,00,,4000,0,,000,共通部門,111,現金,,,00,,4000,0,収入印紙,,,,,,,,,,,,,,,,,,,,,,,,,,,,,,,,,,,,,,,,,,,,,,,,,,,,,,
20210630,128,,,,000,共通部門,131,普通預金,20,ABC銀行 本店,00,,729494,0,,000,共通部門,152,売掛金,24,白峰商事株式会社,00,,729494,0,6月30日伝票No251白峰商事株式会社,,,,,,,,,,,,,,,,,,,,,,,,,,,,,,,,,,,,,,,,,,,,,,,,,,,,,,
20210630,128,,,,020,東京支店,741,支払手数料,,,Q5,,630,57,,000,共通部門,152,売掛金,24,白峰商事株式会社,00,,630,0,6月30日伝票No251白峰商事株式会社,,,,,,,,,,,,,,,,,,,,,,,,,,,,,,,,,,,,,,,,,,,,,,,,,,,,,,
20210630,129,,,,000,共通部門,131,普通預金,50,MNO銀行 北九州,00,,843450,0,,000,共通部門,152,売掛金,29,株式会社小春サービス,00,,843450,0,6月30日伝票No252株式会社小春サービス,,,,,,,,,,,,,,,,,,,,,,,,,,,,,,,,,,,,,,,,,,,,,,,,,,,,,,
20210630,129,,,,050,九州営業所,741,支払手数料,,,Q5,,210,19,,000,共通部門,152,売掛金,29,株式会社小春サービス,00,,210,0,6月30日伝票No252株式会社小春サービス,,,,,,,,,,,,,,,,,,,,,,,,,,,,,,,,,,,,,,,,,,,,,,,,,,,,,,
20210630,130,,,,000,共通部門,111,現金,,,00,,560672,0,,000,共通部門,152,売掛金,10,合同会社こもれび商事,00,,560672,0,6月30日伝票No452合同会社こもれび商事,,,,,,,,,,,,,,,,,,,,,,,,,,,,,,,,,,,,,,,,,,,,,,,,,,,,,,
20210630,131,,,,010,札幌営業所,541,商品仕入高,,,Q5,,77565,7051,,000,共通部門,312,買掛金,2,株式会社双葉物産,00,,77565,0,6月1日～6月30日分仕入,,,,,,,,,,,,,,,,,,,,,,,,,,,,,,,,,,,,,,,,,,,,,,,,,,,,,,
20210630,131,,,,010,札幌営業所,541,商品仕入高,,,Q5,,49392,4490,,000,共通部門,312,買掛金,8,株式会社白樺商事,00,,49392,0,6月1日～6月30日分仕入,,,,,,,,,,,,,,,,,,,,,,,,,,,,,,,,,,,,,,,,,,,,,,,,,,,,,,
20210630,132,,,,020,東京支店,541,商品仕入高,,,Q5,,4187544,380685,,000,共通部門,312,買掛金,11,株式会社花園商会,00,,4187544,0,6月1日～6月30日分仕入,,,,,,,,,,,,,,,,,,,,,,,,,,,,,,,,,,,,,,,,,,,,,,,,,,,,,,
20210630,132,,,,020,東京支店,541,商品仕入高,,,Q5,,5813524,528502,,000,共通部門,312,買掛金,1,株式会社北辰商事,00,,5813524,0,6月1日～6月30日分仕入,,,,,,,,,,,,,,,,,,,,,,,,,,,,,,,,,,,,,,,,,,,,,,,,,,,,,,
20210630,132,,,,020,東京支店,541,商品仕入高,,,Q5,,2864586,260416,,000,共通部門,312,買掛金,14,合同会社あかね商会,00,,2864586,0,6月1日～6月30日分仕入,,,,,,,,,,,,,,,,,,,,,,,,,,,,,,,,,,,,,,,,,,,,,,,,,,,,,,
20210630,132,,,,020,東京支店,541,商品仕入高,,,Q5,,3136658,285150,,000,共通部門,312,買掛金,3,青凪商事株式会社,00,,3136658,0,6月1日～6月30日分仕入,,,,,,,,,,,,,,,,,,,,,,,,,,,,,,,,,,,,,,,,,,,,,,,,,,,,,,
20210630,132,,,,020,東京支店,541,商品仕入高,,,Q5,,1224976,111361,,000,共通部門,312,買掛金,13,朝日野産業株式会社,00,,1224976,0,6月1日～6月30日分仕入,,,,,,,,,,,,,,,,,,,,,,,,,,,,,,,,,,,,,,,,,,,,,,,,,,,,,,
20210630,132,,,,000,共通部門,312,買掛金,13,朝日野産業株式会社,00,,14784,0,,020,東京支店,551,仕入値引戻し高,,,R5,,14784,1344,6月1日～6月30日分仕入,,,,,,,,,,,,,,,,,,,,,,,,,,,,,,,,,,,,,,,,,,,,,,,,,,,,,,
20210630,132,,,,020,東京支店,541,商品仕入高,,,Q5,,316537,28776,,000,共通部門,312,買掛金,12,株式会社泉川商事,00,,316537,0,6月1日～6月30日分仕入,,,,,,,,,,,,,,,,,,,,,,,,,,,,,,,,,,,,,,,,,,,,,,,,,,,,,,
20210630,132,,,,000,共通部門,312,買掛金,11,株式会社花園商会,00,,67512,0,,020,東京支店,551,仕入値引戻し高,,,R5,,67512,6137,6月1日～6月30日分仕入,,,,,,,,,,,,,,,,,,,,,,,,,,,,,,,,,,,,,,,,,,,,,,,,,,,,,,
20210630,132,,,,020,東京支店,541,商品仕入高,,,Q5,,222264,20205,,000,共通部門,312,買掛金,8,株式会社白樺商事,00,,222264,0,6月1日～6月30日分仕入,,,,,,,,,,,,,,,,,,,,,,,,,,,,,,,,,,,,,,,,,,,,,,,,,,,,,,
20210630,132,,,,000,共通部門,312,買掛金,3,青凪商事株式会社,00,,20580,0,,020,東京支店,551,仕入値引戻し高,,,R5,,20580,1870,6月1日～6月30日分仕入,,,,,,,,,,,,,,,,,,,,,,,,,,,,,,,,,,,,,,,,,,,,,,,,,,,,,,
20210630,132,,,,020,東京支店,541,商品仕入高,,,Q5,,616209,56019,,000,共通部門,312,買掛金,2,株式会社双葉物産,00,,616209,0,6月1日～6月30日分仕入,,,,,,,,,,,,,,,,,,,,,,,,,,,,,,,,,,,,,,,,,,,,,,,,,,,,,,
20210630,133,,,,030,名古屋支店,541,商品仕入高,,,Q5,,3490290,317299,,000,共通部門,312,買掛金,7,株式会社夕凪商会,00,,3490290,0,6月1日～6月30日分仕入,,,,,,,,,,,,,,,,,,,,,,,,,,,,,,,,,,,,,,,,,,,,,,,,,,,,,,
20210630,133,,,,030,名古屋支店,541,商品仕入高,,,Q5,,1712425,155675,,000,共通部門,312,買掛金,9,東原産業株式会社,00,,1712425,0,6月1日～6月30日分仕入,,,,,,,,,,,,,,,,,,,,,,,,,,,,,,,,,,,,,,,,,,,,,,,,,,,,,,
20210630,133,,,,030,名古屋支店,541,商品仕入高,,,Q5,,1109128,100829,,000,共通部門,312,買掛金,15,株式会社麦穂商事,00,,1109128,0,6月1日～6月30日分仕入,,,,,,,,,,,,,,,,,,,,,,,,,,,,,,,,,,,,,,,,,,,,,,,,,,,,,,
20210630,133,,,,030,名古屋支店,541,商品仕入高,,,Q5,,116346,10576,,000,共通部門,312,買掛金,2,株式会社双葉物産,00,,116346,0,6月1日～6月30日分仕入,,,,,,,,,,,,,,,,,,,,,,,,,,,,,,,,,,,,,,,,,,,,,,,,,,,,,,
20210630,133,,,,030,名古屋支店,541,商品仕入高,,,Q5,,24696,2245,,000,共通部門,312,買掛金,8,株式会社白樺商事,00,,24696,0,6月1日～6月30日分仕入,,,,,,,,,,,,,,,,,,,,,,,,,,,,,,,,,,,,,,,,,,,,,,,,,,,,,,
20210630,133,,,,000,共通部門,312,買掛金,7,株式会社夕凪商会,00,,42806,0,,030,名古屋支店,551,仕入値引戻し高,,,R5,,42806,3891,6月1日～6月30日分仕入,,,,,,,,,,,,,,,,,,,,,,,,,,,,,,,,,,,,,,,,,,,,,,,,,,,,,,
20210630,134,,,,040,大阪支店,541,商品仕入高,,,Q5,,3040340,276394,,000,共通部門,312,買掛金,10,光野販売株式会社,00,,3040340,0,6月1日～6月30日分仕入,,,,,,,,,,,,,,,,,,,,,,,,,,,,,,,,,,,,,,,,,,,,,,,,,,,,,,
20210630,134,,,,040,大阪支店,541,商品仕入高,,,Q5,,3482789,316617,,000,共通部門,312,買掛金,6,株式会社日向産業,00,,3482789,0,6月1日～6月30日分仕入,,,,,,,,,,,,,,,,,,,,,,,,,,,,,,,,,,,,,,,,,,,,,,,,,,,,,,
20210630,134,,,,040,大阪支店,541,商品仕入高,,,Q5,,3702978,336634,,000,共通部門,312,買掛金,5,千草商事株式会社,00,,3702978,0,6月1日～6月30日分仕入,,,,,,,,,,,,,,,,,,,,,,,,,,,,,,,,,,,,,,,,,,,,,,,,,,,,,,
20210630,134,,,,040,大阪支店,541,商品仕入高,,,Q5,,888656,80786,,000,共通部門,312,買掛金,4,株式会社和泉流通,00,,888656,0,6月1日～6月30日分仕入,,,,,,,,,,,,,,,,,,,,,,,,,,,,,,,,,,,,,,,,,,,,,,,,,,,,,,
20210630,134,,,,040,大阪支店,541,商品仕入高,,,Q5,,349042,31731,,000,共通部門,312,買掛金,2,株式会社双葉物産,00,,349042,0,6月1日～6月30日分仕入,,,,,,,,,,,,,,,,,,,,,,,,,,,,,,,,,,,,,,,,,,,,,,,,,,,,,,
20210630,134,,,,000,共通部門,312,買掛金,10,光野販売株式会社,00,,20160,0,,040,大阪支店,551,仕入値引戻し高,,,R5,,20160,1832,6月1日～6月30日分仕入,,,,,,,,,,,,,,,,,,,,,,,,,,,,,,,,,,,,,,,,,,,,,,,,,,,,,,
20210630,134,,,,040,大阪支店,541,商品仕入高,,,Q5,,44452,4041,,000,共通部門,312,買掛金,8,株式会社白樺商事,00,,44452,0,6月1日～6月30日分仕入,,,,,,,,,,,,,,,,,,,,,,,,,,,,,,,,,,,,,,,,,,,,,,,,,,,,,,
20210630,134,,,,000,共通部門,312,買掛金,5,千草商事株式会社,00,,22596,0,,040,大阪支店,551,仕入値引戻し高,,,R5,,22596,2054,6月1日～6月30日分仕入,,,,,,,,,,,,,,,,,,,,,,,,,,,,,,,,,,,,,,,,,,,,,,,,,,,,,,
20210630,134,,,,000,共通部門,312,買掛金,6,株式会社日向産業,00,,23436,0,,040,大阪支店,551,仕入値引戻し高,,,R5,,23436,2130,6月1日～6月30日分仕入,,,,,,,,,,,,,,,,,,,,,,,,,,,,,,,,,,,,,,,,,,,,,,,,,,,,,,
20210630,135,,,,050,九州営業所,541,商品仕入高,,,Q5,,137893,12535,,000,共通部門,312,買掛金,2,株式会社双葉物産,00,,137893,0,6月1日～6月30日分仕入,,,,,,,,,,,,,,,,,,,,,,,,,,,,,,,,,,,,,,,,,,,,,,,,,,,,,,
20210630,135,,,,050,九州営業所,541,商品仕入高,,,Q5,,49392,4490,,000,共通部門,312,買掛金,8,株式会社白樺商事,00,,49392,0,6月1日～6月30日分仕入,,,,,,,,,,,,,,,,,,,,,,,,,,,,,,,,,,,,,,,,,,,,,,,,,,,,,,
20210630,136,,,,000,共通部門,312,買掛金,2,株式会社双葉物産,00,,1295468,0,,000,共通部門,131,普通預金,20,ABC銀行 本店,00,,1295468,0,6月30日伝票No161株式会社双葉物産,,,,,,,,,,,,,,,,,,,,,,,,,,,,,,,,,,,,,,,,,,,,,,,,,,,,,,
20210630,137,,,,040,大阪支店,791,雑費,,,Q5,,6000,545,,000,共通部門,322,未払金,,,00,,48858,0,有線,,,,,,,,,,,,,,,,,,,,,,,,,,,,,,,,,,,,,,,,,,,,,,,,,,,,,,
20210630,137,,,,040,大阪支店,791,雑費,,,Q5,,42858,3896,,,,,,,,,,,,警備料,,,,,,,,,,,,,,,,,,,,,,,,,,,,,,,,,,,,,,,,,,,,,,,,,,,,,,
20210630,137,,,,040,大阪支店,740,車両費,,,Q5,,53315,4846,,000,共通部門,131,普通預金,40,JKL銀行 梅田,00,,53315,0,高速料,,,,,,,,,,,,,,,,,,,,,,,,,,,,,,,,,,,,,,,,,,,,,,,,,,,,,,
20210630,137,,,,040,大阪支店,791,雑費,,,Q5,,73500,6681,,000,共通部門,322,未払金,,,00,,73500,0,清掃料,,,,,,,,,,,,,,,,,,,,,,,,,,,,,,,,,,,,,,,,,,,,,,,,,,,,,,
20210630,137,,,,000,共通部門,312,買掛金,5,千草商事株式会社,00,,3722134,0,,000,共通部門,301,支払手形,,,00,,3722134,0,6月30日伝票No162千草商事株式会社,,,,,,,,,,,,,,,,,,,,,,,,,,,,,,,,,,,,,,,,,,,,,,,,,,,,,,
20210630,138,,,,000,共通部門,312,買掛金,7,株式会社夕凪商会,00,,3532422,0,,000,共通部門,131,普通預金,20,ABC銀行 本店,00,,3532422,0,6月30日伝票No163株式会社夕凪商会,,,,,,,,,,,,,,,,,,,,,,,,,,,,,,,,,,,,,,,,,,,,,,,,,,,,,,
20210630,139,,,,000,共通部門,312,買掛金,9,東原産業株式会社,00,,1759143,0,,000,共通部門,301,支払手形,,,00,,1759143,0,6月30日伝票No164東原産業株式会社,,,,,,,,,,,,,,,,,,,,,,,,,,,,,,,,,,,,,,,,,,,,,,,,,,,,,,
20210630,140,,,,000,共通部門,312,買掛金,10,光野販売株式会社,00,,2974673,0,,000,共通部門,301,支払手形,,,00,,2974673,0,6月30日伝票No165光野販売株式会社,,,,,,,,,,,,,,,,,,,,,,,,,,,,,,,,,,,,,,,,,,,,,,,,,,,,,,
20210630,141,,,,000,共通部門,312,買掛金,12,株式会社泉川商事,00,,330220,0,,000,共通部門,131,普通預金,20,ABC銀行 本店,00,,330220,0,6月30日伝票No166株式会社泉川商事,,,,,,,,,,,,,,,,,,,,,,,,,,,,,,,,,,,,,,,,,,,,,,,,,,,,,,
20210630,142,,,,000,共通部門,312,買掛金,13,朝日野産業株式会社,00,,1263652,0,,000,共通部門,131,普通預金,20,ABC銀行 本店,00,,1263652,0,6月30日伝票No167朝日野産業株式会社,,,,,,,,,,,,,,,,,,,,,,,,,,,,,,,,,,,,,,,,,,,,,,,,,,,,,,
20210630,143,,,,000,共通部門,312,買掛金,14,合同会社あかね商会,00,,2895984,0,,000,共通部門,131,普通預金,20,ABC銀行 本店,00,,2895984,0,6月30日伝票No168合同会社あかね商会,,,,,,,,,,,,,,,,,,,,,,,,,,,,,,,,,,,,,,,,,,,,,,,,,,,,,,
20210630,144,,,,000,共通部門,312,買掛金,15,株式会社麦穂商事,00,,1154355,0,,000,共通部門,131,普通預金,20,ABC銀行 本店,00,,1154355,0,6月30日伝票No169株式会社麦穂商事,,,,,,,,,,,,,,,,,,,,,,,,,,,,,,,,,,,,,,,,,,,,,,,,,,,,,,
20210630,144,,,,000,共通部門,121,当座預金,1,ABC銀行,00,,7862107,0,,000,共通部門,150,受取手形,,,00,,7862107,0,手形満期 株式会社青葉百貨店 | 手形番号=R20210410-258-28,,,,,,,,,,,,,,,,,,,,,,,,,,,,,,,,,,,,,,,,,,,,,,,,,,,,,,
20210630,145,,,,050,九州営業所,731,運賃,,,Q5,,142450,12950,,000,共通部門,322,未払金,,,00,,142450,0,運賃,,,,,,,,,,,,,,,,,,,,,,,,,,,,,,,,,,,,,,,,,,,,,,,,,,,,,,
20210630,145,,,,000,共通部門,121,当座預金,1,ABC銀行,00,,13932999,0,,000,共通部門,150,受取手形,,,00,,13932999,0,手形満期 株式会社桜丘百貨店 | 仮手形番号=U20210630-145-2;受取仕訳未特定,,,,,,,,,,,,,,,,,,,,,,,,,,,,,,,,,,,,,,,,,,,,,,,,,,,,,,
20210630,146,,,,000,共通部門,301,支払手形,,,00,,4161432,0,,000,共通部門,121,当座預金,1,ABC銀行,00,,4161432,0,手形期日落日 千草商事株式会社,,,,,,,,,,,,,,,,,,,,,,,,,,,,,,,,,,,,,,,,,,,,,,,,,,,,,,
20210630,146,,,,000,共通部門,301,支払手形,,,00,,1798460,0,,000,共通部門,121,当座預金,1,ABC銀行,00,,1798460,0,手形期日落日 東原産業株式会社,,,,,,,,,,,,,,,,,,,,,,,,,,,,,,,,,,,,,,,,,,,,,,,,,,,,,,
20210630,146,,,,000,共通部門,301,支払手形,,,00,,3129144,0,,000,共通部門,121,当座預金,1,ABC銀行,00,,3129144,0,手形期日落日 光野販売株式会社,,,,,,,,,,,,,,,,,,,,,,,,,,,,,,,,,,,,,,,,,,,,,,,,,,,,,,
20210630,151,,,,000,共通部門,131,普通預金,20,ABC銀行 本店,00,,40000,0,,000,共通部門,183,短期貸付金,,,00,,40000,0,貸付金返済,,,,,,,,,,,,,,,,,,,,,,,,,,,,,,,,,,,,,,,,,,,,,,,,,,,,,,
20210630,152,,,,000,共通部門,148,定期積金,,,00,,500000,0,,000,共通部門,131,普通預金,20,ABC銀行 本店,00,,625000,0,定期積立金,,,,,,,,,,,,,,,,,,,,,,,,,,,,,,,,,,,,,,,,,,,,,,,,,,,,,,
20210630,152,,,,000,共通部門,248,保険積立金,,,00,,125000,0,,,,,,,,,,,,保険積立金,,,,,,,,,,,,,,,,,,,,,,,,,,,,,,,,,,,,,,,,,,,,,,,,,,,,,,
20210630,153,,,,000,共通部門,321,短期借入金,,,00,,653500,0,,000,共通部門,121,当座預金,1,ABC銀行,00,,686175,0,借入金返済,,,,,,,,,,,,,,,,,,,,,,,,,,,,,,,,,,,,,,,,,,,,,,,,,,,,,,
20210630,153,,,,020,東京支店,821,支払利息,,,P0,,32675,0,,,,,,,,,,,,利息,,,,,,,,,,,,,,,,,,,,,,,,,,,,,,,,,,,,,,,,,,,,,,,,,,,,,,
20210630,990003,,,,010,札幌営業所,713,賞与,,,00,,110000,0,,010,札幌営業所,337,賞与引当金,,,00,,110000,0,サンプル定義：賞与半年均等引当 202106 部門010,,,,,,,,,,,,,,,,,,,,,,,,,,,,,,,,,,,,,,,,,,,,,,,,,,,,,,
20210630,990003,,,,020,東京支店,713,賞与,,,00,,261667,0,,020,東京支店,337,賞与引当金,,,00,,261667,0,サンプル定義：賞与半年均等引当 202106 部門020,,,,,,,,,,,,,,,,,,,,,,,,,,,,,,,,,,,,,,,,,,,,,,,,,,,,,,
20210630,990003,,,,030,名古屋支店,713,賞与,,,00,,102667,0,,030,名古屋支店,337,賞与引当金,,,00,,102667,0,サンプル定義：賞与半年均等引当 202106 部門030,,,,,,,,,,,,,,,,,,,,,,,,,,,,,,,,,,,,,,,,,,,,,,,,,,,,,,
20210630,990003,,,,040,大阪支店,713,賞与,,,00,,120333,0,,040,大阪支店,337,賞与引当金,,,00,,120333,0,サンプル定義：賞与半年均等引当 202106 部門040,,,,,,,,,,,,,,,,,,,,,,,,,,,,,,,,,,,,,,,,,,,,,,,,,,,,,,
20210630,990003,,,,050,九州営業所,713,賞与,,,00,,79000,0,,050,九州営業所,337,賞与引当金,,,00,,79000,0,サンプル定義：賞与半年均等引当 202106 部門050,,,,,,,,,,,,,,,,,,,,,,,,,,,,,,,,,,,,,,,,,,,,,,,,,,,,,,
20210701,56,,,,020,東京支店,726,旅費交通費,,,Q5,,19800,1800,,000,共通部門,111,現金,,,00,,19800,0,旅費,,,,,,,,,,,,,,,,,,,,,,,,,,,,,,,,,,,,,,,,,,,,,,,,,,,,,,
20210701,66,,,,020,東京支店,744,リース料,,,Q5,,209850,19077,,000,共通部門,131,普通預金,20,ABC銀行 本店,00,,209850,0,リース料,,,,,,,,,,,,,,,,,,,,,,,,,,,,,,,,,,,,,,,,,,,,,,,,,,,,,,
20210701,70,,,,040,大阪支店,791,雑費,,,Q5,,458,41,,000,共通部門,111,現金,,,00,,458,0,電池代,,,,,,,,,,,,,,,,,,,,,,,,,,,,,,,,,,,,,,,,,,,,,,,,,,,,,,
20210701,79,,,,030,名古屋支店,724,福利厚生費,,,Q5,,35077,3188,,000,共通部門,111,現金,,,00,,35077,0,景品代,,,,,,,,,,,,,,,,,,,,,,,,,,,,,,,,,,,,,,,,,,,,,,,,,,,,,,
20210701,116,,,,040,大阪支店,744,リース料,,,Q5,,84000,7636,,000,共通部門,131,普通預金,40,JKL銀行 梅田,00,,84000,0,リース料,,,,,,,,,,,,,,,,,,,,,,,,,,,,,,,,,,,,,,,,,,,,,,,,,,,,,,
20210702,32,,,,010,札幌営業所,754,事務用消耗品費,,,Q5,,2233,203,,000,共通部門,322,未払金,,,00,,2233,0,事務用品費,,,,,,,,,,,,,,,,,,,,,,,,,,,,,,,,,,,,,,,,,,,,,,,,,,,,,,
20210702,142,,,,040,大阪支店,740,車両費,,,Q5,,2458,223,,000,共通部門,111,現金,,,00,,24205,0,洗車代,,,,,,,,,,,,,,,,,,,,,,,,,,,,,,,,,,,,,,,,,,,,,,,,,,,,,,
20210702,142,,,,040,大阪支店,740,車両費,,,Q5,,6229,566,,,,,,,,,,,,ガソリン代,,,,,,,,,,,,,,,,,,,,,,,,,,,,,,,,,,,,,,,,,,,,,,,,,,,,,,
20210702,142,,,,040,大阪支店,740,車両費,,,Q5,,3086,280,,,,,,,,,,,,高速代,,,,,,,,,,,,,,,,,,,,,,,,,,,,,,,,,,,,,,,,,,,,,,,,,,,,,,
20210702,142,,,,040,大阪支店,740,車両費,,,Q5,,477,43,,,,,,,,,,,,高速代,,,,,,,,,,,,,,,,,,,,,,,,,,,,,,,,,,,,,,,,,,,,,,,,,,,,,,
20210702,142,,,,040,大阪支店,740,車両費,,,Q5,,8097,736,,,,,,,,,,,,高速代,,,,,,,,,,,,,,,,,,,,,,,,,,,,,,,,,,,,,,,,,,,,,,,,,,,,,,
20210702,142,,,,040,大阪支店,740,車両費,,,Q5,,3858,350,,,,,,,,,,,,ガソリン代,,,,,,,,,,,,,,,,,,,,,,,,,,,,,,,,,,,,,,,,,,,,,,,,,,,,,,
20210702,151,,,,040,大阪支店,733,交際接待費,,,Q5,,6143,558,,000,共通部門,111,現金,,,00,,15055,0,食事代 架空店舗027 2名,,,,,,,,,,,,,,,,,,,,,,,,,,,,,,,,,,,,,,,,,,,,,,,,,,,,,,
20210702,151,,,,040,大阪支店,733,交際接待費,,,Q5,,8912,810,,,,,,,,,,,,食事代 架空店舗007 4名,,,,,,,,,,,,,,,,,,,,,,,,,,,,,,,,,,,,,,,,,,,,,,,,,,,,,,
20210703,19,,,,010,札幌営業所,726,旅費交通費,,,Q5,,10450,950,,000,共通部門,111,現金,,,00,,10450,0,旅費,,,,,,,,,,,,,,,,,,,,,,,,,,,,,,,,,,,,,,,,,,,,,,,,,,,,,,
20210703,80,,,,030,名古屋支店,726,旅費交通費,,,Q5,,6500,590,,000,共通部門,111,現金,,,00,,6500,0,タクシー代,,,,,,,,,,,,,,,,,,,,,,,,,,,,,,,,,,,,,,,,,,,,,,,,,,,,,,
20210703,134,,,,030,名古屋支店,754,事務用消耗品費,,,Q5,,13780,1252,,000,共通部門,111,現金,,,00,,13780,0,用紙,,,,,,,,,,,,,,,,,,,,,,,,,,,,,,,,,,,,,,,,,,,,,,,,,,,,,,
20210704,10,,,,010,札幌営業所,740,車両費,,,Q5,,7320,665,,000,共通部門,111,現金,,,00,,7320,0,ガソリン代,,,,,,,,,,,,,,,,,,,,,,,,,,,,,,,,,,,,,,,,,,,,,,,,,,,,,,
20210704,41,,,,020,東京支店,733,交際接待費,,,Q5,,12000,1090,,000,共通部門,111,現金,,,00,,12000,0,結婚式会費,,,,,,,,,,,,,,,,,,,,,,,,,,,,,,,,,,,,,,,,,,,,,,,,,,,,,,
20210704,73,,,,020,東京支店,733,交際接待費,,,Q5,,14630,1330,,000,共通部門,111,現金,,,00,,14630,0,飲食代 架空店舗011,,,,,,,,,,,,,,,,,,,,,,,,,,,,,,,,,,,,,,,,,,,,,,,,,,,,,,
20210704,82,,,,030,名古屋支店,740,車両費,,,Q5,,18900,1718,,000,共通部門,322,未払金,,,00,,18900,0,ガソリン代,,,,,,,,,,,,,,,,,,,,,,,,,,,,,,,,,,,,,,,,,,,,,,,,,,,,,,
20210705,18,,,,010,札幌営業所,726,旅費交通費,,,Q5,,24500,2227,,000,共通部門,111,現金,,,00,,24500,0,航空券,,,,,,,,,,,,,,,,,,,,,,,,,,,,,,,,,,,,,,,,,,,,,,,,,,,,,,
20210705,42,,,,020,東京支店,733,交際接待費,,,Q5,,1575,143,,000,共通部門,111,現金,,,00,,1575,0,コーヒー代3名,,,,,,,,,,,,,,,,,,,,,,,,,,,,,,,,,,,,,,,,,,,,,,,,,,,,,,
20210705,87,,,,000,共通部門,131,普通預金,50,MNO銀行 北九州,00,,905008,0,,000,共通部門,152,売掛金,22,株式会社豊原産業,00,,905008,0,7月5日伝票No253株式会社豊原産業,,,,,,,,,,,,,,,,,,,,,,,,,,,,,,,,,,,,,,,,,,,,,,,,,,,,,,
20210705,87,,,,050,九州営業所,523,売上割戻し高,,,C5,,10000,909,,000,共通部門,152,売掛金,22,株式会社豊原産業,00,,10000,0,7月5日伝票No253株式会社豊原産業,,,,,,,,,,,,,,,,,,,,,,,,,,,,,,,,,,,,,,,,,,,,,,,,,,,,,,
20210705,87,,,,050,九州営業所,741,支払手数料,,,Q5,,472,42,,000,共通部門,152,売掛金,22,株式会社豊原産業,00,,472,0,7月5日伝票No253株式会社豊原産業,,,,,,,,,,,,,,,,,,,,,,,,,,,,,,,,,,,,,,,,,,,,,,,,,,,,,,
20210705,88,,,,000,共通部門,131,普通預金,20,ABC銀行 本店,00,,762688,0,,000,共通部門,152,売掛金,26,若松販売株式会社,00,,762688,0,7月5日伝票No254若松販売株式会社,,,,,,,,,,,,,,,,,,,,,,,,,,,,,,,,,,,,,,,,,,,,,,,,,,,,,,
20210705,88,,,,020,東京支店,741,支払手数料,,,Q5,,472,42,,000,共通部門,152,売掛金,26,若松販売株式会社,00,,472,0,7月5日伝票No254若松販売株式会社,,,,,,,,,,,,,,,,,,,,,,,,,,,,,,,,,,,,,,,,,,,,,,,,,,,,,,
20210705,89,,,,000,共通部門,131,普通預金,30,GHI銀行 名古屋,00,,799276,0,,000,共通部門,152,売掛金,27,晴海物産株式会社,00,,799276,0,7月5日伝票No255晴海物産株式会社,,,,,,,,,,,,,,,,,,,,,,,,,,,,,,,,,,,,,,,,,,,,,,,,,,,,,,
20210705,133,,,,020,東京支店,746,支払報酬,,,Q5,,139710,12700,,000,共通部門,131,普通預金,20,ABC銀行 本店,00,,139710,0,税理士報酬,,,,,,,,,,,,,,,,,,,,,,,,,,,,,,,,,,,,,,,,,,,,,,,,,,,,,,
20210706,7,,,,010,札幌営業所,733,交際接待費,,,Q5,,5543,503,,000,共通部門,111,現金,,,00,,6591,0,食事代 架空店舗046 2名,,,,,,,,,,,,,,,,,,,,,,,,,,,,,,,,,,,,,,,,,,,,,,,,,,,,,,
20210706,7,,,,010,札幌営業所,733,交際接待費,,,Q5,,1048,95,,,,,,,,,,,,コーヒー代2名,,,,,,,,,,,,,,,,,,,,,,,,,,,,,,,,,,,,,,,,,,,,,,,,,,,,,,
20210706,43,,,,020,東京支店,733,交際接待費,,,Q5,,7140,649,,000,共通部門,111,現金,,,00,,7140,0,昼食代 架空店舗054 3名,,,,,,,,,,,,,,,,,,,,,,,,,,,,,,,,,,,,,,,,,,,,,,,,,,,,,,
20210706,94,,,,030,名古屋支店,791,雑費,,,Q5,,3102,282,,000,共通部門,111,現金,,,00,,3102,0,トイレットペーパー代,,,,,,,,,,,,,,,,,,,,,,,,,,,,,,,,,,,,,,,,,,,,,,,,,,,,,,
20210706,110,,,,040,大阪支店,726,旅費交通費,,,Q5,,2290,208,,000,共通部門,111,現金,,,00,,2290,0,タクシー代,,,,,,,,,,,,,,,,,,,,,,,,,,,,,,,,,,,,,,,,,,,,,,,,,,,,,,
20210706,156,,,,050,九州営業所,726,旅費交通費,,,Q5,,12000,1090,,000,共通部門,111,現金,,,00,,12000,0,出張旅費,,,,,,,,,,,,,,,,,,,,,,,,,,,,,,,,,,,,,,,,,,,,,,,,,,,,,,
20210707,21,,,,010,札幌営業所,726,旅費交通費,,,Q5,,69500,6318,,000,共通部門,111,現金,,,00,,69500,0,架空鉄道会社A代,,,,,,,,,,,,,,,,,,,,,,,,,,,,,,,,,,,,,,,,,,,,,,,,,,,,,,
20210707,22,,,,010,札幌営業所,726,旅費交通費,,,Q5,,50000,4545,,000,共通部門,111,現金,,,00,,50000,0,旅費,,,,,,,,,,,,,,,,,,,,,,,,,,,,,,,,,,,,,,,,,,,,,,,,,,,,,,
20210707,50,,,,020,東京支店,740,車両費,,,Q5,,12000,1090,,000,共通部門,111,現金,,,00,,12000,0,ガソリン代,,,,,,,,,,,,,,,,,,,,,,,,,,,,,,,,,,,,,,,,,,,,,,,,,,,,,,
20210708,20,,,,010,札幌営業所,726,旅費交通費,,,Q5,,42000,3818,,000,共通部門,111,現金,,,00,,42000,0,旅費,,,,,,,,,,,,,,,,,,,,,,,,,,,,,,,,,,,,,,,,,,,,,,,,,,,,,,
20210708,68,,,,010,札幌営業所,791,雑費,,,Q5,,2361,214,,000,共通部門,111,現金,,,00,,2361,0,トイレットペーパー他,,,,,,,,,,,,,,,,,,,,,,,,,,,,,,,,,,,,,,,,,,,,,,,,,,,,,,
20210708,76,,,,020,東京支店,724,福利厚生費,,,Q5,,61050,5550,,000,共通部門,322,未払金,,,00,,61050,0,景品代,,,,,,,,,,,,,,,,,,,,,,,,,,,,,,,,,,,,,,,,,,,,,,,,,,,,,,
20210708,103,,,,040,大阪支店,733,交際接待費,,,Q5,,2210,200,,000,共通部門,111,現金,,,00,,2210,0,コーヒー代4名,,,,,,,,,,,,,,,,,,,,,,,,,,,,,,,,,,,,,,,,,,,,,,,,,,,,,,
20210708,147,,,,050,九州営業所,740,車両費,,,Q5,,5412,492,,000,共通部門,322,未払金,,,00,,10842,0,ガソリン代,,,,,,,,,,,,,,,,,,,,,,,,,,,,,,,,,,,,,,,,,,,,,,,,,,,,,,
20210708,147,,,,050,九州営業所,740,車両費,,,Q5,,4858,441,,,,,,,,,,,,高速代,,,,,,,,,,,,,,,,,,,,,,,,,,,,,,,,,,,,,,,,,,,,,,,,,,,,,,
20210708,147,,,,050,九州営業所,740,車両費,,,Q5,,572,52,,,,,,,,,,,,駐車代,,,,,,,,,,,,,,,,,,,,,,,,,,,,,,,,,,,,,,,,,,,,,,,,,,,,,,
20210708,150,,,,050,九州営業所,733,交際接待費,,,Q5,,18240,1658,,000,共通部門,111,現金,,,00,,18240,0,ゴルフプレー代2名,,,,,,,,,,,,,,,,,,,,,,,,,,,,,,,,,,,,,,,,,,,,,,,,,,,,,,
20210708,157,,,,050,九州営業所,726,旅費交通費,,,Q5,,45000,4090,,000,共通部門,131,普通預金,50,MNO銀行 北九州,00,,45000,0,航空券代,,,,,,,,,,,,,,,,,,,,,,,,,,,,,,,,,,,,,,,,,,,,,,,,,,,,,,
20210709,79,,,,050,九州営業所,740,車両費,,,Q5,,3519,319,,000,共通部門,111,現金,,,00,,3519,0,ガソリン代,,,,,,,,,,,,,,,,,,,,,,,,,,,,,,,,,,,,,,,,,,,,,,,,,,,,,,
20210709,143,,,,040,大阪支店,740,車両費,,,Q5,,40000,3636,,000,共通部門,111,現金,,,00,,40000,0,点検作業料,,,,,,,,,,,,,,,,,,,,,,,,,,,,,,,,,,,,,,,,,,,,,,,,,,,,,,
20210710,33,,,,010,札幌営業所,747,地代家賃,,,Q5,,320000,29090,,000,共通部門,131,普通預金,10,DEF銀行 駅前,00,,320000,0,家賃支払い,,,,,,,,,,,,,,,,,,,,,,,,,,,,,,,,,,,,,,,,,,,,,,,,,,,,,,
20210710,33,,,,010,札幌営業所,727,通信費,,,Q5,,155351,14122,,000,共通部門,131,普通預金,10,DEF銀行 駅前,00,,155351,0,電話代,,,,,,,,,,,,,,,,,,,,,,,,,,,,,,,,,,,,,,,,,,,,,,,,,,,,,,
20210710,57,,,,020,東京支店,726,旅費交通費,,,Q5,,78074,7097,,000,共通部門,111,現金,,,00,,78074,0,架空鉄道会社A代,,,,,,,,,,,,,,,,,,,,,,,,,,,,,,,,,,,,,,,,,,,,,,,,,,,,,,
20210710,65,,,,040,大阪支店,747,地代家賃,,,Q5,,840000,76363,,000,共通部門,131,普通預金,40,JKL銀行 梅田,00,,840000,0,家賃支払,,,,,,,,,,,,,,,,,,,,,,,,,,,,,,,,,,,,,,,,,,,,,,,,,,,,,,
20210710,67,,,,010,札幌営業所,791,雑費,,,Q5,,5000,454,,000,共通部門,322,未払金,,,00,,39286,0,有線,,,,,,,,,,,,,,,,,,,,,,,,,,,,,,,,,,,,,,,,,,,,,,,,,,,,,,
20210710,67,,,,010,札幌営業所,791,雑費,,,Q5,,34286,3116,,,,,,,,,,,,警備料,,,,,,,,,,,,,,,,,,,,,,,,,,,,,,,,,,,,,,,,,,,,,,,,,,,,,,
20210710,69,,,,000,共通部門,326,預り金,3,源泉税,00,,585612,0,,000,共通部門,131,普通預金,20,ABC銀行 本店,00,,881412,0,源泉税支払,,,,,,,,,,,,,,,,,,,,,,,,,,,,,,,,,,,,,,,,,,,,,,,,,,,,,,
20210710,69,,,,000,共通部門,326,預り金,2,住民税,00,,295800,0,,,,,,,,,,,,住民税支払,,,,,,,,,,,,,,,,,,,,,,,,,,,,,,,,,,,,,,,,,,,,,,,,,,,,,,
20210710,85,,,,030,名古屋支店,727,通信費,,,Q5,,83624,7602,,000,共通部門,131,普通預金,30,GHI銀行 名古屋,00,,83624,0,電話代,,,,,,,,,,,,,,,,,,,,,,,,,,,,,,,,,,,,,,,,,,,,,,,,,,,,,,
20210710,90,,,,000,共通部門,131,普通預金,30,GHI銀行 名古屋,00,,803325,0,,000,共通部門,152,売掛金,19,株式会社南風商会,00,,803325,0,7月10日伝票No256株式会社南風商会,,,,,,,,,,,,,,,,,,,,,,,,,,,,,,,,,,,,,,,,,,,,,,,,,,,,,,
20210710,90,,,,030,名古屋支店,741,支払手数料,,,Q5,,735,66,,000,共通部門,152,売掛金,19,株式会社南風商会,00,,735,0,7月10日伝票No256株式会社南風商会,,,,,,,,,,,,,,,,,,,,,,,,,,,,,,,,,,,,,,,,,,,,,,,,,,,,,,
20210710,91,,,,000,共通部門,150,受取手形,,,00,,5619076,0,,000,共通部門,152,売掛金,28,株式会社青葉百貨店,00,,5619076,0,7月10日伝票No257株式会社青葉百貨店 | 売上伝票=20210630-123;手形番号=R20210710-91-28,,,,,,,,,,,,,,,,,,,,,,,,,,,,,,,,,,,,,,,,,,,,,,,,,,,,,,
20210710,92,,,,000,共通部門,312,買掛金,3,青凪商事株式会社,00,,335052,0,,000,共通部門,152,売掛金,3,青凪商事株式会社,00,,335052,0,7月10日伝票No475青凪商事株式会社,,,,,,,,,,,,,,,,,,,,,,,,,,,,,,,,,,,,,,,,,,,,,,,,,,,,,,
20210710,93,,,,000,共通部門,131,普通預金,20,ABC銀行 本店,00,,8476309,0,,000,共通部門,152,売掛金,14,株式会社花咲商事,00,,8476309,0,7月10日伝票No497株式会社花咲商事東京本社,,,,,,,,,,,,,,,,,,,,,,,,,,,,,,,,,,,,,,,,,,,,,,,,,,,,,,
20210710,93,,,,020,東京支店,741,支払手数料,,,Q5,,840,76,,000,共通部門,152,売掛金,14,株式会社花咲商事,00,,840,0,7月10日伝票No497株式会社花咲商事東京本社,,,,,,,,,,,,,,,,,,,,,,,,,,,,,,,,,,,,,,,,,,,,,,,,,,,,,,
20210710,94,,,,000,共通部門,312,買掛金,3,青凪商事株式会社,00,,2781026,0,,000,共通部門,301,支払手形,,,00,,2781026,0,7月10日伝票No170青凪商事株式会社,,,,,,,,,,,,,,,,,,,,,,,,,,,,,,,,,,,,,,,,,,,,,,,,,,,,,,
20210710,95,,,,000,共通部門,312,買掛金,8,株式会社白樺商事,00,,406425,0,,000,共通部門,131,普通預金,20,ABC銀行 本店,00,,406425,0,7月10日伝票No171株式会社白樺商事,,,,,,,,,,,,,,,,,,,,,,,,,,,,,,,,,,,,,,,,,,,,,,,,,,,,,,
20210710,96,,,,020,東京支店,747,地代家賃,,,Q5,,1260000,114545,,000,共通部門,131,普通預金,20,ABC銀行 本店,00,,1260000,0,家賃支払,,,,,,,,,,,,,,,,,,,,,,,,,,,,,,,,,,,,,,,,,,,,,,,,,,,,,,
20210710,112,,,,040,大阪支店,727,通信費,,,Q5,,246816,22437,,000,共通部門,131,普通預金,40,JKL銀行 梅田,00,,246816,0,電話代,,,,,,,,,,,,,,,,,,,,,,,,,,,,,,,,,,,,,,,,,,,,,,,,,,,,,,
20210710,129,,,,030,名古屋支店,747,地代家賃,,,Q5,,399000,36272,,000,共通部門,131,普通預金,30,GHI銀行 名古屋,00,,399000,0,家賃支払い,,,,,,,,,,,,,,,,,,,,,,,,,,,,,,,,,,,,,,,,,,,,,,,,,,,,,,
20210710,138,,,,000,共通部門,301,支払手形,,,00,,7368349,0,,000,共通部門,121,当座預金,1,ABC銀行,00,,7368349,0,手形期日落日 青凪商事株式会社,,,,,,,,,,,,,,,,,,,,,,,,,,,,,,,,,,,,,,,,,,,,,,,,,,,,,,
20210710,152,,,,050,九州営業所,733,交際接待費,,,Q5,,1570,142,,000,共通部門,111,現金,,,00,,1570,0,コーヒー代2名,,,,,,,,,,,,,,,,,,,,,,,,,,,,,,,,,,,,,,,,,,,,,,,,,,,,,,
20210710,162,,,,020,東京支店,734,会議費,,,Q5,,24995,2272,,000,共通部門,111,現金,,,00,,24995,0,会議　食事代,,,,,,,,,,,,,,,,,,,,,,,,,,,,,,,,,,,,,,,,,,,,,,,,,,,,,,
20210710,167,,,,050,九州営業所,747,地代家賃,,,Q5,,600000,54545,,000,共通部門,131,普通預金,50,MNO銀行 北九州,00,,758107,0,家賃支払い,,,,,,,,,,,,,,,,,,,,,,,,,,,,,,,,,,,,,,,,,,,,,,,,,,,,,,
20210710,167,,,,050,九州営業所,727,通信費,,,Q5,,158107,14373,,,,,,,,,,,,電話代,,,,,,,,,,,,,,,,,,,,,,,,,,,,,,,,,,,,,,,,,,,,,,,,,,,,,,
20210710,168,,,,050,九州営業所,791,雑費,,,Q5,,6000,545,,000,共通部門,322,未払金,,,00,,48858,0,有線,,,,,,,,,,,,,,,,,,,,,,,,,,,,,,,,,,,,,,,,,,,,,,,,,,,,,,
20210710,168,,,,050,九州営業所,791,雑費,,,Q5,,42858,3896,,,,,,,,,,,,警備料,,,,,,,,,,,,,,,,,,,,,,,,,,,,,,,,,,,,,,,,,,,,,,,,,,,,,,
20210711,23,,,,010,札幌営業所,726,旅費交通費,,,Q5,,34953,3177,,000,共通部門,111,現金,,,00,,118199,0,旅費,,,,,,,,,,,,,,,,,,,,,,,,,,,,,,,,,,,,,,,,,,,,,,,,,,,,,,
20210711,23,,,,010,札幌営業所,726,旅費交通費,,,Q5,,27334,2484,,,,,,,,,,,,旅費,,,,,,,,,,,,,,,,,,,,,,,,,,,,,,,,,,,,,,,,,,,,,,,,,,,,,,
20210711,23,,,,010,札幌営業所,726,旅費交通費,,,Q5,,55912,5082,,,,,,,,,,,,旅費,,,,,,,,,,,,,,,,,,,,,,,,,,,,,,,,,,,,,,,,,,,,,,,,,,,,,,
20210711,61,,,,000,共通部門,111,現金,,,00,,2000000,0,,000,共通部門,121,当座預金,1,ABC銀行,00,,2000000,0,引き出し,,,,,,,,,,,,,,,,,,,,,,,,,,,,,,,,,,,,,,,,,,,,,,,,,,,,,,
20210711,69,,,,020,東京支店,791,雑費,,,Q5,,760,69,,000,共通部門,111,現金,,,00,,1565,0,トイレットペーパー代,,,,,,,,,,,,,,,,,,,,,,,,,,,,,,,,,,,,,,,,,,,,,,,,,,,,,,
20210711,69,,,,020,東京支店,791,雑費,,,Q5,,805,73,,,,,,,,,,,,洗剤代,,,,,,,,,,,,,,,,,,,,,,,,,,,,,,,,,,,,,,,,,,,,,,,,,,,,,,
20210712,58,,,,020,東京支店,726,旅費交通費,,,Q5,,59870,5442,,000,共通部門,111,現金,,,00,,59870,0,旅費,,,,,,,,,,,,,,,,,,,,,,,,,,,,,,,,,,,,,,,,,,,,,,,,,,,,,,
20210712,74,,,,020,東京支店,733,交際接待費,,,Q5,,8690,790,,000,共通部門,111,現金,,,00,,8690,0,食事代 架空店舗030 4名,,,,,,,,,,,,,,,,,,,,,,,,,,,,,,,,,,,,,,,,,,,,,,,,,,,,,,
20210712,81,,,,030,名古屋支店,726,旅費交通費,,,Q5,,20500,1863,,000,共通部門,111,現金,,,00,,20500,0,旅費,,,,,,,,,,,,,,,,,,,,,,,,,,,,,,,,,,,,,,,,,,,,,,,,,,,,,,
20210712,149,,,,030,名古屋支店,733,交際接待費,,,Q5,,10000,909,,000,共通部門,111,現金,,,00,,10000,0,香典代,,,,,,,,,,,,,,,,,,,,,,,,,,,,,,,,,,,,,,,,,,,,,,,,,,,,,,
20210714,51,,,,020,東京支店,740,車両費,,,Q5,,760,69,,000,共通部門,111,現金,,,00,,1565,0,高速代,,,,,,,,,,,,,,,,,,,,,,,,,,,,,,,,,,,,,,,,,,,,,,,,,,,,,,
20210714,51,,,,020,東京支店,740,車両費,,,Q5,,805,73,,,,,,,,,,,,駐車代,,,,,,,,,,,,,,,,,,,,,,,,,,,,,,,,,,,,,,,,,,,,,,,,,,,,,,
20210714,74,,,,020,東京支店,733,交際接待費,,,Q5,,7900,718,,000,共通部門,111,現金,,,00,,7900,0,ゴルフプレー代,,,,,,,,,,,,,,,,,,,,,,,,,,,,,,,,,,,,,,,,,,,,,,,,,,,,,,
20210714,104,,,,040,大阪支店,733,交際接待費,,,Q5,,1575,143,,000,共通部門,111,現金,,,00,,1575,0,手土産代 架空店舗089,,,,,,,,,,,,,,,,,,,,,,,,,,,,,,,,,,,,,,,,,,,,,,,,,,,,,,
20210715,46,,,,020,東京支店,740,車両費,,,Q5,,14000,1272,,000,共通部門,111,現金,,,00,,14000,0,ガソリン代,,,,,,,,,,,,,,,,,,,,,,,,,,,,,,,,,,,,,,,,,,,,,,,,,,,,,,
20210715,84,,,,020,東京支店,721,雑給,,,00,,364425,0,,000,共通部門,111,現金,,,00,,351930,0,7月給与その他 0060 パート･アルバイト,,,,,,,,,,,,,,,,,,,,,,,,,,,,,,,,,,,,,,,,,,,,,,,,,,,,,,
20210715,84,,,,,,,,,,,,,,,000,共通部門,326,預り金,3,源泉税,00,,860,0,7月給与その他 0060 パート･アルバイト,,,,,,,,,,,,,,,,,,,,,,,,,,,,,,,,,,,,,,,,,,,,,,,,,,,,,,
20210715,84,,,,,,,,,,,,,,,000,共通部門,326,預り金,9,その他,00,,11635,0,7月給与その他 0060 パート･アルバイト,,,,,,,,,,,,,,,,,,,,,,,,,,,,,,,,,,,,,,,,,,,,,,,,,,,,,,
20210715,96,,,,000,共通部門,131,普通預金,50,MNO銀行 北九州,00,,1199040,0,,000,共通部門,152,売掛金,1,株式会社若葉百貨店,00,,1199040,0,7月15日伝票No258株式会社若葉百貨店,,,,,,,,,,,,,,,,,,,,,,,,,,,,,,,,,,,,,,,,,,,,,,,,,,,,,,
20210715,96,,,,050,九州営業所,741,支払手数料,,,Q5,,840,76,,000,共通部門,152,売掛金,1,株式会社若葉百貨店,00,,840,0,7月15日伝票No258株式会社若葉百貨店,,,,,,,,,,,,,,,,,,,,,,,,,,,,,,,,,,,,,,,,,,,,,,,,,,,,,,
20210715,97,,,,000,共通部門,131,普通預金,30,GHI銀行 名古屋,00,,892572,0,,000,共通部門,152,売掛金,6,株式会社瑞穂流通,00,,892572,0,7月15日伝票No259株式会社瑞穂流通,,,,,,,,,,,,,,,,,,,,,,,,,,,,,,,,,,,,,,,,,,,,,,,,,,,,,,
20210715,97,,,,030,名古屋支店,741,支払手数料,,,Q5,,840,76,,000,共通部門,152,売掛金,6,株式会社瑞穂流通,00,,840,0,7月15日伝票No259株式会社瑞穂流通,,,,,,,,,,,,,,,,,,,,,,,,,,,,,,,,,,,,,,,,,,,,,,,,,,,,,,
20210715,98,,,,000,共通部門,131,普通預金,40,JKL銀行 梅田,00,,746052,0,,000,共通部門,152,売掛金,8,株式会社高原マーケット,00,,746052,0,7月15日伝票No260株式会社高原マーケット,,,,,,,,,,,,,,,,,,,,,,,,,,,,,,,,,,,,,,,,,,,,,,,,,,,,,,
20210715,98,,,,040,大阪支店,741,支払手数料,,,Q5,,840,76,,000,共通部門,152,売掛金,8,株式会社高原マーケット,00,,840,0,7月15日伝票No260株式会社高原マーケット,,,,,,,,,,,,,,,,,,,,,,,,,,,,,,,,,,,,,,,,,,,,,,,,,,,,,,
20210715,99,,,,000,共通部門,131,普通預金,40,JKL銀行 梅田,00,,745464,0,,000,共通部門,152,売掛金,9,朝凪物産株式会社,00,,745464,0,7月15日伝票No261朝凪物産株式会社,,,,,,,,,,,,,,,,,,,,,,,,,,,,,,,,,,,,,,,,,,,,,,,,,,,,,,
20210715,99,,,,040,大阪支店,741,支払手数料,,,Q5,,840,76,,000,共通部門,152,売掛金,9,朝凪物産株式会社,00,,840,0,7月15日伝票No261朝凪物産株式会社,,,,,,,,,,,,,,,,,,,,,,,,,,,,,,,,,,,,,,,,,,,,,,,,,,,,,,
20210715,100,,,,000,共通部門,131,普通預金,20,ABC銀行 本店,00,,1101380,0,,000,共通部門,152,売掛金,13,星川商事株式会社,00,,1101380,0,7月15日伝票No262星川商事株式会社,,,,,,,,,,,,,,,,,,,,,,,,,,,,,,,,,,,,,,,,,,,,,,,,,,,,,,
20210715,101,,,,000,共通部門,131,普通預金,40,JKL銀行 梅田,00,,1015895,0,,000,共通部門,152,売掛金,20,清和商事株式会社,00,,1015895,0,7月15日伝票No263清和商事株式会社,,,,,,,,,,,,,,,,,,,,,,,,,,,,,,,,,,,,,,,,,,,,,,,,,,,,,,
20210715,101,,,,040,大阪支店,741,支払手数料,,,Q5,,315,28,,000,共通部門,152,売掛金,20,清和商事株式会社,00,,315,0,7月15日伝票No263清和商事株式会社,,,,,,,,,,,,,,,,,,,,,,,,,,,,,,,,,,,,,,,,,,,,,,,,,,,,,,
20210715,102,,,,000,共通部門,312,買掛金,1,株式会社北辰商事,00,,6139435,0,,000,共通部門,131,普通預金,20,ABC銀行 本店,00,,6139435,0,7月15日伝票No172株式会社北辰商事,,,,,,,,,,,,,,,,,,,,,,,,,,,,,,,,,,,,,,,,,,,,,,,,,,,,,,
20210715,117,,,,040,大阪支店,742,諸会費,,,00,,20000,0,,000,共通部門,111,現金,,,00,,20000,0,会費,,,,,,,,,,,,,,,,,,,,,,,,,,,,,,,,,,,,,,,,,,,,,,,,,,,,,,
20210715,130,,,,040,大阪支店,742,諸会費,,,00,,24000,0,,000,共通部門,131,普通預金,40,JKL銀行 梅田,00,,24000,0,会費,,,,,,,,,,,,,,,,,,,,,,,,,,,,,,,,,,,,,,,,,,,,,,,,,,,,,,
20210715,141,,,,040,大阪支店,726,旅費交通費,,,Q5,,7500,681,,000,共通部門,111,現金,,,00,,7500,0,架空鉄道会社A代,,,,,,,,,,,,,,,,,,,,,,,,,,,,,,,,,,,,,,,,,,,,,,,,,,,,,,
20210716,11,,,,010,札幌営業所,740,車両費,,,Q5,,3210,291,,000,共通部門,111,現金,,,00,,3210,0,ガソリン代,,,,,,,,,,,,,,,,,,,,,,,,,,,,,,,,,,,,,,,,,,,,,,,,,,,,,,
20210716,52,,,,020,東京支店,740,車両費,,,Q5,,3381,307,,000,共通部門,111,現金,,,00,,74810,0,高速代,,,,,,,,,,,,,,,,,,,,,,,,,,,,,,,,,,,,,,,,,,,,,,,,,,,,,,
20210716,52,,,,020,東京支店,740,車両費,,,Q5,,71429,6493,,,,,,,,,,,,ガソリン代,,,,,,,,,,,,,,,,,,,,,,,,,,,,,,,,,,,,,,,,,,,,,,,,,,,,,,
20210716,61,,,,020,東京支店,727,通信費,,,Q5,,134577,12234,,000,共通部門,131,普通預金,20,ABC銀行 本店,00,,134577,0,電話代,,,,,,,,,,,,,,,,,,,,,,,,,,,,,,,,,,,,,,,,,,,,,,,,,,,,,,
20210716,105,,,,040,大阪支店,733,交際接待費,,,Q5,,17461,1587,,000,共通部門,111,現金,,,00,,48766,0,飲食代 架空店舗027 4名,,,,,,,,,,,,,,,,,,,,,,,,,,,,,,,,,,,,,,,,,,,,,,,,,,,,,,
20210716,105,,,,040,大阪支店,733,交際接待費,,,Q5,,31305,2845,,,,,,,,,,,,飲食代 架空店舗026 4名,,,,,,,,,,,,,,,,,,,,,,,,,,,,,,,,,,,,,,,,,,,,,,,,,,,,,,
20210716,136,,,,040,大阪支店,791,雑費,,,Q5,,16500,1500,,000,共通部門,111,現金,,,00,,16500,0,架空清掃会社A代,,,,,,,,,,,,,,,,,,,,,,,,,,,,,,,,,,,,,,,,,,,,,,,,,,,,,,
20210716,161,,,,050,九州営業所,726,旅費交通費,,,Q5,,3500,318,,000,共通部門,111,現金,,,00,,3500,0,旅費,,,,,,,,,,,,,,,,,,,,,,,,,,,,,,,,,,,,,,,,,,,,,,,,,,,,,,
20210717,4,,,,010,札幌営業所,732,広告宣伝費,,,Q5,,31500,2863,,000,共通部門,322,未払金,,,00,,31500,0,広告費,,,,,,,,,,,,,,,,,,,,,,,,,,,,,,,,,,,,,,,,,,,,,,,,,,,,,,
20210717,12,,,,010,札幌営業所,740,車両費,,,Q5,,800,72,,000,共通部門,111,現金,,,00,,800,0,駐車代,,,,,,,,,,,,,,,,,,,,,,,,,,,,,,,,,,,,,,,,,,,,,,,,,,,,,,
20210717,12,,,,010,札幌営業所,740,車両費,,,Q5,,4456,405,,000,共通部門,111,現金,,,00,,8471,0,ガソリン代,,,,,,,,,,,,,,,,,,,,,,,,,,,,,,,,,,,,,,,,,,,,,,,,,,,,,,
20210717,12,,,,010,札幌営業所,740,車両費,,,Q5,,4015,365,,,,,,,,,,,,ガソリン代,,,,,,,,,,,,,,,,,,,,,,,,,,,,,,,,,,,,,,,,,,,,,,,,,,,,,,
20210718,59,,,,020,東京支店,726,旅費交通費,,,Q5,,45000,4090,,000,共通部門,111,現金,,,00,,45000,0,旅費,,,,,,,,,,,,,,,,,,,,,,,,,,,,,,,,,,,,,,,,,,,,,,,,,,,,,,
20210718,82,,,,030,名古屋支店,726,旅費交通費,,,Q5,,9800,890,,000,共通部門,111,現金,,,00,,9800,0,旅費,,,,,,,,,,,,,,,,,,,,,,,,,,,,,,,,,,,,,,,,,,,,,,,,,,,,,,
20210718,123,,,,040,大阪支店,727,通信費,,,Q5,,16000,1454,,000,共通部門,111,現金,,,00,,16000,0,切手代,,,,,,,,,,,,,,,,,,,,,,,,,,,,,,,,,,,,,,,,,,,,,,,,,,,,,,
20210718,139,,,,040,大阪支店,724,福利厚生費,,,Q5,,45020,4092,,000,共通部門,322,未払金,,,00,,45020,0,社員夜食代,,,,,,,,,,,,,,,,,,,,,,,,,,,,,,,,,,,,,,,,,,,,,,,,,,,,,,
20210718,148,,,,050,九州営業所,740,車両費,,,Q5,,4486,407,,000,共通部門,111,現金,,,00,,6086,0,ガソリン代,,,,,,,,,,,,,,,,,,,,,,,,,,,,,,,,,,,,,,,,,,,,,,,,,,,,,,
20210718,148,,,,050,九州営業所,740,車両費,,,Q5,,1600,145,,,,,,,,,,,,ウォッシャー液他,,,,,,,,,,,,,,,,,,,,,,,,,,,,,,,,,,,,,,,,,,,,,,,,,,,,,,
20210719,8,,,,010,札幌営業所,733,交際接待費,,,Q5,,4486,407,,000,共通部門,111,現金,,,00,,6086,0,定例ミーティング会費,,,,,,,,,,,,,,,,,,,,,,,,,,,,,,,,,,,,,,,,,,,,,,,,,,,,,,
20210719,8,,,,010,札幌営業所,733,交際接待費,,,Q5,,1600,145,,,,,,,,,,,,景品,,,,,,,,,,,,,,,,,,,,,,,,,,,,,,,,,,,,,,,,,,,,,,,,,,,,,,
20210719,47,,,,020,東京支店,740,車両費,,,Q5,,8540,776,,000,共通部門,111,現金,,,00,,8540,0,ガソリン代,,,,,,,,,,,,,,,,,,,,,,,,,,,,,,,,,,,,,,,,,,,,,,,,,,,,,,
20210719,160,,,,020,東京支店,726,旅費交通費,,,Q5,,86700,7881,,000,共通部門,111,現金,,,00,,86700,0,出張旅費,,,,,,,,,,,,,,,,,,,,,,,,,,,,,,,,,,,,,,,,,,,,,,,,,,,,,,
20210720,1,,,,000,共通部門,724,福利厚生費,,,Q6,,10800,800,,000,共通部門,111,現金,,,00,,10800,0,残業夜食　軽減税率,,,,,,,,,,,,,,,,,,,,,,,,,,,,,,,,,,,,,,,,,,,,,,,,,,,,,,
20210720,6,,,,010,札幌営業所,732,広告宣伝費,,,Q5,,5000,454,,000,共通部門,111,現金,,,00,,5000,0,広告料,,,,,,,,,,,,,,,,,,,,,,,,,,,,,,,,,,,,,,,,,,,,,,,,,,,,,,
20210720,31,,,,010,札幌営業所,754,事務用消耗品費,,,Q5,,2866,260,,000,共通部門,322,未払金,,,00,,2866,0,コピー代,,,,,,,,,,,,,,,,,,,,,,,,,,,,,,,,,,,,,,,,,,,,,,,,,,,,,,
20210720,45,,,,020,東京支店,733,交際接待費,,,Q5,,1260,114,,000,共通部門,111,現金,,,00,,1260,0,コーヒー代2名,,,,,,,,,,,,,,,,,,,,,,,,,,,,,,,,,,,,,,,,,,,,,,,,,,,,,,
20210720,48,,,,020,東京支店,740,車両費,,,Q5,,4303,391,,000,共通部門,111,現金,,,00,,4303,0,ガソリン代,,,,,,,,,,,,,,,,,,,,,,,,,,,,,,,,,,,,,,,,,,,,,,,,,,,,,,
20210720,53,,,,020,東京支店,740,車両費,,,Q5,,6381,580,,000,共通部門,111,現金,,,00,,8525,0,ガソリン代,,,,,,,,,,,,,,,,,,,,,,,,,,,,,,,,,,,,,,,,,,,,,,,,,,,,,,
20210720,53,,,,020,東京支店,740,車両費,,,Q5,,1429,129,,,,,,,,,,,,駐車代,,,,,,,,,,,,,,,,,,,,,,,,,,,,,,,,,,,,,,,,,,,,,,,,,,,,,,
20210720,53,,,,020,東京支店,740,車両費,,,Q5,,715,65,,,,,,,,,,,,高速代,,,,,,,,,,,,,,,,,,,,,,,,,,,,,,,,,,,,,,,,,,,,,,,,,,,,,,
20210720,69,,,,030,名古屋支店,791,雑費,,,Q5,,5000,454,,000,共通部門,322,未払金,,,00,,5000,0,有線,,,,,,,,,,,,,,,,,,,,,,,,,,,,,,,,,,,,,,,,,,,,,,,,,,,,,,
20210720,71,,,,020,東京支店,754,事務用消耗品費,,,Q5,,11407,1037,,000,共通部門,322,未払金,,,00,,42727,0,事務用品,,,,,,,,,,,,,,,,,,,,,,,,,,,,,,,,,,,,,,,,,,,,,,,,,,,,,,
20210720,71,,,,020,東京支店,754,事務用消耗品費,,,Q5,,31320,2847,,,,,,,,,,,,カウンター料金,,,,,,,,,,,,,,,,,,,,,,,,,,,,,,,,,,,,,,,,,,,,,,,,,,,,,,
20210720,72,,,,050,九州営業所,754,事務用消耗品費,,,Q5,,6300,572,,000,共通部門,322,未払金,,,00,,6300,0,カウンター料金,,,,,,,,,,,,,,,,,,,,,,,,,,,,,,,,,,,,,,,,,,,,,,,,,,,,,,
20210720,77,,,,000,共通部門,737,消耗品費,,,Q5,,19387,1762,,000,共通部門,322,未払金,,,00,,268502,0,ファイル等,,,,,,,,,,,,,,,,,,,,,,,,,,,,,,,,,,,,,,,,,,,,,,,,,,,,,,
20210720,77,,,,000,共通部門,737,消耗品費,,,Q5,,239019,21729,,,,,,,,,,,,飲料水,,,,,,,,,,,,,,,,,,,,,,,,,,,,,,,,,,,,,,,,,,,,,,,,,,,,,,
20210720,77,,,,000,共通部門,737,消耗品費,,,Q5,,10096,917,,,,,,,,,,,,名刺代,,,,,,,,,,,,,,,,,,,,,,,,,,,,,,,,,,,,,,,,,,,,,,,,,,,,,,
20210720,97,,,,030,名古屋支店,754,事務用消耗品費,,,Q5,,35789,3253,,000,共通部門,322,未払金,,,00,,35789,0,コピー代,,,,,,,,,,,,,,,,,,,,,,,,,,,,,,,,,,,,,,,,,,,,,,,,,,,,,,
20210720,98,,,,030,名古屋支店,754,事務用消耗品費,,,Q5,,5890,535,,000,共通部門,322,未払金,,,00,,5890,0,事務用品,,,,,,,,,,,,,,,,,,,,,,,,,,,,,,,,,,,,,,,,,,,,,,,,,,,,,,
20210720,101,,,,040,大阪支店,732,広告宣伝費,,,Q5,,52500,4772,,000,共通部門,322,未払金,,,00,,52500,0,広告料,,,,,,,,,,,,,,,,,,,,,,,,,,,,,,,,,,,,,,,,,,,,,,,,,,,,,,
20210720,103,,,,000,共通部門,111,現金,,,00,,603296,0,,000,共通部門,152,売掛金,11,株式会社楓屋,00,,603296,0,7月20日伝票No264株式会社楓屋,,,,,,,,,,,,,,,,,,,,,,,,,,,,,,,,,,,,,,,,,,,,,,,,,,,,,,
20210720,104,,,,000,共通部門,131,普通預金,30,GHI銀行 名古屋,00,,503820,0,,000,共通部門,152,売掛金,21,合同会社つばさ商店,00,,503820,0,7月20日伝票No265合同会社つばさ商店,,,,,,,,,,,,,,,,,,,,,,,,,,,,,,,,,,,,,,,,,,,,,,,,,,,,,,
20210720,104,,,,030,名古屋支店,741,支払手数料,,,Q5,,630,57,,000,共通部門,152,売掛金,21,合同会社つばさ商店,00,,630,0,7月20日伝票No265合同会社つばさ商店,,,,,,,,,,,,,,,,,,,,,,,,,,,,,,,,,,,,,,,,,,,,,,,,,,,,,,
20210720,105,,,,000,共通部門,131,普通預金,20,ABC銀行 本店,00,,1019003,0,,000,共通部門,152,売掛金,30,株式会社彩雲トレーディング,00,,1019003,0,7月20日伝票No266株式会社彩雲トレーディング,,,,,,,,,,,,,,,,,,,,,,,,,,,,,,,,,,,,,,,,,,,,,,,,,,,,,,
20210720,105,,,,020,東京支店,741,支払手数料,,,Q5,,735,66,,000,共通部門,152,売掛金,30,株式会社彩雲トレーディング,00,,735,0,7月20日伝票No266株式会社彩雲トレーディング,,,,,,,,,,,,,,,,,,,,,,,,,,,,,,,,,,,,,,,,,,,,,,,,,,,,,,
20210720,106,,,,000,共通部門,312,買掛金,4,株式会社和泉流通,00,,888656,0,,000,共通部門,131,普通預金,20,ABC銀行 本店,00,,888656,0,7月20日伝票No173株式会社和泉流通,,,,,,,,,,,,,,,,,,,,,,,,,,,,,,,,,,,,,,,,,,,,,,,,,,,,,,
20210720,107,,,,000,共通部門,312,買掛金,6,株式会社日向産業,00,,3530262,0,,000,共通部門,131,普通預金,20,ABC銀行 本店,00,,3530262,0,7月20日伝票No174株式会社日向産業,,,,,,,,,,,,,,,,,,,,,,,,,,,,,,,,,,,,,,,,,,,,,,,,,,,,,,
20210720,108,,,,000,共通部門,312,買掛金,11,株式会社花園商会,00,,4120032,0,,000,共通部門,131,普通預金,20,ABC銀行 本店,00,,4120032,0,7月20日伝票No175株式会社花園商会,,,,,,,,,,,,,,,,,,,,,,,,,,,,,,,,,,,,,,,,,,,,,,,,,,,,,,
20210720,118,,,,040,大阪支店,754,事務用消耗品費,,,Q5,,7223,656,,000,共通部門,322,未払金,,,00,,7223,0,コピー代,,,,,,,,,,,,,,,,,,,,,,,,,,,,,,,,,,,,,,,,,,,,,,,,,,,,,,
20210720,119,,,,040,大阪支店,754,事務用消耗品費,,,Q5,,1480,134,,000,共通部門,322,未払金,,,00,,1480,0,事務用品,,,,,,,,,,,,,,,,,,,,,,,,,,,,,,,,,,,,,,,,,,,,,,,,,,,,,,
20210720,137,,,,000,共通部門,121,当座預金,1,ABC銀行,00,,7936852,0,,000,共通部門,150,受取手形,,,00,,8000694,0,手形割引 株式会社緑野百貨店 | 手形番号=R20210630-127-12;受取額に決済額を訂正,,,,,,,,,,,,,,,,,,,,,,,,,,,,,,,,,,,,,,,,,,,,,,,,,,,,,,
20210720,137,,,,020,東京支店,821,支払利息,,,P0,,63842,0,,,,,,,,,,,,手形割引料 | 手形番号=R20210630-127-12,,,,,,,,,,,,,,,,,,,,,,,,,,,,,,,,,,,,,,,,,,,,,,,,,,,,,,
20210720,139,,,,000,共通部門,301,支払手形,,,00,,6181724,0,,000,共通部門,121,当座預金,1,ABC銀行,00,,6181724,0,手形期日落日 株式会社花園商会,,,,,,,,,,,,,,,,,,,,,,,,,,,,,,,,,,,,,,,,,,,,,,,,,,,,,,
20210720,139,,,,000,共通部門,121,当座預金,1,ABC銀行,00,,6654846,0,,000,共通部門,150,受取手形,,,00,,6707128,0,手形割引 株式会社青葉百貨店 | 手形番号=R20210610-98-28;受取額に決済額を訂正,,,,,,,,,,,,,,,,,,,,,,,,,,,,,,,,,,,,,,,,,,,,,,,,,,,,,,
20210720,139,,,,020,東京支店,821,支払利息,,,P0,,52282,0,,,,,,,,,,,,手形割引料 | 手形番号=R20210610-98-28,,,,,,,,,,,,,,,,,,,,,,,,,,,,,,,,,,,,,,,,,,,,,,,,,,,,,,
20210720,142,,,,000,共通部門,131,普通預金,20,ABC銀行 本店,00,,19000000,0,,000,共通部門,121,当座預金,1,ABC銀行,00,,19000000,0,資金移動,,,,,,,,,,,,,,,,,,,,,,,,,,,,,,,,,,,,,,,,,,,,,,,,,,,,,,
20210720,144,,,,040,大阪支店,740,車両費,,,Q5,,4324,393,,000,共通部門,111,現金,,,00,,14780,0,ガソリン代,,,,,,,,,,,,,,,,,,,,,,,,,,,,,,,,,,,,,,,,,,,,,,,,,,,,,,
20210720,144,,,,040,大阪支店,740,車両費,,,Q5,,3408,309,,,,,,,,,,,,高速代,,,,,,,,,,,,,,,,,,,,,,,,,,,,,,,,,,,,,,,,,,,,,,,,,,,,,,
20210720,144,,,,040,大阪支店,740,車両費,,,Q5,,7048,640,,,,,,,,,,,,ガソリン代,,,,,,,,,,,,,,,,,,,,,,,,,,,,,,,,,,,,,,,,,,,,,,,,,,,,,,
20210720,158,,,,040,大阪支店,726,旅費交通費,,,Q5,,10000,909,,000,共通部門,111,現金,,,00,,10000,0,出張旅費,,,,,,,,,,,,,,,,,,,,,,,,,,,,,,,,,,,,,,,,,,,,,,,,,,,,,,
20210720,163,,,,050,九州営業所,742,諸会費,,,00,,18000,0,,000,共通部門,111,現金,,,00,,18000,0,会費,,,,,,,,,,,,,,,,,,,,,,,,,,,,,,,,,,,,,,,,,,,,,,,,,,,,,,
20210720,164,,,,050,九州営業所,754,事務用消耗品費,,,Q5,,5980,543,,000,共通部門,111,現金,,,00,,5980,0,事務用品,,,,,,,,,,,,,,,,,,,,,,,,,,,,,,,,,,,,,,,,,,,,,,,,,,,,,,
20210721,25,,,,010,札幌営業所,726,旅費交通費,,,Q5,,56000,5090,,000,共通部門,111,現金,,,00,,56000,0,旅費,,,,,,,,,,,,,,,,,,,,,,,,,,,,,,,,,,,,,,,,,,,,,,,,,,,,,,
20210721,63,,,,050,九州営業所,724,福利厚生費,,,Q5,,11050,1004,,000,共通部門,322,未払金,,,00,,11050,0,お茶代,,,,,,,,,,,,,,,,,,,,,,,,,,,,,,,,,,,,,,,,,,,,,,,,,,,,,,
20210721,159,,,,050,九州営業所,726,旅費交通費,,,Q5,,9780,889,,000,共通部門,111,現金,,,00,,9780,0,タクシー代,,,,,,,,,,,,,,,,,,,,,,,,,,,,,,,,,,,,,,,,,,,,,,,,,,,,,,
20210722,26,,,,010,札幌営業所,726,旅費交通費,,,Q5,,19050,1731,,000,共通部門,111,現金,,,00,,19050,0,旅費,,,,,,,,,,,,,,,,,,,,,,,,,,,,,,,,,,,,,,,,,,,,,,,,,,,,,,
20210722,34,,,,010,札幌営業所,736,水道光熱費,,,Q5,,96715,8792,,000,共通部門,131,普通預金,10,DEF銀行 駅前,00,,101973,0,電気代,,,,,,,,,,,,,,,,,,,,,,,,,,,,,,,,,,,,,,,,,,,,,,,,,,,,,,
20210722,34,,,,010,札幌営業所,736,水道光熱費,,,Q5,,5258,478,,,,,,,,,,,,水道代,,,,,,,,,,,,,,,,,,,,,,,,,,,,,,,,,,,,,,,,,,,,,,,,,,,,,,
20210722,64,,,,020,東京支店,736,水道光熱費,,,Q5,,170932,15539,,000,共通部門,131,普通預金,20,ABC銀行 本店,00,,178592,0,電気料,,,,,,,,,,,,,,,,,,,,,,,,,,,,,,,,,,,,,,,,,,,,,,,,,,,,,,
20210722,64,,,,020,東京支店,736,水道光熱費,,,Q5,,7660,696,,,,,,,,,,,,水道料,,,,,,,,,,,,,,,,,,,,,,,,,,,,,,,,,,,,,,,,,,,,,,,,,,,,,,
20210722,89,,,,030,名古屋支店,736,水道光熱費,,,Q5,,78783,7162,,000,共通部門,131,普通預金,30,GHI銀行 名古屋,00,,85245,0,電気料,,,,,,,,,,,,,,,,,,,,,,,,,,,,,,,,,,,,,,,,,,,,,,,,,,,,,,
20210722,89,,,,030,名古屋支店,736,水道光熱費,,,Q5,,3400,309,,,,,,,,,,,,水道料,,,,,,,,,,,,,,,,,,,,,,,,,,,,,,,,,,,,,,,,,,,,,,,,,,,,,,
20210722,89,,,,030,名古屋支店,736,水道光熱費,,,Q5,,3062,278,,,,,,,,,,,,ガス代,,,,,,,,,,,,,,,,,,,,,,,,,,,,,,,,,,,,,,,,,,,,,,,,,,,,,,
20210722,90,,,,030,名古屋支店,791,雑費,,,Q5,,10500,954,,000,共通部門,111,現金,,,00,,10500,0,架空清掃会社A代,,,,,,,,,,,,,,,,,,,,,,,,,,,,,,,,,,,,,,,,,,,,,,,,,,,,,,
20210722,95,,,,030,名古屋支店,791,雑費,,,Q5,,71675,6515,,000,共通部門,322,未払金,,,00,,71675,0,清掃料,,,,,,,,,,,,,,,,,,,,,,,,,,,,,,,,,,,,,,,,,,,,,,,,,,,,,,
20210722,132,,,,040,大阪支店,736,水道光熱費,,,Q5,,93957,8541,,000,共通部門,131,普通預金,40,JKL銀行 梅田,00,,98693,0,電気代,,,,,,,,,,,,,,,,,,,,,,,,,,,,,,,,,,,,,,,,,,,,,,,,,,,,,,
20210722,132,,,,040,大阪支店,736,水道光熱費,,,Q5,,4736,430,,,,,,,,,,,,水道代,,,,,,,,,,,,,,,,,,,,,,,,,,,,,,,,,,,,,,,,,,,,,,,,,,,,,,
20210722,165,,,,050,九州営業所,791,雑費,,,Q5,,2530,230,,000,共通部門,111,現金,,,00,,2530,0,洗剤他,,,,,,,,,,,,,,,,,,,,,,,,,,,,,,,,,,,,,,,,,,,,,,,,,,,,,,
20210722,166,,,,050,九州営業所,791,雑費,,,Q5,,1890,171,,000,共通部門,111,現金,,,00,,1890,0,架空清掃会社A代,,,,,,,,,,,,,,,,,,,,,,,,,,,,,,,,,,,,,,,,,,,,,,,,,,,,,,
20210722,169,,,,050,九州営業所,736,水道光熱費,,,Q5,,106261,9660,,000,共通部門,131,普通預金,50,MNO銀行 北九州,00,,112917,0,電気料,,,,,,,,,,,,,,,,,,,,,,,,,,,,,,,,,,,,,,,,,,,,,,,,,,,,,,
20210722,169,,,,050,九州営業所,736,水道光熱費,,,Q5,,6656,605,,,,,,,,,,,,水道料,,,,,,,,,,,,,,,,,,,,,,,,,,,,,,,,,,,,,,,,,,,,,,,,,,,,,,
20210723,24,,,,010,札幌営業所,726,旅費交通費,,,Q5,,82620,7510,,000,共通部門,111,現金,,,00,,82620,0,架空鉄道会社A回数券,,,,,,,,,,,,,,,,,,,,,,,,,,,,,,,,,,,,,,,,,,,,,,,,,,,,,,
20210723,140,,,,040,大阪支店,726,旅費交通費,,,Q5,,11000,1000,,000,共通部門,111,現金,,,00,,11000,0,旅費,,,,,,,,,,,,,,,,,,,,,,,,,,,,,,,,,,,,,,,,,,,,,,,,,,,,,,
20210724,38,,,,020,東京支店,724,福利厚生費,,,Q5,,48164,4378,,000,共通部門,322,未払金,,,00,,48164,0,宿泊費,,,,,,,,,,,,,,,,,,,,,,,,,,,,,,,,,,,,,,,,,,,,,,,,,,,,,,
20210724,54,,,,020,東京支店,740,車両費,,,Q5,,2858,259,,000,共通部門,111,現金,,,00,,7270,0,高速代,,,,,,,,,,,,,,,,,,,,,,,,,,,,,,,,,,,,,,,,,,,,,,,,,,,,,,
20210724,54,,,,020,東京支店,740,車両費,,,Q5,,4412,401,,,,,,,,,,,,ガソリン代,,,,,,,,,,,,,,,,,,,,,,,,,,,,,,,,,,,,,,,,,,,,,,,,,,,,,,
20210724,137,,,,040,大阪支店,791,雑費,,,Q5,,6000,545,,000,共通部門,322,未払金,,,00,,48858,0,有線,,,,,,,,,,,,,,,,,,,,,,,,,,,,,,,,,,,,,,,,,,,,,,,,,,,,,,
20210724,137,,,,040,大阪支店,791,雑費,,,Q5,,42858,3896,,,,,,,,,,,,警備料,,,,,,,,,,,,,,,,,,,,,,,,,,,,,,,,,,,,,,,,,,,,,,,,,,,,,,
20210724,137,,,,040,大阪支店,740,車両費,,,Q5,,29740,2703,,000,共通部門,131,普通預金,40,JKL銀行 梅田,00,,29740,0,高速料,,,,,,,,,,,,,,,,,,,,,,,,,,,,,,,,,,,,,,,,,,,,,,,,,,,,,,
20210724,137,,,,040,大阪支店,791,雑費,,,Q5,,73500,6681,,000,共通部門,322,未払金,,,00,,73500,0,清掃料,,,,,,,,,,,,,,,,,,,,,,,,,,,,,,,,,,,,,,,,,,,,,,,,,,,,,,
20210724,137,,,,040,大阪支店,740,車両費,,,Q5,,3507,318,,000,共通部門,111,現金,,,00,,3507,0,駐車代,,,,,,,,,,,,,,,,,,,,,,,,,,,,,,,,,,,,,,,,,,,,,,,,,,,,,,
20210724,154,,,,050,九州営業所,733,交際接待費,,,Q5,,13029,1184,,000,共通部門,322,未払金,,,00,,36506,0,飲食代 架空店舗060 3名,,,,,,,,,,,,,,,,,,,,,,,,,,,,,,,,,,,,,,,,,,,,,,,,,,,,,,
20210724,154,,,,050,九州営業所,733,交際接待費,,,Q5,,23477,2134,,,,,,,,,,,,飲食代 架空店舗015,,,,,,,,,,,,,,,,,,,,,,,,,,,,,,,,,,,,,,,,,,,,,,,,,,,,,,
20210724,172,,,,010,札幌営業所,728,販売手数料,,,Q5,,132000,12000,,000,共通部門,322,未払金,,,00,,132000,0,業務委託費支払い,,,,,,,,,,,,,,,,,,,,,,,,,,,,,,,,,,,,,,,,,,,,,,,,,,,,,,
20210725,3,,,,010,札幌営業所,724,福利厚生費,,,Q5,,30012,2728,,000,共通部門,322,未払金,,,00,,30012,0,宿泊代,,,,,,,,,,,,,,,,,,,,,,,,,,,,,,,,,,,,,,,,,,,,,,,,,,,,,,
20210725,28,,,,010,札幌営業所,726,旅費交通費,,,Q5,,5987,544,,000,共通部門,322,未払金,,,00,,5987,0,タクシー代,,,,,,,,,,,,,,,,,,,,,,,,,,,,,,,,,,,,,,,,,,,,,,,,,,,,,,
20210725,29,,,,010,札幌営業所,727,通信費,,,Q5,,84352,7668,,000,共通部門,131,普通預金,10,DEF銀行 駅前,00,,84352,0,携帯電話代,,,,,,,,,,,,,,,,,,,,,,,,,,,,,,,,,,,,,,,,,,,,,,,,,,,,,,
20210725,35,,,,010,札幌営業所,739,新聞図書費,,,Q5,,3925,356,,000,共通部門,111,現金,,,00,,3925,0,新聞代,,,,,,,,,,,,,,,,,,,,,,,,,,,,,,,,,,,,,,,,,,,,,,,,,,,,,,
20210725,60,,,,020,東京支店,726,旅費交通費,,,Q5,,11200,1018,,000,共通部門,111,現金,,,00,,11200,0,旅費,,,,,,,,,,,,,,,,,,,,,,,,,,,,,,,,,,,,,,,,,,,,,,,,,,,,,,
20210725,78,,,,030,名古屋支店,728,販売手数料,,,Q5,,189000,17181,,000,共通部門,322,未払金,,,00,,189000,0,業務委託費支払い,,,,,,,,,,,,,,,,,,,,,,,,,,,,,,,,,,,,,,,,,,,,,,,,,,,,,,
20210725,85,,,,020,東京支店,711,役員報酬,,,00,,1720000,0,,000,共通部門,131,普通預金,20,ABC銀行 本店,00,,1129093,0,7月給与その他 0001 役員,,,,,,,,,,,,,,,,,,,,,,,,,,,,,,,,,,,,,,,,,,,,,,,,,,,,,,
20210725,85,,,,,,,,,,,,,,,000,共通部門,326,預り金,1,保険料,00,,111192,0,7月給与その他 0001 役員,,,,,,,,,,,,,,,,,,,,,,,,,,,,,,,,,,,,,,,,,,,,,,,,,,,,,,
20210725,85,,,,,,,,,,,,,,,000,共通部門,326,預り金,2,住民税,00,,171200,0,7月給与その他 0001 役員,,,,,,,,,,,,,,,,,,,,,,,,,,,,,,,,,,,,,,,,,,,,,,,,,,,,,,
20210725,85,,,,,,,,,,,,,,,000,共通部門,326,預り金,3,源泉税,00,,166823,0,7月給与その他 0001 役員,,,,,,,,,,,,,,,,,,,,,,,,,,,,,,,,,,,,,,,,,,,,,,,,,,,,,,
20210725,85,,,,,,,,,,,,,,,000,共通部門,326,預り金,4,貯蓄・保険,00,,133972,0,7月給与その他 0001 役員,,,,,,,,,,,,,,,,,,,,,,,,,,,,,,,,,,,,,,,,,,,,,,,,,,,,,,
20210725,85,,,,,,,,,,,,,,,000,共通部門,326,預り金,9,その他,00,,7720,0,7月給与その他 0001 役員,,,,,,,,,,,,,,,,,,,,,,,,,,,,,,,,,,,,,,,,,,,,,,,,,,,,,,
20210725,85,,,,020,東京支店,712,給与手当,,,00,,1936145,0,,000,共通部門,131,普通預金,20,ABC銀行 本店,00,,1476277,0,7月給与その他 0020 営業部,,,,,,,,,,,,,,,,,,,,,,,,,,,,,,,,,,,,,,,,,,,,,,,,,,,,,,
20210725,85,,,,,,,,,,,,,,,000,共通部門,326,預り金,1,保険料,00,,216077,0,7月給与その他 0020 営業部,,,,,,,,,,,,,,,,,,,,,,,,,,,,,,,,,,,,,,,,,,,,,,,,,,,,,,
20210725,85,,,,,,,,,,,,,,,000,共通部門,326,預り金,2,住民税,00,,104300,0,7月給与その他 0020 営業部,,,,,,,,,,,,,,,,,,,,,,,,,,,,,,,,,,,,,,,,,,,,,,,,,,,,,,
20210725,85,,,,,,,,,,,,,,,000,共通部門,326,預り金,3,源泉税,00,,35770,0,7月給与その他 0020 営業部,,,,,,,,,,,,,,,,,,,,,,,,,,,,,,,,,,,,,,,,,,,,,,,,,,,,,,
20210725,85,,,,,,,,,,,,,,,000,共通部門,326,預り金,4,貯蓄・保険,00,,43305,0,7月給与その他 0020 営業部,,,,,,,,,,,,,,,,,,,,,,,,,,,,,,,,,,,,,,,,,,,,,,,,,,,,,,
20210725,85,,,,,,,,,,,,,,,000,共通部門,326,預り金,9,その他,00,,60416,0,7月給与その他 0020 営業部,,,,,,,,,,,,,,,,,,,,,,,,,,,,,,,,,,,,,,,,,,,,,,,,,,,,,,
20210725,85,,,,010,札幌営業所,712,給与手当,,,00,,860487,0,,000,共通部門,131,普通預金,20,ABC銀行 本店,00,,616860,0,7月給与その他 1000 札幌営業所,,,,,,,,,,,,,,,,,,,,,,,,,,,,,,,,,,,,,,,,,,,,,,,,,,,,,,
20210725,85,,,,,,,,,,,,,,,000,共通部門,326,預り金,1,保険料,00,,94847,0,7月給与その他 1000 札幌営業所,,,,,,,,,,,,,,,,,,,,,,,,,,,,,,,,,,,,,,,,,,,,,,,,,,,,,,
20210725,85,,,,,,,,,,,,,,,000,共通部門,326,預り金,2,住民税,00,,46300,0,7月給与その他 1000 札幌営業所,,,,,,,,,,,,,,,,,,,,,,,,,,,,,,,,,,,,,,,,,,,,,,,,,,,,,,
20210725,85,,,,,,,,,,,,,,,000,共通部門,326,預り金,3,源泉税,00,,14070,0,7月給与その他 1000 札幌営業所,,,,,,,,,,,,,,,,,,,,,,,,,,,,,,,,,,,,,,,,,,,,,,,,,,,,,,
20210725,85,,,,,,,,,,,,,,,000,共通部門,326,預り金,4,貯蓄・保険,00,,50648,0,7月給与その他 1000 札幌営業所,,,,,,,,,,,,,,,,,,,,,,,,,,,,,,,,,,,,,,,,,,,,,,,,,,,,,,
20210725,85,,,,,,,,,,,,,,,000,共通部門,326,預り金,9,その他,00,,37762,0,7月給与その他 1000 札幌営業所,,,,,,,,,,,,,,,,,,,,,,,,,,,,,,,,,,,,,,,,,,,,,,,,,,,,,,
20210725,85,,,,030,名古屋支店,712,給与手当,,,00,,778108,0,,000,共通部門,131,普通預金,20,ABC銀行 本店,00,,553900,0,7月給与その他 3000 名古屋営業所,,,,,,,,,,,,,,,,,,,,,,,,,,,,,,,,,,,,,,,,,,,,,,,,,,,,,,
20210725,85,,,,,,,,,,,,,,,000,共通部門,326,預り金,1,保険料,00,,92651,0,7月給与その他 3000 名古屋営業所,,,,,,,,,,,,,,,,,,,,,,,,,,,,,,,,,,,,,,,,,,,,,,,,,,,,,,
20210725,85,,,,,,,,,,,,,,,000,共通部門,326,預り金,2,住民税,00,,42600,0,7月給与その他 3000 名古屋営業所,,,,,,,,,,,,,,,,,,,,,,,,,,,,,,,,,,,,,,,,,,,,,,,,,,,,,,
20210725,85,,,,,,,,,,,,,,,000,共通部門,326,預り金,3,源泉税,00,,8030,0,7月給与その他 3000 名古屋営業所,,,,,,,,,,,,,,,,,,,,,,,,,,,,,,,,,,,,,,,,,,,,,,,,,,,,,,
20210725,85,,,,,,,,,,,,,,,000,共通部門,326,預り金,4,貯蓄・保険,00,,40759,0,7月給与その他 3000 名古屋営業所,,,,,,,,,,,,,,,,,,,,,,,,,,,,,,,,,,,,,,,,,,,,,,,,,,,,,,
20210725,85,,,,,,,,,,,,,,,000,共通部門,326,預り金,9,その他,00,,40168,0,7月給与その他 3000 名古屋営業所,,,,,,,,,,,,,,,,,,,,,,,,,,,,,,,,,,,,,,,,,,,,,,,,,,,,,,
20210725,85,,,,040,大阪支店,712,給与手当,,,00,,1070100,0,,000,共通部門,131,普通預金,20,ABC銀行 本店,00,,849396,0,7月給与その他 4000 大阪支店,,,,,,,,,,,,,,,,,,,,,,,,,,,,,,,,,,,,,,,,,,,,,,,,,,,,,,
20210725,85,,,,,,,,,,,,,,,000,共通部門,326,預り金,1,保険料,00,,119974,0,7月給与その他 4000 大阪支店,,,,,,,,,,,,,,,,,,,,,,,,,,,,,,,,,,,,,,,,,,,,,,,,,,,,,,
20210725,85,,,,,,,,,,,,,,,000,共通部門,326,預り金,2,住民税,00,,53400,0,7月給与その他 4000 大阪支店,,,,,,,,,,,,,,,,,,,,,,,,,,,,,,,,,,,,,,,,,,,,,,,,,,,,,,
20210725,85,,,,,,,,,,,,,,,000,共通部門,326,預り金,3,源泉税,00,,19740,0,7月給与その他 4000 大阪支店,,,,,,,,,,,,,,,,,,,,,,,,,,,,,,,,,,,,,,,,,,,,,,,,,,,,,,
20210725,85,,,,,,,,,,,,,,,000,共通部門,326,預り金,4,貯蓄・保険,00,,13570,0,7月給与その他 4000 大阪支店,,,,,,,,,,,,,,,,,,,,,,,,,,,,,,,,,,,,,,,,,,,,,,,,,,,,,,
20210725,85,,,,,,,,,,,,,,,000,共通部門,326,預り金,9,その他,00,,14020,0,7月給与その他 4000 大阪支店,,,,,,,,,,,,,,,,,,,,,,,,,,,,,,,,,,,,,,,,,,,,,,,,,,,,,,
20210725,85,,,,050,九州営業所,712,給与手当,,,00,,584400,0,,000,共通部門,131,普通預金,20,ABC銀行 本店,00,,434653,0,7月給与その他 5000 九州営業所,,,,,,,,,,,,,,,,,,,,,,,,,,,,,,,,,,,,,,,,,,,,,,,,,,,,,,
20210725,85,,,,,,,,,,,,,,,000,共通部門,326,預り金,1,保険料,00,,66241,0,7月給与その他 5000 九州営業所,,,,,,,,,,,,,,,,,,,,,,,,,,,,,,,,,,,,,,,,,,,,,,,,,,,,,,
20210725,85,,,,,,,,,,,,,,,000,共通部門,326,預り金,2,住民税,00,,31700,0,7月給与その他 5000 九州営業所,,,,,,,,,,,,,,,,,,,,,,,,,,,,,,,,,,,,,,,,,,,,,,,,,,,,,,
20210725,85,,,,,,,,,,,,,,,000,共通部門,326,預り金,3,源泉税,00,,7960,0,7月給与その他 5000 九州営業所,,,,,,,,,,,,,,,,,,,,,,,,,,,,,,,,,,,,,,,,,,,,,,,,,,,,,,
20210725,85,,,,,,,,,,,,,,,000,共通部門,326,預り金,4,貯蓄・保険,00,,18540,0,7月給与その他 5000 九州営業所,,,,,,,,,,,,,,,,,,,,,,,,,,,,,,,,,,,,,,,,,,,,,,,,,,,,,,
20210725,85,,,,,,,,,,,,,,,000,共通部門,326,預り金,9,その他,00,,25306,0,7月給与その他 5000 九州営業所,,,,,,,,,,,,,,,,,,,,,,,,,,,,,,,,,,,,,,,,,,,,,,,,,,,,,,
20210725,87,,,,030,名古屋支店,727,通信費,,,Q5,,63248,5749,,000,共通部門,131,普通預金,30,GHI銀行 名古屋,00,,63248,0,携帯代,,,,,,,,,,,,,,,,,,,,,,,,,,,,,,,,,,,,,,,,,,,,,,,,,,,,,,
20210725,88,,,,030,名古屋支店,739,新聞図書費,,,Q5,,3568,324,,000,共通部門,111,現金,,,00,,3568,0,新聞代,,,,,,,,,,,,,,,,,,,,,,,,,,,,,,,,,,,,,,,,,,,,,,,,,,,,,,
20210725,92,,,,030,名古屋支店,753,修繕維持費,,,Q5,,18000,1636,,000,共通部門,322,未払金,,,00,,18000,0,コピー機修繕,,,,,,,,,,,,,,,,,,,,,,,,,,,,,,,,,,,,,,,,,,,,,,,,,,,,,,
20210725,109,,,,040,大阪支店,740,車両費,,,Q5,,44500,4045,,000,共通部門,322,未払金,,,00,,44500,0,ガソリン代,,,,,,,,,,,,,,,,,,,,,,,,,,,,,,,,,,,,,,,,,,,,,,,,,,,,,,
20210725,109,,,,000,共通部門,150,受取手形,,,00,,14026610,0,,000,共通部門,152,売掛金,2,株式会社桜丘百貨店,00,,14026610,0,7月25日伝票No267株式会社桜丘百貨店 | 売上伝票=20210630-121;手形番号=R20210725-109-2,,,,,,,,,,,,,,,,,,,,,,,,,,,,,,,,,,,,,,,,,,,,,,,,,,,,,,
20210725,110,,,,000,共通部門,131,普通預金,30,GHI銀行 名古屋,00,,1107809,0,,000,共通部門,152,売掛金,7,株式会社光彩堂商事,00,,1107809,0,7月25日伝票No268株式会社光彩堂商事,,,,,,,,,,,,,,,,,,,,,,,,,,,,,,,,,,,,,,,,,,,,,,,,,,,,,,
20210725,110,,,,030,名古屋支店,741,支払手数料,,,Q5,,735,66,,000,共通部門,152,売掛金,7,株式会社光彩堂商事,00,,735,0,7月25日伝票No268株式会社光彩堂商事,,,,,,,,,,,,,,,,,,,,,,,,,,,,,,,,,,,,,,,,,,,,,,,,,,,,,,
20210725,111,,,,040,大阪支店,726,旅費交通費,,,Q5,,23600,2145,,000,共通部門,322,未払金,,,00,,23600,0,タクシー代,,,,,,,,,,,,,,,,,,,,,,,,,,,,,,,,,,,,,,,,,,,,,,,,,,,,,,
20210725,111,,,,000,共通部門,131,普通預金,40,JKL銀行 梅田,00,,859299,0,,000,共通部門,152,売掛金,23,株式会社杉の木商店,00,,859299,0,7月25日伝票No269株式会社杉の木商店,,,,,,,,,,,,,,,,,,,,,,,,,,,,,,,,,,,,,,,,,,,,,,,,,,,,,,
20210725,111,,,,040,大阪支店,741,支払手数料,,,Q5,,630,57,,000,共通部門,152,売掛金,23,株式会社杉の木商店,00,,630,0,7月25日伝票No269株式会社杉の木商店,,,,,,,,,,,,,,,,,,,,,,,,,,,,,,,,,,,,,,,,,,,,,,,,,,,,,,
20210725,112,,,,000,共通部門,131,普通預金,10,DEF銀行 駅前,00,,2997978,0,,000,共通部門,152,売掛金,25,株式会社ほのかマート,00,,2997978,0,7月25日伝票No270株式会社ほのかマート,,,,,,,,,,,,,,,,,,,,,,,,,,,,,,,,,,,,,,,,,,,,,,,,,,,,,,
20210725,112,,,,010,札幌営業所,741,支払手数料,,,Q5,,840,76,,000,共通部門,152,売掛金,25,株式会社ほのかマート,00,,840,0,7月25日伝票No270株式会社ほのかマート,,,,,,,,,,,,,,,,,,,,,,,,,,,,,,,,,,,,,,,,,,,,,,,,,,,,,,
20210725,114,,,,040,大阪支店,739,新聞図書費,,,Q5,,2540,230,,000,共通部門,111,現金,,,00,,5404,0,新聞代,,,,,,,,,,,,,,,,,,,,,,,,,,,,,,,,,,,,,,,,,,,,,,,,,,,,,,
20210725,114,,,,040,大阪支店,739,新聞図書費,,,Q5,,2864,260,,,,,,,,,,,,新聞代,,,,,,,,,,,,,,,,,,,,,,,,,,,,,,,,,,,,,,,,,,,,,,,,,,,,,,
20210725,131,,,,040,大阪支店,742,諸会費,,,00,,24000,0,,000,共通部門,131,普通預金,40,JKL銀行 梅田,00,,24000,0,会費,,,,,,,,,,,,,,,,,,,,,,,,,,,,,,,,,,,,,,,,,,,,,,,,,,,,,,
20210725,153,,,,030,名古屋支店,733,交際接待費,,,Q5,,3540,321,,000,共通部門,111,現金,,,00,,3540,0,食事代 架空店舗008 2名,,,,,,,,,,,,,,,,,,,,,,,,,,,,,,,,,,,,,,,,,,,,,,,,,,,,,,
20210725,155,,,,050,九州営業所,740,車両費,,,Q5,,7246,658,,000,共通部門,111,現金,,,00,,7246,0,ガソリン代,,,,,,,,,,,,,,,,,,,,,,,,,,,,,,,,,,,,,,,,,,,,,,,,,,,,,,
20210725,170,,,,050,九州営業所,739,新聞図書費,,,Q5,,3007,273,,000,共通部門,111,現金,,,00,,3007,0,新聞代,,,,,,,,,,,,,,,,,,,,,,,,,,,,,,,,,,,,,,,,,,,,,,,,,,,,,,
20210725,171,,,,050,九州営業所,727,通信費,,,Q5,,71096,6463,,000,共通部門,131,普通預金,50,MNO銀行 北九州,00,,71096,0,携帯代,,,,,,,,,,,,,,,,,,,,,,,,,,,,,,,,,,,,,,,,,,,,,,,,,,,,,,
20210726,27,,,,010,札幌営業所,726,旅費交通費,,,Q5,,14324,1302,,000,共通部門,111,現金,,,00,,88087,0,旅費,,,,,,,,,,,,,,,,,,,,,,,,,,,,,,,,,,,,,,,,,,,,,,,,,,,,,,
20210726,27,,,,010,札幌営業所,726,旅費交通費,,,Q5,,43686,3971,,,,,,,,,,,,旅費,,,,,,,,,,,,,,,,,,,,,,,,,,,,,,,,,,,,,,,,,,,,,,,,,,,,,,
20210726,27,,,,010,札幌営業所,726,旅費交通費,,,Q5,,30077,2734,,,,,,,,,,,,旅費,,,,,,,,,,,,,,,,,,,,,,,,,,,,,,,,,,,,,,,,,,,,,,,,,,,,,,
20210726,73,,,,020,東京支店,733,交際接待費,,,Q5,,32200,2927,,000,共通部門,111,現金,,,00,,32200,0,ゴルフプレー代2名,,,,,,,,,,,,,,,,,,,,,,,,,,,,,,,,,,,,,,,,,,,,,,,,,,,,,,
20210726,83,,,,030,名古屋支店,726,旅費交通費,,,Q5,,12000,1090,,000,共通部門,111,現金,,,00,,12000,0,架空鉄道会社A代,,,,,,,,,,,,,,,,,,,,,,,,,,,,,,,,,,,,,,,,,,,,,,,,,,,,,,
20210726,113,,,,040,大阪支店,727,通信費,,,Q5,,49243,4476,,000,共通部門,131,普通預金,40,JKL銀行 梅田,00,,49243,0,携帯代,,,,,,,,,,,,,,,,,,,,,,,,,,,,,,,,,,,,,,,,,,,,,,,,,,,,,,
20210726,120,,,,040,大阪支店,728,販売手数料,,,Q5,,336000,30545,,000,共通部門,322,未払金,,,00,,336000,0,業務委託費,,,,,,,,,,,,,,,,,,,,,,,,,,,,,,,,,,,,,,,,,,,,,,,,,,,,,,
20210726,146,,,,050,九州営業所,728,販売手数料,,,Q5,,147000,13363,,000,共通部門,322,未払金,,,00,,147000,0,業務委託費,,,,,,,,,,,,,,,,,,,,,,,,,,,,,,,,,,,,,,,,,,,,,,,,,,,,,,
20210727,15,,,,010,札幌営業所,740,車両費,,,Q5,,3000,272,,000,共通部門,111,現金,,,00,,3000,0,高速代,,,,,,,,,,,,,,,,,,,,,,,,,,,,,,,,,,,,,,,,,,,,,,,,,,,,,,
20210727,30,,,,010,札幌営業所,752,保険料,,,P0,,54320,0,,000,共通部門,131,普通預金,10,DEF銀行 駅前,00,,54320,0,保険料支払,,,,,,,,,,,,,,,,,,,,,,,,,,,,,,,,,,,,,,,,,,,,,,,,,,,,,,
20210727,37,,,,020,東京支店,728,販売手数料,,,Q5,,477334,43394,,000,共通部門,322,未払金,,,00,,1559708,0,業務委託費,,,,,,,,,,,,,,,,,,,,,,,,,,,,,,,,,,,,,,,,,,,,,,,,,,,,,,
20210727,37,,,,020,東京支店,728,販売手数料,,,Q5,,266000,24181,,,,,,,,,,,,業務委託費,,,,,,,,,,,,,,,,,,,,,,,,,,,,,,,,,,,,,,,,,,,,,,,,,,,,,,
20210727,37,,,,020,東京支店,728,販売手数料,,,Q5,,816374,74215,,,,,,,,,,,,業務委託費,,,,,,,,,,,,,,,,,,,,,,,,,,,,,,,,,,,,,,,,,,,,,,,,,,,,,,
20210727,39,,,,020,東京支店,724,福利厚生費,,,Q5,,9000,818,,000,共通部門,111,現金,,,00,,9000,0,会費,,,,,,,,,,,,,,,,,,,,,,,,,,,,,,,,,,,,,,,,,,,,,,,,,,,,,,
20210727,62,,,,020,東京支店,727,通信費,,,Q5,,110245,10022,,000,共通部門,131,普通預金,20,ABC銀行 本店,00,,110245,0,携帯代,,,,,,,,,,,,,,,,,,,,,,,,,,,,,,,,,,,,,,,,,,,,,,,,,,,,,,
20210727,83,,,,030,名古屋支店,740,車両費,,,Q5,,45000,4090,,000,共通部門,111,現金,,,00,,45000,0,車両管理費,,,,,,,,,,,,,,,,,,,,,,,,,,,,,,,,,,,,,,,,,,,,,,,,,,,,,,
20210728,9,,,,010,札幌営業所,733,交際接待費,,,Q5,,2520,229,,000,共通部門,111,現金,,,00,,2520,0,手土産ジュース他 株式会社光彩堂商事,,,,,,,,,,,,,,,,,,,,,,,,,,,,,,,,,,,,,,,,,,,,,,,,,,,,,,
20210728,72,,,,020,東京支店,739,新聞図書費,,,Q5,,2864,260,,000,共通部門,111,現金,,,00,,9078,0,新聞代,,,,,,,,,,,,,,,,,,,,,,,,,,,,,,,,,,,,,,,,,,,,,,,,,,,,,,
20210728,72,,,,020,東京支店,739,新聞図書費,,,Q5,,2815,255,,,,,,,,,,,,新聞代,,,,,,,,,,,,,,,,,,,,,,,,,,,,,,,,,,,,,,,,,,,,,,,,,,,,,,
20210728,72,,,,020,東京支店,739,新聞図書費,,,Q5,,3399,309,,,,,,,,,,,,新聞代,,,,,,,,,,,,,,,,,,,,,,,,,,,,,,,,,,,,,,,,,,,,,,,,,,,,,,
20210728,81,,,,030,名古屋支店,724,福利厚生費,,,Q5,,22000,2000,,000,共通部門,322,未払金,,,00,,22000,0,お茶代,,,,,,,,,,,,,,,,,,,,,,,,,,,,,,,,,,,,,,,,,,,,,,,,,,,,,,
20210728,93,,,,020,東京支店,753,修繕維持費,,,Q5,,17850,1622,,000,共通部門,322,未払金,,,00,,17850,0,修繕費,,,,,,,,,,,,,,,,,,,,,,,,,,,,,,,,,,,,,,,,,,,,,,,,,,,,,,
20210728,121,,,,040,大阪支店,724,福利厚生費,,,Q5,,10500,954,,000,共通部門,111,現金,,,00,,10500,0,お茶代,,,,,,,,,,,,,,,,,,,,,,,,,,,,,,,,,,,,,,,,,,,,,,,,,,,,,,
20210728,138,,,,040,大阪支店,740,車両費,,,Q5,,4290,390,,000,共通部門,111,現金,,,00,,22596,0,高速代,,,,,,,,,,,,,,,,,,,,,,,,,,,,,,,,,,,,,,,,,,,,,,,,,,,,,,
20210728,138,,,,040,大阪支店,740,車両費,,,Q5,,3049,277,,,,,,,,,,,,駐車代,,,,,,,,,,,,,,,,,,,,,,,,,,,,,,,,,,,,,,,,,,,,,,,,,,,,,,
20210728,138,,,,040,大阪支店,740,車両費,,,Q5,,6229,566,,,,,,,,,,,,高速代,,,,,,,,,,,,,,,,,,,,,,,,,,,,,,,,,,,,,,,,,,,,,,,,,,,,,,
20210728,138,,,,040,大阪支店,740,車両費,,,Q5,,477,43,,,,,,,,,,,,高速代,,,,,,,,,,,,,,,,,,,,,,,,,,,,,,,,,,,,,,,,,,,,,,,,,,,,,,
20210728,138,,,,040,大阪支店,740,車両費,,,Q5,,2353,213,,,,,,,,,,,,高速代,,,,,,,,,,,,,,,,,,,,,,,,,,,,,,,,,,,,,,,,,,,,,,,,,,,,,,
20210728,138,,,,040,大阪支店,740,車両費,,,Q5,,6198,563,,,,,,,,,,,,ガソリン代,,,,,,,,,,,,,,,,,,,,,,,,,,,,,,,,,,,,,,,,,,,,,,,,,,,,,,
20210729,14,,,,010,札幌営業所,740,車両費,,,Q5,,3000,272,,000,共通部門,111,現金,,,00,,3000,0,ガソリン代,,,,,,,,,,,,,,,,,,,,,,,,,,,,,,,,,,,,,,,,,,,,,,,,,,,,,,
20210729,108,,,,040,大阪支店,733,交際接待費,,,Q5,,1570,142,,000,共通部門,111,現金,,,00,,1570,0,コーヒー代他　2名,,,,,,,,,,,,,,,,,,,,,,,,,,,,,,,,,,,,,,,,,,,,,,,,,,,,,,
20210730,49,,,,020,東京支店,740,車両費,,,Q5,,170000,15454,,000,共通部門,111,現金,,,00,,170000,0,ガソリン代,,,,,,,,,,,,,,,,,,,,,,,,,,,,,,,,,,,,,,,,,,,,,,,,,,,,,,
20210730,49,,,,020,東京支店,740,車両費,,,Q5,,21000,1909,,000,共通部門,111,現金,,,00,,21000,0,車両管理費,,,,,,,,,,,,,,,,,,,,,,,,,,,,,,,,,,,,,,,,,,,,,,,,,,,,,,
20210730,61,,,,000,共通部門,131,普通預金,20,ABC銀行 本店,00,,12500000,0,,000,共通部門,131,普通預金,10,DEF銀行 駅前,00,,4000000,0,資金移動,,,,,,,,,,,,,,,,,,,,,,,,,,,,,,,,,,,,,,,,,,,,,,,,,,,,,,
20210730,61,,,,,,,,,,,,,,,000,共通部門,131,普通預金,30,GHI銀行 名古屋,00,,3500000,0,資金移動,,,,,,,,,,,,,,,,,,,,,,,,,,,,,,,,,,,,,,,,,,,,,,,,,,,,,,
20210730,61,,,,,,,,,,,,,,,000,共通部門,131,普通預金,40,JKL銀行 梅田,00,,3000000,0,資金移動,,,,,,,,,,,,,,,,,,,,,,,,,,,,,,,,,,,,,,,,,,,,,,,,,,,,,,
20210730,61,,,,,,,,,,,,,,,000,共通部門,131,普通預金,50,MNO銀行 北九州,00,,2000000,0,資金移動,,,,,,,,,,,,,,,,,,,,,,,,,,,,,,,,,,,,,,,,,,,,,,,,,,,,,,
20210730,63,,,,020,東京支店,752,保険料,,,P0,,81000,0,,000,共通部門,131,普通預金,20,ABC銀行 本店,00,,81000,0,保険料,,,,,,,,,,,,,,,,,,,,,,,,,,,,,,,,,,,,,,,,,,,,,,,,,,,,,,
20210730,67,,,,020,東京支店,742,諸会費,,,00,,30000,0,,000,共通部門,111,現金,,,00,,30000,0,会費支払い,,,,,,,,,,,,,,,,,,,,,,,,,,,,,,,,,,,,,,,,,,,,,,,,,,,,,,
20210730,70,,,,020,東京支店,791,雑費,,,Q5,,6000,545,,000,共通部門,322,未払金,,,00,,58381,0,有線,,,,,,,,,,,,,,,,,,,,,,,,,,,,,,,,,,,,,,,,,,,,,,,,,,,,,,
20210730,70,,,,020,東京支店,791,雑費,,,Q5,,52381,4761,,,,,,,,,,,,警備料,,,,,,,,,,,,,,,,,,,,,,,,,,,,,,,,,,,,,,,,,,,,,,,,,,,,,,
20210730,70,,,,020,東京支店,791,雑費,,,Q5,,73500,6681,,000,共通部門,322,未払金,,,00,,73500,0,清掃料,,,,,,,,,,,,,,,,,,,,,,,,,,,,,,,,,,,,,,,,,,,,,,,,,,,,,,
20210730,71,,,,040,大阪支店,791,雑費,,,Q5,,798,72,,000,共通部門,111,現金,,,00,,798,0,洗剤代,,,,,,,,,,,,,,,,,,,,,,,,,,,,,,,,,,,,,,,,,,,,,,,,,,,,,,
20210730,96,,,,030,名古屋支店,791,雑費,,,Q5,,22470,2042,,000,共通部門,131,普通預金,30,GHI銀行 名古屋,00,,22470,0,警備料,,,,,,,,,,,,,,,,,,,,,,,,,,,,,,,,,,,,,,,,,,,,,,,,,,,,,,
20210730,100,,,,040,大阪支店,724,福利厚生費,,,Q5,,6000,545,,000,共通部門,111,現金,,,00,,6000,0,会費,,,,,,,,,,,,,,,,,,,,,,,,,,,,,,,,,,,,,,,,,,,,,,,,,,,,,,
20210730,115,,,,040,大阪支店,752,保険料,,,P0,,64500,0,,000,共通部門,131,普通預金,40,JKL銀行 梅田,00,,64500,0,保険料,,,,,,,,,,,,,,,,,,,,,,,,,,,,,,,,,,,,,,,,,,,,,,,,,,,,,,
20210731,1,,,,010,札幌営業所,731,運賃,,,Q5,,162800,14800,,000,共通部門,322,未払金,,,00,,162800,0,運賃 架空運送会社B,,,,,,,,,,,,,,,,,,,,,,,,,,,,,,,,,,,,,,,,,,,,,,,,,,,,,,
20210731,36,,,,020,東京支店,731,運賃,,,Q5,,1835020,166820,,000,共通部門,322,未払金,,,00,,2799068,0,運賃 架空運送会社A,,,,,,,,,,,,,,,,,,,,,,,,,,,,,,,,,,,,,,,,,,,,,,,,,,,,,,
20210731,36,,,,020,東京支店,731,運賃,,,Q5,,964048,87640,,,,,,,,,,,,運賃 架空運送会社B,,,,,,,,,,,,,,,,,,,,,,,,,,,,,,,,,,,,,,,,,,,,,,,,,,,,,,
20210731,40,,,,020,東京支店,732,広告宣伝費,,,Q5,,50000,4545,,000,共通部門,322,未払金,,,00,,50000,0,広告掲載,,,,,,,,,,,,,,,,,,,,,,,,,,,,,,,,,,,,,,,,,,,,,,,,,,,,,,
20210731,66,,,,020,東京支店,744,リース料,,,Q5,,209850,19077,,000,共通部門,131,普通預金,20,ABC銀行 本店,00,,209850,0,リース料,,,,,,,,,,,,,,,,,,,,,,,,,,,,,,,,,,,,,,,,,,,,,,,,,,,,,,
20210731,74,,,,000,共通部門,326,預り金,1,保険料,00,,1180527,0,,000,共通部門,131,普通預金,20,ABC銀行 本店,00,,2370728,0,保険料預かり分,,,,,,,,,,,,,,,,,,,,,,,,,,,,,,,,,,,,,,,,,,,,,,,,,,,,,,
20210731,74,,,,020,東京支店,723,法定福利費,,,P0,,111192,0,,,,,,,,,,,,保険料　事業主負担分,,,,,,,,,,,,,,,,,,,,,,,,,,,,,,,,,,,,,,,,,,,,,,,,,,,,,,
20210731,74,,,,020,東京支店,723,法定福利費,,,P0,,401259,0,,,,,,,,,,,,保険料　事業主負担分,,,,,,,,,,,,,,,,,,,,,,,,,,,,,,,,,,,,,,,,,,,,,,,,,,,,,,
20210731,74,,,,010,札幌営業所,723,法定福利費,,,P0,,177774,0,,,,,,,,,,,,保険料　事業主負担分,,,,,,,,,,,,,,,,,,,,,,,,,,,,,,,,,,,,,,,,,,,,,,,,,,,,,,
20210731,74,,,,030,名古屋支店,723,法定福利費,,,P0,,165649,0,,,,,,,,,,,,保険料　事業主負担分,,,,,,,,,,,,,,,,,,,,,,,,,,,,,,,,,,,,,,,,,,,,,,,,,,,,,,
20210731,74,,,,040,大阪支店,723,法定福利費,,,P0,,204278,0,,,,,,,,,,,,保険料　事業主負担分,,,,,,,,,,,,,,,,,,,,,,,,,,,,,,,,,,,,,,,,,,,,,,,,,,,,,,
20210731,74,,,,050,九州営業所,723,法定福利費,,,P0,,120377,0,,,,,,,,,,,,保険料　事業主負担分,,,,,,,,,,,,,,,,,,,,,,,,,,,,,,,,,,,,,,,,,,,,,,,,,,,,,,
20210731,74,,,,020,東京支店,723,法定福利費,,,P0,,9672,0,,,,,,,,,,,,児童拠出金　事業主負担分,,,,,,,,,,,,,,,,,,,,,,,,,,,,,,,,,,,,,,,,,,,,,,,,,,,,,,
20210731,75,,,,030,名古屋支店,752,保険料,,,P0,,62000,0,,000,共通部門,131,普通預金,30,GHI銀行 名古屋,00,,62000,0,保険料,,,,,,,,,,,,,,,,,,,,,,,,,,,,,,,,,,,,,,,,,,,,,,,,,,,,,,
20210731,76,,,,050,九州営業所,752,保険料,,,P0,,57000,0,,000,共通部門,131,普通預金,50,MNO銀行 北九州,00,,57000,0,保険料支払い,,,,,,,,,,,,,,,,,,,,,,,,,,,,,,,,,,,,,,,,,,,,,,,,,,,,,,
20210731,77,,,,030,名古屋支店,731,運賃,,,Q5,,125560,11414,,000,共通部門,322,未払金,,,00,,125560,0,運賃,,,,,,,,,,,,,,,,,,,,,,,,,,,,,,,,,,,,,,,,,,,,,,,,,,,,,,
20210731,78,,,,,,,,,,,,,,,000,共通部門,737,消耗品費,,,00,,268502,0,消耗品費　部門配賦,,,,,,,,,,,,,,,,,,,,,,,,,,,,,,,,,,,,,,,,,,,,,,,,,,,,,,
20210731,78,,,,010,札幌営業所,737,消耗品費,,,00,,29535,0,,,,,,,,,,,,,,,,,,,,,,,,,,,,,,,,,,,,,,,,,,,,,,,,,,,,,,,,,,,,,,,,,,
20210731,78,,,,020,東京支店,737,消耗品費,,,00,,128882,0,,,,,,,,,,,,,,,,,,,,,,,,,,,,,,,,,,,,,,,,,,,,,,,,,,,,,,,,,,,,,,,,,,
20210731,78,,,,030,名古屋支店,737,消耗品費,,,00,,26850,0,,,,,,,,,,,,,,,,,,,,,,,,,,,,,,,,,,,,,,,,,,,,,,,,,,,,,,,,,,,,,,,,,,
20210731,78,,,,040,大阪支店,737,消耗品費,,,00,,64440,0,,,,,,,,,,,,,,,,,,,,,,,,,,,,,,,,,,,,,,,,,,,,,,,,,,,,,,,,,,,,,,,,,,
20210731,78,,,,050,九州営業所,737,消耗品費,,,00,,18795,0,,,,,,,,,,,,,,,,,,,,,,,,,,,,,,,,,,,,,,,,,,,,,,,,,,,,,,,,,,,,,,,,,,
20210731,86,,,,000,共通部門,322,未払金,,,00,,7249493,0,,000,共通部門,131,普通預金,20,ABC銀行 本店,00,,7249493,0,6月分支払,,,,,,,,,,,,,,,,,,,,,,,,,,,,,,,,,,,,,,,,,,,,,,,,,,,,,,
20210731,99,,,,040,大阪支店,731,運賃,,,Q5,,755200,68654,,000,共通部門,322,未払金,,,00,,755200,0,運賃,,,,,,,,,,,,,,,,,,,,,,,,,,,,,,,,,,,,,,,,,,,,,,,,,,,,,,
20210731,113,,,,000,共通部門,152,売掛金,25,株式会社ほのかマート,00,,4665496,0,,010,札幌営業所,511,売上高,,,B5,,4665496,424136,7月1日～7月31日分売上,,,,,,,,,,,,,,,,,,,,,,,,,,,,,,,,,,,,,,,,,,,,,,,,,,,,,,
20210731,113,,,,000,共通部門,152,売掛金,5,東雲商会株式会社,00,,1299624,0,,010,札幌営業所,511,売上高,,,B5,,1299624,118147,7月1日～7月31日分売上,,,,,,,,,,,,,,,,,,,,,,,,,,,,,,,,,,,,,,,,,,,,,,,,,,,,,,
20210731,113,,,,000,共通部門,152,売掛金,14,株式会社花咲商事,00,,1052584,0,,010,札幌営業所,511,売上高,,,B5,,1052584,95689,7月1日～7月31日分売上,,,,,,,,,,,,,,,,,,,,,,,,,,,,,,,,,,,,,,,,,,,,,,,,,,,,,,
20210731,113,,,,010,札幌営業所,521,売上値引戻り高,,,C5,,32640,2967,,000,共通部門,152,売掛金,5,東雲商会株式会社,00,,32640,0,7月1日～7月31日分売上,,,,,,,,,,,,,,,,,,,,,,,,,,,,,,,,,,,,,,,,,,,,,,,,,,,,,,
20210731,113,,,,010,札幌営業所,521,売上値引戻り高,,,C5,,63360,5760,,000,共通部門,152,売掛金,14,株式会社花咲商事,00,,63360,0,7月1日～7月31日分売上,,,,,,,,,,,,,,,,,,,,,,,,,,,,,,,,,,,,,,,,,,,,,,,,,,,,,,
20210731,114,,,,000,共通部門,152,売掛金,12,株式会社緑野百貨店,00,,9706318,0,,020,東京支店,511,売上高,,,B5,,9706318,882392,7月1日～7月31日分売上,,,,,,,,,,,,,,,,,,,,,,,,,,,,,,,,,,,,,,,,,,,,,,,,,,,,,,
20210731,114,,,,000,共通部門,152,売掛金,2,株式会社桜丘百貨店,00,,16459173,0,,020,東京支店,511,売上高,,,B5,,16459173,1496288,7月1日～7月31日分売上,,,,,,,,,,,,,,,,,,,,,,,,,,,,,,,,,,,,,,,,,,,,,,,,,,,,,,
20210731,114,,,,000,共通部門,152,売掛金,30,株式会社彩雲トレーディング,00,,1740812,0,,020,東京支店,511,売上高,,,B5,,1740812,158255,7月1日～7月31日分売上,,,,,,,,,,,,,,,,,,,,,,,,,,,,,,,,,,,,,,,,,,,,,,,,,,,,,,
20210731,114,,,,000,共通部門,152,売掛金,13,星川商事株式会社,00,,862193,0,,020,東京支店,511,売上高,,,B5,,862193,78381,7月1日～7月31日分売上,,,,,,,,,,,,,,,,,,,,,,,,,,,,,,,,,,,,,,,,,,,,,,,,,,,,,,
20210731,114,,,,000,共通部門,152,売掛金,14,株式会社花咲商事,00,,1678938,0,,020,東京支店,511,売上高,,,B5,,1678938,152630,7月1日～7月31日分売上,,,,,,,,,,,,,,,,,,,,,,,,,,,,,,,,,,,,,,,,,,,,,,,,,,,,,,
20210731,114,,,,000,共通部門,152,売掛金,26,若松販売株式会社,00,,1056864,0,,020,東京支店,511,売上高,,,B5,,1056864,96078,7月1日～7月31日分売上,,,,,,,,,,,,,,,,,,,,,,,,,,,,,,,,,,,,,,,,,,,,,,,,,,,,,,
20210731,114,,,,000,共通部門,152,売掛金,11,株式会社楓屋,00,,366976,0,,020,東京支店,511,売上高,,,B5,,366976,33361,7月1日～7月31日分売上,,,,,,,,,,,,,,,,,,,,,,,,,,,,,,,,,,,,,,,,,,,,,,,,,,,,,,
20210731,114,,,,020,東京支店,521,売上値引戻り高,,,C5,,64000,5818,,000,共通部門,152,売掛金,2,株式会社桜丘百貨店,00,,64000,0,7月1日～7月31日分売上,,,,,,,,,,,,,,,,,,,,,,,,,,,,,,,,,,,,,,,,,,,,,,,,,,,,,,
20210731,114,,,,020,東京支店,521,売上値引戻り高,,,C5,,36000,3272,,000,共通部門,152,売掛金,12,株式会社緑野百貨店,00,,36000,0,7月1日～7月31日分売上,,,,,,,,,,,,,,,,,,,,,,,,,,,,,,,,,,,,,,,,,,,,,,,,,,,,,,
20210731,114,,,,000,共通部門,152,売掛金,24,白峰商事株式会社,00,,376504,0,,020,東京支店,511,売上高,,,B5,,376504,34227,7月1日～7月31日分売上,,,,,,,,,,,,,,,,,,,,,,,,,,,,,,,,,,,,,,,,,,,,,,,,,,,,,,
20210731,114,,,,000,共通部門,152,売掛金,10,合同会社こもれび商事,00,,305388,0,,020,東京支店,511,売上高,,,B5,,305388,27762,7月1日～7月31日分売上,,,,,,,,,,,,,,,,,,,,,,,,,,,,,,,,,,,,,,,,,,,,,,,,,,,,,,
20210731,114,,,,020,東京支店,521,売上値引戻り高,,,C5,,50400,4581,,000,共通部門,152,売掛金,26,若松販売株式会社,00,,50400,0,7月1日～7月31日分売上,,,,,,,,,,,,,,,,,,,,,,,,,,,,,,,,,,,,,,,,,,,,,,,,,,,,,,
20210731,115,,,,000,共通部門,152,売掛金,27,晴海物産株式会社,00,,1184900,0,,030,名古屋支店,511,売上高,,,B5,,1184900,107718,7月1日～7月31日分売上,,,,,,,,,,,,,,,,,,,,,,,,,,,,,,,,,,,,,,,,,,,,,,,,,,,,,,
20210731,115,,,,000,共通部門,152,売掛金,7,株式会社光彩堂商事,00,,925880,0,,030,名古屋支店,511,売上高,,,B5,,925880,84170,7月1日～7月31日分売上,,,,,,,,,,,,,,,,,,,,,,,,,,,,,,,,,,,,,,,,,,,,,,,,,,,,,,
20210731,115,,,,000,共通部門,152,売掛金,14,株式会社花咲商事,00,,928386,0,,030,名古屋支店,511,売上高,,,B5,,928386,84398,7月1日～7月31日分売上,,,,,,,,,,,,,,,,,,,,,,,,,,,,,,,,,,,,,,,,,,,,,,,,,,,,,,
20210731,115,,,,000,共通部門,152,売掛金,19,株式会社南風商会,00,,378495,0,,030,名古屋支店,511,売上高,,,B5,,378495,34408,7月1日～7月31日分売上,,,,,,,,,,,,,,,,,,,,,,,,,,,,,,,,,,,,,,,,,,,,,,,,,,,,,,
20210731,115,,,,000,共通部門,152,売掛金,21,合同会社つばさ商店,00,,610974,0,,030,名古屋支店,511,売上高,,,B5,,610974,55543,7月1日～7月31日分売上,,,,,,,,,,,,,,,,,,,,,,,,,,,,,,,,,,,,,,,,,,,,,,,,,,,,,,
20210731,115,,,,000,共通部門,152,売掛金,6,株式会社瑞穂流通,00,,911211,0,,030,名古屋支店,511,売上高,,,B5,,911211,82837,7月1日～7月31日分売上,,,,,,,,,,,,,,,,,,,,,,,,,,,,,,,,,,,,,,,,,,,,,,,,,,,,,,
20210731,116,,,,000,共通部門,152,売掛金,28,株式会社青葉百貨店,00,,6131174,0,,040,大阪支店,511,売上高,,,B5,,6131174,557379,7月1日～7月31日分売上,,,,,,,,,,,,,,,,,,,,,,,,,,,,,,,,,,,,,,,,,,,,,,,,,,,,,,
20210731,116,,,,000,共通部門,152,売掛金,23,株式会社杉の木商店,00,,1135138,0,,040,大阪支店,511,売上高,,,B5,,1135138,103194,7月1日～7月31日分売上,,,,,,,,,,,,,,,,,,,,,,,,,,,,,,,,,,,,,,,,,,,,,,,,,,,,,,
20210731,116,,,,000,共通部門,152,売掛金,14,株式会社花咲商事,00,,2487704,0,,040,大阪支店,511,売上高,,,B5,,2487704,226154,7月1日～7月31日分売上,,,,,,,,,,,,,,,,,,,,,,,,,,,,,,,,,,,,,,,,,,,,,,,,,,,,,,
20210731,116,,,,000,共通部門,152,売掛金,4,株式会社ひなたマート,00,,1186200,0,,040,大阪支店,511,売上高,,,B5,,1186200,107836,7月1日～7月31日分売上,,,,,,,,,,,,,,,,,,,,,,,,,,,,,,,,,,,,,,,,,,,,,,,,,,,,,,
20210731,116,,,,000,共通部門,152,売掛金,8,株式会社高原マーケット,00,,560430,0,,040,大阪支店,511,売上高,,,B5,,560430,50948,7月1日～7月31日分売上,,,,,,,,,,,,,,,,,,,,,,,,,,,,,,,,,,,,,,,,,,,,,,,,,,,,,,
20210731,116,,,,000,共通部門,152,売掛金,9,朝凪物産株式会社,00,,1013480,0,,040,大阪支店,511,売上高,,,B5,,1013480,92134,7月1日～7月31日分売上,,,,,,,,,,,,,,,,,,,,,,,,,,,,,,,,,,,,,,,,,,,,,,,,,,,,,,
20210731,116,,,,000,共通部門,152,売掛金,20,清和商事株式会社,00,,942360,0,,040,大阪支店,511,売上高,,,B5,,942360,85669,7月1日～7月31日分売上,,,,,,,,,,,,,,,,,,,,,,,,,,,,,,,,,,,,,,,,,,,,,,,,,,,,,,
20210731,116,,,,000,共通部門,152,売掛金,3,青凪商事株式会社,00,,588672,0,,040,大阪支店,511,売上高,,,B5,,588672,53515,7月1日～7月31日分売上,,,,,,,,,,,,,,,,,,,,,,,,,,,,,,,,,,,,,,,,,,,,,,,,,,,,,,
20210731,116,,,,040,大阪支店,521,売上値引戻り高,,,C5,,66560,6050,,000,共通部門,152,売掛金,4,株式会社ひなたマート,00,,66560,0,7月1日～7月31日分売上,,,,,,,,,,,,,,,,,,,,,,,,,,,,,,,,,,,,,,,,,,,,,,,,,,,,,,
20210731,116,,,,040,大阪支店,744,リース料,,,Q5,,84000,7636,,000,共通部門,131,普通預金,40,JKL銀行 梅田,00,,84000,0,リース料,,,,,,,,,,,,,,,,,,,,,,,,,,,,,,,,,,,,,,,,,,,,,,,,,,,,,,
20210731,117,,,,000,共通部門,152,売掛金,14,株式会社花咲商事,00,,943160,0,,050,九州営業所,511,売上高,,,B5,,943160,85741,7月1日～7月31日分売上,,,,,,,,,,,,,,,,,,,,,,,,,,,,,,,,,,,,,,,,,,,,,,,,,,,,,,
20210731,117,,,,000,共通部門,152,売掛金,22,株式会社豊原産業,00,,1402208,0,,050,九州営業所,511,売上高,,,B5,,1402208,127473,7月1日～7月31日分売上,,,,,,,,,,,,,,,,,,,,,,,,,,,,,,,,,,,,,,,,,,,,,,,,,,,,,,
20210731,117,,,,000,共通部門,152,売掛金,1,株式会社若葉百貨店,00,,1369532,0,,050,九州営業所,511,売上高,,,B5,,1369532,124502,7月1日～7月31日分売上,,,,,,,,,,,,,,,,,,,,,,,,,,,,,,,,,,,,,,,,,,,,,,,,,,,,,,
20210731,117,,,,000,共通部門,152,売掛金,29,株式会社小春サービス,00,,963720,0,,050,九州営業所,511,売上高,,,B5,,963720,87610,7月1日～7月31日分売上,,,,,,,,,,,,,,,,,,,,,,,,,,,,,,,,,,,,,,,,,,,,,,,,,,,,,,
20210731,118,,,,000,共通部門,131,普通預金,40,JKL銀行 梅田,00,,878488,0,,000,共通部門,152,売掛金,4,株式会社ひなたマート,00,,878488,0,7月31日伝票No271株式会社ひなたマート,,,,,,,,,,,,,,,,,,,,,,,,,,,,,,,,,,,,,,,,,,,,,,,,,,,,,,
20210731,118,,,,040,大阪支店,741,支払手数料,,,Q5,,840,76,,000,共通部門,152,売掛金,4,株式会社ひなたマート,00,,840,0,7月31日伝票No271株式会社ひなたマート,,,,,,,,,,,,,,,,,,,,,,,,,,,,,,,,,,,,,,,,,,,,,,,,,,,,,,
20210731,119,,,,000,共通部門,131,普通預金,10,DEF銀行 駅前,00,,903208,0,,000,共通部門,152,売掛金,5,東雲商会株式会社,00,,903208,0,7月31日伝票No272東雲商会株式会社,,,,,,,,,,,,,,,,,,,,,,,,,,,,,,,,,,,,,,,,,,,,,,,,,,,,,,
20210731,119,,,,010,札幌営業所,741,支払手数料,,,Q5,,840,76,,000,共通部門,152,売掛金,5,東雲商会株式会社,00,,840,0,7月31日伝票No272東雲商会株式会社,,,,,,,,,,,,,,,,,,,,,,,,,,,,,,,,,,,,,,,,,,,,,,,,,,,,,,
20210731,120,,,,000,共通部門,150,受取手形,,,00,,10130263,0,,000,共通部門,152,売掛金,12,株式会社緑野百貨店,00,,10130263,0,7月31日伝票No273株式会社緑野百貨店 | 売上伝票=20210630-121;手形番号=R20210731-120-12,,,,,,,,,,,,,,,,,,,,,,,,,,,,,,,,,,,,,,,,,,,,,,,,,,,,,,
20210731,121,,,,000,共通部門,131,普通預金,20,ABC銀行 本店,00,,602336,0,,000,共通部門,152,売掛金,24,白峰商事株式会社,00,,602336,0,7月31日伝票No274白峰商事株式会社,,,,,,,,,,,,,,,,,,,,,,,,,,,,,,,,,,,,,,,,,,,,,,,,,,,,,,
20210731,121,,,,020,東京支店,741,支払手数料,,,Q5,,472,42,,000,共通部門,152,売掛金,24,白峰商事株式会社,00,,472,0,7月31日伝票No274白峰商事株式会社,,,,,,,,,,,,,,,,,,,,,,,,,,,,,,,,,,,,,,,,,,,,,,,,,,,,,,
20210731,122,,,,000,共通部門,131,普通預金,50,MNO銀行 北九州,00,,404142,0,,000,共通部門,152,売掛金,29,株式会社小春サービス,00,,404142,0,7月31日伝票No275株式会社小春サービス,,,,,,,,,,,,,,,,,,,,,,,,,,,,,,,,,,,,,,,,,,,,,,,,,,,,,,
20210731,122,,,,050,九州営業所,741,支払手数料,,,Q5,,210,19,,000,共通部門,152,売掛金,29,株式会社小春サービス,00,,210,0,7月31日伝票No275株式会社小春サービス,,,,,,,,,,,,,,,,,,,,,,,,,,,,,,,,,,,,,,,,,,,,,,,,,,,,,,
20210731,123,,,,000,共通部門,111,現金,,,00,,372176,0,,000,共通部門,152,売掛金,10,合同会社こもれび商事,00,,372176,0,7月31日伝票No453合同会社こもれび商事,,,,,,,,,,,,,,,,,,,,,,,,,,,,,,,,,,,,,,,,,,,,,,,,,,,,,,
20210731,124,,,,010,札幌営業所,541,商品仕入高,,,Q5,,49392,4490,,000,共通部門,312,買掛金,8,株式会社白樺商事,00,,49392,0,7月1日～7月31日分仕入,,,,,,,,,,,,,,,,,,,,,,,,,,,,,,,,,,,,,,,,,,,,,,,,,,,,,,
20210731,124,,,,010,札幌営業所,541,商品仕入高,,,Q5,,176676,16061,,000,共通部門,312,買掛金,2,株式会社双葉物産,00,,176676,0,7月1日～7月31日分仕入,,,,,,,,,,,,,,,,,,,,,,,,,,,,,,,,,,,,,,,,,,,,,,,,,,,,,,
20210731,125,,,,020,東京支店,541,商品仕入高,,,Q5,,2953512,268501,,000,共通部門,312,買掛金,14,合同会社あかね商会,00,,2953512,0,7月1日～7月31日分仕入,,,,,,,,,,,,,,,,,,,,,,,,,,,,,,,,,,,,,,,,,,,,,,,,,,,,,,
20210731,125,,,,020,東京支店,541,商品仕入高,,,Q5,,3216642,292422,,000,共通部門,312,買掛金,3,青凪商事株式会社,00,,3216642,0,7月1日～7月31日分仕入,,,,,,,,,,,,,,,,,,,,,,,,,,,,,,,,,,,,,,,,,,,,,,,,,,,,,,
20210731,125,,,,000,共通部門,312,買掛金,3,青凪商事株式会社,00,,34523,0,,020,東京支店,551,仕入値引戻し高,,,R5,,34523,3138,7月1日～7月31日分仕入,,,,,,,,,,,,,,,,,,,,,,,,,,,,,,,,,,,,,,,,,,,,,,,,,,,,,,
20210731,125,,,,020,東京支店,541,商品仕入高,,,Q5,,1317476,119770,,000,共通部門,312,買掛金,13,朝日野産業株式会社,00,,1317476,0,7月1日～7月31日分仕入,,,,,,,,,,,,,,,,,,,,,,,,,,,,,,,,,,,,,,,,,,,,,,,,,,,,,,
20210731,125,,,,020,東京支店,541,商品仕入高,,,Q5,,6120204,556382,,000,共通部門,312,買掛金,1,株式会社北辰商事,00,,6120204,0,7月1日～7月31日分仕入,,,,,,,,,,,,,,,,,,,,,,,,,,,,,,,,,,,,,,,,,,,,,,,,,,,,,,
20210731,125,,,,020,東京支店,541,商品仕入高,,,Q5,,4398969,399906,,000,共通部門,312,買掛金,11,株式会社花園商会,00,,4398969,0,7月1日～7月31日分仕入,,,,,,,,,,,,,,,,,,,,,,,,,,,,,,,,,,,,,,,,,,,,,,,,,,,,,,
20210731,125,,,,020,東京支店,541,商品仕入高,,,Q5,,336571,30597,,000,共通部門,312,買掛金,12,株式会社泉川商事,00,,336571,0,7月1日～7月31日分仕入,,,,,,,,,,,,,,,,,,,,,,,,,,,,,,,,,,,,,,,,,,,,,,,,,,,,,,
20210731,125,,,,020,東京支店,541,商品仕入高,,,Q5,,650681,59152,,000,共通部門,312,買掛金,2,株式会社双葉物産,00,,650681,0,7月1日～7月31日分仕入,,,,,,,,,,,,,,,,,,,,,,,,,,,,,,,,,,,,,,,,,,,,,,,,,,,,,,
20210731,125,,,,020,東京支店,541,商品仕入高,,,Q5,,167932,15266,,000,共通部門,312,買掛金,8,株式会社白樺商事,00,,167932,0,7月1日～7月31日分仕入,,,,,,,,,,,,,,,,,,,,,,,,,,,,,,,,,,,,,,,,,,,,,,,,,,,,,,
20210731,125,,,,000,共通部門,312,買掛金,1,株式会社北辰商事,00,,19252,0,,020,東京支店,551,仕入値引戻し高,,,R5,,19252,1750,7月1日～7月31日分仕入,,,,,,,,,,,,,,,,,,,,,,,,,,,,,,,,,,,,,,,,,,,,,,,,,,,,,,
20210731,126,,,,030,名古屋支店,541,商品仕入高,,,Q5,,1819272,165388,,000,共通部門,312,買掛金,9,東原産業株式会社,00,,1819272,0,7月1日～7月31日分仕入,,,,,,,,,,,,,,,,,,,,,,,,,,,,,,,,,,,,,,,,,,,,,,,,,,,,,,
20210731,126,,,,030,名古屋支店,541,商品仕入高,,,Q5,,1159628,105420,,000,共通部門,312,買掛金,15,株式会社麦穂商事,00,,1159628,0,7月1日～7月31日分仕入,,,,,,,,,,,,,,,,,,,,,,,,,,,,,,,,,,,,,,,,,,,,,,,,,,,,,,
20210731,126,,,,030,名古屋支店,541,商品仕入高,,,Q5,,3639444,330858,,000,共通部門,312,買掛金,7,株式会社夕凪商会,00,,3639444,0,7月1日～7月31日分仕入,,,,,,,,,,,,,,,,,,,,,,,,,,,,,,,,,,,,,,,,,,,,,,,,,,,,,,
20210731,126,,,,000,共通部門,312,買掛金,15,株式会社麦穂商事,00,,18748,0,,030,名古屋支店,551,仕入値引戻し高,,,R5,,18748,1704,7月1日～7月31日分仕入,,,,,,,,,,,,,,,,,,,,,,,,,,,,,,,,,,,,,,,,,,,,,,,,,,,,,,
20210731,126,,,,030,名古屋支店,541,商品仕入高,,,Q5,,77565,7051,,000,共通部門,312,買掛金,2,株式会社双葉物産,00,,77565,0,7月1日～7月31日分仕入,,,,,,,,,,,,,,,,,,,,,,,,,,,,,,,,,,,,,,,,,,,,,,,,,,,,,,
20210731,126,,,,030,名古屋支店,541,商品仕入高,,,Q5,,24696,2245,,000,共通部門,312,買掛金,8,株式会社白樺商事,00,,24696,0,7月1日～7月31日分仕入,,,,,,,,,,,,,,,,,,,,,,,,,,,,,,,,,,,,,,,,,,,,,,,,,,,,,,
20210731,127,,,,040,大阪支店,541,商品仕入高,,,Q5,,3841014,349183,,000,共通部門,312,買掛金,5,千草商事株式会社,00,,3841014,0,7月1日～7月31日分仕入,,,,,,,,,,,,,,,,,,,,,,,,,,,,,,,,,,,,,,,,,,,,,,,,,,,,,,
20210731,127,,,,040,大阪支店,541,商品仕入高,,,Q5,,929328,84484,,000,共通部門,312,買掛金,4,株式会社和泉流通,00,,929328,0,7月1日～7月31日分仕入,,,,,,,,,,,,,,,,,,,,,,,,,,,,,,,,,,,,,,,,,,,,,,,,,,,,,,
20210731,127,,,,040,大阪支店,541,商品仕入高,,,Q5,,3148603,286236,,000,共通部門,312,買掛金,10,光野販売株式会社,00,,3148603,0,7月1日～7月31日分仕入,,,,,,,,,,,,,,,,,,,,,,,,,,,,,,,,,,,,,,,,,,,,,,,,,,,,,,
20210731,127,,,,040,大阪支店,541,商品仕入高,,,Q5,,3600809,327346,,000,共通部門,312,買掛金,6,株式会社日向産業,00,,3600809,0,7月1日～7月31日分仕入,,,,,,,,,,,,,,,,,,,,,,,,,,,,,,,,,,,,,,,,,,,,,,,,,,,,,,
20210731,127,,,,000,共通部門,312,買掛金,4,株式会社和泉流通,00,,14817,0,,040,大阪支店,551,仕入値引戻し高,,,R5,,14817,1347,7月1日～7月31日分仕入,,,,,,,,,,,,,,,,,,,,,,,,,,,,,,,,,,,,,,,,,,,,,,,,,,,,,,
20210731,127,,,,040,大阪支店,541,商品仕入高,,,Q5,,148176,13470,,000,共通部門,312,買掛金,8,株式会社白樺商事,00,,148176,0,7月1日～7月31日分仕入,,,,,,,,,,,,,,,,,,,,,,,,,,,,,,,,,,,,,,,,,,,,,,,,,,,,,,
20210731,127,,,,040,大阪支店,541,商品仕入高,,,Q5,,215458,19587,,000,共通部門,312,買掛金,2,株式会社双葉物産,00,,215458,0,7月1日～7月31日分仕入,,,,,,,,,,,,,,,,,,,,,,,,,,,,,,,,,,,,,,,,,,,,,,,,,,,,,,
20210731,128,,,,050,九州営業所,541,商品仕入高,,,Q5,,24696,2245,,000,共通部門,312,買掛金,8,株式会社白樺商事,00,,24696,0,7月1日～7月31日分仕入,,,,,,,,,,,,,,,,,,,,,,,,,,,,,,,,,,,,,,,,,,,,,,,,,,,,,,
20210731,128,,,,050,九州営業所,541,商品仕入高,,,Q5,,198221,18020,,000,共通部門,312,買掛金,2,株式会社双葉物産,00,,198221,0,7月1日～7月31日分仕入,,,,,,,,,,,,,,,,,,,,,,,,,,,,,,,,,,,,,,,,,,,,,,,,,,,,,,
20210731,129,,,,000,共通部門,312,買掛金,2,株式会社双葉物産,00,,1297055,0,,000,共通部門,131,普通預金,20,ABC銀行 本店,00,,1297055,0,7月31日伝票No176株式会社双葉物産,,,,,,,,,,,,,,,,,,,,,,,,,,,,,,,,,,,,,,,,,,,,,,,,,,,,,,
20210731,130,,,,000,共通部門,312,買掛金,5,千草商事株式会社,00,,3680382,0,,000,共通部門,301,支払手形,,,00,,3680382,0,7月31日伝票No177千草商事株式会社,,,,,,,,,,,,,,,,,,,,,,,,,,,,,,,,,,,,,,,,,,,,,,,,,,,,,,
20210731,131,,,,000,共通部門,312,買掛金,7,株式会社夕凪商会,00,,3447484,0,,000,共通部門,131,普通預金,20,ABC銀行 本店,00,,3447484,0,7月31日伝票No178株式会社夕凪商会,,,,,,,,,,,,,,,,,,,,,,,,,,,,,,,,,,,,,,,,,,,,,,,,,,,,,,
20210731,132,,,,000,共通部門,312,買掛金,9,東原産業株式会社,00,,1712425,0,,000,共通部門,301,支払手形,,,00,,1712425,0,7月31日伝票No179東原産業株式会社,,,,,,,,,,,,,,,,,,,,,,,,,,,,,,,,,,,,,,,,,,,,,,,,,,,,,,
20210731,133,,,,000,共通部門,312,買掛金,10,光野販売株式会社,00,,3020180,0,,000,共通部門,301,支払手形,,,00,,3020180,0,7月31日伝票No181光野販売株式会社,,,,,,,,,,,,,,,,,,,,,,,,,,,,,,,,,,,,,,,,,,,,,,,,,,,,,,
20210731,134,,,,000,共通部門,312,買掛金,12,株式会社泉川商事,00,,316537,0,,000,共通部門,131,普通預金,20,ABC銀行 本店,00,,316537,0,7月31日伝票No182株式会社泉川商事,,,,,,,,,,,,,,,,,,,,,,,,,,,,,,,,,,,,,,,,,,,,,,,,,,,,,,
20210731,135,,,,000,共通部門,312,買掛金,13,朝日野産業株式会社,00,,1291839,0,,000,共通部門,131,普通預金,20,ABC銀行 本店,00,,1291839,0,7月31日伝票No183朝日野産業株式会社,,,,,,,,,,,,,,,,,,,,,,,,,,,,,,,,,,,,,,,,,,,,,,,,,,,,,,
20210731,136,,,,000,共通部門,312,買掛金,14,合同会社あかね商会,00,,2864586,0,,000,共通部門,131,普通預金,20,ABC銀行 本店,00,,2864586,0,7月31日伝票No184合同会社あかね商会,,,,,,,,,,,,,,,,,,,,,,,,,,,,,,,,,,,,,,,,,,,,,,,,,,,,,,
20210731,137,,,,000,共通部門,312,買掛金,15,株式会社麦穂商事,00,,1109128,0,,000,共通部門,131,普通預金,20,ABC銀行 本店,00,,1109128,0,7月31日伝票No185株式会社麦穂商事,,,,,,,,,,,,,,,,,,,,,,,,,,,,,,,,,,,,,,,,,,,,,,,,,,,,,,
20210731,139,,,,000,共通部門,121,当座預金,1,ABC銀行,00,,20392404,0,,000,共通部門,150,受取手形,,,00,,20392404,0,手形満期 株式会社桜丘百貨店 | 手形番号=R20210425-273-2,,,,,,,,,,,,,,,,,,,,,,,,,,,,,,,,,,,,,,,,,,,,,,,,,,,,,,
20210731,140,,,,000,共通部門,301,支払手形,,,00,,5237507,0,,000,共通部門,121,当座預金,1,ABC銀行,00,,5237507,0,手形期日落日 千草商事株式会社,,,,,,,,,,,,,,,,,,,,,,,,,,,,,,,,,,,,,,,,,,,,,,,,,,,,,,
20210731,140,,,,000,共通部門,301,支払手形,,,00,,2599235,0,,000,共通部門,121,当座預金,1,ABC銀行,00,,2599235,0,手形期日落日 東原産業株式会社,,,,,,,,,,,,,,,,,,,,,,,,,,,,,,,,,,,,,,,,,,,,,,,,,,,,,,
20210731,140,,,,000,共通部門,301,支払手形,,,00,,4640751,0,,000,共通部門,121,当座預金,1,ABC銀行,00,,4640751,0,手形期日落日 光野販売株式会社,,,,,,,,,,,,,,,,,,,,,,,,,,,,,,,,,,,,,,,,,,,,,,,,,,,,,,
20210731,145,,,,050,九州営業所,731,運賃,,,Q5,,165200,15018,,000,共通部門,322,未払金,,,00,,165200,0,運賃,,,,,,,,,,,,,,,,,,,,,,,,,,,,,,,,,,,,,,,,,,,,,,,,,,,,,,
20210731,146,,,,000,共通部門,131,普通預金,20,ABC銀行 本店,00,,40000,0,,000,共通部門,183,短期貸付金,,,00,,40000,0,貸付金返済,,,,,,,,,,,,,,,,,,,,,,,,,,,,,,,,,,,,,,,,,,,,,,,,,,,,,,
20210731,147,,,,000,共通部門,148,定期積金,,,00,,500000,0,,000,共通部門,131,普通預金,20,ABC銀行 本店,00,,625000,0,定期積立金,,,,,,,,,,,,,,,,,,,,,,,,,,,,,,,,,,,,,,,,,,,,,,,,,,,,,,
20210731,147,,,,000,共通部門,248,保険積立金,,,00,,125000,0,,,,,,,,,,,,保険積立金,,,,,,,,,,,,,,,,,,,,,,,,,,,,,,,,,,,,,,,,,,,,,,,,,,,,,,
20210731,148,,,,000,共通部門,321,短期借入金,,,00,,653500,0,,000,共通部門,121,当座預金,1,ABC銀行,00,,686175,0,借入金返済,,,,,,,,,,,,,,,,,,,,,,,,,,,,,,,,,,,,,,,,,,,,,,,,,,,,,,
20210731,148,,,,020,東京支店,821,支払利息,,,P0,,32675,0,,,,,,,,,,,,利息,,,,,,,,,,,,,,,,,,,,,,,,,,,,,,,,,,,,,,,,,,,,,,,,,,,,,,
20210731,990004,,,,010,札幌営業所,713,賞与,,,00,,190000,0,,010,札幌営業所,337,賞与引当金,,,00,,190000,0,サンプル定義：賞与半年均等引当 202107 部門010,,,,,,,,,,,,,,,,,,,,,,,,,,,,,,,,,,,,,,,,,,,,,,,,,,,,,,
20210731,990004,,,,020,東京支店,713,賞与,,,00,,451667,0,,020,東京支店,337,賞与引当金,,,00,,451667,0,サンプル定義：賞与半年均等引当 202107 部門020,,,,,,,,,,,,,,,,,,,,,,,,,,,,,,,,,,,,,,,,,,,,,,,,,,,,,,
20210731,990004,,,,030,名古屋支店,713,賞与,,,00,,178333,0,,030,名古屋支店,337,賞与引当金,,,00,,178333,0,サンプル定義：賞与半年均等引当 202107 部門030,,,,,,,,,,,,,,,,,,,,,,,,,,,,,,,,,,,,,,,,,,,,,,,,,,,,,,
20210731,990004,,,,040,大阪支店,713,賞与,,,00,,216667,0,,040,大阪支店,337,賞与引当金,,,00,,216667,0,サンプル定義：賞与半年均等引当 202107 部門040,,,,,,,,,,,,,,,,,,,,,,,,,,,,,,,,,,,,,,,,,,,,,,,,,,,,,,
20210731,990004,,,,050,九州営業所,713,賞与,,,00,,136667,0,,050,九州営業所,337,賞与引当金,,,00,,136667,0,サンプル定義：賞与半年均等引当 202107 部門050,,,,,,,,,,,,,,,,,,,,,,,,,,,,,,,,,,,,,,,,,,,,,,,,,,,,,,
20210801,18,,,,010,札幌営業所,726,旅費交通費,,,Q5,,21000,1909,,000,共通部門,111,現金,,,00,,21000,0,旅費,,,,,,,,,,,,,,,,,,,,,,,,,,,,,,,,,,,,,,,,,,,,,,,,,,,,,,
20210801,41,,,,020,東京支店,733,交際接待費,,,Q5,,3510,319,,000,共通部門,111,現金,,,00,,3510,0,食事代 架空店舗050 3名,,,,,,,,,,,,,,,,,,,,,,,,,,,,,,,,,,,,,,,,,,,,,,,,,,,,,,
20210801,50,,,,020,東京支店,740,車両費,,,Q5,,600,54,,000,共通部門,111,現金,,,00,,600,0,高速代,,,,,,,,,,,,,,,,,,,,,,,,,,,,,,,,,,,,,,,,,,,,,,,,,,,,,,
20210801,102,,,,040,大阪支店,733,交際接待費,,,Q5,,2100,190,,000,共通部門,111,現金,,,00,,2100,0,手土産代 架空店舗089,,,,,,,,,,,,,,,,,,,,,,,,,,,,,,,,,,,,,,,,,,,,,,,,,,,,,,
20210802,147,,,,050,九州営業所,740,車両費,,,Q5,,6648,604,,000,共通部門,322,未払金,,,00,,6648,0,ガソリン代,,,,,,,,,,,,,,,,,,,,,,,,,,,,,,,,,,,,,,,,,,,,,,,,,,,,,,
20210803,56,,,,020,東京支店,726,旅費交通費,,,Q5,,15700,1427,,000,共通部門,111,現金,,,00,,15700,0,旅費,,,,,,,,,,,,,,,,,,,,,,,,,,,,,,,,,,,,,,,,,,,,,,,,,,,,,,
20210803,82,,,,030,名古屋支店,740,車両費,,,Q5,,18021,1638,,000,共通部門,322,未払金,,,00,,18021,0,ガソリン代,,,,,,,,,,,,,,,,,,,,,,,,,,,,,,,,,,,,,,,,,,,,,,,,,,,,,,
20210803,134,,,,050,九州営業所,754,事務用消耗品費,,,Q5,,15780,1434,,000,共通部門,322,未払金,,,00,,15780,0,用紙,,,,,,,,,,,,,,,,,,,,,,,,,,,,,,,,,,,,,,,,,,,,,,,,,,,,,,
20210803,134,,,,040,大阪支店,754,事務用消耗品費,,,Q5,,16800,1527,,000,共通部門,322,未払金,,,00,,16800,0,用紙,,,,,,,,,,,,,,,,,,,,,,,,,,,,,,,,,,,,,,,,,,,,,,,,,,,,,,
20210803,139,,,,040,大阪支店,724,福利厚生費,,,Q5,,25400,2309,,000,共通部門,322,未払金,,,00,,25400,0,社員夜食代,,,,,,,,,,,,,,,,,,,,,,,,,,,,,,,,,,,,,,,,,,,,,,,,,,,,,,
20210803,142,,,,040,大阪支店,740,車両費,,,Q5,,2458,223,,000,共通部門,111,現金,,,00,,19534,0,高速代,,,,,,,,,,,,,,,,,,,,,,,,,,,,,,,,,,,,,,,,,,,,,,,,,,,,,,
20210803,142,,,,040,大阪支店,740,車両費,,,Q5,,3052,277,,,,,,,,,,,,ガソリン代,,,,,,,,,,,,,,,,,,,,,,,,,,,,,,,,,,,,,,,,,,,,,,,,,,,,,,
20210803,142,,,,040,大阪支店,740,車両費,,,Q5,,1191,108,,,,,,,,,,,,高速代,,,,,,,,,,,,,,,,,,,,,,,,,,,,,,,,,,,,,,,,,,,,,,,,,,,,,,
20210803,142,,,,040,大阪支店,740,車両費,,,Q5,,8543,776,,,,,,,,,,,,高速代,,,,,,,,,,,,,,,,,,,,,,,,,,,,,,,,,,,,,,,,,,,,,,,,,,,,,,
20210803,142,,,,040,大阪支店,740,車両費,,,Q5,,4290,390,,,,,,,,,,,,高速代,,,,,,,,,,,,,,,,,,,,,,,,,,,,,,,,,,,,,,,,,,,,,,,,,,,,,,
20210804,42,,,,020,東京支店,733,交際接待費,,,Q5,,4650,422,,000,共通部門,111,現金,,,00,,4650,0,昼食代3名 架空店舗038,,,,,,,,,,,,,,,,,,,,,,,,,,,,,,,,,,,,,,,,,,,,,,,,,,,,,,
20210804,141,,,,040,大阪支店,726,旅費交通費,,,Q5,,8600,781,,000,共通部門,111,現金,,,00,,8600,0,架空鉄道会社A代,,,,,,,,,,,,,,,,,,,,,,,,,,,,,,,,,,,,,,,,,,,,,,,,,,,,,,
20210805,19,,,,010,札幌営業所,726,旅費交通費,,,Q5,,10500,954,,000,共通部門,111,現金,,,00,,10500,0,旅費,,,,,,,,,,,,,,,,,,,,,,,,,,,,,,,,,,,,,,,,,,,,,,,,,,,,,,
20210805,57,,,,020,東京支店,726,旅費交通費,,,Q5,,89700,8154,,000,共通部門,111,現金,,,00,,89700,0,架空鉄道会社A代,,,,,,,,,,,,,,,,,,,,,,,,,,,,,,,,,,,,,,,,,,,,,,,,,,,,,,
20210805,84,,,,000,共通部門,131,普通預金,50,MNO銀行 北九州,00,,1401736,0,,000,共通部門,152,売掛金,22,株式会社豊原産業,00,,1401736,0,8月5日伝票No276株式会社豊原産業,,,,,,,,,,,,,,,,,,,,,,,,,,,,,,,,,,,,,,,,,,,,,,,,,,,,,,
20210805,84,,,,050,九州営業所,741,支払手数料,,,Q5,,472,42,,000,共通部門,152,売掛金,22,株式会社豊原産業,00,,472,0,8月5日伝票No276株式会社豊原産業,,,,,,,,,,,,,,,,,,,,,,,,,,,,,,,,,,,,,,,,,,,,,,,,,,,,,,
20210805,85,,,,000,共通部門,131,普通預金,20,ABC銀行 本店,00,,1005992,0,,000,共通部門,152,売掛金,26,若松販売株式会社,00,,1005992,0,8月5日伝票No277若松販売株式会社,,,,,,,,,,,,,,,,,,,,,,,,,,,,,,,,,,,,,,,,,,,,,,,,,,,,,,
20210805,85,,,,020,東京支店,741,支払手数料,,,Q5,,472,42,,000,共通部門,152,売掛金,26,若松販売株式会社,00,,472,0,8月5日伝票No277若松販売株式会社,,,,,,,,,,,,,,,,,,,,,,,,,,,,,,,,,,,,,,,,,,,,,,,,,,,,,,
20210805,86,,,,000,共通部門,131,普通預金,30,GHI銀行 名古屋,00,,1184900,0,,000,共通部門,152,売掛金,27,晴海物産株式会社,00,,1184900,0,8月5日伝票No278晴海物産株式会社,,,,,,,,,,,,,,,,,,,,,,,,,,,,,,,,,,,,,,,,,,,,,,,,,,,,,,
20210805,133,,,,020,東京支店,746,支払報酬,,,Q5,,139710,12700,,000,共通部門,131,普通預金,20,ABC銀行 本店,00,,139710,0,税理士報酬,,,,,,,,,,,,,,,,,,,,,,,,,,,,,,,,,,,,,,,,,,,,,,,,,,,,,,
20210806,71,,,,010,札幌営業所,733,交際接待費,,,Q5,,24200,2200,,000,共通部門,111,現金,,,00,,24200,0,ゴルフプレー代2名,,,,,,,,,,,,,,,,,,,,,,,,,,,,,,,,,,,,,,,,,,,,,,,,,,,,,,
20210806,106,,,,040,大阪支店,733,交際接待費,,,Q5,,36814,3346,,000,共通部門,111,現金,,,00,,46564,0,お中元 架空店舗058,,,,,,,,,,,,,,,,,,,,,,,,,,,,,,,,,,,,,,,,,,,,,,,,,,,,,,
20210806,106,,,,040,大阪支店,733,交際接待費,,,Q5,,9750,886,,,,,,,,,,,,お中元 架空店舗089,,,,,,,,,,,,,,,,,,,,,,,,,,,,,,,,,,,,,,,,,,,,,,,,,,,,,,
20210806,110,,,,040,大阪支店,726,旅費交通費,,,Q5,,2290,208,,000,共通部門,111,現金,,,00,,2290,0,タクシー代,,,,,,,,,,,,,,,,,,,,,,,,,,,,,,,,,,,,,,,,,,,,,,,,,,,,,,
20210806,156,,,,050,九州営業所,726,旅費交通費,,,Q5,,2500,227,,000,共通部門,111,現金,,,00,,2500,0,出張旅費,,,,,,,,,,,,,,,,,,,,,,,,,,,,,,,,,,,,,,,,,,,,,,,,,,,,,,
20210807,10,,,,010,札幌営業所,740,車両費,,,Q5,,4224,384,,000,共通部門,111,現金,,,00,,4224,0,ガソリン代,,,,,,,,,,,,,,,,,,,,,,,,,,,,,,,,,,,,,,,,,,,,,,,,,,,,,,
20210807,21,,,,010,札幌営業所,726,旅費交通費,,,Q5,,69500,6318,,000,共通部門,111,現金,,,00,,69500,0,架空鉄道会社A代,,,,,,,,,,,,,,,,,,,,,,,,,,,,,,,,,,,,,,,,,,,,,,,,,,,,,,
20210807,22,,,,010,札幌営業所,726,旅費交通費,,,Q5,,50000,4545,,000,共通部門,111,現金,,,00,,50000,0,旅費,,,,,,,,,,,,,,,,,,,,,,,,,,,,,,,,,,,,,,,,,,,,,,,,,,,,,,
20210807,58,,,,020,東京支店,726,旅費交通費,,,Q5,,70000,6363,,000,共通部門,111,現金,,,00,,70000,0,旅費,,,,,,,,,,,,,,,,,,,,,,,,,,,,,,,,,,,,,,,,,,,,,,,,,,,,,,
20210808,149,,,,030,名古屋支店,733,交際接待費,,,Q5,,10500,954,,000,共通部門,111,現金,,,00,,10500,0,手土産代 架空店舗058,,,,,,,,,,,,,,,,,,,,,,,,,,,,,,,,,,,,,,,,,,,,,,,,,,,,,,
20210808,150,,,,050,九州営業所,733,交際接待費,,,Q5,,75244,6840,,000,共通部門,111,現金,,,00,,75244,0,お中元 株式会社桜丘百貨店,,,,,,,,,,,,,,,,,,,,,,,,,,,,,,,,,,,,,,,,,,,,,,,,,,,,,,
20210809,20,,,,010,札幌営業所,726,旅費交通費,,,Q5,,41000,3727,,000,共通部門,111,現金,,,00,,41000,0,旅費,,,,,,,,,,,,,,,,,,,,,,,,,,,,,,,,,,,,,,,,,,,,,,,,,,,,,,
20210809,44,,,,020,東京支店,733,交際接待費,,,Q5,,2840,258,,000,共通部門,111,現金,,,00,,2840,0,手土産代 株式会社瑞穂流通,,,,,,,,,,,,,,,,,,,,,,,,,,,,,,,,,,,,,,,,,,,,,,,,,,,,,,
20210809,46,,,,020,東京支店,740,車両費,,,Q5,,3298,299,,000,共通部門,111,現金,,,00,,7505,0,レーダー代,,,,,,,,,,,,,,,,,,,,,,,,,,,,,,,,,,,,,,,,,,,,,,,,,,,,,,
20210809,46,,,,020,東京支店,740,車両費,,,Q5,,4207,382,,,,,,,,,,,,ガソリン代,,,,,,,,,,,,,,,,,,,,,,,,,,,,,,,,,,,,,,,,,,,,,,,,,,,,,,
20210809,76,,,,020,東京支店,724,福利厚生費,,,Q5,,35450,3222,,000,共通部門,322,未払金,,,00,,35450,0,社員夜食代,,,,,,,,,,,,,,,,,,,,,,,,,,,,,,,,,,,,,,,,,,,,,,,,,,,,,,
20210809,112,,,,040,大阪支店,727,通信費,,,Q5,,182458,16587,,000,共通部門,131,普通預金,40,JKL銀行 梅田,00,,182458,0,電話代,,,,,,,,,,,,,,,,,,,,,,,,,,,,,,,,,,,,,,,,,,,,,,,,,,,,,,
20210809,143,,,,040,大阪支店,740,車両費,,,Q5,,31502,2863,,000,共通部門,111,現金,,,00,,31502,0,点検作業料,,,,,,,,,,,,,,,,,,,,,,,,,,,,,,,,,,,,,,,,,,,,,,,,,,,,,,
20210810,32,,,,010,札幌営業所,754,事務用消耗品費,,,Q5,,3908,355,,000,共通部門,322,未払金,,,00,,3908,0,事務用品費,,,,,,,,,,,,,,,,,,,,,,,,,,,,,,,,,,,,,,,,,,,,,,,,,,,,,,
20210810,33,,,,010,札幌営業所,747,地代家賃,,,Q5,,320000,29090,,000,共通部門,131,普通預金,10,DEF銀行 駅前,00,,320000,0,家賃支払い,,,,,,,,,,,,,,,,,,,,,,,,,,,,,,,,,,,,,,,,,,,,,,,,,,,,,,
20210810,33,,,,010,札幌営業所,727,通信費,,,Q5,,128650,11695,,000,共通部門,131,普通預金,10,DEF銀行 駅前,00,,128650,0,電話代,,,,,,,,,,,,,,,,,,,,,,,,,,,,,,,,,,,,,,,,,,,,,,,,,,,,,,
20210810,64,,,,000,共通部門,326,預り金,3,源泉税,00,,253253,0,,000,共通部門,131,普通預金,20,ABC銀行 本店,00,,702753,0,源泉税支払,,,,,,,,,,,,,,,,,,,,,,,,,,,,,,,,,,,,,,,,,,,,,,,,,,,,,,
20210810,64,,,,000,共通部門,326,預り金,2,住民税,00,,449500,0,,,,,,,,,,,,住民税支払,,,,,,,,,,,,,,,,,,,,,,,,,,,,,,,,,,,,,,,,,,,,,,,,,,,,,,
20210810,66,,,,010,札幌営業所,791,雑費,,,Q5,,5000,454,,000,共通部門,322,未払金,,,00,,39286,0,有線,,,,,,,,,,,,,,,,,,,,,,,,,,,,,,,,,,,,,,,,,,,,,,,,,,,,,,
20210810,66,,,,010,札幌営業所,791,雑費,,,Q5,,34286,3116,,,,,,,,,,,,警備料,,,,,,,,,,,,,,,,,,,,,,,,,,,,,,,,,,,,,,,,,,,,,,,,,,,,,,
20210810,66,,,,040,大阪支店,747,地代家賃,,,Q5,,840000,76363,,000,共通部門,131,普通預金,40,JKL銀行 梅田,00,,840000,0,家賃支払,,,,,,,,,,,,,,,,,,,,,,,,,,,,,,,,,,,,,,,,,,,,,,,,,,,,,,
20210810,77,,,,030,名古屋支店,726,旅費交通費,,,Q5,,15000,1363,,000,共通部門,111,現金,,,00,,15000,0,旅費,,,,,,,,,,,,,,,,,,,,,,,,,,,,,,,,,,,,,,,,,,,,,,,,,,,,,,
20210810,79,,,,030,名古屋支店,724,福利厚生費,,,Q5,,29875,2715,,000,共通部門,111,現金,,,00,,29875,0,景品代,,,,,,,,,,,,,,,,,,,,,,,,,,,,,,,,,,,,,,,,,,,,,,,,,,,,,,
20210810,87,,,,000,共通部門,131,普通預金,30,GHI銀行 名古屋,00,,377760,0,,000,共通部門,152,売掛金,19,株式会社南風商会,00,,377760,0,8月10日伝票No279株式会社南風商会,,,,,,,,,,,,,,,,,,,,,,,,,,,,,,,,,,,,,,,,,,,,,,,,,,,,,,
20210810,87,,,,030,名古屋支店,741,支払手数料,,,Q5,,735,66,,000,共通部門,152,売掛金,19,株式会社南風商会,00,,735,0,8月10日伝票No279株式会社南風商会,,,,,,,,,,,,,,,,,,,,,,,,,,,,,,,,,,,,,,,,,,,,,,,,,,,,,,
20210810,88,,,,000,共通部門,150,受取手形,,,00,,6131174,0,,000,共通部門,152,売掛金,28,株式会社青葉百貨店,00,,6131174,0,8月10日伝票No280株式会社青葉百貨店 | 売上伝票=20210731-116;手形番号=R20210810-88-28,,,,,,,,,,,,,,,,,,,,,,,,,,,,,,,,,,,,,,,,,,,,,,,,,,,,,,
20210810,89,,,,000,共通部門,312,買掛金,3,青凪商事株式会社,00,,588672,0,,000,共通部門,152,売掛金,3,青凪商事株式会社,00,,588672,0,8月10日伝票No476青凪商事株式会社,,,,,,,,,,,,,,,,,,,,,,,,,,,,,,,,,,,,,,,,,,,,,,,,,,,,,,
20210810,90,,,,000,共通部門,131,普通預金,20,ABC銀行 本店,00,,7026572,0,,000,共通部門,152,売掛金,14,株式会社花咲商事,00,,7026572,0,8月10日伝票No498株式会社花咲商事東京本社,,,,,,,,,,,,,,,,,,,,,,,,,,,,,,,,,,,,,,,,,,,,,,,,,,,,,,
20210810,90,,,,020,東京支店,741,支払手数料,,,Q5,,840,76,,000,共通部門,152,売掛金,14,株式会社花咲商事,00,,840,0,8月10日伝票No498株式会社花咲商事東京本社,,,,,,,,,,,,,,,,,,,,,,,,,,,,,,,,,,,,,,,,,,,,,,,,,,,,,,
20210810,91,,,,000,共通部門,312,買掛金,3,青凪商事株式会社,00,,2593447,0,,000,共通部門,301,支払手形,,,00,,2593447,0,8月10日伝票No186青凪商事株式会社,,,,,,,,,,,,,,,,,,,,,,,,,,,,,,,,,,,,,,,,,,,,,,,,,,,,,,
20210810,92,,,,000,共通部門,312,買掛金,8,株式会社白樺商事,00,,390196,0,,000,共通部門,131,普通預金,20,ABC銀行 本店,00,,390196,0,8月10日伝票No188株式会社白樺商事,,,,,,,,,,,,,,,,,,,,,,,,,,,,,,,,,,,,,,,,,,,,,,,,,,,,,,
20210810,95,,,,020,東京支店,747,地代家賃,,,Q5,,1260000,114545,,000,共通部門,131,普通預金,20,ABC銀行 本店,00,,1260000,0,家賃支払,,,,,,,,,,,,,,,,,,,,,,,,,,,,,,,,,,,,,,,,,,,,,,,,,,,,,,
20210810,129,,,,030,名古屋支店,747,地代家賃,,,Q5,,399000,36272,,000,共通部門,131,普通預金,30,GHI銀行 名古屋,00,,399000,0,家賃支払い,,,,,,,,,,,,,,,,,,,,,,,,,,,,,,,,,,,,,,,,,,,,,,,,,,,,,,
20210810,135,,,,000,共通部門,301,支払手形,,,00,,1379646,0,,000,共通部門,121,当座預金,1,ABC銀行,00,,1379646,0,手形期日落日 青凪商事株式会社,,,,,,,,,,,,,,,,,,,,,,,,,,,,,,,,,,,,,,,,,,,,,,,,,,,,,,
20210810,148,,,,050,九州営業所,740,車両費,,,Q5,,3942,358,,000,共通部門,111,現金,,,00,,3942,0,ガソリン代,,,,,,,,,,,,,,,,,,,,,,,,,,,,,,,,,,,,,,,,,,,,,,,,,,,,,,
20210810,151,,,,040,大阪支店,733,交際接待費,,,Q5,,2876,261,,000,共通部門,111,現金,,,00,,2876,0,食事代 架空店舗003 2名,,,,,,,,,,,,,,,,,,,,,,,,,,,,,,,,,,,,,,,,,,,,,,,,,,,,,,
20210810,152,,,,050,九州営業所,733,交際接待費,,,Q5,,3150,286,,000,共通部門,111,現金,,,00,,3150,0,手土産代 架空店舗067,,,,,,,,,,,,,,,,,,,,,,,,,,,,,,,,,,,,,,,,,,,,,,,,,,,,,,
20210810,162,,,,020,東京支店,734,会議費,,,Q5,,24995,2272,,000,共通部門,111,現金,,,00,,24995,0,会議　食事代,,,,,,,,,,,,,,,,,,,,,,,,,,,,,,,,,,,,,,,,,,,,,,,,,,,,,,
20210810,167,,,,050,九州営業所,747,地代家賃,,,Q5,,630000,57272,,000,共通部門,131,普通預金,50,MNO銀行 北九州,00,,630000,0,家賃支払い,,,,,,,,,,,,,,,,,,,,,,,,,,,,,,,,,,,,,,,,,,,,,,,,,,,,,,
20210810,167,,,,050,九州営業所,727,通信費,,,Q5,,120711,10973,,000,共通部門,131,普通預金,50,MNO銀行 北九州,00,,120711,0,電話代,,,,,,,,,,,,,,,,,,,,,,,,,,,,,,,,,,,,,,,,,,,,,,,,,,,,,,
20210810,168,,,,050,九州営業所,791,雑費,,,Q5,,6000,545,,000,共通部門,322,未払金,,,00,,48858,0,有線,,,,,,,,,,,,,,,,,,,,,,,,,,,,,,,,,,,,,,,,,,,,,,,,,,,,,,
20210810,168,,,,050,九州営業所,791,雑費,,,Q5,,42858,3896,,,,,,,,,,,,警備料,,,,,,,,,,,,,,,,,,,,,,,,,,,,,,,,,,,,,,,,,,,,,,,,,,,,,,
20210811,7,,,,010,札幌営業所,733,交際接待費,,,Q5,,8140,740,,000,共通部門,111,現金,,,00,,8140,0,昼食代 架空店舗041 3名,,,,,,,,,,,,,,,,,,,,,,,,,,,,,,,,,,,,,,,,,,,,,,,,,,,,,,
20210811,60,,,,000,共通部門,111,現金,,,00,,1500000,0,,000,共通部門,121,当座預金,1,ABC銀行,00,,1500000,0,引き出し,,,,,,,,,,,,,,,,,,,,,,,,,,,,,,,,,,,,,,,,,,,,,,,,,,,,,,
20210811,78,,,,030,名古屋支店,726,旅費交通費,,,Q5,,8200,745,,000,共通部門,111,現金,,,00,,8200,0,架空鉄道会社A代,,,,,,,,,,,,,,,,,,,,,,,,,,,,,,,,,,,,,,,,,,,,,,,,,,,,,,
20210811,85,,,,030,名古屋支店,727,通信費,,,Q5,,88468,8042,,000,共通部門,131,普通預金,30,GHI銀行 名古屋,00,,88468,0,電話代,,,,,,,,,,,,,,,,,,,,,,,,,,,,,,,,,,,,,,,,,,,,,,,,,,,,,,
20210811,144,,,,040,大阪支店,740,車両費,,,Q5,,3294,299,,000,共通部門,111,現金,,,00,,11394,0,ガソリン代,,,,,,,,,,,,,,,,,,,,,,,,,,,,,,,,,,,,,,,,,,,,,,,,,,,,,,
20210811,144,,,,040,大阪支店,740,車両費,,,Q5,,6195,563,,,,,,,,,,,,ガソリン代,,,,,,,,,,,,,,,,,,,,,,,,,,,,,,,,,,,,,,,,,,,,,,,,,,,,,,
20210811,144,,,,040,大阪支店,740,車両費,,,Q5,,1905,173,,,,,,,,,,,,洗車代,,,,,,,,,,,,,,,,,,,,,,,,,,,,,,,,,,,,,,,,,,,,,,,,,,,,,,
20210811,165,,,,050,九州営業所,791,雑費,,,Q5,,780,70,,000,共通部門,111,現金,,,00,,780,0,ティッシュ他,,,,,,,,,,,,,,,,,,,,,,,,,,,,,,,,,,,,,,,,,,,,,,,,,,,,,,
20210812,153,,,,030,名古屋支店,733,交際接待費,,,Q5,,3430,311,,000,共通部門,111,現金,,,00,,3430,0,食事代 架空店舗040 2名,,,,,,,,,,,,,,,,,,,,,,,,,,,,,,,,,,,,,,,,,,,,,,,,,,,,,,
20210813,11,,,,010,札幌営業所,740,車両費,,,Q5,,3210,291,,000,共通部門,111,現金,,,00,,3210,0,ガソリン代,,,,,,,,,,,,,,,,,,,,,,,,,,,,,,,,,,,,,,,,,,,,,,,,,,,,,,
20210813,158,,,,040,大阪支店,726,旅費交通費,,,Q5,,8900,809,,000,共通部門,111,現金,,,00,,8900,0,出張旅費,,,,,,,,,,,,,,,,,,,,,,,,,,,,,,,,,,,,,,,,,,,,,,,,,,,,,,
20210814,61,,,,020,東京支店,727,通信費,,,Q5,,146592,13326,,000,共通部門,131,普通預金,20,ABC銀行 本店,00,,146592,0,電話代,,,,,,,,,,,,,,,,,,,,,,,,,,,,,,,,,,,,,,,,,,,,,,,,,,,,,,
20210815,4,,,,010,札幌営業所,732,広告宣伝費,,,Q5,,31500,2863,,000,共通部門,322,未払金,,,00,,31500,0,広告費,,,,,,,,,,,,,,,,,,,,,,,,,,,,,,,,,,,,,,,,,,,,,,,,,,,,,,
20210815,59,,,,020,東京支店,726,旅費交通費,,,Q5,,26000,2363,,000,共通部門,111,現金,,,00,,26000,0,旅費,,,,,,,,,,,,,,,,,,,,,,,,,,,,,,,,,,,,,,,,,,,,,,,,,,,,,,
20210815,81,,,,020,東京支店,721,雑給,,,00,,529470,0,,000,共通部門,111,現金,,,00,,508535,0,8月給与その他 0060 パート･アルバイト,,,,,,,,,,,,,,,,,,,,,,,,,,,,,,,,,,,,,,,,,,,,,,,,,,,,,,
20210815,81,,,,,,,,,,,,,,,000,共通部門,326,預り金,3,源泉税,00,,6960,0,8月給与その他 0060 パート･アルバイト,,,,,,,,,,,,,,,,,,,,,,,,,,,,,,,,,,,,,,,,,,,,,,,,,,,,,,
20210815,81,,,,,,,,,,,,,,,000,共通部門,326,預り金,9,その他,00,,13975,0,8月給与その他 0060 パート･アルバイト,,,,,,,,,,,,,,,,,,,,,,,,,,,,,,,,,,,,,,,,,,,,,,,,,,,,,,
20210815,93,,,,000,共通部門,131,普通預金,50,MNO銀行 北九州,00,,1368692,0,,000,共通部門,152,売掛金,1,株式会社若葉百貨店,00,,1368692,0,8月15日伝票No281株式会社若葉百貨店,,,,,,,,,,,,,,,,,,,,,,,,,,,,,,,,,,,,,,,,,,,,,,,,,,,,,,
20210815,93,,,,050,九州営業所,741,支払手数料,,,Q5,,840,76,,000,共通部門,152,売掛金,1,株式会社若葉百貨店,00,,840,0,8月15日伝票No281株式会社若葉百貨店,,,,,,,,,,,,,,,,,,,,,,,,,,,,,,,,,,,,,,,,,,,,,,,,,,,,,,
20210815,94,,,,000,共通部門,131,普通預金,30,GHI銀行 名古屋,00,,910371,0,,000,共通部門,152,売掛金,6,株式会社瑞穂流通,00,,910371,0,8月15日伝票No282株式会社瑞穂流通,,,,,,,,,,,,,,,,,,,,,,,,,,,,,,,,,,,,,,,,,,,,,,,,,,,,,,
20210815,94,,,,030,名古屋支店,741,支払手数料,,,Q5,,840,76,,000,共通部門,152,売掛金,6,株式会社瑞穂流通,00,,840,0,8月15日伝票No282株式会社瑞穂流通,,,,,,,,,,,,,,,,,,,,,,,,,,,,,,,,,,,,,,,,,,,,,,,,,,,,,,
20210815,95,,,,000,共通部門,131,普通預金,40,JKL銀行 梅田,00,,559590,0,,000,共通部門,152,売掛金,8,株式会社高原マーケット,00,,559590,0,8月15日伝票No283株式会社高原マーケット,,,,,,,,,,,,,,,,,,,,,,,,,,,,,,,,,,,,,,,,,,,,,,,,,,,,,,
20210815,95,,,,040,大阪支店,741,支払手数料,,,Q5,,840,76,,000,共通部門,152,売掛金,8,株式会社高原マーケット,00,,840,0,8月15日伝票No283株式会社高原マーケット,,,,,,,,,,,,,,,,,,,,,,,,,,,,,,,,,,,,,,,,,,,,,,,,,,,,,,
20210815,96,,,,000,共通部門,131,普通預金,40,JKL銀行 梅田,00,,1012640,0,,000,共通部門,152,売掛金,9,朝凪物産株式会社,00,,1012640,0,8月15日伝票No284朝凪物産株式会社,,,,,,,,,,,,,,,,,,,,,,,,,,,,,,,,,,,,,,,,,,,,,,,,,,,,,,
20210815,96,,,,040,大阪支店,741,支払手数料,,,Q5,,840,76,,000,共通部門,152,売掛金,9,朝凪物産株式会社,00,,840,0,8月15日伝票No284朝凪物産株式会社,,,,,,,,,,,,,,,,,,,,,,,,,,,,,,,,,,,,,,,,,,,,,,,,,,,,,,
20210815,97,,,,000,共通部門,131,普通預金,20,ABC銀行 本店,00,,862193,0,,000,共通部門,152,売掛金,13,星川商事株式会社,00,,862193,0,8月15日伝票No285星川商事株式会社,,,,,,,,,,,,,,,,,,,,,,,,,,,,,,,,,,,,,,,,,,,,,,,,,,,,,,
20210815,98,,,,000,共通部門,131,普通預金,40,JKL銀行 梅田,00,,942045,0,,000,共通部門,152,売掛金,20,清和商事株式会社,00,,942045,0,8月15日伝票No286清和商事株式会社,,,,,,,,,,,,,,,,,,,,,,,,,,,,,,,,,,,,,,,,,,,,,,,,,,,,,,
20210815,98,,,,040,大阪支店,741,支払手数料,,,Q5,,315,28,,000,共通部門,152,売掛金,20,清和商事株式会社,00,,315,0,8月15日伝票No286清和商事株式会社,,,,,,,,,,,,,,,,,,,,,,,,,,,,,,,,,,,,,,,,,,,,,,,,,,,,,,
20210815,99,,,,000,共通部門,312,買掛金,1,株式会社北辰商事,00,,5813524,0,,000,共通部門,131,普通預金,20,ABC銀行 本店,00,,5813524,0,8月15日伝票No198株式会社北辰商事,,,,,,,,,,,,,,,,,,,,,,,,,,,,,,,,,,,,,,,,,,,,,,,,,,,,,,
20210815,130,,,,040,大阪支店,742,諸会費,,,00,,24000,0,,000,共通部門,131,普通預金,40,JKL銀行 梅田,00,,24000,0,会費,,,,,,,,,,,,,,,,,,,,,,,,,,,,,,,,,,,,,,,,,,,,,,,,,,,,,,
20210816,12,,,,010,札幌営業所,740,車両費,,,Q5,,4456,405,,000,共通部門,111,現金,,,00,,7069,0,ガソリン代,,,,,,,,,,,,,,,,,,,,,,,,,,,,,,,,,,,,,,,,,,,,,,,,,,,,,,
20210816,12,,,,010,札幌営業所,740,車両費,,,Q5,,2313,210,,,,,,,,,,,,高速代,,,,,,,,,,,,,,,,,,,,,,,,,,,,,,,,,,,,,,,,,,,,,,,,,,,,,,
20210816,12,,,,010,札幌営業所,740,車両費,,,Q5,,300,27,,,,,,,,,,,,ウォッシャー液,,,,,,,,,,,,,,,,,,,,,,,,,,,,,,,,,,,,,,,,,,,,,,,,,,,,,,
20210816,51,,,,020,東京支店,740,車両費,,,Q5,,3362,305,,000,共通部門,111,現金,,,00,,9536,0,高速代,,,,,,,,,,,,,,,,,,,,,,,,,,,,,,,,,,,,,,,,,,,,,,,,,,,,,,
20210816,51,,,,020,東京支店,740,車両費,,,Q5,,4412,401,,,,,,,,,,,,ガソリン代,,,,,,,,,,,,,,,,,,,,,,,,,,,,,,,,,,,,,,,,,,,,,,,,,,,,,,
20210816,51,,,,020,東京支店,740,車両費,,,Q5,,1762,160,,,,,,,,,,,,駐車代,,,,,,,,,,,,,,,,,,,,,,,,,,,,,,,,,,,,,,,,,,,,,,,,,,,,,,
20210816,74,,,,020,東京支店,733,交際接待費,,,Q5,,9350,850,,000,共通部門,111,現金,,,00,,9350,0,飲食代 架空店舗009,,,,,,,,,,,,,,,,,,,,,,,,,,,,,,,,,,,,,,,,,,,,,,,,,,,,,,
20210816,136,,,,040,大阪支店,791,雑費,,,Q5,,16500,1500,,000,共通部門,111,現金,,,00,,16500,0,架空清掃会社A代,,,,,,,,,,,,,,,,,,,,,,,,,,,,,,,,,,,,,,,,,,,,,,,,,,,,,,
20210817,52,,,,020,東京支店,740,車両費,,,Q5,,3800,345,,000,共通部門,111,現金,,,00,,3800,0,ガソリン代,,,,,,,,,,,,,,,,,,,,,,,,,,,,,,,,,,,,,,,,,,,,,,,,,,,,,,
20210817,117,,,,040,大阪支店,742,諸会費,,,00,,20000,0,,000,共通部門,111,現金,,,00,,20000,0,会費,,,,,,,,,,,,,,,,,,,,,,,,,,,,,,,,,,,,,,,,,,,,,,,,,,,,,,
20210817,154,,,,050,九州営業所,733,交際接待費,,,Q5,,10000,909,,000,共通部門,322,未払金,,,00,,10000,0,香典代,,,,,,,,,,,,,,,,,,,,,,,,,,,,,,,,,,,,,,,,,,,,,,,,,,,,,,
20210817,159,,,,050,九州営業所,726,旅費交通費,,,Q5,,11020,1001,,000,共通部門,111,現金,,,00,,11020,0,タクシー代,,,,,,,,,,,,,,,,,,,,,,,,,,,,,,,,,,,,,,,,,,,,,,,,,,,,,,
20210818,23,,,,010,札幌営業所,726,旅費交通費,,,Q5,,26229,2384,,000,共通部門,111,現金,,,00,,99588,0,旅費,,,,,,,,,,,,,,,,,,,,,,,,,,,,,,,,,,,,,,,,,,,,,,,,,,,,,,
20210818,23,,,,010,札幌営業所,726,旅費交通費,,,Q5,,33720,3065,,,,,,,,,,,,旅費,,,,,,,,,,,,,,,,,,,,,,,,,,,,,,,,,,,,,,,,,,,,,,,,,,,,,,
20210818,23,,,,010,札幌営業所,726,旅費交通費,,,Q5,,39639,3603,,,,,,,,,,,,旅費,,,,,,,,,,,,,,,,,,,,,,,,,,,,,,,,,,,,,,,,,,,,,,,,,,,,,,
20210818,103,,,,040,大阪支店,733,交際接待費,,,Q5,,3150,286,,000,共通部門,111,現金,,,00,,3150,0,手土産代 株式会社桜丘百貨店,,,,,,,,,,,,,,,,,,,,,,,,,,,,,,,,,,,,,,,,,,,,,,,,,,,,,,
20210819,47,,,,020,東京支店,740,車両費,,,Q5,,850,77,,000,共通部門,111,現金,,,00,,850,0,駐車代,,,,,,,,,,,,,,,,,,,,,,,,,,,,,,,,,,,,,,,,,,,,,,,,,,,,,,
20210819,68,,,,040,大阪支店,791,雑費,,,Q5,,2460,223,,000,共通部門,111,現金,,,00,,2460,0,お茶代,,,,,,,,,,,,,,,,,,,,,,,,,,,,,,,,,,,,,,,,,,,,,,,,,,,,,,
20210819,84,,,,050,九州営業所,727,通信費,,,Q5,,8000,727,,000,共通部門,111,現金,,,00,,8000,0,切手代,,,,,,,,,,,,,,,,,,,,,,,,,,,,,,,,,,,,,,,,,,,,,,,,,,,,,,
20210819,164,,,,050,九州営業所,754,事務用消耗品費,,,Q5,,2150,195,,000,共通部門,111,現金,,,00,,2150,0,事務用品,,,,,,,,,,,,,,,,,,,,,,,,,,,,,,,,,,,,,,,,,,,,,,,,,,,,,,
20210820,1,,,,000,共通部門,724,福利厚生費,,,Q6,,32400,2400,,000,共通部門,111,現金,,,00,,32400,0,残業夜食　軽減税率,,,,,,,,,,,,,,,,,,,,,,,,,,,,,,,,,,,,,,,,,,,,,,,,,,,,,,
20210820,31,,,,010,札幌営業所,754,事務用消耗品費,,,Q5,,2397,217,,000,共通部門,322,未払金,,,00,,2397,0,コピー代,,,,,,,,,,,,,,,,,,,,,,,,,,,,,,,,,,,,,,,,,,,,,,,,,,,,,,
20210820,34,,,,010,札幌営業所,736,水道光熱費,,,Q5,,94429,8584,,000,共通部門,131,普通預金,10,DEF銀行 駅前,00,,98682,0,電気代,,,,,,,,,,,,,,,,,,,,,,,,,,,,,,,,,,,,,,,,,,,,,,,,,,,,,,
20210820,34,,,,010,札幌営業所,736,水道光熱費,,,Q5,,4253,386,,,,,,,,,,,,水道代,,,,,,,,,,,,,,,,,,,,,,,,,,,,,,,,,,,,,,,,,,,,,,,,,,,,,,
20210820,53,,,,020,東京支店,740,車両費,,,Q5,,10372,942,,000,共通部門,111,現金,,,00,,10372,0,ガソリン代,,,,,,,,,,,,,,,,,,,,,,,,,,,,,,,,,,,,,,,,,,,,,,,,,,,,,,
20210820,64,,,,020,東京支店,736,水道光熱費,,,Q5,,156017,14183,,000,共通部門,131,普通預金,20,ABC銀行 本店,00,,162795,0,電気料,,,,,,,,,,,,,,,,,,,,,,,,,,,,,,,,,,,,,,,,,,,,,,,,,,,,,,
20210820,64,,,,020,東京支店,736,水道光熱費,,,Q5,,6778,616,,,,,,,,,,,,水道料,,,,,,,,,,,,,,,,,,,,,,,,,,,,,,,,,,,,,,,,,,,,,,,,,,,,,,
20210820,67,,,,030,名古屋支店,791,雑費,,,Q5,,5000,454,,000,共通部門,322,未払金,,,00,,5000,0,有線,,,,,,,,,,,,,,,,,,,,,,,,,,,,,,,,,,,,,,,,,,,,,,,,,,,,,,
20210820,69,,,,050,九州営業所,754,事務用消耗品費,,,Q5,,6300,572,,000,共通部門,322,未払金,,,00,,6300,0,カウンター料金,,,,,,,,,,,,,,,,,,,,,,,,,,,,,,,,,,,,,,,,,,,,,,,,,,,,,,
20210820,71,,,,020,東京支店,754,事務用消耗品費,,,Q5,,7275,661,,000,共通部門,322,未払金,,,00,,39768,0,事務用品,,,,,,,,,,,,,,,,,,,,,,,,,,,,,,,,,,,,,,,,,,,,,,,,,,,,,,
20210820,71,,,,020,東京支店,754,事務用消耗品費,,,Q5,,32493,2953,,,,,,,,,,,,カウンター料金,,,,,,,,,,,,,,,,,,,,,,,,,,,,,,,,,,,,,,,,,,,,,,,,,,,,,,
20210820,74,,,,000,共通部門,737,消耗品費,,,Q5,,12620,1147,,000,共通部門,322,未払金,,,00,,281109,0,ファイル等,,,,,,,,,,,,,,,,,,,,,,,,,,,,,,,,,,,,,,,,,,,,,,,,,,,,,,
20210820,74,,,,000,共通部門,737,消耗品費,,,Q5,,263155,23923,,,,,,,,,,,,飲料水,,,,,,,,,,,,,,,,,,,,,,,,,,,,,,,,,,,,,,,,,,,,,,,,,,,,,,
20210820,74,,,,000,共通部門,737,消耗品費,,,Q5,,5334,484,,,,,,,,,,,,名刺代,,,,,,,,,,,,,,,,,,,,,,,,,,,,,,,,,,,,,,,,,,,,,,,,,,,,,,
20210820,79,,,,030,名古屋支店,726,旅費交通費,,,Q5,,12000,1090,,000,共通部門,111,現金,,,00,,12000,0,旅費,,,,,,,,,,,,,,,,,,,,,,,,,,,,,,,,,,,,,,,,,,,,,,,,,,,,,,
20210820,80,,,,030,名古屋支店,724,福利厚生費,,,Q5,,417375,37943,,000,共通部門,322,未払金,,,00,,417375,0,会費支払い,,,,,,,,,,,,,,,,,,,,,,,,,,,,,,,,,,,,,,,,,,,,,,,,,,,,,,
20210820,89,,,,030,名古屋支店,736,水道光熱費,,,Q5,,66075,6006,,000,共通部門,131,普通預金,30,GHI銀行 名古屋,00,,73268,0,電気料,,,,,,,,,,,,,,,,,,,,,,,,,,,,,,,,,,,,,,,,,,,,,,,,,,,,,,
20210820,89,,,,030,名古屋支店,736,水道光熱費,,,Q5,,3500,318,,,,,,,,,,,,水道料,,,,,,,,,,,,,,,,,,,,,,,,,,,,,,,,,,,,,,,,,,,,,,,,,,,,,,
20210820,89,,,,030,名古屋支店,736,水道光熱費,,,Q5,,3693,335,,,,,,,,,,,,ガス代,,,,,,,,,,,,,,,,,,,,,,,,,,,,,,,,,,,,,,,,,,,,,,,,,,,,,,
20210820,97,,,,030,名古屋支店,754,事務用消耗品費,,,Q5,,34155,3105,,000,共通部門,322,未払金,,,00,,34155,0,コピー代,,,,,,,,,,,,,,,,,,,,,,,,,,,,,,,,,,,,,,,,,,,,,,,,,,,,,,
20210820,98,,,,030,名古屋支店,754,事務用消耗品費,,,Q5,,6030,548,,000,共通部門,322,未払金,,,00,,6030,0,事務用品,,,,,,,,,,,,,,,,,,,,,,,,,,,,,,,,,,,,,,,,,,,,,,,,,,,,,,
20210820,100,,,,000,共通部門,111,現金,,,00,,366976,0,,000,共通部門,152,売掛金,11,株式会社楓屋,00,,366976,0,8月20日伝票No287株式会社楓屋,,,,,,,,,,,,,,,,,,,,,,,,,,,,,,,,,,,,,,,,,,,,,,,,,,,,,,
20210820,101,,,,040,大阪支店,732,広告宣伝費,,,Q5,,52500,4772,,000,共通部門,322,未払金,,,00,,52500,0,広告料,,,,,,,,,,,,,,,,,,,,,,,,,,,,,,,,,,,,,,,,,,,,,,,,,,,,,,
20210820,101,,,,000,共通部門,131,普通預金,30,GHI銀行 名古屋,00,,610344,0,,000,共通部門,152,売掛金,21,合同会社つばさ商店,00,,610344,0,8月20日伝票No288合同会社つばさ商店,,,,,,,,,,,,,,,,,,,,,,,,,,,,,,,,,,,,,,,,,,,,,,,,,,,,,,
20210820,101,,,,030,名古屋支店,741,支払手数料,,,Q5,,630,57,,000,共通部門,152,売掛金,21,合同会社つばさ商店,00,,630,0,8月20日伝票No288合同会社つばさ商店,,,,,,,,,,,,,,,,,,,,,,,,,,,,,,,,,,,,,,,,,,,,,,,,,,,,,,
20210820,102,,,,000,共通部門,131,普通預金,20,ABC銀行 本店,00,,1740077,0,,000,共通部門,152,売掛金,30,株式会社彩雲トレーディング,00,,1740077,0,8月20日伝票No289株式会社彩雲トレーディング,,,,,,,,,,,,,,,,,,,,,,,,,,,,,,,,,,,,,,,,,,,,,,,,,,,,,,
20210820,102,,,,020,東京支店,741,支払手数料,,,Q5,,735,66,,000,共通部門,152,売掛金,30,株式会社彩雲トレーディング,00,,735,0,8月20日伝票No289株式会社彩雲トレーディング,,,,,,,,,,,,,,,,,,,,,,,,,,,,,,,,,,,,,,,,,,,,,,,,,,,,,,
20210820,103,,,,000,共通部門,312,買掛金,4,株式会社和泉流通,00,,914511,0,,000,共通部門,131,普通預金,20,ABC銀行 本店,00,,914511,0,8月20日伝票No200株式会社和泉流通,,,,,,,,,,,,,,,,,,,,,,,,,,,,,,,,,,,,,,,,,,,,,,,,,,,,,,
20210820,104,,,,040,大阪支店,733,交際接待費,,,Q5,,1260,114,,000,共通部門,111,現金,,,00,,1260,0,コーヒー代2名,,,,,,,,,,,,,,,,,,,,,,,,,,,,,,,,,,,,,,,,,,,,,,,,,,,,,,
20210820,104,,,,000,共通部門,312,買掛金,6,株式会社日向産業,00,,3459353,0,,000,共通部門,131,普通預金,20,ABC銀行 本店,00,,3459353,0,8月20日伝票No202株式会社日向産業,,,,,,,,,,,,,,,,,,,,,,,,,,,,,,,,,,,,,,,,,,,,,,,,,,,,,,
20210820,105,,,,000,共通部門,312,買掛金,11,株式会社花園商会,00,,4398969,0,,000,共通部門,131,普通預金,20,ABC銀行 本店,00,,4398969,0,8月20日伝票No204株式会社花園商会,,,,,,,,,,,,,,,,,,,,,,,,,,,,,,,,,,,,,,,,,,,,,,,,,,,,,,
20210820,118,,,,040,大阪支店,754,事務用消耗品費,,,Q5,,7025,638,,000,共通部門,322,未払金,,,00,,7025,0,コピー代,,,,,,,,,,,,,,,,,,,,,,,,,,,,,,,,,,,,,,,,,,,,,,,,,,,,,,
20210820,119,,,,040,大阪支店,754,事務用消耗品費,,,Q5,,2680,243,,000,共通部門,322,未払金,,,00,,2680,0,事務用品,,,,,,,,,,,,,,,,,,,,,,,,,,,,,,,,,,,,,,,,,,,,,,,,,,,,,,
20210820,132,,,,040,大阪支店,736,水道光熱費,,,Q5,,96817,8801,,000,共通部門,131,普通預金,40,JKL銀行 梅田,00,,102585,0,電気代,,,,,,,,,,,,,,,,,,,,,,,,,,,,,,,,,,,,,,,,,,,,,,,,,,,,,,
20210820,132,,,,040,大阪支店,736,水道光熱費,,,Q5,,5768,524,,,,,,,,,,,,水道代,,,,,,,,,,,,,,,,,,,,,,,,,,,,,,,,,,,,,,,,,,,,,,,,,,,,,,
20210820,145,,,,000,共通部門,121,当座預金,1,ABC銀行,00,,14899392,0,,000,共通部門,150,受取手形,,,00,,15017976,0,手形割引 株式会社桜丘百貨店 | 手形番号=R20210625-116-2;受取額に決済額を訂正,,,,,,,,,,,,,,,,,,,,,,,,,,,,,,,,,,,,,,,,,,,,,,,,,,,,,,
20210820,145,,,,020,東京支店,821,支払利息,,,P0,,118584,0,,,,,,,,,,,,手形割引料 | 手形番号=R20210625-116-2,,,,,,,,,,,,,,,,,,,,,,,,,,,,,,,,,,,,,,,,,,,,,,,,,,,,,,
20210820,146,,,,000,共通部門,131,普通預金,20,ABC銀行 本店,00,,20000000,0,,000,共通部門,121,当座預金,1,ABC銀行,00,,20000000,0,資金移動,,,,,,,,,,,,,,,,,,,,,,,,,,,,,,,,,,,,,,,,,,,,,,,,,,,,,,
20210820,161,,,,050,九州営業所,726,旅費交通費,,,Q5,,8420,765,,000,共通部門,111,現金,,,00,,8420,0,旅費,,,,,,,,,,,,,,,,,,,,,,,,,,,,,,,,,,,,,,,,,,,,,,,,,,,,,,
20210820,169,,,,050,九州営業所,736,水道光熱費,,,Q5,,94736,8612,,000,共通部門,131,普通預金,50,MNO銀行 北九州,00,,99162,0,電気料,,,,,,,,,,,,,,,,,,,,,,,,,,,,,,,,,,,,,,,,,,,,,,,,,,,,,,
20210820,169,,,,050,九州営業所,736,水道光熱費,,,Q5,,4426,402,,,,,,,,,,,,水道料,,,,,,,,,,,,,,,,,,,,,,,,,,,,,,,,,,,,,,,,,,,,,,,,,,,,,,
20210821,5,,,,010,札幌営業所,732,広告宣伝費,,,Q5,,52500,4772,,000,共通部門,131,普通預金,10,DEF銀行 駅前,00,,52500,0,広告費,,,,,,,,,,,,,,,,,,,,,,,,,,,,,,,,,,,,,,,,,,,,,,,,,,,,,,
20210821,6,,,,010,札幌営業所,732,広告宣伝費,,,Q5,,5000,454,,000,共通部門,111,現金,,,00,,5000,0,広告料,,,,,,,,,,,,,,,,,,,,,,,,,,,,,,,,,,,,,,,,,,,,,,,,,,,,,,
20210821,25,,,,010,札幌営業所,726,旅費交通費,,,Q5,,56000,5090,,000,共通部門,111,現金,,,00,,56000,0,旅費,,,,,,,,,,,,,,,,,,,,,,,,,,,,,,,,,,,,,,,,,,,,,,,,,,,,,,
20210821,38,,,,020,東京支店,724,福利厚生費,,,Q5,,48164,4378,,000,共通部門,322,未払金,,,00,,48164,0,宿泊費,,,,,,,,,,,,,,,,,,,,,,,,,,,,,,,,,,,,,,,,,,,,,,,,,,,,,,
20210821,45,,,,020,東京支店,733,交際接待費,,,Q5,,10000,909,,000,共通部門,111,現金,,,00,,10000,0,香典代,,,,,,,,,,,,,,,,,,,,,,,,,,,,,,,,,,,,,,,,,,,,,,,,,,,,,,
20210821,126,,,,020,東京支店,738,租税公課,,,00,,40000,0,,000,共通部門,111,現金,,,00,,40000,0,収入印紙,,,,,,,,,,,,,,,,,,,,,,,,,,,,,,,,,,,,,,,,,,,,,,,,,,,,,,
20210821,155,,,,050,九州営業所,740,車両費,,,Q5,,7055,641,,000,共通部門,111,現金,,,00,,7055,0,ガソリン代,,,,,,,,,,,,,,,,,,,,,,,,,,,,,,,,,,,,,,,,,,,,,,,,,,,,,,
20210821,160,,,,020,東京支店,726,旅費交通費,,,Q5,,70000,6363,,000,共通部門,111,現金,,,00,,70000,0,出張旅費,,,,,,,,,,,,,,,,,,,,,,,,,,,,,,,,,,,,,,,,,,,,,,,,,,,,,,
20210822,24,,,,010,札幌営業所,726,旅費交通費,,,Q5,,82620,7510,,000,共通部門,111,現金,,,00,,82620,0,架空鉄道会社A回数券,,,,,,,,,,,,,,,,,,,,,,,,,,,,,,,,,,,,,,,,,,,,,,,,,,,,,,
20210822,48,,,,020,東京支店,740,車両費,,,Q5,,5117,465,,000,共通部門,111,現金,,,00,,5117,0,ガソリン代,,,,,,,,,,,,,,,,,,,,,,,,,,,,,,,,,,,,,,,,,,,,,,,,,,,,,,
20210822,69,,,,020,東京支店,791,雑費,,,Q5,,300,27,,000,共通部門,111,現金,,,00,,1040,0,のし袋,,,,,,,,,,,,,,,,,,,,,,,,,,,,,,,,,,,,,,,,,,,,,,,,,,,,,,
20210822,69,,,,020,東京支店,791,雑費,,,Q5,,740,67,,,,,,,,,,,,電池,,,,,,,,,,,,,,,,,,,,,,,,,,,,,,,,,,,,,,,,,,,,,,,,,,,,,,
20210822,90,,,,030,名古屋支店,791,雑費,,,Q5,,10500,954,,000,共通部門,111,現金,,,00,,10500,0,架空清掃会社A代,,,,,,,,,,,,,,,,,,,,,,,,,,,,,,,,,,,,,,,,,,,,,,,,,,,,,,
20210822,95,,,,030,名古屋支店,791,雑費,,,Q5,,71675,6515,,000,共通部門,322,未払金,,,00,,71675,0,清掃料,,,,,,,,,,,,,,,,,,,,,,,,,,,,,,,,,,,,,,,,,,,,,,,,,,,,,,
20210822,107,,,,040,大阪支店,733,交際接待費,,,Q5,,10000,909,,000,共通部門,111,現金,,,00,,10000,0,お見舞い,,,,,,,,,,,,,,,,,,,,,,,,,,,,,,,,,,,,,,,,,,,,,,,,,,,,,,
20210822,109,,,,040,大阪支店,740,車両費,,,Q5,,56640,5149,,000,共通部門,322,未払金,,,00,,56640,0,ガソリン代,,,,,,,,,,,,,,,,,,,,,,,,,,,,,,,,,,,,,,,,,,,,,,,,,,,,,,
20210822,163,,,,050,九州営業所,742,諸会費,,,00,,18000,0,,000,共通部門,111,現金,,,00,,18000,0,会費,,,,,,,,,,,,,,,,,,,,,,,,,,,,,,,,,,,,,,,,,,,,,,,,,,,,,,
20210822,166,,,,050,九州営業所,791,雑費,,,Q5,,1890,171,,000,共通部門,111,現金,,,00,,1890,0,架空清掃会社A代,,,,,,,,,,,,,,,,,,,,,,,,,,,,,,,,,,,,,,,,,,,,,,,,,,,,,,
20210823,28,,,,010,札幌営業所,726,旅費交通費,,,Q5,,2420,220,,000,共通部門,322,未払金,,,00,,2420,0,タクシー代,,,,,,,,,,,,,,,,,,,,,,,,,,,,,,,,,,,,,,,,,,,,,,,,,,,,,,
20210823,29,,,,010,札幌営業所,727,通信費,,,Q5,,72406,6582,,000,共通部門,131,普通預金,10,DEF銀行 駅前,00,,72406,0,携帯電話代,,,,,,,,,,,,,,,,,,,,,,,,,,,,,,,,,,,,,,,,,,,,,,,,,,,,,,
20210823,140,,,,040,大阪支店,726,旅費交通費,,,Q5,,6450,586,,000,共通部門,111,現金,,,00,,6450,0,旅費,,,,,,,,,,,,,,,,,,,,,,,,,,,,,,,,,,,,,,,,,,,,,,,,,,,,,,
20210824,8,,,,010,札幌営業所,733,交際接待費,,,Q5,,19048,1731,,000,共通部門,111,現金,,,00,,50096,0,定例ミーティング会費,,,,,,,,,,,,,,,,,,,,,,,,,,,,,,,,,,,,,,,,,,,,,,,,,,,,,,
20210824,8,,,,010,札幌営業所,733,交際接待費,,,Q5,,31048,2822,,,,,,,,,,,,飲食代 架空店舗021 6名,,,,,,,,,,,,,,,,,,,,,,,,,,,,,,,,,,,,,,,,,,,,,,,,,,,,,,
20210824,62,,,,050,九州営業所,724,福利厚生費,,,Q5,,14500,1318,,000,共通部門,322,未払金,,,00,,14500,0,お茶代,,,,,,,,,,,,,,,,,,,,,,,,,,,,,,,,,,,,,,,,,,,,,,,,,,,,,,
20210824,82,,,,020,東京支店,711,役員報酬,,,00,,1720000,0,,000,共通部門,131,普通預金,20,ABC銀行 本店,00,,1127093,0,8月給与その他 0001 役員,,,,,,,,,,,,,,,,,,,,,,,,,,,,,,,,,,,,,,,,,,,,,,,,,,,,,,
20210824,82,,,,,,,,,,,,,,,000,共通部門,326,預り金,1,保険料,00,,111192,0,8月給与その他 0001 役員,,,,,,,,,,,,,,,,,,,,,,,,,,,,,,,,,,,,,,,,,,,,,,,,,,,,,,
20210824,82,,,,,,,,,,,,,,,000,共通部門,326,預り金,2,住民税,00,,171200,0,8月給与その他 0001 役員,,,,,,,,,,,,,,,,,,,,,,,,,,,,,,,,,,,,,,,,,,,,,,,,,,,,,,
20210824,82,,,,,,,,,,,,,,,000,共通部門,326,預り金,3,源泉税,00,,166823,0,8月給与その他 0001 役員,,,,,,,,,,,,,,,,,,,,,,,,,,,,,,,,,,,,,,,,,,,,,,,,,,,,,,
20210824,82,,,,,,,,,,,,,,,000,共通部門,326,預り金,4,貯蓄・保険,00,,133972,0,8月給与その他 0001 役員,,,,,,,,,,,,,,,,,,,,,,,,,,,,,,,,,,,,,,,,,,,,,,,,,,,,,,
20210824,82,,,,,,,,,,,,,,,000,共通部門,326,預り金,9,その他,00,,9720,0,8月給与その他 0001 役員,,,,,,,,,,,,,,,,,,,,,,,,,,,,,,,,,,,,,,,,,,,,,,,,,,,,,,
20210824,82,,,,020,東京支店,712,給与手当,,,00,,1955628,0,,000,共通部門,131,普通預金,20,ABC銀行 本店,00,,1497454,0,8月給与その他 0020 営業部,,,,,,,,,,,,,,,,,,,,,,,,,,,,,,,,,,,,,,,,,,,,,,,,,,,,,,
20210824,82,,,,,,,,,,,,,,,000,共通部門,326,預り金,1,保険料,00,,216077,0,8月給与その他 0020 営業部,,,,,,,,,,,,,,,,,,,,,,,,,,,,,,,,,,,,,,,,,,,,,,,,,,,,,,
20210824,82,,,,,,,,,,,,,,,000,共通部門,326,預り金,2,住民税,00,,104300,0,8月給与その他 0020 営業部,,,,,,,,,,,,,,,,,,,,,,,,,,,,,,,,,,,,,,,,,,,,,,,,,,,,,,
20210824,82,,,,,,,,,,,,,,,000,共通部門,326,預り金,3,源泉税,00,,36360,0,8月給与その他 0020 営業部,,,,,,,,,,,,,,,,,,,,,,,,,,,,,,,,,,,,,,,,,,,,,,,,,,,,,,
20210824,82,,,,,,,,,,,,,,,000,共通部門,326,預り金,4,貯蓄・保険,00,,43305,0,8月給与その他 0020 営業部,,,,,,,,,,,,,,,,,,,,,,,,,,,,,,,,,,,,,,,,,,,,,,,,,,,,,,
20210824,82,,,,,,,,,,,,,,,000,共通部門,326,預り金,9,その他,00,,58132,0,8月給与その他 0020 営業部,,,,,,,,,,,,,,,,,,,,,,,,,,,,,,,,,,,,,,,,,,,,,,,,,,,,,,
20210824,82,,,,010,札幌営業所,712,給与手当,,,00,,858028,0,,000,共通部門,131,普通預金,20,ABC銀行 本店,00,,608919,0,8月給与その他 1000 札幌営業所,,,,,,,,,,,,,,,,,,,,,,,,,,,,,,,,,,,,,,,,,,,,,,,,,,,,,,
20210824,82,,,,,,,,,,,,,,,000,共通部門,326,預り金,1,保険料,00,,100704,0,8月給与その他 1000 札幌営業所,,,,,,,,,,,,,,,,,,,,,,,,,,,,,,,,,,,,,,,,,,,,,,,,,,,,,,
20210824,82,,,,,,,,,,,,,,,000,共通部門,326,預り金,2,住民税,00,,46300,0,8月給与その他 1000 札幌営業所,,,,,,,,,,,,,,,,,,,,,,,,,,,,,,,,,,,,,,,,,,,,,,,,,,,,,,
20210824,82,,,,,,,,,,,,,,,000,共通部門,326,預り金,3,源泉税,00,,13710,0,8月給与その他 1000 札幌営業所,,,,,,,,,,,,,,,,,,,,,,,,,,,,,,,,,,,,,,,,,,,,,,,,,,,,,,
20210824,82,,,,,,,,,,,,,,,000,共通部門,326,預り金,4,貯蓄・保険,00,,50648,0,8月給与その他 1000 札幌営業所,,,,,,,,,,,,,,,,,,,,,,,,,,,,,,,,,,,,,,,,,,,,,,,,,,,,,,
20210824,82,,,,,,,,,,,,,,,000,共通部門,326,預り金,9,その他,00,,37747,0,8月給与その他 1000 札幌営業所,,,,,,,,,,,,,,,,,,,,,,,,,,,,,,,,,,,,,,,,,,,,,,,,,,,,,,
20210824,82,,,,030,名古屋支店,712,給与手当,,,00,,774924,0,,000,共通部門,131,普通預金,20,ABC銀行 本店,00,,558416,0,8月給与その他 3000 名古屋営業所,,,,,,,,,,,,,,,,,,,,,,,,,,,,,,,,,,,,,,,,,,,,,,,,,,,,,,
20210824,82,,,,,,,,,,,,,,,000,共通部門,326,預り金,1,保険料,00,,92651,0,8月給与その他 3000 名古屋営業所,,,,,,,,,,,,,,,,,,,,,,,,,,,,,,,,,,,,,,,,,,,,,,,,,,,,,,
20210824,82,,,,,,,,,,,,,,,000,共通部門,326,預り金,2,住民税,00,,42600,0,8月給与その他 3000 名古屋営業所,,,,,,,,,,,,,,,,,,,,,,,,,,,,,,,,,,,,,,,,,,,,,,,,,,,,,,
20210824,82,,,,,,,,,,,,,,,000,共通部門,326,預り金,3,源泉税,00,,7850,0,8月給与その他 3000 名古屋営業所,,,,,,,,,,,,,,,,,,,,,,,,,,,,,,,,,,,,,,,,,,,,,,,,,,,,,,
20210824,82,,,,,,,,,,,,,,,000,共通部門,326,預り金,4,貯蓄・保険,00,,40759,0,8月給与その他 3000 名古屋営業所,,,,,,,,,,,,,,,,,,,,,,,,,,,,,,,,,,,,,,,,,,,,,,,,,,,,,,
20210824,82,,,,,,,,,,,,,,,000,共通部門,326,預り金,9,その他,00,,32648,0,8月給与その他 3000 名古屋営業所,,,,,,,,,,,,,,,,,,,,,,,,,,,,,,,,,,,,,,,,,,,,,,,,,,,,,,
20210824,82,,,,040,大阪支店,712,給与手当,,,00,,1089194,0,,000,共通部門,131,普通預金,20,ABC銀行 本店,00,,856766,0,8月給与その他 4000 大阪支店,,,,,,,,,,,,,,,,,,,,,,,,,,,,,,,,,,,,,,,,,,,,,,,,,,,,,,
20210824,82,,,,,,,,,,,,,,,000,共通部門,326,預り金,1,保険料,00,,119974,0,8月給与その他 4000 大阪支店,,,,,,,,,,,,,,,,,,,,,,,,,,,,,,,,,,,,,,,,,,,,,,,,,,,,,,
20210824,82,,,,,,,,,,,,,,,000,共通部門,326,預り金,2,住民税,00,,53400,0,8月給与その他 4000 大阪支店,,,,,,,,,,,,,,,,,,,,,,,,,,,,,,,,,,,,,,,,,,,,,,,,,,,,,,
20210824,82,,,,,,,,,,,,,,,000,共通部門,326,預り金,3,源泉税,00,,20550,0,8月給与その他 4000 大阪支店,,,,,,,,,,,,,,,,,,,,,,,,,,,,,,,,,,,,,,,,,,,,,,,,,,,,,,
20210824,82,,,,,,,,,,,,,,,000,共通部門,326,預り金,4,貯蓄・保険,00,,13570,0,8月給与その他 4000 大阪支店,,,,,,,,,,,,,,,,,,,,,,,,,,,,,,,,,,,,,,,,,,,,,,,,,,,,,,
20210824,82,,,,,,,,,,,,,,,000,共通部門,326,預り金,9,その他,00,,24934,0,8月給与その他 4000 大阪支店,,,,,,,,,,,,,,,,,,,,,,,,,,,,,,,,,,,,,,,,,,,,,,,,,,,,,,
20210824,82,,,,050,九州営業所,712,給与手当,,,00,,592605,0,,000,共通部門,131,普通預金,20,ABC銀行 本店,00,,452129,0,8月給与その他 5000 九州営業所,,,,,,,,,,,,,,,,,,,,,,,,,,,,,,,,,,,,,,,,,,,,,,,,,,,,,,
20210824,82,,,,,,,,,,,,,,,000,共通部門,326,預り金,1,保険料,00,,66241,0,8月給与その他 5000 九州営業所,,,,,,,,,,,,,,,,,,,,,,,,,,,,,,,,,,,,,,,,,,,,,,,,,,,,,,
20210824,82,,,,,,,,,,,,,,,000,共通部門,326,預り金,2,住民税,00,,31700,0,8月給与その他 5000 九州営業所,,,,,,,,,,,,,,,,,,,,,,,,,,,,,,,,,,,,,,,,,,,,,,,,,,,,,,
20210824,82,,,,,,,,,,,,,,,000,共通部門,326,預り金,3,源泉税,00,,8240,0,8月給与その他 5000 九州営業所,,,,,,,,,,,,,,,,,,,,,,,,,,,,,,,,,,,,,,,,,,,,,,,,,,,,,,
20210824,82,,,,,,,,,,,,,,,000,共通部門,326,預り金,4,貯蓄・保険,00,,18540,0,8月給与その他 5000 九州営業所,,,,,,,,,,,,,,,,,,,,,,,,,,,,,,,,,,,,,,,,,,,,,,,,,,,,,,
20210824,82,,,,,,,,,,,,,,,000,共通部門,326,預り金,9,その他,00,,15755,0,8月給与その他 5000 九州営業所,,,,,,,,,,,,,,,,,,,,,,,,,,,,,,,,,,,,,,,,,,,,,,,,,,,,,,
20210824,105,,,,040,大阪支店,733,交際接待費,,,Q5,,12124,1102,,000,共通部門,111,現金,,,00,,30858,0,飲食代 架空店舗081,,,,,,,,,,,,,,,,,,,,,,,,,,,,,,,,,,,,,,,,,,,,,,,,,,,,,,
20210824,105,,,,040,大阪支店,733,交際接待費,,,Q5,,18734,1703,,,,,,,,,,,,飲食代 架空店舗022,,,,,,,,,,,,,,,,,,,,,,,,,,,,,,,,,,,,,,,,,,,,,,,,,,,,,,
20210824,120,,,,040,大阪支店,728,販売手数料,,,Q5,,315000,28636,,000,共通部門,322,未払金,,,00,,315000,0,業務委託費,,,,,,,,,,,,,,,,,,,,,,,,,,,,,,,,,,,,,,,,,,,,,,,,,,,,,,
20210825,15,,,,010,札幌営業所,740,車両費,,,Q5,,3000,272,,000,共通部門,111,現金,,,00,,3000,0,洗車代,,,,,,,,,,,,,,,,,,,,,,,,,,,,,,,,,,,,,,,,,,,,,,,,,,,,,,
20210825,26,,,,010,札幌営業所,726,旅費交通費,,,Q5,,15980,1452,,000,共通部門,111,現金,,,00,,15980,0,旅費,,,,,,,,,,,,,,,,,,,,,,,,,,,,,,,,,,,,,,,,,,,,,,,,,,,,,,
20210825,37,,,,020,東京支店,728,販売手数料,,,Q5,,1158000,105272,,000,共通部門,322,未払金,,,00,,1158000,0,業務委託費,,,,,,,,,,,,,,,,,,,,,,,,,,,,,,,,,,,,,,,,,,,,,,,,,,,,,,
20210825,62,,,,020,東京支店,727,通信費,,,Q5,,96457,8768,,000,共通部門,131,普通預金,20,ABC銀行 本店,00,,96457,0,携帯代,,,,,,,,,,,,,,,,,,,,,,,,,,,,,,,,,,,,,,,,,,,,,,,,,,,,,,
20210825,72,,,,020,東京支店,739,新聞図書費,,,Q5,,2864,260,,000,共通部門,111,現金,,,00,,9078,0,新聞代,,,,,,,,,,,,,,,,,,,,,,,,,,,,,,,,,,,,,,,,,,,,,,,,,,,,,,
20210825,72,,,,020,東京支店,739,新聞図書費,,,Q5,,2815,255,,,,,,,,,,,,新聞代,,,,,,,,,,,,,,,,,,,,,,,,,,,,,,,,,,,,,,,,,,,,,,,,,,,,,,
20210825,72,,,,020,東京支店,739,新聞図書費,,,Q5,,3399,309,,,,,,,,,,,,新聞代,,,,,,,,,,,,,,,,,,,,,,,,,,,,,,,,,,,,,,,,,,,,,,,,,,,,,,
20210825,80,,,,030,名古屋支店,726,旅費交通費,,,Q5,,9800,890,,000,共通部門,111,現金,,,00,,9800,0,タクシー代,,,,,,,,,,,,,,,,,,,,,,,,,,,,,,,,,,,,,,,,,,,,,,,,,,,,,,
20210825,87,,,,030,名古屋支店,727,通信費,,,Q5,,51634,4694,,000,共通部門,131,普通預金,30,GHI銀行 名古屋,00,,51634,0,携帯代,,,,,,,,,,,,,,,,,,,,,,,,,,,,,,,,,,,,,,,,,,,,,,,,,,,,,,
20210825,106,,,,000,共通部門,150,受取手形,,,00,,16395173,0,,000,共通部門,152,売掛金,2,株式会社桜丘百貨店,00,,16395173,0,8月25日伝票No290株式会社桜丘百貨店 | 売上伝票=20210731-114;手形番号=R20210825-106-2,,,,,,,,,,,,,,,,,,,,,,,,,,,,,,,,,,,,,,,,,,,,,,,,,,,,,,
20210825,107,,,,000,共通部門,131,普通預金,30,GHI銀行 名古屋,00,,925145,0,,000,共通部門,152,売掛金,7,株式会社光彩堂商事,00,,925145,0,8月25日伝票No291株式会社光彩堂商事,,,,,,,,,,,,,,,,,,,,,,,,,,,,,,,,,,,,,,,,,,,,,,,,,,,,,,
20210825,107,,,,030,名古屋支店,741,支払手数料,,,Q5,,735,66,,000,共通部門,152,売掛金,7,株式会社光彩堂商事,00,,735,0,8月25日伝票No291株式会社光彩堂商事,,,,,,,,,,,,,,,,,,,,,,,,,,,,,,,,,,,,,,,,,,,,,,,,,,,,,,
20210825,108,,,,000,共通部門,131,普通預金,40,JKL銀行 梅田,00,,1134508,0,,000,共通部門,152,売掛金,23,株式会社杉の木商店,00,,1134508,0,8月25日伝票No292株式会社杉の木商店,,,,,,,,,,,,,,,,,,,,,,,,,,,,,,,,,,,,,,,,,,,,,,,,,,,,,,
20210825,108,,,,040,大阪支店,741,支払手数料,,,Q5,,630,57,,000,共通部門,152,売掛金,23,株式会社杉の木商店,00,,630,0,8月25日伝票No292株式会社杉の木商店,,,,,,,,,,,,,,,,,,,,,,,,,,,,,,,,,,,,,,,,,,,,,,,,,,,,,,
20210825,109,,,,000,共通部門,131,普通預金,10,DEF銀行 駅前,00,,4664656,0,,000,共通部門,152,売掛金,25,株式会社ほのかマート,00,,4664656,0,8月25日伝票No293株式会社ほのかマート,,,,,,,,,,,,,,,,,,,,,,,,,,,,,,,,,,,,,,,,,,,,,,,,,,,,,,
20210825,109,,,,010,札幌営業所,741,支払手数料,,,Q5,,840,76,,000,共通部門,152,売掛金,25,株式会社ほのかマート,00,,840,0,8月25日伝票No293株式会社ほのかマート,,,,,,,,,,,,,,,,,,,,,,,,,,,,,,,,,,,,,,,,,,,,,,,,,,,,,,
20210825,111,,,,040,大阪支店,726,旅費交通費,,,Q5,,16300,1481,,000,共通部門,322,未払金,,,00,,16300,0,タクシー代,,,,,,,,,,,,,,,,,,,,,,,,,,,,,,,,,,,,,,,,,,,,,,,,,,,,,,
20210825,114,,,,040,大阪支店,739,新聞図書費,,,Q5,,2540,230,,000,共通部門,111,現金,,,00,,5404,0,新聞代,,,,,,,,,,,,,,,,,,,,,,,,,,,,,,,,,,,,,,,,,,,,,,,,,,,,,,
20210825,114,,,,040,大阪支店,739,新聞図書費,,,Q5,,2864,260,,,,,,,,,,,,新聞代,,,,,,,,,,,,,,,,,,,,,,,,,,,,,,,,,,,,,,,,,,,,,,,,,,,,,,
20210825,171,,,,050,九州営業所,727,通信費,,,Q5,,69329,6302,,000,共通部門,131,普通預金,50,MNO銀行 北九州,00,,69329,0,携帯代,,,,,,,,,,,,,,,,,,,,,,,,,,,,,,,,,,,,,,,,,,,,,,,,,,,,,,
20210826,27,,,,010,札幌営業所,726,旅費交通費,,,Q5,,26648,2422,,000,共通部門,111,現金,,,00,,86316,0,旅費,,,,,,,,,,,,,,,,,,,,,,,,,,,,,,,,,,,,,,,,,,,,,,,,,,,,,,
20210826,27,,,,010,札幌営業所,726,旅費交通費,,,Q5,,34077,3097,,,,,,,,,,,,旅費,,,,,,,,,,,,,,,,,,,,,,,,,,,,,,,,,,,,,,,,,,,,,,,,,,,,,,
20210826,27,,,,010,札幌営業所,726,旅費交通費,,,Q5,,25591,2326,,,,,,,,,,,,旅費,,,,,,,,,,,,,,,,,,,,,,,,,,,,,,,,,,,,,,,,,,,,,,,,,,,,,,
20210826,60,,,,020,東京支店,726,旅費交通費,,,Q5,,8700,790,,000,共通部門,111,現金,,,00,,8700,0,旅費,,,,,,,,,,,,,,,,,,,,,,,,,,,,,,,,,,,,,,,,,,,,,,,,,,,,,,
20210826,113,,,,040,大阪支店,727,通信費,,,Q5,,82456,7496,,000,共通部門,131,普通預金,40,JKL銀行 梅田,00,,82456,0,携帯代,,,,,,,,,,,,,,,,,,,,,,,,,,,,,,,,,,,,,,,,,,,,,,,,,,,,,,
20210826,131,,,,040,大阪支店,742,諸会費,,,00,,24000,0,,000,共通部門,131,普通預金,40,JKL銀行 梅田,00,,24000,0,会費,,,,,,,,,,,,,,,,,,,,,,,,,,,,,,,,,,,,,,,,,,,,,,,,,,,,,,
20210826,138,,,,040,大阪支店,740,車両費,,,Q5,,5381,489,,000,共通部門,111,現金,,,00,,19020,0,高速代,,,,,,,,,,,,,,,,,,,,,,,,,,,,,,,,,,,,,,,,,,,,,,,,,,,,,,
20210826,138,,,,040,大阪支店,740,車両費,,,Q5,,3858,350,,,,,,,,,,,,高速代,,,,,,,,,,,,,,,,,,,,,,,,,,,,,,,,,,,,,,,,,,,,,,,,,,,,,,
20210826,138,,,,040,大阪支店,740,車両費,,,Q5,,6381,580,,,,,,,,,,,,ガソリン代,,,,,,,,,,,,,,,,,,,,,,,,,,,,,,,,,,,,,,,,,,,,,,,,,,,,,,
20210826,138,,,,040,大阪支店,740,車両費,,,Q5,,3400,309,,,,,,,,,,,,駐車代,,,,,,,,,,,,,,,,,,,,,,,,,,,,,,,,,,,,,,,,,,,,,,,,,,,,,,
20210826,146,,,,050,九州営業所,728,販売手数料,,,Q5,,147000,13363,,000,共通部門,322,未払金,,,00,,147000,0,業務委託費,,,,,,,,,,,,,,,,,,,,,,,,,,,,,,,,,,,,,,,,,,,,,,,,,,,,,,
20210826,172,,,,010,札幌営業所,728,販売手数料,,,Q5,,104000,9454,,000,共通部門,322,未払金,,,00,,104000,0,業務委託費支払い,,,,,,,,,,,,,,,,,,,,,,,,,,,,,,,,,,,,,,,,,,,,,,,,,,,,,,
20210827,13,,,,010,札幌営業所,740,車両費,,,Q5,,7648,695,,000,共通部門,111,現金,,,00,,7648,0,ガソリン代,,,,,,,,,,,,,,,,,,,,,,,,,,,,,,,,,,,,,,,,,,,,,,,,,,,,,,
20210827,14,,,,010,札幌営業所,740,車両費,,,Q5,,3000,272,,000,共通部門,111,現金,,,00,,3000,0,ガソリン代,,,,,,,,,,,,,,,,,,,,,,,,,,,,,,,,,,,,,,,,,,,,,,,,,,,,,,
20210827,30,,,,010,札幌営業所,752,保険料,,,P0,,54320,0,,000,共通部門,131,普通預金,10,DEF銀行 駅前,00,,54320,0,保険料支払,,,,,,,,,,,,,,,,,,,,,,,,,,,,,,,,,,,,,,,,,,,,,,,,,,,,,,
20210827,35,,,,010,札幌営業所,739,新聞図書費,,,Q5,,3925,356,,000,共通部門,111,現金,,,00,,3925,0,新聞代,,,,,,,,,,,,,,,,,,,,,,,,,,,,,,,,,,,,,,,,,,,,,,,,,,,,,,
20210827,39,,,,020,東京支店,724,福利厚生費,,,Q5,,9000,818,,000,共通部門,111,現金,,,00,,9000,0,会費,,,,,,,,,,,,,,,,,,,,,,,,,,,,,,,,,,,,,,,,,,,,,,,,,,,,,,
20210827,78,,,,030,名古屋支店,728,販売手数料,,,Q5,,189000,17181,,000,共通部門,322,未払金,,,00,,189000,0,業務委託費支払い,,,,,,,,,,,,,,,,,,,,,,,,,,,,,,,,,,,,,,,,,,,,,,,,,,,,,,
20210827,88,,,,030,名古屋支店,739,新聞図書費,,,Q5,,3568,324,,000,共通部門,111,現金,,,00,,3568,0,新聞代,,,,,,,,,,,,,,,,,,,,,,,,,,,,,,,,,,,,,,,,,,,,,,,,,,,,,,
20210827,170,,,,050,九州営業所,739,新聞図書費,,,Q5,,3007,273,,000,共通部門,111,現金,,,00,,3007,0,新聞代,,,,,,,,,,,,,,,,,,,,,,,,,,,,,,,,,,,,,,,,,,,,,,,,,,,,,,
20210828,3,,,,010,札幌営業所,724,福利厚生費,,,Q5,,31180,2834,,000,共通部門,322,未払金,,,00,,31180,0,宿泊代,,,,,,,,,,,,,,,,,,,,,,,,,,,,,,,,,,,,,,,,,,,,,,,,,,,,,,
20210828,54,,,,020,東京支店,740,車両費,,,Q5,,1715,155,,000,共通部門,111,現金,,,00,,2573,0,高速代,,,,,,,,,,,,,,,,,,,,,,,,,,,,,,,,,,,,,,,,,,,,,,,,,,,,,,
20210828,54,,,,020,東京支店,740,車両費,,,Q5,,858,78,,,,,,,,,,,,駐車代,,,,,,,,,,,,,,,,,,,,,,,,,,,,,,,,,,,,,,,,,,,,,,,,,,,,,,
20210828,75,,,,020,東京支店,733,交際接待費,,,Q5,,40320,3665,,000,共通部門,111,現金,,,00,,40320,0,飲食代 架空店舗071 10名,,,,,,,,,,,,,,,,,,,,,,,,,,,,,,,,,,,,,,,,,,,,,,,,,,,,,,
20210828,93,,,,050,九州営業所,753,修繕維持費,,,Q5,,17850,1622,,000,共通部門,322,未払金,,,00,,17850,0,修繕費,,,,,,,,,,,,,,,,,,,,,,,,,,,,,,,,,,,,,,,,,,,,,,,,,,,,,,
20210828,140,,,,000,共通部門,131,普通預金,20,ABC銀行 本店,00,,15500000,0,,000,共通部門,131,普通預金,10,DEF銀行 駅前,00,,5000000,0,資金移動,,,,,,,,,,,,,,,,,,,,,,,,,,,,,,,,,,,,,,,,,,,,,,,,,,,,,,
20210828,140,,,,,,,,,,,,,,,000,共通部門,131,普通預金,30,GHI銀行 名古屋,00,,4000000,0,資金移動,,,,,,,,,,,,,,,,,,,,,,,,,,,,,,,,,,,,,,,,,,,,,,,,,,,,,,
20210828,140,,,,,,,,,,,,,,,000,共通部門,131,普通預金,40,JKL銀行 梅田,00,,3500000,0,資金移動,,,,,,,,,,,,,,,,,,,,,,,,,,,,,,,,,,,,,,,,,,,,,,,,,,,,,,
20210828,140,,,,,,,,,,,,,,,000,共通部門,131,普通預金,50,MNO銀行 北九州,00,,3000000,0,資金移動,,,,,,,,,,,,,,,,,,,,,,,,,,,,,,,,,,,,,,,,,,,,,,,,,,,,,,
20210829,67,,,,020,東京支店,742,諸会費,,,00,,30000,0,,000,共通部門,111,現金,,,00,,30000,0,会費支払い,,,,,,,,,,,,,,,,,,,,,,,,,,,,,,,,,,,,,,,,,,,,,,,,,,,,,,
20210829,70,,,,020,東京支店,733,交際接待費,,,Q5,,42800,3890,,000,共通部門,111,現金,,,00,,42800,0,ゴルフプレー代4名,,,,,,,,,,,,,,,,,,,,,,,,,,,,,,,,,,,,,,,,,,,,,,,,,,,,,,
20210830,49,,,,020,東京支店,740,車両費,,,Q5,,170382,15489,,000,共通部門,111,現金,,,00,,170382,0,ガソリン代,,,,,,,,,,,,,,,,,,,,,,,,,,,,,,,,,,,,,,,,,,,,,,,,,,,,,,
20210830,49,,,,020,東京支店,740,車両費,,,Q5,,24532,2230,,000,共通部門,111,現金,,,00,,24532,0,車両管理費,,,,,,,,,,,,,,,,,,,,,,,,,,,,,,,,,,,,,,,,,,,,,,,,,,,,,,
20210830,70,,,,020,東京支店,791,雑費,,,Q5,,6000,545,,000,共通部門,322,未払金,,,00,,58381,0,有線,,,,,,,,,,,,,,,,,,,,,,,,,,,,,,,,,,,,,,,,,,,,,,,,,,,,,,
20210830,70,,,,020,東京支店,791,雑費,,,Q5,,52381,4761,,,,,,,,,,,,警備料,,,,,,,,,,,,,,,,,,,,,,,,,,,,,,,,,,,,,,,,,,,,,,,,,,,,,,
20210830,70,,,,020,東京支店,740,車両費,,,Q5,,56500,5136,,000,共通部門,111,現金,,,00,,56500,0,高速代,,,,,,,,,,,,,,,,,,,,,,,,,,,,,,,,,,,,,,,,,,,,,,,,,,,,,,
20210830,70,,,,020,東京支店,791,雑費,,,Q5,,73500,6681,,000,共通部門,322,未払金,,,00,,73500,0,清掃料,,,,,,,,,,,,,,,,,,,,,,,,,,,,,,,,,,,,,,,,,,,,,,,,,,,,,,
20210830,76,,,,050,九州営業所,740,車両費,,,Q5,,5623,511,,000,共通部門,111,現金,,,00,,49109,0,ガソリン代,,,,,,,,,,,,,,,,,,,,,,,,,,,,,,,,,,,,,,,,,,,,,,,,,,,,,,
20210830,76,,,,050,九州営業所,740,車両費,,,Q5,,42286,3844,,,,,,,,,,,,タイヤ代　175/60-14　4本,,,,,,,,,,,,,,,,,,,,,,,,,,,,,,,,,,,,,,,,,,,,,,,,,,,,,,
20210830,76,,,,050,九州営業所,740,車両費,,,Q5,,1200,109,,,,,,,,,,,,タイヤ交換代,,,,,,,,,,,,,,,,,,,,,,,,,,,,,,,,,,,,,,,,,,,,,,,,,,,,,,
20210830,81,,,,030,名古屋支店,724,福利厚生費,,,Q5,,19800,1800,,000,共通部門,322,未払金,,,00,,19800,0,お茶代,,,,,,,,,,,,,,,,,,,,,,,,,,,,,,,,,,,,,,,,,,,,,,,,,,,,,,
20210830,96,,,,030,名古屋支店,791,雑費,,,Q5,,22470,2042,,000,共通部門,131,普通預金,30,GHI銀行 名古屋,00,,22470,0,警備料,,,,,,,,,,,,,,,,,,,,,,,,,,,,,,,,,,,,,,,,,,,,,,,,,,,,,,
20210830,99,,,,040,大阪支店,731,運賃,,,Q5,,684500,62227,,000,共通部門,322,未払金,,,00,,684500,0,運賃,,,,,,,,,,,,,,,,,,,,,,,,,,,,,,,,,,,,,,,,,,,,,,,,,,,,,,
20210830,100,,,,040,大阪支店,724,福利厚生費,,,Q5,,6000,545,,000,共通部門,111,現金,,,00,,6000,0,会費,,,,,,,,,,,,,,,,,,,,,,,,,,,,,,,,,,,,,,,,,,,,,,,,,,,,,,
20210830,115,,,,040,大阪支店,752,保険料,,,P0,,64500,0,,000,共通部門,131,普通預金,40,JKL銀行 梅田,00,,64500,0,保険料,,,,,,,,,,,,,,,,,,,,,,,,,,,,,,,,,,,,,,,,,,,,,,,,,,,,,,
20210830,121,,,,040,大阪支店,724,福利厚生費,,,Q5,,12000,1090,,000,共通部門,111,現金,,,00,,12000,0,お茶代,,,,,,,,,,,,,,,,,,,,,,,,,,,,,,,,,,,,,,,,,,,,,,,,,,,,,,
20210830,137,,,,040,大阪支店,791,雑費,,,Q5,,6000,545,,000,共通部門,322,未払金,,,00,,48858,0,有線,,,,,,,,,,,,,,,,,,,,,,,,,,,,,,,,,,,,,,,,,,,,,,,,,,,,,,
20210830,137,,,,040,大阪支店,791,雑費,,,Q5,,42858,3896,,,,,,,,,,,,警備料,,,,,,,,,,,,,,,,,,,,,,,,,,,,,,,,,,,,,,,,,,,,,,,,,,,,,,
20210830,137,,,,040,大阪支店,740,車両費,,,Q5,,45070,4097,,000,共通部門,131,普通預金,40,JKL銀行 梅田,00,,45070,0,高速料,,,,,,,,,,,,,,,,,,,,,,,,,,,,,,,,,,,,,,,,,,,,,,,,,,,,,,
20210830,137,,,,040,大阪支店,791,雑費,,,Q5,,73500,6681,,000,共通部門,322,未払金,,,00,,73500,0,清掃料,,,,,,,,,,,,,,,,,,,,,,,,,,,,,,,,,,,,,,,,,,,,,,,,,,,,,,
20210831,1,,,,010,札幌営業所,731,運賃,,,Q5,,88330,8030,,000,共通部門,322,未払金,,,00,,88330,0,運賃 架空運送会社B,,,,,,,,,,,,,,,,,,,,,,,,,,,,,,,,,,,,,,,,,,,,,,,,,,,,,,
20210831,36,,,,020,東京支店,731,運賃,,,Q5,,1618610,147146,,000,共通部門,322,未払金,,,00,,2535325,0,運賃 架空運送会社A,,,,,,,,,,,,,,,,,,,,,,,,,,,,,,,,,,,,,,,,,,,,,,,,,,,,,,
20210831,36,,,,020,東京支店,731,運賃,,,Q5,,916715,83337,,,,,,,,,,,,運賃 架空運送会社B,,,,,,,,,,,,,,,,,,,,,,,,,,,,,,,,,,,,,,,,,,,,,,,,,,,,,,
20210831,40,,,,020,東京支店,732,広告宣伝費,,,Q5,,50000,4545,,000,共通部門,322,未払金,,,00,,50000,0,広告掲載,,,,,,,,,,,,,,,,,,,,,,,,,,,,,,,,,,,,,,,,,,,,,,,,,,,,,,
20210831,63,,,,000,共通部門,326,預り金,1,保険料,00,,700982,0,,000,共通部門,131,普通預金,20,ABC銀行 本店,00,,1411641,0,保険料預かり分,,,,,,,,,,,,,,,,,,,,,,,,,,,,,,,,,,,,,,,,,,,,,,,,,,,,,,
20210831,63,,,,020,東京支店,723,法定福利費,,,P0,,111192,0,,,,,,,,,,,,保険料　事業主負担分,,,,,,,,,,,,,,,,,,,,,,,,,,,,,,,,,,,,,,,,,,,,,,,,,,,,,,
20210831,63,,,,020,東京支店,723,法定福利費,,,P0,,216077,0,,,,,,,,,,,,保険料　事業主負担分,,,,,,,,,,,,,,,,,,,,,,,,,,,,,,,,,,,,,,,,,,,,,,,,,,,,,,
20210831,63,,,,010,札幌営業所,723,法定福利費,,,P0,,94847,0,,,,,,,,,,,,保険料　事業主負担分,,,,,,,,,,,,,,,,,,,,,,,,,,,,,,,,,,,,,,,,,,,,,,,,,,,,,,
20210831,63,,,,030,名古屋支店,723,法定福利費,,,P0,,92652,0,,,,,,,,,,,,保険料　事業主負担分,,,,,,,,,,,,,,,,,,,,,,,,,,,,,,,,,,,,,,,,,,,,,,,,,,,,,,
20210831,63,,,,040,大阪支店,723,法定福利費,,,P0,,119974,0,,,,,,,,,,,,保険料　事業主負担分,,,,,,,,,,,,,,,,,,,,,,,,,,,,,,,,,,,,,,,,,,,,,,,,,,,,,,
20210831,63,,,,050,九州営業所,723,法定福利費,,,P0,,66245,0,,,,,,,,,,,,保険料　事業主負担分,,,,,,,,,,,,,,,,,,,,,,,,,,,,,,,,,,,,,,,,,,,,,,,,,,,,,,
20210831,63,,,,020,東京支店,723,法定福利費,,,P0,,9672,0,,,,,,,,,,,,児童拠出金　事業主負担分,,,,,,,,,,,,,,,,,,,,,,,,,,,,,,,,,,,,,,,,,,,,,,,,,,,,,,
20210831,63,,,,020,東京支店,752,保険料,,,P0,,81000,0,,000,共通部門,131,普通預金,20,ABC銀行 本店,00,,81000,0,保険料,,,,,,,,,,,,,,,,,,,,,,,,,,,,,,,,,,,,,,,,,,,,,,,,,,,,,,
20210831,66,,,,020,東京支店,744,リース料,,,Q5,,209850,19077,,000,共通部門,131,普通預金,20,ABC銀行 本店,00,,209850,0,リース料,,,,,,,,,,,,,,,,,,,,,,,,,,,,,,,,,,,,,,,,,,,,,,,,,,,,,,
20210831,72,,,,030,名古屋支店,752,保険料,,,P0,,62000,0,,000,共通部門,131,普通預金,30,GHI銀行 名古屋,00,,62000,0,保険料,,,,,,,,,,,,,,,,,,,,,,,,,,,,,,,,,,,,,,,,,,,,,,,,,,,,,,
20210831,73,,,,050,九州営業所,752,保険料,,,P0,,57000,0,,000,共通部門,131,普通預金,50,MNO銀行 北九州,00,,57000,0,保険料支払い,,,,,,,,,,,,,,,,,,,,,,,,,,,,,,,,,,,,,,,,,,,,,,,,,,,,,,
20210831,75,,,,,,,,,,,,,,,000,共通部門,737,消耗品費,,,00,,281109,0,消耗品費　部門配賦,,,,,,,,,,,,,,,,,,,,,,,,,,,,,,,,,,,,,,,,,,,,,,,,,,,,,,
20210831,75,,,,010,札幌営業所,737,消耗品費,,,00,,30921,0,,,,,,,,,,,,,,,,,,,,,,,,,,,,,,,,,,,,,,,,,,,,,,,,,,,,,,,,,,,,,,,,,,
20210831,75,,,,020,東京支店,737,消耗品費,,,00,,134935,0,,,,,,,,,,,,,,,,,,,,,,,,,,,,,,,,,,,,,,,,,,,,,,,,,,,,,,,,,,,,,,,,,,
20210831,75,,,,030,名古屋支店,737,消耗品費,,,00,,28110,0,,,,,,,,,,,,,,,,,,,,,,,,,,,,,,,,,,,,,,,,,,,,,,,,,,,,,,,,,,,,,,,,,,
20210831,75,,,,040,大阪支店,737,消耗品費,,,00,,67466,0,,,,,,,,,,,,,,,,,,,,,,,,,,,,,,,,,,,,,,,,,,,,,,,,,,,,,,,,,,,,,,,,,,
20210831,75,,,,050,九州営業所,737,消耗品費,,,00,,19677,0,,,,,,,,,,,,,,,,,,,,,,,,,,,,,,,,,,,,,,,,,,,,,,,,,,,,,,,,,,,,,,,,,,
20210831,77,,,,030,名古屋支店,731,運賃,,,Q5,,145670,13242,,000,共通部門,322,未払金,,,00,,145670,0,運賃,,,,,,,,,,,,,,,,,,,,,,,,,,,,,,,,,,,,,,,,,,,,,,,,,,,,,,
20210831,83,,,,030,名古屋支店,740,車両費,,,Q5,,42500,3863,,000,共通部門,111,現金,,,00,,42500,0,車両管理費,,,,,,,,,,,,,,,,,,,,,,,,,,,,,,,,,,,,,,,,,,,,,,,,,,,,,,
20210831,83,,,,000,共通部門,322,未払金,,,00,,7691085,0,,000,共通部門,131,普通預金,20,ABC銀行 本店,00,,7691085,0,7月分支払,,,,,,,,,,,,,,,,,,,,,,,,,,,,,,,,,,,,,,,,,,,,,,,,,,,,,,
20210831,94,,,,030,名古屋支店,791,雑費,,,Q5,,5150,468,,000,共通部門,111,現金,,,00,,5150,0,お茶代他,,,,,,,,,,,,,,,,,,,,,,,,,,,,,,,,,,,,,,,,,,,,,,,,,,,,,,
20210831,108,,,,040,大阪支店,733,交際接待費,,,Q5,,1360,123,,000,共通部門,111,現金,,,00,,1360,0,コーヒー代2名,,,,,,,,,,,,,,,,,,,,,,,,,,,,,,,,,,,,,,,,,,,,,,,,,,,,,,
20210831,110,,,,000,共通部門,152,売掛金,14,株式会社花咲商事,00,,1577184,0,,010,札幌営業所,511,売上高,,,B5,,1577184,143380,8月1日～8月31日分売上,,,,,,,,,,,,,,,,,,,,,,,,,,,,,,,,,,,,,,,,,,,,,,,,,,,,,,
20210831,110,,,,000,共通部門,152,売掛金,25,株式会社ほのかマート,00,,3658726,0,,010,札幌営業所,511,売上高,,,B5,,3658726,332611,8月1日～8月31日分売上,,,,,,,,,,,,,,,,,,,,,,,,,,,,,,,,,,,,,,,,,,,,,,,,,,,,,,
20210831,110,,,,000,共通部門,152,売掛金,5,東雲商会株式会社,00,,971864,0,,010,札幌営業所,511,売上高,,,B5,,971864,88351,8月1日～8月31日分売上,,,,,,,,,,,,,,,,,,,,,,,,,,,,,,,,,,,,,,,,,,,,,,,,,,,,,,
20210831,111,,,,000,共通部門,152,売掛金,2,株式会社桜丘百貨店,00,,13866393,0,,020,東京支店,511,売上高,,,B5,,13866393,1260581,8月1日～8月31日分売上,,,,,,,,,,,,,,,,,,,,,,,,,,,,,,,,,,,,,,,,,,,,,,,,,,,,,,
20210831,111,,,,000,共通部門,152,売掛金,11,株式会社楓屋,00,,692628,0,,020,東京支店,511,売上高,,,B5,,692628,62966,8月1日～8月31日分売上,,,,,,,,,,,,,,,,,,,,,,,,,,,,,,,,,,,,,,,,,,,,,,,,,,,,,,
20210831,111,,,,000,共通部門,152,売掛金,12,株式会社緑野百貨店,00,,10599606,0,,020,東京支店,511,売上高,,,B5,,10599606,963600,8月1日～8月31日分売上,,,,,,,,,,,,,,,,,,,,,,,,,,,,,,,,,,,,,,,,,,,,,,,,,,,,,,
20210831,111,,,,000,共通部門,152,売掛金,13,星川商事株式会社,00,,1088296,0,,020,東京支店,511,売上高,,,B5,,1088296,98936,8月1日～8月31日分売上,,,,,,,,,,,,,,,,,,,,,,,,,,,,,,,,,,,,,,,,,,,,,,,,,,,,,,
20210831,111,,,,000,共通部門,152,売掛金,14,株式会社花咲商事,00,,2070096,0,,020,東京支店,511,売上高,,,B5,,2070096,188190,8月1日～8月31日分売上,,,,,,,,,,,,,,,,,,,,,,,,,,,,,,,,,,,,,,,,,,,,,,,,,,,,,,
20210831,111,,,,000,共通部門,152,売掛金,10,合同会社こもれび商事,00,,666376,0,,020,東京支店,511,売上高,,,B5,,666376,60579,8月1日～8月31日分売上,,,,,,,,,,,,,,,,,,,,,,,,,,,,,,,,,,,,,,,,,,,,,,,,,,,,,,
20210831,111,,,,000,共通部門,152,売掛金,26,若松販売株式会社,00,,919640,0,,020,東京支店,511,売上高,,,B5,,919640,83603,8月1日～8月31日分売上,,,,,,,,,,,,,,,,,,,,,,,,,,,,,,,,,,,,,,,,,,,,,,,,,,,,,,
20210831,111,,,,000,共通部門,152,売掛金,30,株式会社彩雲トレーディング,00,,914454,0,,020,東京支店,511,売上高,,,B5,,914454,83132,8月1日～8月31日分売上,,,,,,,,,,,,,,,,,,,,,,,,,,,,,,,,,,,,,,,,,,,,,,,,,,,,,,
20210831,111,,,,000,共通部門,152,売掛金,24,白峰商事株式会社,00,,544580,0,,020,東京支店,511,売上高,,,B5,,544580,49507,8月1日～8月31日分売上,,,,,,,,,,,,,,,,,,,,,,,,,,,,,,,,,,,,,,,,,,,,,,,,,,,,,,
20210831,112,,,,000,共通部門,152,売掛金,6,株式会社瑞穂流通,00,,1018045,0,,030,名古屋支店,511,売上高,,,B5,,1018045,92549,8月1日～8月31日分売上,,,,,,,,,,,,,,,,,,,,,,,,,,,,,,,,,,,,,,,,,,,,,,,,,,,,,,
20210831,112,,,,000,共通部門,152,売掛金,7,株式会社光彩堂商事,00,,1120992,0,,030,名古屋支店,511,売上高,,,B5,,1120992,101908,8月1日～8月31日分売上,,,,,,,,,,,,,,,,,,,,,,,,,,,,,,,,,,,,,,,,,,,,,,,,,,,,,,
20210831,112,,,,000,共通部門,152,売掛金,19,株式会社南風商会,00,,5817092,0,,030,名古屋支店,511,売上高,,,B5,,5817092,528826,8月1日～8月31日分売上,,,,,,,,,,,,,,,,,,,,,,,,,,,,,,,,,,,,,,,,,,,,,,,,,,,,,,
20210831,112,,,,000,共通部門,152,売掛金,14,株式会社花咲商事,00,,1108960,0,,030,名古屋支店,511,売上高,,,B5,,1108960,100814,8月1日～8月31日分売上,,,,,,,,,,,,,,,,,,,,,,,,,,,,,,,,,,,,,,,,,,,,,,,,,,,,,,
20210831,112,,,,000,共通部門,152,売掛金,21,合同会社つばさ商店,00,,2661680,0,,030,名古屋支店,511,売上高,,,B5,,2661680,241970,8月1日～8月31日分売上,,,,,,,,,,,,,,,,,,,,,,,,,,,,,,,,,,,,,,,,,,,,,,,,,,,,,,
20210831,112,,,,000,共通部門,152,売掛金,27,晴海物産株式会社,00,,1695610,0,,030,名古屋支店,511,売上高,,,B5,,1695610,154146,8月1日～8月31日分売上,,,,,,,,,,,,,,,,,,,,,,,,,,,,,,,,,,,,,,,,,,,,,,,,,,,,,,
20210831,113,,,,000,共通部門,152,売掛金,9,朝凪物産株式会社,00,,673120,0,,040,大阪支店,511,売上高,,,B5,,673120,61192,8月1日～8月31日分売上,,,,,,,,,,,,,,,,,,,,,,,,,,,,,,,,,,,,,,,,,,,,,,,,,,,,,,
20210831,113,,,,000,共通部門,152,売掛金,20,清和商事株式会社,00,,1128590,0,,040,大阪支店,511,売上高,,,B5,,1128590,102599,8月1日～8月31日分売上,,,,,,,,,,,,,,,,,,,,,,,,,,,,,,,,,,,,,,,,,,,,,,,,,,,,,,
20210831,113,,,,000,共通部門,152,売掛金,8,株式会社高原マーケット,00,,710064,0,,040,大阪支店,511,売上高,,,B5,,710064,64551,8月1日～8月31日分売上,,,,,,,,,,,,,,,,,,,,,,,,,,,,,,,,,,,,,,,,,,,,,,,,,,,,,,
20210831,113,,,,000,共通部門,152,売掛金,14,株式会社花咲商事,00,,2583057,0,,040,大阪支店,511,売上高,,,B5,,2583057,234823,8月1日～8月31日分売上,,,,,,,,,,,,,,,,,,,,,,,,,,,,,,,,,,,,,,,,,,,,,,,,,,,,,,
20210831,113,,,,000,共通部門,152,売掛金,28,株式会社青葉百貨店,00,,6477499,0,,040,大阪支店,511,売上高,,,B5,,6477499,588863,8月1日～8月31日分売上,,,,,,,,,,,,,,,,,,,,,,,,,,,,,,,,,,,,,,,,,,,,,,,,,,,,,,
20210831,113,,,,000,共通部門,152,売掛金,4,株式会社ひなたマート,00,,698808,0,,040,大阪支店,511,売上高,,,B5,,698808,63528,8月1日～8月31日分売上,,,,,,,,,,,,,,,,,,,,,,,,,,,,,,,,,,,,,,,,,,,,,,,,,,,,,,
20210831,113,,,,000,共通部門,152,売掛金,3,青凪商事株式会社,00,,558315,0,,040,大阪支店,511,売上高,,,B5,,558315,50755,8月1日～8月31日分売上,,,,,,,,,,,,,,,,,,,,,,,,,,,,,,,,,,,,,,,,,,,,,,,,,,,,,,
20210831,113,,,,000,共通部門,152,売掛金,23,株式会社杉の木商店,00,,659000,0,,040,大阪支店,511,売上高,,,B5,,659000,59909,8月1日～8月31日分売上,,,,,,,,,,,,,,,,,,,,,,,,,,,,,,,,,,,,,,,,,,,,,,,,,,,,,,
20210831,114,,,,000,共通部門,152,売掛金,1,株式会社若葉百貨店,00,,1096420,0,,050,九州営業所,511,売上高,,,B5,,1096420,99674,8月1日～8月31日分売上,,,,,,,,,,,,,,,,,,,,,,,,,,,,,,,,,,,,,,,,,,,,,,,,,,,,,,
20210831,114,,,,000,共通部門,152,売掛金,14,株式会社花咲商事,00,,747840,0,,050,九州営業所,511,売上高,,,B5,,747840,67985,8月1日～8月31日分売上,,,,,,,,,,,,,,,,,,,,,,,,,,,,,,,,,,,,,,,,,,,,,,,,,,,,,,
20210831,114,,,,000,共通部門,152,売掛金,29,株式会社小春サービス,00,,554400,0,,050,九州営業所,511,売上高,,,B5,,554400,50400,8月1日～8月31日分売上,,,,,,,,,,,,,,,,,,,,,,,,,,,,,,,,,,,,,,,,,,,,,,,,,,,,,,
20210831,114,,,,000,共通部門,152,売掛金,22,株式会社豊原産業,00,,746944,0,,050,九州営業所,511,売上高,,,B5,,746944,67904,8月1日～8月31日分売上,,,,,,,,,,,,,,,,,,,,,,,,,,,,,,,,,,,,,,,,,,,,,,,,,,,,,,
20210831,115,,,,000,共通部門,131,普通預金,40,JKL銀行 梅田,00,,1118800,0,,000,共通部門,152,売掛金,4,株式会社ひなたマート,00,,1118800,0,8月31日伝票No294株式会社ひなたマート,,,,,,,,,,,,,,,,,,,,,,,,,,,,,,,,,,,,,,,,,,,,,,,,,,,,,,
20210831,115,,,,040,大阪支店,741,支払手数料,,,Q5,,840,76,,000,共通部門,152,売掛金,4,株式会社ひなたマート,00,,840,0,8月31日伝票No294株式会社ひなたマート,,,,,,,,,,,,,,,,,,,,,,,,,,,,,,,,,,,,,,,,,,,,,,,,,,,,,,
20210831,116,,,,000,共通部門,131,普通預金,10,DEF銀行 駅前,00,,1266144,0,,000,共通部門,152,売掛金,5,東雲商会株式会社,00,,1266144,0,8月31日伝票No295東雲商会株式会社,,,,,,,,,,,,,,,,,,,,,,,,,,,,,,,,,,,,,,,,,,,,,,,,,,,,,,
20210831,116,,,,010,札幌営業所,741,支払手数料,,,Q5,,840,76,,000,共通部門,152,売掛金,5,東雲商会株式会社,00,,840,0,8月31日伝票No295東雲商会株式会社,,,,,,,,,,,,,,,,,,,,,,,,,,,,,,,,,,,,,,,,,,,,,,,,,,,,,,
20210831,116,,,,040,大阪支店,744,リース料,,,Q5,,84000,7636,,000,共通部門,131,普通預金,40,JKL銀行 梅田,00,,84000,0,リース料,,,,,,,,,,,,,,,,,,,,,,,,,,,,,,,,,,,,,,,,,,,,,,,,,,,,,,
20210831,117,,,,000,共通部門,150,受取手形,,,00,,9670318,0,,000,共通部門,152,売掛金,12,株式会社緑野百貨店,00,,9670318,0,8月31日伝票No296株式会社緑野百貨店 | 売上伝票=20210731-114;手形番号=R20210831-117-12,,,,,,,,,,,,,,,,,,,,,,,,,,,,,,,,,,,,,,,,,,,,,,,,,,,,,,
20210831,118,,,,000,共通部門,131,普通預金,20,ABC銀行 本店,00,,375874,0,,000,共通部門,152,売掛金,24,白峰商事株式会社,00,,375874,0,8月31日伝票No297白峰商事株式会社,,,,,,,,,,,,,,,,,,,,,,,,,,,,,,,,,,,,,,,,,,,,,,,,,,,,,,
20210831,118,,,,020,東京支店,741,支払手数料,,,Q5,,630,57,,000,共通部門,152,売掛金,24,白峰商事株式会社,00,,630,0,8月31日伝票No297白峰商事株式会社,,,,,,,,,,,,,,,,,,,,,,,,,,,,,,,,,,,,,,,,,,,,,,,,,,,,,,
20210831,119,,,,000,共通部門,131,普通預金,50,MNO銀行 北九州,00,,963405,0,,000,共通部門,152,売掛金,29,株式会社小春サービス,00,,963405,0,8月31日伝票No298株式会社小春サービス,,,,,,,,,,,,,,,,,,,,,,,,,,,,,,,,,,,,,,,,,,,,,,,,,,,,,,
20210831,119,,,,050,九州営業所,741,支払手数料,,,Q5,,315,28,,000,共通部門,152,売掛金,29,株式会社小春サービス,00,,315,0,8月31日伝票No298株式会社小春サービス,,,,,,,,,,,,,,,,,,,,,,,,,,,,,,,,,,,,,,,,,,,,,,,,,,,,,,
20210831,120,,,,000,共通部門,111,現金,,,00,,305388,0,,000,共通部門,152,売掛金,10,合同会社こもれび商事,00,,305388,0,8月31日伝票No454合同会社こもれび商事,,,,,,,,,,,,,,,,,,,,,,,,,,,,,,,,,,,,,,,,,,,,,,,,,,,,,,
20210831,121,,,,010,札幌営業所,541,商品仕入高,,,Q5,,90491,8226,,000,共通部門,312,買掛金,2,株式会社双葉物産,00,,90491,0,8月1日～8月31日分仕入,,,,,,,,,,,,,,,,,,,,,,,,,,,,,,,,,,,,,,,,,,,,,,,,,,,,,,
20210831,121,,,,010,札幌営業所,541,商品仕入高,,,Q5,,74088,6735,,000,共通部門,312,買掛金,8,株式会社白樺商事,00,,74088,0,8月1日～8月31日分仕入,,,,,,,,,,,,,,,,,,,,,,,,,,,,,,,,,,,,,,,,,,,,,,,,,,,,,,
20210831,122,,,,020,東京支店,541,商品仕入高,,,Q5,,2953512,268501,,000,共通部門,312,買掛金,14,合同会社あかね商会,00,,2953512,0,8月1日～8月31日分仕入,,,,,,,,,,,,,,,,,,,,,,,,,,,,,,,,,,,,,,,,,,,,,,,,,,,,,,
20210831,122,,,,020,東京支店,541,商品仕入高,,,Q5,,3251165,295560,,000,共通部門,312,買掛金,3,青凪商事株式会社,00,,3251165,0,8月1日～8月31日分仕入,,,,,,,,,,,,,,,,,,,,,,,,,,,,,,,,,,,,,,,,,,,,,,,,,,,,,,
20210831,122,,,,020,東京支店,541,商品仕入高,,,Q5,,1317476,119770,,000,共通部門,312,買掛金,13,朝日野産業株式会社,00,,1317476,0,8月1日～8月31日分仕入,,,,,,,,,,,,,,,,,,,,,,,,,,,,,,,,,,,,,,,,,,,,,,,,,,,,,,
20210831,122,,,,020,東京支店,541,商品仕入高,,,Q5,,6139436,558130,,000,共通部門,312,買掛金,1,株式会社北辰商事,00,,6139436,0,8月1日～8月31日分仕入,,,,,,,,,,,,,,,,,,,,,,,,,,,,,,,,,,,,,,,,,,,,,,,,,,,,,,
20210831,122,,,,020,東京支店,541,商品仕入高,,,Q5,,4398969,399906,,000,共通部門,312,買掛金,11,株式会社花園商会,00,,4398969,0,8月1日～8月31日分仕入,,,,,,,,,,,,,,,,,,,,,,,,,,,,,,,,,,,,,,,,,,,,,,,,,,,,,,
20210831,122,,,,020,東京支店,541,商品仕入高,,,Q5,,336571,30597,,000,共通部門,312,買掛金,12,株式会社泉川商事,00,,336571,0,8月1日～8月31日分仕入,,,,,,,,,,,,,,,,,,,,,,,,,,,,,,,,,,,,,,,,,,,,,,,,,,,,,,
20210831,122,,,,020,東京支店,541,商品仕入高,,,Q5,,148176,13470,,000,共通部門,312,買掛金,8,株式会社白樺商事,00,,148176,0,8月1日～8月31日分仕入,,,,,,,,,,,,,,,,,,,,,,,,,,,,,,,,,,,,,,,,,,,,,,,,,,,,,,
20210831,122,,,,020,東京支店,541,商品仕入高,,,Q5,,818740,74430,,000,共通部門,312,買掛金,2,株式会社双葉物産,00,,818740,0,8月1日～8月31日分仕入,,,,,,,,,,,,,,,,,,,,,,,,,,,,,,,,,,,,,,,,,,,,,,,,,,,,,,
20210831,123,,,,030,名古屋支店,541,商品仕入高,,,Q5,,1819272,165388,,000,共通部門,312,買掛金,9,東原産業株式会社,00,,1819272,0,8月1日～8月31日分仕入,,,,,,,,,,,,,,,,,,,,,,,,,,,,,,,,,,,,,,,,,,,,,,,,,,,,,,
20210831,123,,,,030,名古屋支店,541,商品仕入高,,,Q5,,1178376,107125,,000,共通部門,312,買掛金,15,株式会社麦穂商事,00,,1178376,0,8月1日～8月31日分仕入,,,,,,,,,,,,,,,,,,,,,,,,,,,,,,,,,,,,,,,,,,,,,,,,,,,,,,
20210831,123,,,,030,名古屋支店,541,商品仕入高,,,Q5,,3639444,330858,,000,共通部門,312,買掛金,7,株式会社夕凪商会,00,,3639444,0,8月1日～8月31日分仕入,,,,,,,,,,,,,,,,,,,,,,,,,,,,,,,,,,,,,,,,,,,,,,,,,,,,,,
20210831,123,,,,030,名古屋支店,541,商品仕入高,,,Q5,,44452,4041,,000,共通部門,312,買掛金,8,株式会社白樺商事,00,,44452,0,8月1日～8月31日分仕入,,,,,,,,,,,,,,,,,,,,,,,,,,,,,,,,,,,,,,,,,,,,,,,,,,,,,,
20210831,123,,,,030,名古屋支店,541,商品仕入高,,,Q5,,271477,24679,,000,共通部門,312,買掛金,2,株式会社双葉物産,00,,271477,0,8月1日～8月31日分仕入,,,,,,,,,,,,,,,,,,,,,,,,,,,,,,,,,,,,,,,,,,,,,,,,,,,,,,
20210831,124,,,,040,大阪支店,541,商品仕入高,,,Q5,,3841014,349183,,000,共通部門,312,買掛金,5,千草商事株式会社,00,,3841014,0,8月1日～8月31日分仕入,,,,,,,,,,,,,,,,,,,,,,,,,,,,,,,,,,,,,,,,,,,,,,,,,,,,,,
20210831,124,,,,040,大阪支店,541,商品仕入高,,,Q5,,944145,85831,,000,共通部門,312,買掛金,4,株式会社和泉流通,00,,944145,0,8月1日～8月31日分仕入,,,,,,,,,,,,,,,,,,,,,,,,,,,,,,,,,,,,,,,,,,,,,,,,,,,,,,
20210831,124,,,,040,大阪支店,541,商品仕入高,,,Q5,,3148603,286236,,000,共通部門,312,買掛金,10,光野販売株式会社,00,,3148603,0,8月1日～8月31日分仕入,,,,,,,,,,,,,,,,,,,,,,,,,,,,,,,,,,,,,,,,,,,,,,,,,,,,,,
20210831,124,,,,040,大阪支店,541,商品仕入高,,,Q5,,3600809,327346,,000,共通部門,312,買掛金,6,株式会社日向産業,00,,3600809,0,8月1日～8月31日分仕入,,,,,,,,,,,,,,,,,,,,,,,,,,,,,,,,,,,,,,,,,,,,,,,,,,,,,,
20210831,124,,,,040,大阪支店,541,商品仕入高,,,Q5,,123480,11225,,000,共通部門,312,買掛金,8,株式会社白樺商事,00,,123480,0,8月1日～8月31日分仕入,,,,,,,,,,,,,,,,,,,,,,,,,,,,,,,,,,,,,,,,,,,,,,,,,,,,,,
20210831,124,,,,040,大阪支店,541,商品仕入高,,,Q5,,77565,7051,,000,共通部門,312,買掛金,2,株式会社双葉物産,00,,77565,0,8月1日～8月31日分仕入,,,,,,,,,,,,,,,,,,,,,,,,,,,,,,,,,,,,,,,,,,,,,,,,,,,,,,
20210831,125,,,,050,九州営業所,541,商品仕入高,,,Q5,,60328,5484,,000,共通部門,312,買掛金,2,株式会社双葉物産,00,,60328,0,8月1日～8月31日分仕入,,,,,,,,,,,,,,,,,,,,,,,,,,,,,,,,,,,,,,,,,,,,,,,,,,,,,,
20210831,126,,,,000,共通部門,312,買掛金,2,株式会社双葉物産,00,,1318601,0,,000,共通部門,131,普通預金,20,ABC銀行 本店,00,,1318601,0,8月31日伝票No206株式会社双葉物産,,,,,,,,,,,,,,,,,,,,,,,,,,,,,,,,,,,,,,,,,,,,,,,,,,,,,,
20210831,127,,,,000,共通部門,312,買掛金,5,千草商事株式会社,00,,3841014,0,,000,共通部門,301,支払手形,,,00,,3841014,0,8月31日伝票No210千草商事株式会社,,,,,,,,,,,,,,,,,,,,,,,,,,,,,,,,,,,,,,,,,,,,,,,,,,,,,,
20210831,128,,,,000,共通部門,312,買掛金,7,株式会社夕凪商会,00,,3639444,0,,000,共通部門,131,普通預金,20,ABC銀行 本店,00,,3639444,0,8月31日伝票No211株式会社夕凪商会,,,,,,,,,,,,,,,,,,,,,,,,,,,,,,,,,,,,,,,,,,,,,,,,,,,,,,
20210831,129,,,,000,共通部門,312,買掛金,9,東原産業株式会社,00,,1819272,0,,000,共通部門,301,支払手形,,,00,,1819272,0,8月31日伝票No212東原産業株式会社,,,,,,,,,,,,,,,,,,,,,,,,,,,,,,,,,,,,,,,,,,,,,,,,,,,,,,
20210831,130,,,,000,共通部門,312,買掛金,10,光野販売株式会社,00,,3148603,0,,000,共通部門,301,支払手形,,,00,,3148603,0,8月31日伝票No214光野販売株式会社,,,,,,,,,,,,,,,,,,,,,,,,,,,,,,,,,,,,,,,,,,,,,,,,,,,,,,
20210831,131,,,,000,共通部門,312,買掛金,12,株式会社泉川商事,00,,336571,0,,000,共通部門,131,普通預金,20,ABC銀行 本店,00,,336571,0,8月31日伝票No215株式会社泉川商事,,,,,,,,,,,,,,,,,,,,,,,,,,,,,,,,,,,,,,,,,,,,,,,,,,,,,,
20210831,132,,,,000,共通部門,312,買掛金,13,朝日野産業株式会社,00,,1210192,0,,000,共通部門,131,普通預金,20,ABC銀行 本店,00,,1210192,0,8月31日伝票No216朝日野産業株式会社,,,,,,,,,,,,,,,,,,,,,,,,,,,,,,,,,,,,,,,,,,,,,,,,,,,,,,
20210831,133,,,,000,共通部門,312,買掛金,14,合同会社あかね商会,00,,2953512,0,,000,共通部門,131,普通預金,20,ABC銀行 本店,00,,2953512,0,8月31日伝票No217合同会社あかね商会,,,,,,,,,,,,,,,,,,,,,,,,,,,,,,,,,,,,,,,,,,,,,,,,,,,,,,
20210831,134,,,,000,共通部門,312,買掛金,15,株式会社麦穂商事,00,,1140880,0,,000,共通部門,131,普通預金,20,ABC銀行 本店,00,,1140880,0,8月31日伝票No218株式会社麦穂商事,,,,,,,,,,,,,,,,,,,,,,,,,,,,,,,,,,,,,,,,,,,,,,,,,,,,,,
20210831,135,,,,000,共通部門,121,当座預金,1,ABC銀行,00,,13321782,0,,000,共通部門,150,受取手形,,,00,,13321782,0,手形満期 株式会社桜丘百貨店 | 手形番号=R20210525-110-2;受取額に決済額を訂正,,,,,,,,,,,,,,,,,,,,,,,,,,,,,,,,,,,,,,,,,,,,,,,,,,,,,,
20210831,136,,,,000,共通部門,301,支払手形,,,00,,3467360,0,,000,共通部門,121,当座預金,1,ABC銀行,00,,3467360,0,手形期日落日 千草商事株式会社,,,,,,,,,,,,,,,,,,,,,,,,,,,,,,,,,,,,,,,,,,,,,,,,,,,,,,
20210831,136,,,,000,共通部門,301,支払手形,,,00,,1744898,0,,000,共通部門,121,当座預金,1,ABC銀行,00,,1744898,0,手形期日落日 東原産業株式会社,,,,,,,,,,,,,,,,,,,,,,,,,,,,,,,,,,,,,,,,,,,,,,,,,,,,,,
20210831,141,,,,000,共通部門,131,普通預金,20,ABC銀行 本店,00,,40000,0,,000,共通部門,183,短期貸付金,,,00,,40000,0,貸付金返済,,,,,,,,,,,,,,,,,,,,,,,,,,,,,,,,,,,,,,,,,,,,,,,,,,,,,,
20210831,142,,,,000,共通部門,148,定期積金,,,00,,500000,0,,000,共通部門,131,普通預金,20,ABC銀行 本店,00,,625000,0,定期積立金,,,,,,,,,,,,,,,,,,,,,,,,,,,,,,,,,,,,,,,,,,,,,,,,,,,,,,
20210831,142,,,,000,共通部門,248,保険積立金,,,00,,125000,0,,,,,,,,,,,,保険積立金,,,,,,,,,,,,,,,,,,,,,,,,,,,,,,,,,,,,,,,,,,,,,,,,,,,,,,
20210831,143,,,,000,共通部門,321,短期借入金,,,00,,653500,0,,000,共通部門,121,当座預金,1,ABC銀行,00,,686175,0,借入金返済,,,,,,,,,,,,,,,,,,,,,,,,,,,,,,,,,,,,,,,,,,,,,,,,,,,,,,
20210831,143,,,,020,東京支店,821,支払利息,,,P0,,32675,0,,,,,,,,,,,,利息,,,,,,,,,,,,,,,,,,,,,,,,,,,,,,,,,,,,,,,,,,,,,,,,,,,,,,
20210831,145,,,,050,九州営業所,731,運賃,,,Q5,,125425,11402,,000,共通部門,322,未払金,,,00,,125425,0,運賃,,,,,,,,,,,,,,,,,,,,,,,,,,,,,,,,,,,,,,,,,,,,,,,,,,,,,,
20210831,990005,,,,010,札幌営業所,713,賞与,,,00,,190000,0,,010,札幌営業所,337,賞与引当金,,,00,,190000,0,サンプル定義：賞与半年均等引当 202108 部門010,,,,,,,,,,,,,,,,,,,,,,,,,,,,,,,,,,,,,,,,,,,,,,,,,,,,,,
20210831,990005,,,,020,東京支店,713,賞与,,,00,,451666,0,,020,東京支店,337,賞与引当金,,,00,,451666,0,サンプル定義：賞与半年均等引当 202108 部門020,,,,,,,,,,,,,,,,,,,,,,,,,,,,,,,,,,,,,,,,,,,,,,,,,,,,,,
20210831,990005,,,,030,名古屋支店,713,賞与,,,00,,178334,0,,030,名古屋支店,337,賞与引当金,,,00,,178334,0,サンプル定義：賞与半年均等引当 202108 部門030,,,,,,,,,,,,,,,,,,,,,,,,,,,,,,,,,,,,,,,,,,,,,,,,,,,,,,
20210831,990005,,,,040,大阪支店,713,賞与,,,00,,216666,0,,040,大阪支店,337,賞与引当金,,,00,,216666,0,サンプル定義：賞与半年均等引当 202108 部門040,,,,,,,,,,,,,,,,,,,,,,,,,,,,,,,,,,,,,,,,,,,,,,,,,,,,,,
20210831,990005,,,,050,九州営業所,713,賞与,,,00,,136666,0,,050,九州営業所,337,賞与引当金,,,00,,136666,0,サンプル定義：賞与半年均等引当 202108 部門050,,,,,,,,,,,,,,,,,,,,,,,,,,,,,,,,,,,,,,,,,,,,,,,,,,,,,,
20210901,56,,,,020,東京支店,726,旅費交通費,,,Q5,,30980,2816,,000,共通部門,111,現金,,,00,,30980,0,旅費,,,,,,,,,,,,,,,,,,,,,,,,,,,,,,,,,,,,,,,,,,,,,,,,,,,,,,
20210901,84,,,,030,名古屋支店,726,旅費交通費,,,Q5,,5200,472,,000,共通部門,111,現金,,,00,,5200,0,架空鉄道会社A代,,,,,,,,,,,,,,,,,,,,,,,,,,,,,,,,,,,,,,,,,,,,,,,,,,,,,,
20210902,19,,,,010,札幌営業所,726,旅費交通費,,,Q5,,16870,1533,,000,共通部門,111,現金,,,00,,16870,0,旅費,,,,,,,,,,,,,,,,,,,,,,,,,,,,,,,,,,,,,,,,,,,,,,,,,,,,,,
20210902,57,,,,020,東京支店,726,旅費交通費,,,Q5,,88880,8080,,000,共通部門,111,現金,,,00,,88880,0,架空鉄道会社A代,,,,,,,,,,,,,,,,,,,,,,,,,,,,,,,,,,,,,,,,,,,,,,,,,,,,,,
20210902,70,,,,040,大阪支店,791,雑費,,,Q5,,1129,102,,000,共通部門,111,現金,,,00,,1129,0,お茶代,,,,,,,,,,,,,,,,,,,,,,,,,,,,,,,,,,,,,,,,,,,,,,,,,,,,,,
20210902,76,,,,020,東京支店,724,福利厚生費,,,Q5,,56000,5090,,000,共通部門,322,未払金,,,00,,56000,0,制服代,,,,,,,,,,,,,,,,,,,,,,,,,,,,,,,,,,,,,,,,,,,,,,,,,,,,,,
20210902,94,,,,030,名古屋支店,791,雑費,,,Q5,,795,72,,000,共通部門,111,現金,,,00,,795,0,洗剤他,,,,,,,,,,,,,,,,,,,,,,,,,,,,,,,,,,,,,,,,,,,,,,,,,,,,,,
20210902,150,,,,050,九州営業所,733,交際接待費,,,Q5,,4350,395,,000,共通部門,111,現金,,,00,,4350,0,食事代 架空店舗088 2名,,,,,,,,,,,,,,,,,,,,,,,,,,,,,,,,,,,,,,,,,,,,,,,,,,,,,,
20210902,151,,,,040,大阪支店,733,交際接待費,,,Q5,,7315,665,,000,共通部門,111,現金,,,00,,20939,0,食事代 架空店舗029 2名,,,,,,,,,,,,,,,,,,,,,,,,,,,,,,,,,,,,,,,,,,,,,,,,,,,,,,
20210902,151,,,,040,大阪支店,733,交際接待費,,,Q5,,13624,1238,,,,,,,,,,,,食事代 架空店舗061 3名,,,,,,,,,,,,,,,,,,,,,,,,,,,,,,,,,,,,,,,,,,,,,,,,,,,,,,
20210902,159,,,,050,九州営業所,726,旅費交通費,,,Q5,,4650,422,,000,共通部門,111,現金,,,00,,4650,0,タクシー代,,,,,,,,,,,,,,,,,,,,,,,,,,,,,,,,,,,,,,,,,,,,,,,,,,,,,,
20210902,164,,,,050,九州営業所,754,事務用消耗品費,,,Q5,,3105,282,,000,共通部門,111,現金,,,00,,3105,0,事務用品,,,,,,,,,,,,,,,,,,,,,,,,,,,,,,,,,,,,,,,,,,,,,,,,,,,,,,
20210903,18,,,,010,札幌営業所,726,旅費交通費,,,Q5,,16780,1525,,000,共通部門,111,現金,,,00,,16780,0,旅費,,,,,,,,,,,,,,,,,,,,,,,,,,,,,,,,,,,,,,,,,,,,,,,,,,,,,,
20210903,50,,,,020,東京支店,740,車両費,,,Q5,,600,54,,000,共通部門,111,現金,,,00,,600,0,駐車代,,,,,,,,,,,,,,,,,,,,,,,,,,,,,,,,,,,,,,,,,,,,,,,,,,,,,,
20210903,69,,,,020,東京支店,791,雑費,,,Q5,,1203,109,,000,共通部門,111,現金,,,00,,1203,0,ティッシュ代,,,,,,,,,,,,,,,,,,,,,,,,,,,,,,,,,,,,,,,,,,,,,,,,,,,,,,
20210903,134,,,,010,札幌営業所,754,事務用消耗品費,,,Q5,,13700,1245,,000,共通部門,111,現金,,,00,,13700,0,用紙,,,,,,,,,,,,,,,,,,,,,,,,,,,,,,,,,,,,,,,,,,,,,,,,,,,,,,
20210904,16,,,,010,札幌営業所,740,車両費,,,Q5,,530,48,,000,共通部門,111,現金,,,00,,6481,0,駐車代,,,,,,,,,,,,,,,,,,,,,,,,,,,,,,,,,,,,,,,,,,,,,,,,,,,,,,
20210904,16,,,,010,札幌営業所,740,車両費,,,Q5,,5951,541,,,,,,,,,,,,ガソリン代,,,,,,,,,,,,,,,,,,,,,,,,,,,,,,,,,,,,,,,,,,,,,,,,,,,,,,
20210904,147,,,,050,九州営業所,740,車両費,,,Q5,,68420,6220,,000,共通部門,322,未払金,,,00,,68420,0,ガソリン代,,,,,,,,,,,,,,,,,,,,,,,,,,,,,,,,,,,,,,,,,,,,,,,,,,,,,,
20210905,91,,,,000,共通部門,131,普通預金,50,MNO銀行 北九州,00,,746472,0,,000,共通部門,152,売掛金,22,株式会社豊原産業,00,,746472,0,9月5日伝票No299株式会社豊原産業,,,,,,,,,,,,,,,,,,,,,,,,,,,,,,,,,,,,,,,,,,,,,,,,,,,,,,
20210905,91,,,,050,九州営業所,741,支払手数料,,,Q5,,472,42,,000,共通部門,152,売掛金,22,株式会社豊原産業,00,,472,0,9月5日伝票No299株式会社豊原産業,,,,,,,,,,,,,,,,,,,,,,,,,,,,,,,,,,,,,,,,,,,,,,,,,,,,,,
20210905,92,,,,000,共通部門,131,普通預金,20,ABC銀行 本店,00,,919168,0,,000,共通部門,152,売掛金,26,若松販売株式会社,00,,919168,0,9月5日伝票No300若松販売株式会社,,,,,,,,,,,,,,,,,,,,,,,,,,,,,,,,,,,,,,,,,,,,,,,,,,,,,,
20210905,92,,,,020,東京支店,741,支払手数料,,,Q5,,472,42,,000,共通部門,152,売掛金,26,若松販売株式会社,00,,472,0,9月5日伝票No300若松販売株式会社,,,,,,,,,,,,,,,,,,,,,,,,,,,,,,,,,,,,,,,,,,,,,,,,,,,,,,
20210905,93,,,,000,共通部門,131,普通預金,30,GHI銀行 名古屋,00,,1695610,0,,000,共通部門,152,売掛金,27,晴海物産株式会社,00,,1695610,0,9月5日伝票No301晴海物産株式会社,,,,,,,,,,,,,,,,,,,,,,,,,,,,,,,,,,,,,,,,,,,,,,,,,,,,,,
20210905,142,,,,040,大阪支店,740,車両費,,,Q5,,7290,662,,000,共通部門,111,現金,,,00,,12243,0,ガソリン代,,,,,,,,,,,,,,,,,,,,,,,,,,,,,,,,,,,,,,,,,,,,,,,,,,,,,,
20210905,142,,,,040,大阪支店,740,車両費,,,Q5,,1905,173,,,,,,,,,,,,洗車代,,,,,,,,,,,,,,,,,,,,,,,,,,,,,,,,,,,,,,,,,,,,,,,,,,,,,,
20210905,142,,,,040,大阪支店,740,車両費,,,Q5,,3048,277,,,,,,,,,,,,駐車代,,,,,,,,,,,,,,,,,,,,,,,,,,,,,,,,,,,,,,,,,,,,,,,,,,,,,,
20210906,10,,,,010,札幌営業所,740,車両費,,,Q5,,4224,384,,000,共通部門,111,現金,,,00,,4224,0,ガソリン代,,,,,,,,,,,,,,,,,,,,,,,,,,,,,,,,,,,,,,,,,,,,,,,,,,,,,,
20210906,42,,,,020,東京支店,733,交際接待費,,,Q5,,1260,114,,000,共通部門,111,現金,,,00,,1260,0,コーヒー代2名,,,,,,,,,,,,,,,,,,,,,,,,,,,,,,,,,,,,,,,,,,,,,,,,,,,,,,
20210906,43,,,,020,東京支店,733,交際接待費,,,Q5,,4120,374,,000,共通部門,111,現金,,,00,,4120,0,食事代 架空店舗030 2名,,,,,,,,,,,,,,,,,,,,,,,,,,,,,,,,,,,,,,,,,,,,,,,,,,,,,,
20210906,110,,,,040,大阪支店,726,旅費交通費,,,Q5,,2290,208,,000,共通部門,111,現金,,,00,,2290,0,タクシー代,,,,,,,,,,,,,,,,,,,,,,,,,,,,,,,,,,,,,,,,,,,,,,,,,,,,,,
20210906,133,,,,020,東京支店,746,支払報酬,,,Q5,,139710,12700,,000,共通部門,131,普通預金,20,ABC銀行 本店,00,,139710,0,税理士報酬,,,,,,,,,,,,,,,,,,,,,,,,,,,,,,,,,,,,,,,,,,,,,,,,,,,,,,
20210907,21,,,,010,札幌営業所,726,旅費交通費,,,Q5,,69500,6318,,000,共通部門,111,現金,,,00,,69500,0,架空鉄道会社A代,,,,,,,,,,,,,,,,,,,,,,,,,,,,,,,,,,,,,,,,,,,,,,,,,,,,,,
20210907,22,,,,010,札幌営業所,726,旅費交通費,,,Q5,,50000,4545,,000,共通部門,111,現金,,,00,,50000,0,旅費,,,,,,,,,,,,,,,,,,,,,,,,,,,,,,,,,,,,,,,,,,,,,,,,,,,,,,
20210908,9,,,,010,札幌営業所,733,交際接待費,,,Q5,,1400,127,,000,共通部門,111,現金,,,00,,1400,0,コーヒー代2名,,,,,,,,,,,,,,,,,,,,,,,,,,,,,,,,,,,,,,,,,,,,,,,,,,,,,,
20210909,20,,,,010,札幌営業所,726,旅費交通費,,,Q5,,38970,3542,,000,共通部門,111,現金,,,00,,38970,0,旅費,,,,,,,,,,,,,,,,,,,,,,,,,,,,,,,,,,,,,,,,,,,,,,,,,,,,,,
20210909,148,,,,050,九州営業所,740,車両費,,,Q5,,6865,624,,000,共通部門,111,現金,,,00,,9151,0,ガソリン代,,,,,,,,,,,,,,,,,,,,,,,,,,,,,,,,,,,,,,,,,,,,,,,,,,,,,,
20210909,148,,,,050,九州営業所,740,車両費,,,Q5,,2286,207,,,,,,,,,,,,高速代,,,,,,,,,,,,,,,,,,,,,,,,,,,,,,,,,,,,,,,,,,,,,,,,,,,,,,
20210910,44,,,,020,東京支店,733,交際接待費,,,Q5,,2540,230,,000,共通部門,111,現金,,,00,,2540,0,手土産代 架空店舗058,,,,,,,,,,,,,,,,,,,,,,,,,,,,,,,,,,,,,,,,,,,,,,,,,,,,,,
20210910,62,,,,000,共通部門,326,預り金,3,源泉税,00,,260493,0,,000,共通部門,131,普通預金,20,ABC銀行 本店,00,,709993,0,源泉税支払,,,,,,,,,,,,,,,,,,,,,,,,,,,,,,,,,,,,,,,,,,,,,,,,,,,,,,
20210910,62,,,,000,共通部門,326,預り金,2,住民税,00,,449500,0,,,,,,,,,,,,住民税支払,,,,,,,,,,,,,,,,,,,,,,,,,,,,,,,,,,,,,,,,,,,,,,,,,,,,,,
20210910,66,,,,010,札幌営業所,791,雑費,,,Q5,,5000,454,,000,共通部門,322,未払金,,,00,,39286,0,有線,,,,,,,,,,,,,,,,,,,,,,,,,,,,,,,,,,,,,,,,,,,,,,,,,,,,,,
20210910,66,,,,010,札幌営業所,791,雑費,,,Q5,,34286,3116,,,,,,,,,,,,警備料,,,,,,,,,,,,,,,,,,,,,,,,,,,,,,,,,,,,,,,,,,,,,,,,,,,,,,
20210910,73,,,,020,東京支店,733,交際接待費,,,Q5,,18600,1690,,000,共通部門,111,現金,,,00,,18600,0,ゴルフプレー代,,,,,,,,,,,,,,,,,,,,,,,,,,,,,,,,,,,,,,,,,,,,,,,,,,,,,,
20210910,81,,,,050,九州営業所,740,車両費,,,Q5,,4931,448,,000,共通部門,111,現金,,,00,,5503,0,ガソリン代,,,,,,,,,,,,,,,,,,,,,,,,,,,,,,,,,,,,,,,,,,,,,,,,,,,,,,
20210910,81,,,,050,九州営業所,740,車両費,,,Q5,,572,52,,,,,,,,,,,,駐車代,,,,,,,,,,,,,,,,,,,,,,,,,,,,,,,,,,,,,,,,,,,,,,,,,,,,,,
20210910,85,,,,030,名古屋支店,727,通信費,,,Q5,,69152,6286,,000,共通部門,131,普通預金,30,GHI銀行 名古屋,00,,69152,0,電話代,,,,,,,,,,,,,,,,,,,,,,,,,,,,,,,,,,,,,,,,,,,,,,,,,,,,,,
20210910,85,,,,030,名古屋支店,726,旅費交通費,,,Q5,,6000,545,,000,共通部門,111,現金,,,00,,6000,0,架空鉄道会社A代,,,,,,,,,,,,,,,,,,,,,,,,,,,,,,,,,,,,,,,,,,,,,,,,,,,,,,
20210910,94,,,,000,共通部門,131,普通預金,30,GHI銀行 名古屋,00,,5816357,0,,000,共通部門,152,売掛金,19,株式会社南風商会,00,,5816357,0,9月10日伝票No302株式会社南風商会,,,,,,,,,,,,,,,,,,,,,,,,,,,,,,,,,,,,,,,,,,,,,,,,,,,,,,
20210910,94,,,,030,名古屋支店,741,支払手数料,,,Q5,,735,66,,000,共通部門,152,売掛金,19,株式会社南風商会,00,,735,0,9月10日伝票No302株式会社南風商会,,,,,,,,,,,,,,,,,,,,,,,,,,,,,,,,,,,,,,,,,,,,,,,,,,,,,,
20210910,95,,,,000,共通部門,150,受取手形,,,00,,6477499,0,,000,共通部門,152,売掛金,28,株式会社青葉百貨店,00,,6477499,0,9月10日伝票No303株式会社青葉百貨店 | 売上伝票=20210831-113;手形番号=R20210910-95-28,,,,,,,,,,,,,,,,,,,,,,,,,,,,,,,,,,,,,,,,,,,,,,,,,,,,,,
20210910,96,,,,000,共通部門,312,買掛金,3,青凪商事株式会社,00,,558315,0,,000,共通部門,152,売掛金,3,青凪商事株式会社,00,,558315,0,9月10日伝票No477青凪商事株式会社,,,,,,,,,,,,,,,,,,,,,,,,,,,,,,,,,,,,,,,,,,,,,,,,,,,,,,
20210910,97,,,,000,共通部門,131,普通預金,20,ABC銀行 本店,00,,8086297,0,,000,共通部門,152,売掛金,14,株式会社花咲商事,00,,8086297,0,9月10日伝票No499株式会社花咲商事東京本社,,,,,,,,,,,,,,,,,,,,,,,,,,,,,,,,,,,,,,,,,,,,,,,,,,,,,,
20210910,97,,,,020,東京支店,741,支払手数料,,,Q5,,840,76,,000,共通部門,152,売掛金,14,株式会社花咲商事,00,,840,0,9月10日伝票No499株式会社花咲商事東京本社,,,,,,,,,,,,,,,,,,,,,,,,,,,,,,,,,,,,,,,,,,,,,,,,,,,,,,
20210910,98,,,,000,共通部門,312,買掛金,3,青凪商事株式会社,00,,2692850,0,,000,共通部門,301,支払手形,,,00,,2692850,0,9月10日伝票No220青凪商事株式会社,,,,,,,,,,,,,,,,,,,,,,,,,,,,,,,,,,,,,,,,,,,,,,,,,,,,,,
20210910,99,,,,000,共通部門,312,買掛金,8,株式会社白樺商事,00,,414892,0,,000,共通部門,131,普通預金,20,ABC銀行 本店,00,,414892,0,9月10日伝票No222株式会社白樺商事,,,,,,,,,,,,,,,,,,,,,,,,,,,,,,,,,,,,,,,,,,,,,,,,,,,,,,
20210910,103,,,,040,大阪支店,733,交際接待費,,,Q5,,10000,909,,000,共通部門,111,現金,,,00,,10000,0,お見舞代,,,,,,,,,,,,,,,,,,,,,,,,,,,,,,,,,,,,,,,,,,,,,,,,,,,,,,
20210910,142,,,,000,共通部門,301,支払手形,,,00,,2653685,0,,000,共通部門,121,当座預金,1,ABC銀行,00,,2653685,0,手形期日落日 青凪商事株式会社,,,,,,,,,,,,,,,,,,,,,,,,,,,,,,,,,,,,,,,,,,,,,,,,,,,,,,
20210910,143,,,,040,大阪支店,740,車両費,,,Q5,,22000,2000,,000,共通部門,111,現金,,,00,,22000,0,点検作業料,,,,,,,,,,,,,,,,,,,,,,,,,,,,,,,,,,,,,,,,,,,,,,,,,,,,,,
20210910,162,,,,020,東京支店,734,会議費,,,Q5,,24995,2272,,000,共通部門,111,現金,,,00,,24995,0,会議　食事代,,,,,,,,,,,,,,,,,,,,,,,,,,,,,,,,,,,,,,,,,,,,,,,,,,,,,,
20210910,168,,,,050,九州営業所,791,雑費,,,Q5,,6000,545,,000,共通部門,322,未払金,,,00,,48858,0,有線,,,,,,,,,,,,,,,,,,,,,,,,,,,,,,,,,,,,,,,,,,,,,,,,,,,,,,
20210910,168,,,,050,九州営業所,791,雑費,,,Q5,,42858,3896,,,,,,,,,,,,警備料,,,,,,,,,,,,,,,,,,,,,,,,,,,,,,,,,,,,,,,,,,,,,,,,,,,,,,
20210911,23,,,,010,札幌営業所,726,旅費交通費,,,Q5,,28448,2586,,000,共通部門,111,現金,,,00,,101440,0,旅費,,,,,,,,,,,,,,,,,,,,,,,,,,,,,,,,,,,,,,,,,,,,,,,,,,,,,,
20210911,23,,,,010,札幌営業所,726,旅費交通費,,,Q5,,33181,3016,,,,,,,,,,,,旅費,,,,,,,,,,,,,,,,,,,,,,,,,,,,,,,,,,,,,,,,,,,,,,,,,,,,,,
20210911,23,,,,010,札幌営業所,726,旅費交通費,,,Q5,,39811,3619,,,,,,,,,,,,旅費,,,,,,,,,,,,,,,,,,,,,,,,,,,,,,,,,,,,,,,,,,,,,,,,,,,,,,
20210911,33,,,,010,札幌営業所,747,地代家賃,,,Q5,,320000,29090,,000,共通部門,131,普通預金,10,DEF銀行 駅前,00,,320000,0,家賃支払い,,,,,,,,,,,,,,,,,,,,,,,,,,,,,,,,,,,,,,,,,,,,,,,,,,,,,,
20210911,33,,,,010,札幌営業所,727,通信費,,,Q5,,169240,15385,,000,共通部門,131,普通預金,10,DEF銀行 駅前,00,,169240,0,電話代,,,,,,,,,,,,,,,,,,,,,,,,,,,,,,,,,,,,,,,,,,,,,,,,,,,,,,
20210911,45,,,,020,東京支店,733,交際接待費,,,Q5,,17360,1578,,000,共通部門,111,現金,,,00,,17360,0,飲食代 架空店舗078 4名,,,,,,,,,,,,,,,,,,,,,,,,,,,,,,,,,,,,,,,,,,,,,,,,,,,,,,
20210911,58,,,,020,東京支店,726,旅費交通費,,,Q5,,90200,8200,,000,共通部門,111,現金,,,00,,90200,0,旅費,,,,,,,,,,,,,,,,,,,,,,,,,,,,,,,,,,,,,,,,,,,,,,,,,,,,,,
20210911,63,,,,020,東京支店,747,地代家賃,,,Q5,,1260000,114545,,000,共通部門,131,普通預金,20,ABC銀行 本店,00,,1260000,0,家賃支払,,,,,,,,,,,,,,,,,,,,,,,,,,,,,,,,,,,,,,,,,,,,,,,,,,,,,,
20210911,64,,,,040,大阪支店,747,地代家賃,,,Q5,,840000,76363,,000,共通部門,131,普通預金,40,JKL銀行 梅田,00,,840000,0,家賃支払,,,,,,,,,,,,,,,,,,,,,,,,,,,,,,,,,,,,,,,,,,,,,,,,,,,,,,
20210911,112,,,,040,大阪支店,727,通信費,,,Q5,,167604,15236,,000,共通部門,131,普通預金,40,JKL銀行 梅田,00,,167604,0,電話代,,,,,,,,,,,,,,,,,,,,,,,,,,,,,,,,,,,,,,,,,,,,,,,,,,,,,,
20210911,129,,,,030,名古屋支店,747,地代家賃,,,Q5,,399000,36272,,000,共通部門,131,普通預金,30,GHI銀行 名古屋,00,,399000,0,家賃支払い,,,,,,,,,,,,,,,,,,,,,,,,,,,,,,,,,,,,,,,,,,,,,,,,,,,,,,
20210911,156,,,,050,九州営業所,726,旅費交通費,,,Q5,,7000,636,,000,共通部門,111,現金,,,00,,7000,0,出張旅費,,,,,,,,,,,,,,,,,,,,,,,,,,,,,,,,,,,,,,,,,,,,,,,,,,,,,,
20210911,161,,,,050,九州営業所,726,旅費交通費,,,Q5,,4300,390,,000,共通部門,111,現金,,,00,,4300,0,旅費,,,,,,,,,,,,,,,,,,,,,,,,,,,,,,,,,,,,,,,,,,,,,,,,,,,,,,
20210911,167,,,,050,九州営業所,747,地代家賃,,,Q5,,630000,57272,,000,共通部門,131,普通預金,50,MNO銀行 北九州,00,,630000,0,家賃支払い,,,,,,,,,,,,,,,,,,,,,,,,,,,,,,,,,,,,,,,,,,,,,,,,,,,,,,
20210911,167,,,,050,九州営業所,727,通信費,,,Q5,,110745,10067,,000,共通部門,131,普通預金,50,MNO銀行 北九州,00,,110745,0,電話代,,,,,,,,,,,,,,,,,,,,,,,,,,,,,,,,,,,,,,,,,,,,,,,,,,,,,,
20210912,1,,,,000,共通部門,151,電子記録債権,,,00,,40000,0,,000,共通部門,152,売掛金,1,株式会社若葉百貨店,00,,40000,0,"発生記録により、電子記録債権40,000円が発生",,,,,,,,,,,,,,,,,,,,,,,,,,,,,,,,,,,,,,,,,,,,,,,,,,,,,,
20210912,11,,,,010,札幌営業所,740,車両費,,,Q5,,3210,291,,000,共通部門,111,現金,,,00,,3210,0,ガソリン代,,,,,,,,,,,,,,,,,,,,,,,,,,,,,,,,,,,,,,,,,,,,,,,,,,,,,,
20210912,59,,,,000,共通部門,111,現金,,,00,,1000000,0,,000,共通部門,121,当座預金,1,ABC銀行,00,,1000000,0,引き出し,,,,,,,,,,,,,,,,,,,,,,,,,,,,,,,,,,,,,,,,,,,,,,,,,,,,,,
20210912,73,,,,020,東京支店,733,交際接待費,,,Q5,,1575,143,,000,共通部門,111,現金,,,00,,1575,0,コーヒー代3名,,,,,,,,,,,,,,,,,,,,,,,,,,,,,,,,,,,,,,,,,,,,,,,,,,,,,,
20210912,104,,,,040,大阪支店,733,交際接待費,,,Q5,,1890,171,,000,共通部門,111,現金,,,00,,1890,0,コーヒー代3名,,,,,,,,,,,,,,,,,,,,,,,,,,,,,,,,,,,,,,,,,,,,,,,,,,,,,,
20210912,149,,,,030,名古屋支店,733,交際接待費,,,Q5,,1890,171,,000,共通部門,111,現金,,,00,,1890,0,コーヒー代3名,,,,,,,,,,,,,,,,,,,,,,,,,,,,,,,,,,,,,,,,,,,,,,,,,,,,,,
20210913,17,,,,010,札幌営業所,740,車両費,,,Q5,,368,33,,000,共通部門,111,現金,,,00,,368,0,駐車代,,,,,,,,,,,,,,,,,,,,,,,,,,,,,,,,,,,,,,,,,,,,,,,,,,,,,,
20210913,75,,,,010,札幌営業所,733,交際接待費,,,Q5,,7350,668,,000,共通部門,111,現金,,,00,,7350,0,ゴルフプレー代,,,,,,,,,,,,,,,,,,,,,,,,,,,,,,,,,,,,,,,,,,,,,,,,,,,,,,
20210913,152,,,,050,九州営業所,733,交際接待費,,,Q5,,1890,171,,000,共通部門,111,現金,,,00,,1890,0,コーヒー代3名,,,,,,,,,,,,,,,,,,,,,,,,,,,,,,,,,,,,,,,,,,,,,,,,,,,,,,
20210913,157,,,,050,九州営業所,726,旅費交通費,,,Q5,,26900,2445,,000,共通部門,131,普通預金,50,MNO銀行 北九州,00,,26900,0,航空券代,,,,,,,,,,,,,,,,,,,,,,,,,,,,,,,,,,,,,,,,,,,,,,,,,,,,,,
20210913,165,,,,050,九州営業所,791,雑費,,,Q5,,1311,119,,000,共通部門,111,現金,,,00,,1311,0,台所用品他,,,,,,,,,,,,,,,,,,,,,,,,,,,,,,,,,,,,,,,,,,,,,,,,,,,,,,
20210914,51,,,,020,東京支店,740,車両費,,,Q5,,3124,284,,000,共通部門,111,現金,,,00,,5744,0,高速代,,,,,,,,,,,,,,,,,,,,,,,,,,,,,,,,,,,,,,,,,,,,,,,,,,,,,,
20210914,51,,,,020,東京支店,740,車両費,,,Q5,,2620,238,,,,,,,,,,,,駐車代,,,,,,,,,,,,,,,,,,,,,,,,,,,,,,,,,,,,,,,,,,,,,,,,,,,,,,
20210914,61,,,,020,東京支店,727,通信費,,,Q5,,129673,11788,,000,共通部門,131,普通預金,20,ABC銀行 本店,00,,129673,0,電話代,,,,,,,,,,,,,,,,,,,,,,,,,,,,,,,,,,,,,,,,,,,,,,,,,,,,,,
20210914,105,,,,040,大阪支店,733,交際接待費,,,Q5,,18750,1704,,000,共通部門,111,現金,,,00,,18750,0,飲食代 架空店舗062 3名,,,,,,,,,,,,,,,,,,,,,,,,,,,,,,,,,,,,,,,,,,,,,,,,,,,,,,
20210915,82,,,,030,名古屋支店,740,車両費,,,Q5,,25780,2343,,000,共通部門,322,未払金,,,00,,25780,0,ガソリン代,,,,,,,,,,,,,,,,,,,,,,,,,,,,,,,,,,,,,,,,,,,,,,,,,,,,,,
20210915,88,,,,020,東京支店,721,雑給,,,00,,356030,0,,000,共通部門,111,現金,,,00,,349816,0,9月給与その他 0060 パート･アルバイト,,,,,,,,,,,,,,,,,,,,,,,,,,,,,,,,,,,,,,,,,,,,,,,,,,,,,,
20210915,88,,,,,,,,,,,,,,,000,共通部門,326,預り金,3,源泉税,00,,480,0,9月給与その他 0060 パート･アルバイト,,,,,,,,,,,,,,,,,,,,,,,,,,,,,,,,,,,,,,,,,,,,,,,,,,,,,,
20210915,88,,,,,,,,,,,,,,,000,共通部門,326,預り金,9,その他,00,,5734,0,9月給与その他 0060 パート･アルバイト,,,,,,,,,,,,,,,,,,,,,,,,,,,,,,,,,,,,,,,,,,,,,,,,,,,,,,
20210915,100,,,,000,共通部門,131,普通預金,50,MNO銀行 北九州,00,,1055580,0,,000,共通部門,152,売掛金,1,株式会社若葉百貨店,00,,1055580,0,9月15日伝票No304株式会社若葉百貨店,,,,,,,,,,,,,,,,,,,,,,,,,,,,,,,,,,,,,,,,,,,,,,,,,,,,,,
20210915,100,,,,050,九州営業所,741,支払手数料,,,Q5,,840,76,,000,共通部門,152,売掛金,1,株式会社若葉百貨店,00,,840,0,9月15日伝票No304株式会社若葉百貨店,,,,,,,,,,,,,,,,,,,,,,,,,,,,,,,,,,,,,,,,,,,,,,,,,,,,,,
20210915,101,,,,000,共通部門,131,普通預金,30,GHI銀行 名古屋,00,,1017205,0,,000,共通部門,152,売掛金,6,株式会社瑞穂流通,00,,1017205,0,9月15日伝票No305株式会社瑞穂流通,,,,,,,,,,,,,,,,,,,,,,,,,,,,,,,,,,,,,,,,,,,,,,,,,,,,,,
20210915,101,,,,030,名古屋支店,741,支払手数料,,,Q5,,840,76,,000,共通部門,152,売掛金,6,株式会社瑞穂流通,00,,840,0,9月15日伝票No305株式会社瑞穂流通,,,,,,,,,,,,,,,,,,,,,,,,,,,,,,,,,,,,,,,,,,,,,,,,,,,,,,
20210915,102,,,,000,共通部門,131,普通預金,40,JKL銀行 梅田,00,,709224,0,,000,共通部門,152,売掛金,8,株式会社高原マーケット,00,,709224,0,9月15日伝票No306株式会社高原マーケット,,,,,,,,,,,,,,,,,,,,,,,,,,,,,,,,,,,,,,,,,,,,,,,,,,,,,,
20210915,102,,,,040,大阪支店,741,支払手数料,,,Q5,,840,76,,000,共通部門,152,売掛金,8,株式会社高原マーケット,00,,840,0,9月15日伝票No306株式会社高原マーケット,,,,,,,,,,,,,,,,,,,,,,,,,,,,,,,,,,,,,,,,,,,,,,,,,,,,,,
20210915,103,,,,000,共通部門,131,普通預金,40,JKL銀行 梅田,00,,672280,0,,000,共通部門,152,売掛金,9,朝凪物産株式会社,00,,672280,0,9月15日伝票No307朝凪物産株式会社,,,,,,,,,,,,,,,,,,,,,,,,,,,,,,,,,,,,,,,,,,,,,,,,,,,,,,
20210915,103,,,,040,大阪支店,741,支払手数料,,,Q5,,840,76,,000,共通部門,152,売掛金,9,朝凪物産株式会社,00,,840,0,9月15日伝票No307朝凪物産株式会社,,,,,,,,,,,,,,,,,,,,,,,,,,,,,,,,,,,,,,,,,,,,,,,,,,,,,,
20210915,104,,,,000,共通部門,131,普通預金,20,ABC銀行 本店,00,,1088296,0,,000,共通部門,152,売掛金,13,星川商事株式会社,00,,1088296,0,9月15日伝票No308星川商事株式会社,,,,,,,,,,,,,,,,,,,,,,,,,,,,,,,,,,,,,,,,,,,,,,,,,,,,,,
20210915,105,,,,000,共通部門,131,普通預金,40,JKL銀行 梅田,00,,1128275,0,,000,共通部門,152,売掛金,20,清和商事株式会社,00,,1128275,0,9月15日伝票No309清和商事株式会社,,,,,,,,,,,,,,,,,,,,,,,,,,,,,,,,,,,,,,,,,,,,,,,,,,,,,,
20210915,105,,,,040,大阪支店,741,支払手数料,,,Q5,,315,28,,000,共通部門,152,売掛金,20,清和商事株式会社,00,,315,0,9月15日伝票No309清和商事株式会社,,,,,,,,,,,,,,,,,,,,,,,,,,,,,,,,,,,,,,,,,,,,,,,,,,,,,,
20210915,106,,,,000,共通部門,312,買掛金,1,株式会社北辰商事,00,,6100952,0,,000,共通部門,131,普通預金,20,ABC銀行 本店,00,,6100952,0,9月15日伝票No224株式会社北辰商事,,,,,,,,,,,,,,,,,,,,,,,,,,,,,,,,,,,,,,,,,,,,,,,,,,,,,,
20210915,117,,,,040,大阪支店,742,諸会費,,,00,,20000,0,,000,共通部門,111,現金,,,00,,20000,0,会費,,,,,,,,,,,,,,,,,,,,,,,,,,,,,,,,,,,,,,,,,,,,,,,,,,,,,,
20210916,74,,,,020,東京支店,733,交際接待費,,,Q5,,11000,1000,,000,共通部門,111,現金,,,00,,11000,0,ゴルフプレー代,,,,,,,,,,,,,,,,,,,,,,,,,,,,,,,,,,,,,,,,,,,,,,,,,,,,,,
20210916,86,,,,030,名古屋支店,726,旅費交通費,,,Q5,,7600,690,,000,共通部門,111,現金,,,00,,7600,0,タクシー代,,,,,,,,,,,,,,,,,,,,,,,,,,,,,,,,,,,,,,,,,,,,,,,,,,,,,,
20210916,130,,,,040,大阪支店,742,諸会費,,,00,,24000,0,,000,共通部門,131,普通預金,40,JKL銀行 梅田,00,,24000,0,会費,,,,,,,,,,,,,,,,,,,,,,,,,,,,,,,,,,,,,,,,,,,,,,,,,,,,,,
20210916,136,,,,040,大阪支店,791,雑費,,,Q5,,16500,1500,,000,共通部門,111,現金,,,00,,16500,0,架空清掃会社A代,,,,,,,,,,,,,,,,,,,,,,,,,,,,,,,,,,,,,,,,,,,,,,,,,,,,,,
20210917,4,,,,010,札幌営業所,732,広告宣伝費,,,Q5,,31500,2863,,000,共通部門,322,未払金,,,00,,31500,0,広告費,,,,,,,,,,,,,,,,,,,,,,,,,,,,,,,,,,,,,,,,,,,,,,,,,,,,,,
20210917,12,,,,010,札幌営業所,740,車両費,,,Q5,,7113,646,,000,共通部門,111,現金,,,00,,11128,0,ガソリン代,,,,,,,,,,,,,,,,,,,,,,,,,,,,,,,,,,,,,,,,,,,,,,,,,,,,,,
20210917,12,,,,010,札幌営業所,740,車両費,,,Q5,,4015,365,,,,,,,,,,,,ガソリン代,,,,,,,,,,,,,,,,,,,,,,,,,,,,,,,,,,,,,,,,,,,,,,,,,,,,,,
20210917,52,,,,020,東京支店,740,車両費,,,Q5,,1096,99,,000,共通部門,111,現金,,,00,,7335,0,高速代,,,,,,,,,,,,,,,,,,,,,,,,,,,,,,,,,,,,,,,,,,,,,,,,,,,,,,
20210917,52,,,,020,東京支店,740,車両費,,,Q5,,762,69,,,,,,,,,,,,駐車代,,,,,,,,,,,,,,,,,,,,,,,,,,,,,,,,,,,,,,,,,,,,,,,,,,,,,,
20210917,52,,,,020,東京支店,740,車両費,,,Q5,,5477,497,,,,,,,,,,,,ガソリン代,,,,,,,,,,,,,,,,,,,,,,,,,,,,,,,,,,,,,,,,,,,,,,,,,,,,,,
20210918,24,,,,010,札幌営業所,726,旅費交通費,,,Q5,,82620,7510,,000,共通部門,111,現金,,,00,,82620,0,架空鉄道会社A回数券,,,,,,,,,,,,,,,,,,,,,,,,,,,,,,,,,,,,,,,,,,,,,,,,,,,,,,
20210918,74,,,,020,東京支店,733,交際接待費,,,Q5,,6300,572,,000,共通部門,111,現金,,,00,,6300,0,手土産代 株式会社桜丘百貨店,,,,,,,,,,,,,,,,,,,,,,,,,,,,,,,,,,,,,,,,,,,,,,,,,,,,,,
20210918,79,,,,030,名古屋支店,724,福利厚生費,,,Q5,,39874,3624,,000,共通部門,111,現金,,,00,,39874,0,景品代,,,,,,,,,,,,,,,,,,,,,,,,,,,,,,,,,,,,,,,,,,,,,,,,,,,,,,
20210919,47,,,,020,東京支店,740,車両費,,,Q5,,3620,329,,000,共通部門,111,現金,,,00,,3620,0,ガソリン代,,,,,,,,,,,,,,,,,,,,,,,,,,,,,,,,,,,,,,,,,,,,,,,,,,,,,,
20210919,82,,,,050,九州営業所,740,車両費,,,Q5,,4602,418,,000,共通部門,111,現金,,,00,,4983,0,ガソリン代,,,,,,,,,,,,,,,,,,,,,,,,,,,,,,,,,,,,,,,,,,,,,,,,,,,,,,
20210919,82,,,,050,九州営業所,740,車両費,,,Q5,,381,34,,,,,,,,,,,,駐車代,,,,,,,,,,,,,,,,,,,,,,,,,,,,,,,,,,,,,,,,,,,,,,,,,,,,,,
20210920,1,,,,000,共通部門,724,福利厚生費,,,Q6,,21600,1600,,000,共通部門,111,現金,,,00,,21600,0,残業夜食　軽減税率,,,,,,,,,,,,,,,,,,,,,,,,,,,,,,,,,,,,,,,,,,,,,,,,,,,,,,
20210920,6,,,,010,札幌営業所,732,広告宣伝費,,,Q5,,5000,454,,000,共通部門,111,現金,,,00,,5000,0,広告料,,,,,,,,,,,,,,,,,,,,,,,,,,,,,,,,,,,,,,,,,,,,,,,,,,,,,,
20210920,31,,,,010,札幌営業所,754,事務用消耗品費,,,Q5,,2813,255,,000,共通部門,322,未払金,,,00,,2813,0,コピー代,,,,,,,,,,,,,,,,,,,,,,,,,,,,,,,,,,,,,,,,,,,,,,,,,,,,,,
20210920,48,,,,020,東京支店,740,車両費,,,Q5,,4303,391,,000,共通部門,111,現金,,,00,,4303,0,ガソリン代,,,,,,,,,,,,,,,,,,,,,,,,,,,,,,,,,,,,,,,,,,,,,,,,,,,,,,
20210920,53,,,,020,東京支店,740,車両費,,,Q5,,2381,216,,000,共通部門,111,現金,,,00,,3572,0,ガソリン代,,,,,,,,,,,,,,,,,,,,,,,,,,,,,,,,,,,,,,,,,,,,,,,,,,,,,,
20210920,53,,,,020,東京支店,740,車両費,,,Q5,,1191,108,,,,,,,,,,,,高速代,,,,,,,,,,,,,,,,,,,,,,,,,,,,,,,,,,,,,,,,,,,,,,,,,,,,,,
20210920,69,,,,030,名古屋支店,791,雑費,,,Q5,,5000,454,,000,共通部門,322,未払金,,,00,,5000,0,有線,,,,,,,,,,,,,,,,,,,,,,,,,,,,,,,,,,,,,,,,,,,,,,,,,,,,,,
20210920,71,,,,020,東京支店,754,事務用消耗品費,,,Q5,,5981,543,,000,共通部門,322,未払金,,,00,,35184,0,事務用品,,,,,,,,,,,,,,,,,,,,,,,,,,,,,,,,,,,,,,,,,,,,,,,,,,,,,,
20210920,71,,,,020,東京支店,754,事務用消耗品費,,,Q5,,29203,2654,,,,,,,,,,,,カウンター料金,,,,,,,,,,,,,,,,,,,,,,,,,,,,,,,,,,,,,,,,,,,,,,,,,,,,,,
20210920,72,,,,050,九州営業所,754,事務用消耗品費,,,Q5,,6300,572,,000,共通部門,322,未払金,,,00,,6300,0,カウンター料金,,,,,,,,,,,,,,,,,,,,,,,,,,,,,,,,,,,,,,,,,,,,,,,,,,,,,,
20210920,78,,,,000,共通部門,737,消耗品費,,,Q5,,35038,3185,,000,共通部門,322,未払金,,,00,,300978,0,ファイル等,,,,,,,,,,,,,,,,,,,,,,,,,,,,,,,,,,,,,,,,,,,,,,,,,,,,,,
20210920,78,,,,000,共通部門,737,消耗品費,,,Q5,,265940,24176,,,,,,,,,,,,飲料水,,,,,,,,,,,,,,,,,,,,,,,,,,,,,,,,,,,,,,,,,,,,,,,,,,,,,,
20210920,97,,,,030,名古屋支店,754,事務用消耗品費,,,Q5,,36448,3313,,000,共通部門,322,未払金,,,00,,36448,0,コピー代,,,,,,,,,,,,,,,,,,,,,,,,,,,,,,,,,,,,,,,,,,,,,,,,,,,,,,
20210920,98,,,,030,名古屋支店,754,事務用消耗品費,,,Q5,,5123,465,,000,共通部門,322,未払金,,,00,,5123,0,事務用品,,,,,,,,,,,,,,,,,,,,,,,,,,,,,,,,,,,,,,,,,,,,,,,,,,,,,,
20210920,101,,,,040,大阪支店,732,広告宣伝費,,,Q5,,52500,4772,,000,共通部門,322,未払金,,,00,,52500,0,広告料,,,,,,,,,,,,,,,,,,,,,,,,,,,,,,,,,,,,,,,,,,,,,,,,,,,,,,
20210920,105,,,,000,共通部門,121,当座預金,1,ABC銀行,00,,10130263,0,,000,共通部門,150,受取手形,,,00,,10130263,0,手形満期 株式会社緑野百貨店 | 手形番号=R20210731-120-12;受取額に決済額を訂正,,,,,,,,,,,,,,,,,,,,,,,,,,,,,,,,,,,,,,,,,,,,,,,,,,,,,,
20210920,107,,,,000,共通部門,111,現金,,,00,,692628,0,,000,共通部門,152,売掛金,11,株式会社楓屋,00,,692628,0,9月20日伝票No310株式会社楓屋,,,,,,,,,,,,,,,,,,,,,,,,,,,,,,,,,,,,,,,,,,,,,,,,,,,,,,
20210920,107,,,,000,共通部門,131,普通預金,20,ABC銀行 本店,00,,15000000,0,,000,共通部門,121,当座預金,1,ABC銀行,00,,15000000,0,資金移動,,,,,,,,,,,,,,,,,,,,,,,,,,,,,,,,,,,,,,,,,,,,,,,,,,,,,,
20210920,108,,,,000,共通部門,131,普通預金,30,GHI銀行 名古屋,00,,2661050,0,,000,共通部門,152,売掛金,21,合同会社つばさ商店,00,,2661050,0,9月20日伝票No311合同会社つばさ商店,,,,,,,,,,,,,,,,,,,,,,,,,,,,,,,,,,,,,,,,,,,,,,,,,,,,,,
20210920,108,,,,030,名古屋支店,741,支払手数料,,,Q5,,630,57,,000,共通部門,152,売掛金,21,合同会社つばさ商店,00,,630,0,9月20日伝票No311合同会社つばさ商店,,,,,,,,,,,,,,,,,,,,,,,,,,,,,,,,,,,,,,,,,,,,,,,,,,,,,,
20210920,109,,,,000,共通部門,131,普通預金,20,ABC銀行 本店,00,,913719,0,,000,共通部門,152,売掛金,30,株式会社彩雲トレーディング,00,,913719,0,9月20日伝票No312株式会社彩雲トレーディング,,,,,,,,,,,,,,,,,,,,,,,,,,,,,,,,,,,,,,,,,,,,,,,,,,,,,,
20210920,109,,,,020,東京支店,741,支払手数料,,,Q5,,735,66,,000,共通部門,152,売掛金,30,株式会社彩雲トレーディング,00,,735,0,9月20日伝票No312株式会社彩雲トレーディング,,,,,,,,,,,,,,,,,,,,,,,,,,,,,,,,,,,,,,,,,,,,,,,,,,,,,,
20210920,110,,,,000,共通部門,312,買掛金,4,株式会社和泉流通,00,,944145,0,,000,共通部門,131,普通預金,20,ABC銀行 本店,00,,944145,0,9月20日伝票No226株式会社和泉流通,,,,,,,,,,,,,,,,,,,,,,,,,,,,,,,,,,,,,,,,,,,,,,,,,,,,,,
20210920,111,,,,000,共通部門,312,買掛金,6,株式会社日向産業,00,,3600809,0,,000,共通部門,131,普通預金,20,ABC銀行 本店,00,,3600809,0,9月20日伝票No227株式会社日向産業,,,,,,,,,,,,,,,,,,,,,,,,,,,,,,,,,,,,,,,,,,,,,,,,,,,,,,
20210920,112,,,,000,共通部門,312,買掛金,11,株式会社花園商会,00,,4398969,0,,000,共通部門,131,普通預金,20,ABC銀行 本店,00,,4398969,0,9月20日伝票No229株式会社花園商会,,,,,,,,,,,,,,,,,,,,,,,,,,,,,,,,,,,,,,,,,,,,,,,,,,,,,,
20210920,118,,,,040,大阪支店,754,事務用消耗品費,,,Q5,,7198,654,,000,共通部門,322,未払金,,,00,,7198,0,コピー代,,,,,,,,,,,,,,,,,,,,,,,,,,,,,,,,,,,,,,,,,,,,,,,,,,,,,,
20210920,135,,,,040,大阪支店,754,事務用消耗品費,,,Q5,,5730,520,,000,共通部門,322,未払金,,,00,,5730,0,事務用品,,,,,,,,,,,,,,,,,,,,,,,,,,,,,,,,,,,,,,,,,,,,,,,,,,,,,,
20210920,138,,,,040,大阪支店,740,車両費,,,Q5,,3410,310,,000,共通部門,111,現金,,,00,,24929,0,高速代,,,,,,,,,,,,,,,,,,,,,,,,,,,,,,,,,,,,,,,,,,,,,,,,,,,,,,
20210920,138,,,,040,大阪支店,740,車両費,,,Q5,,2524,229,,,,,,,,,,,,高速代,,,,,,,,,,,,,,,,,,,,,,,,,,,,,,,,,,,,,,,,,,,,,,,,,,,,,,
20210920,138,,,,040,大阪支店,740,車両費,,,Q5,,3667,333,,,,,,,,,,,,高速代,,,,,,,,,,,,,,,,,,,,,,,,,,,,,,,,,,,,,,,,,,,,,,,,,,,,,,
20210920,138,,,,040,大阪支店,740,車両費,,,Q5,,1905,173,,,,,,,,,,,,洗車代,,,,,,,,,,,,,,,,,,,,,,,,,,,,,,,,,,,,,,,,,,,,,,,,,,,,,,
20210920,138,,,,040,大阪支店,740,車両費,,,Q5,,8560,778,,,,,,,,,,,,ガソリン代,,,,,,,,,,,,,,,,,,,,,,,,,,,,,,,,,,,,,,,,,,,,,,,,,,,,,,
20210920,138,,,,040,大阪支店,740,車両費,,,Q5,,572,52,,,,,,,,,,,,ウォッシャー液代,,,,,,,,,,,,,,,,,,,,,,,,,,,,,,,,,,,,,,,,,,,,,,,,,,,,,,
20210920,138,,,,040,大阪支店,740,車両費,,,Q5,,4291,390,,,,,,,,,,,,高速代,,,,,,,,,,,,,,,,,,,,,,,,,,,,,,,,,,,,,,,,,,,,,,,,,,,,,,
20210920,141,,,,040,大阪支店,726,旅費交通費,,,Q5,,8500,772,,000,共通部門,111,現金,,,00,,8500,0,架空鉄道会社A代,,,,,,,,,,,,,,,,,,,,,,,,,,,,,,,,,,,,,,,,,,,,,,,,,,,,,,
20210920,163,,,,050,九州営業所,742,諸会費,,,00,,18000,0,,000,共通部門,111,現金,,,00,,18000,0,会費,,,,,,,,,,,,,,,,,,,,,,,,,,,,,,,,,,,,,,,,,,,,,,,,,,,,,,
20210921,34,,,,010,札幌営業所,736,水道光熱費,,,Q5,,74629,6784,,000,共通部門,131,普通預金,10,DEF銀行 駅前,00,,78875,0,電気代,,,,,,,,,,,,,,,,,,,,,,,,,,,,,,,,,,,,,,,,,,,,,,,,,,,,,,
20210921,34,,,,010,札幌営業所,736,水道光熱費,,,Q5,,4246,386,,,,,,,,,,,,水道代,,,,,,,,,,,,,,,,,,,,,,,,,,,,,,,,,,,,,,,,,,,,,,,,,,,,,,
20210921,64,,,,020,東京支店,736,水道光熱費,,,Q5,,179448,16313,,000,共通部門,131,普通預金,20,ABC銀行 本店,00,,186761,0,電気料,,,,,,,,,,,,,,,,,,,,,,,,,,,,,,,,,,,,,,,,,,,,,,,,,,,,,,
20210921,64,,,,020,東京支店,736,水道光熱費,,,Q5,,7313,664,,,,,,,,,,,,水道料,,,,,,,,,,,,,,,,,,,,,,,,,,,,,,,,,,,,,,,,,,,,,,,,,,,,,,
20210921,89,,,,030,名古屋支店,736,水道光熱費,,,Q5,,78757,7159,,000,共通部門,131,普通預金,30,GHI銀行 名古屋,00,,86005,0,電気料,,,,,,,,,,,,,,,,,,,,,,,,,,,,,,,,,,,,,,,,,,,,,,,,,,,,,,
20210921,89,,,,030,名古屋支店,736,水道光熱費,,,Q5,,3425,311,,,,,,,,,,,,水道料,,,,,,,,,,,,,,,,,,,,,,,,,,,,,,,,,,,,,,,,,,,,,,,,,,,,,,
20210921,89,,,,030,名古屋支店,736,水道光熱費,,,Q5,,3823,347,,,,,,,,,,,,ガス代,,,,,,,,,,,,,,,,,,,,,,,,,,,,,,,,,,,,,,,,,,,,,,,,,,,,,,
20210921,132,,,,040,大阪支店,736,水道光熱費,,,Q5,,107691,9790,,000,共通部門,131,普通預金,40,JKL銀行 梅田,00,,113999,0,電気代,,,,,,,,,,,,,,,,,,,,,,,,,,,,,,,,,,,,,,,,,,,,,,,,,,,,,,
20210921,132,,,,040,大阪支店,736,水道光熱費,,,Q5,,6308,573,,,,,,,,,,,,水道代,,,,,,,,,,,,,,,,,,,,,,,,,,,,,,,,,,,,,,,,,,,,,,,,,,,,,,
20210921,154,,,,050,九州営業所,733,交際接待費,,,Q5,,23610,2146,,000,共通部門,322,未払金,,,00,,57325,0,飲食代 架空店舗083 4名,,,,,,,,,,,,,,,,,,,,,,,,,,,,,,,,,,,,,,,,,,,,,,,,,,,,,,
20210921,154,,,,050,九州営業所,733,交際接待費,,,Q5,,33715,3065,,,,,,,,,,,,飲食代 架空店舗015,,,,,,,,,,,,,,,,,,,,,,,,,,,,,,,,,,,,,,,,,,,,,,,,,,,,,,
20210921,160,,,,020,東京支店,726,旅費交通費,,,Q5,,70000,6363,,000,共通部門,111,現金,,,00,,70000,0,出張旅費,,,,,,,,,,,,,,,,,,,,,,,,,,,,,,,,,,,,,,,,,,,,,,,,,,,,,,
20210921,169,,,,050,九州営業所,736,水道光熱費,,,Q5,,102337,9303,,000,共通部門,131,普通預金,50,MNO銀行 北九州,00,,107895,0,電気料,,,,,,,,,,,,,,,,,,,,,,,,,,,,,,,,,,,,,,,,,,,,,,,,,,,,,,
20210921,169,,,,050,九州営業所,736,水道光熱費,,,Q5,,5558,505,,,,,,,,,,,,水道料,,,,,,,,,,,,,,,,,,,,,,,,,,,,,,,,,,,,,,,,,,,,,,,,,,,,,,
20210922,38,,,,020,東京支店,724,福利厚生費,,,Q5,,48164,4378,,000,共通部門,322,未払金,,,00,,48164,0,宿泊費,,,,,,,,,,,,,,,,,,,,,,,,,,,,,,,,,,,,,,,,,,,,,,,,,,,,,,
20210922,61,,,,050,九州営業所,724,福利厚生費,,,Q5,,10900,990,,000,共通部門,322,未払金,,,00,,10900,0,お茶代,,,,,,,,,,,,,,,,,,,,,,,,,,,,,,,,,,,,,,,,,,,,,,,,,,,,,,
20210922,67,,,,010,札幌営業所,791,雑費,,,Q5,,1581,143,,000,共通部門,111,現金,,,00,,1581,0,ティッシュペーパー他,,,,,,,,,,,,,,,,,,,,,,,,,,,,,,,,,,,,,,,,,,,,,,,,,,,,,,
20210922,75,,,,020,東京支店,733,交際接待費,,,Q5,,10460,950,,000,共通部門,111,現金,,,00,,10460,0,飲食代 架空店舗016 2名,,,,,,,,,,,,,,,,,,,,,,,,,,,,,,,,,,,,,,,,,,,,,,,,,,,,,,
20210922,90,,,,030,名古屋支店,791,雑費,,,Q5,,10500,954,,000,共通部門,111,現金,,,00,,10500,0,架空清掃会社A代,,,,,,,,,,,,,,,,,,,,,,,,,,,,,,,,,,,,,,,,,,,,,,,,,,,,,,
20210922,95,,,,030,名古屋支店,791,雑費,,,Q5,,71675,6515,,000,共通部門,322,未払金,,,00,,71675,0,清掃料,,,,,,,,,,,,,,,,,,,,,,,,,,,,,,,,,,,,,,,,,,,,,,,,,,,,,,
20210922,107,,,,040,大阪支店,733,交際接待費,,,Q5,,10000,909,,000,共通部門,111,現金,,,00,,10000,0,お見舞い,,,,,,,,,,,,,,,,,,,,,,,,,,,,,,,,,,,,,,,,,,,,,,,,,,,,,,
20210922,153,,,,030,名古屋支店,733,交際接待費,,,Q5,,1260,114,,000,共通部門,111,現金,,,00,,1260,0,コーヒー代2名,,,,,,,,,,,,,,,,,,,,,,,,,,,,,,,,,,,,,,,,,,,,,,,,,,,,,,
20210922,166,,,,050,九州営業所,791,雑費,,,Q5,,1890,171,,000,共通部門,111,現金,,,00,,1890,0,架空清掃会社A代,,,,,,,,,,,,,,,,,,,,,,,,,,,,,,,,,,,,,,,,,,,,,,,,,,,,,,
20210923,3,,,,010,札幌営業所,724,福利厚生費,,,Q5,,28851,2622,,000,共通部門,322,未払金,,,00,,28851,0,宿泊代,,,,,,,,,,,,,,,,,,,,,,,,,,,,,,,,,,,,,,,,,,,,,,,,,,,,,,
20210923,26,,,,010,札幌営業所,726,旅費交通費,,,Q5,,11000,1000,,000,共通部門,111,現金,,,00,,11000,0,旅費,,,,,,,,,,,,,,,,,,,,,,,,,,,,,,,,,,,,,,,,,,,,,,,,,,,,,,
20210923,28,,,,010,札幌営業所,726,旅費交通費,,,Q5,,2420,220,,000,共通部門,322,未払金,,,00,,2420,0,タクシー代,,,,,,,,,,,,,,,,,,,,,,,,,,,,,,,,,,,,,,,,,,,,,,,,,,,,,,
20210923,54,,,,020,東京支店,740,車両費,,,Q5,,4600,418,,000,共通部門,111,現金,,,00,,4600,0,高速代,,,,,,,,,,,,,,,,,,,,,,,,,,,,,,,,,,,,,,,,,,,,,,,,,,,,,,
20210923,140,,,,040,大阪支店,726,旅費交通費,,,Q5,,23500,2136,,000,共通部門,111,現金,,,00,,23500,0,旅費,,,,,,,,,,,,,,,,,,,,,,,,,,,,,,,,,,,,,,,,,,,,,,,,,,,,,,
20210924,62,,,,020,東京支店,727,通信費,,,Q5,,100596,9145,,000,共通部門,131,普通預金,20,ABC銀行 本店,00,,100596,0,携帯代,,,,,,,,,,,,,,,,,,,,,,,,,,,,,,,,,,,,,,,,,,,,,,,,,,,,,,
20210924,71,,,,040,大阪支店,791,雑費,,,Q5,,963,87,,000,共通部門,111,現金,,,00,,963,0,ティッシュ代他,,,,,,,,,,,,,,,,,,,,,,,,,,,,,,,,,,,,,,,,,,,,,,,,,,,,,,
20210924,109,,,,040,大阪支店,740,車両費,,,Q5,,45400,4127,,000,共通部門,322,未払金,,,00,,45400,0,ガソリン代,,,,,,,,,,,,,,,,,,,,,,,,,,,,,,,,,,,,,,,,,,,,,,,,,,,,,,
20210924,120,,,,040,大阪支店,728,販売手数料,,,Q5,,504000,45818,,000,共通部門,322,未払金,,,00,,504000,0,業務委託費,,,,,,,,,,,,,,,,,,,,,,,,,,,,,,,,,,,,,,,,,,,,,,,,,,,,,,
20210924,144,,,,040,大阪支店,740,車両費,,,Q5,,6172,561,,000,共通部門,111,現金,,,00,,14649,0,ガソリン代,,,,,,,,,,,,,,,,,,,,,,,,,,,,,,,,,,,,,,,,,,,,,,,,,,,,,,
20210924,144,,,,040,大阪支店,740,車両費,,,Q5,,8477,770,,,,,,,,,,,,高速代,,,,,,,,,,,,,,,,,,,,,,,,,,,,,,,,,,,,,,,,,,,,,,,,,,,,,,
20210924,146,,,,050,九州営業所,728,販売手数料,,,Q5,,147000,13363,,000,共通部門,322,未払金,,,00,,147000,0,業務委託費,,,,,,,,,,,,,,,,,,,,,,,,,,,,,,,,,,,,,,,,,,,,,,,,,,,,,,
20210925,29,,,,010,札幌営業所,727,通信費,,,Q5,,94547,8595,,000,共通部門,131,普通預金,10,DEF銀行 駅前,00,,94547,0,携帯電話代,,,,,,,,,,,,,,,,,,,,,,,,,,,,,,,,,,,,,,,,,,,,,,,,,,,,,,
20210925,35,,,,010,札幌営業所,739,新聞図書費,,,Q5,,3925,356,,000,共通部門,111,現金,,,00,,3925,0,新聞代,,,,,,,,,,,,,,,,,,,,,,,,,,,,,,,,,,,,,,,,,,,,,,,,,,,,,,
20210925,78,,,,030,名古屋支店,728,販売手数料,,,Q5,,193359,17578,,000,共通部門,322,未払金,,,00,,193359,0,業務委託費支払い,,,,,,,,,,,,,,,,,,,,,,,,,,,,,,,,,,,,,,,,,,,,,,,,,,,,,,
20210925,89,,,,020,東京支店,711,役員報酬,,,00,,1720000,0,,000,共通部門,131,普通預金,20,ABC銀行 本店,00,,1130529,0,9月給与その他 0001 役員,,,,,,,,,,,,,,,,,,,,,,,,,,,,,,,,,,,,,,,,,,,,,,,,,,,,,,
20210925,89,,,,,,,,,,,,,,,000,共通部門,326,預り金,1,保険料,00,,112236,0,9月給与その他 0001 役員,,,,,,,,,,,,,,,,,,,,,,,,,,,,,,,,,,,,,,,,,,,,,,,,,,,,,,
20210925,89,,,,,,,,,,,,,,,000,共通部門,326,預り金,2,住民税,00,,171200,0,9月給与その他 0001 役員,,,,,,,,,,,,,,,,,,,,,,,,,,,,,,,,,,,,,,,,,,,,,,,,,,,,,,
20210925,89,,,,,,,,,,,,,,,000,共通部門,326,預り金,3,源泉税,00,,166343,0,9月給与その他 0001 役員,,,,,,,,,,,,,,,,,,,,,,,,,,,,,,,,,,,,,,,,,,,,,,,,,,,,,,
20210925,89,,,,,,,,,,,,,,,000,共通部門,326,預り金,4,貯蓄・保険,00,,133972,0,9月給与その他 0001 役員,,,,,,,,,,,,,,,,,,,,,,,,,,,,,,,,,,,,,,,,,,,,,,,,,,,,,,
20210925,89,,,,,,,,,,,,,,,000,共通部門,326,預り金,9,その他,00,,5720,0,9月給与その他 0001 役員,,,,,,,,,,,,,,,,,,,,,,,,,,,,,,,,,,,,,,,,,,,,,,,,,,,,,,
20210925,89,,,,020,東京支店,712,給与手当,,,00,,1810433,0,,000,共通部門,131,普通預金,20,ABC銀行 本店,00,,1357372,0,9月給与その他 0020 営業部,,,,,,,,,,,,,,,,,,,,,,,,,,,,,,,,,,,,,,,,,,,,,,,,,,,,,,
20210925,89,,,,,,,,,,,,,,,000,共通部門,326,預り金,1,保険料,00,,219315,0,9月給与その他 0020 営業部,,,,,,,,,,,,,,,,,,,,,,,,,,,,,,,,,,,,,,,,,,,,,,,,,,,,,,
20210925,89,,,,,,,,,,,,,,,000,共通部門,326,預り金,2,住民税,00,,104300,0,9月給与その他 0020 営業部,,,,,,,,,,,,,,,,,,,,,,,,,,,,,,,,,,,,,,,,,,,,,,,,,,,,,,
20210925,89,,,,,,,,,,,,,,,000,共通部門,326,預り金,3,源泉税,00,,29480,0,9月給与その他 0020 営業部,,,,,,,,,,,,,,,,,,,,,,,,,,,,,,,,,,,,,,,,,,,,,,,,,,,,,,
20210925,89,,,,,,,,,,,,,,,000,共通部門,326,預り金,4,貯蓄・保険,00,,43305,0,9月給与その他 0020 営業部,,,,,,,,,,,,,,,,,,,,,,,,,,,,,,,,,,,,,,,,,,,,,,,,,,,,,,
20210925,89,,,,,,,,,,,,,,,000,共通部門,326,預り金,9,その他,00,,56661,0,9月給与その他 0020 営業部,,,,,,,,,,,,,,,,,,,,,,,,,,,,,,,,,,,,,,,,,,,,,,,,,,,,,,
20210925,89,,,,010,札幌営業所,712,給与手当,,,00,,810566,0,,000,共通部門,131,普通預金,20,ABC銀行 本店,00,,563545,0,9月給与その他 1000 札幌営業所,,,,,,,,,,,,,,,,,,,,,,,,,,,,,,,,,,,,,,,,,,,,,,,,,,,,,,
20210925,89,,,,,,,,,,,,,,,000,共通部門,326,預り金,1,保険料,00,,96280,0,9月給与その他 1000 札幌営業所,,,,,,,,,,,,,,,,,,,,,,,,,,,,,,,,,,,,,,,,,,,,,,,,,,,,,,
20210925,89,,,,,,,,,,,,,,,000,共通部門,326,預り金,2,住民税,00,,46300,0,9月給与その他 1000 札幌営業所,,,,,,,,,,,,,,,,,,,,,,,,,,,,,,,,,,,,,,,,,,,,,,,,,,,,,,
20210925,89,,,,,,,,,,,,,,,000,共通部門,326,預り金,3,源泉税,00,,12130,0,9月給与その他 1000 札幌営業所,,,,,,,,,,,,,,,,,,,,,,,,,,,,,,,,,,,,,,,,,,,,,,,,,,,,,,
20210925,89,,,,,,,,,,,,,,,000,共通部門,326,預り金,4,貯蓄・保険,00,,50648,0,9月給与その他 1000 札幌営業所,,,,,,,,,,,,,,,,,,,,,,,,,,,,,,,,,,,,,,,,,,,,,,,,,,,,,,
20210925,89,,,,,,,,,,,,,,,000,共通部門,326,預り金,9,その他,00,,41663,0,9月給与その他 1000 札幌営業所,,,,,,,,,,,,,,,,,,,,,,,,,,,,,,,,,,,,,,,,,,,,,,,,,,,,,,
20210925,89,,,,030,名古屋支店,712,給与手当,,,00,,713000,0,,000,共通部門,131,普通預金,20,ABC銀行 本店,00,,496652,0,9月給与その他 3000 名古屋営業所,,,,,,,,,,,,,,,,,,,,,,,,,,,,,,,,,,,,,,,,,,,,,,,,,,,,,,
20210925,89,,,,,,,,,,,,,,,000,共通部門,326,預り金,1,保険料,00,,94031,0,9月給与その他 3000 名古屋営業所,,,,,,,,,,,,,,,,,,,,,,,,,,,,,,,,,,,,,,,,,,,,,,,,,,,,,,
20210925,89,,,,,,,,,,,,,,,000,共通部門,326,預り金,2,住民税,00,,42600,0,9月給与その他 3000 名古屋営業所,,,,,,,,,,,,,,,,,,,,,,,,,,,,,,,,,,,,,,,,,,,,,,,,,,,,,,
20210925,89,,,,,,,,,,,,,,,000,共通部門,326,預り金,3,源泉税,00,,5680,0,9月給与その他 3000 名古屋営業所,,,,,,,,,,,,,,,,,,,,,,,,,,,,,,,,,,,,,,,,,,,,,,,,,,,,,,
20210925,89,,,,,,,,,,,,,,,000,共通部門,326,預り金,4,貯蓄・保険,00,,40759,0,9月給与その他 3000 名古屋営業所,,,,,,,,,,,,,,,,,,,,,,,,,,,,,,,,,,,,,,,,,,,,,,,,,,,,,,
20210925,89,,,,,,,,,,,,,,,000,共通部門,326,預り金,9,その他,00,,33278,0,9月給与その他 3000 名古屋営業所,,,,,,,,,,,,,,,,,,,,,,,,,,,,,,,,,,,,,,,,,,,,,,,,,,,,,,
20210925,89,,,,040,大阪支店,712,給与手当,,,00,,936294,0,,000,共通部門,131,普通預金,20,ABC銀行 本店,00,,717802,0,9月給与その他 4000 大阪支店,,,,,,,,,,,,,,,,,,,,,,,,,,,,,,,,,,,,,,,,,,,,,,,,,,,,,,
20210925,89,,,,,,,,,,,,,,,000,共通部門,326,預り金,1,保険料,00,,121795,0,9月給与その他 4000 大阪支店,,,,,,,,,,,,,,,,,,,,,,,,,,,,,,,,,,,,,,,,,,,,,,,,,,,,,,
20210925,89,,,,,,,,,,,,,,,000,共通部門,326,預り金,2,住民税,00,,53400,0,9月給与その他 4000 大阪支店,,,,,,,,,,,,,,,,,,,,,,,,,,,,,,,,,,,,,,,,,,,,,,,,,,,,,,
20210925,89,,,,,,,,,,,,,,,000,共通部門,326,預り金,3,源泉税,00,,14710,0,9月給与その他 4000 大阪支店,,,,,,,,,,,,,,,,,,,,,,,,,,,,,,,,,,,,,,,,,,,,,,,,,,,,,,
20210925,89,,,,,,,,,,,,,,,000,共通部門,326,預り金,4,貯蓄・保険,00,,13570,0,9月給与その他 4000 大阪支店,,,,,,,,,,,,,,,,,,,,,,,,,,,,,,,,,,,,,,,,,,,,,,,,,,,,,,
20210925,89,,,,,,,,,,,,,,,000,共通部門,326,預り金,9,その他,00,,15017,0,9月給与その他 4000 大阪支店,,,,,,,,,,,,,,,,,,,,,,,,,,,,,,,,,,,,,,,,,,,,,,,,,,,,,,
20210925,89,,,,050,九州営業所,712,給与手当,,,00,,545252,0,,000,共通部門,131,普通預金,20,ABC銀行 本店,00,,412243,0,9月給与その他 5000 九州営業所,,,,,,,,,,,,,,,,,,,,,,,,,,,,,,,,,,,,,,,,,,,,,,,,,,,,,,
20210925,89,,,,,,,,,,,,,,,000,共通部門,326,預り金,1,保険料,00,,67268,0,9月給与その他 5000 九州営業所,,,,,,,,,,,,,,,,,,,,,,,,,,,,,,,,,,,,,,,,,,,,,,,,,,,,,,
20210925,89,,,,,,,,,,,,,,,000,共通部門,326,預り金,2,住民税,00,,31700,0,9月給与その他 5000 九州営業所,,,,,,,,,,,,,,,,,,,,,,,,,,,,,,,,,,,,,,,,,,,,,,,,,,,,,,
20210925,89,,,,,,,,,,,,,,,000,共通部門,326,預り金,3,源泉税,00,,6630,0,9月給与その他 5000 九州営業所,,,,,,,,,,,,,,,,,,,,,,,,,,,,,,,,,,,,,,,,,,,,,,,,,,,,,,
20210925,89,,,,,,,,,,,,,,,000,共通部門,326,預り金,4,貯蓄・保険,00,,18540,0,9月給与その他 5000 九州営業所,,,,,,,,,,,,,,,,,,,,,,,,,,,,,,,,,,,,,,,,,,,,,,,,,,,,,,
20210925,89,,,,,,,,,,,,,,,000,共通部門,326,預り金,9,その他,00,,8871,0,9月給与その他 5000 九州営業所,,,,,,,,,,,,,,,,,,,,,,,,,,,,,,,,,,,,,,,,,,,,,,,,,,,,,,
20210925,111,,,,040,大阪支店,726,旅費交通費,,,Q5,,8990,817,,000,共通部門,322,未払金,,,00,,8990,0,タクシー代,,,,,,,,,,,,,,,,,,,,,,,,,,,,,,,,,,,,,,,,,,,,,,,,,,,,,,
20210925,113,,,,000,共通部門,150,受取手形,,,00,,13866393,0,,000,共通部門,152,売掛金,2,株式会社桜丘百貨店,00,,13866393,0,9月25日伝票No313株式会社桜丘百貨店 | 売上伝票=20210831-111;手形番号=R20210925-113-2,,,,,,,,,,,,,,,,,,,,,,,,,,,,,,,,,,,,,,,,,,,,,,,,,,,,,,
20210925,114,,,,000,共通部門,131,普通預金,30,GHI銀行 名古屋,00,,1120257,0,,000,共通部門,152,売掛金,7,株式会社光彩堂商事,00,,1120257,0,9月25日伝票No314株式会社光彩堂商事,,,,,,,,,,,,,,,,,,,,,,,,,,,,,,,,,,,,,,,,,,,,,,,,,,,,,,
20210925,114,,,,030,名古屋支店,741,支払手数料,,,Q5,,735,66,,000,共通部門,152,売掛金,7,株式会社光彩堂商事,00,,735,0,9月25日伝票No314株式会社光彩堂商事,,,,,,,,,,,,,,,,,,,,,,,,,,,,,,,,,,,,,,,,,,,,,,,,,,,,,,
20210925,115,,,,000,共通部門,131,普通預金,40,JKL銀行 梅田,00,,658370,0,,000,共通部門,152,売掛金,23,株式会社杉の木商店,00,,658370,0,9月25日伝票No315株式会社杉の木商店,,,,,,,,,,,,,,,,,,,,,,,,,,,,,,,,,,,,,,,,,,,,,,,,,,,,,,
20210925,115,,,,040,大阪支店,741,支払手数料,,,Q5,,630,57,,000,共通部門,152,売掛金,23,株式会社杉の木商店,00,,630,0,9月25日伝票No315株式会社杉の木商店,,,,,,,,,,,,,,,,,,,,,,,,,,,,,,,,,,,,,,,,,,,,,,,,,,,,,,
20210925,116,,,,000,共通部門,131,普通預金,10,DEF銀行 駅前,00,,3657886,0,,000,共通部門,152,売掛金,25,株式会社ほのかマート,00,,3657886,0,9月25日伝票No316株式会社ほのかマート,,,,,,,,,,,,,,,,,,,,,,,,,,,,,,,,,,,,,,,,,,,,,,,,,,,,,,
20210925,116,,,,010,札幌営業所,741,支払手数料,,,Q5,,840,76,,000,共通部門,152,売掛金,25,株式会社ほのかマート,00,,840,0,9月25日伝票No316株式会社ほのかマート,,,,,,,,,,,,,,,,,,,,,,,,,,,,,,,,,,,,,,,,,,,,,,,,,,,,,,
20210925,121,,,,040,大阪支店,724,福利厚生費,,,Q5,,9500,863,,000,共通部門,111,現金,,,00,,9500,0,お茶代,,,,,,,,,,,,,,,,,,,,,,,,,,,,,,,,,,,,,,,,,,,,,,,,,,,,,,
20210925,131,,,,040,大阪支店,742,諸会費,,,00,,24000,0,,000,共通部門,131,普通預金,40,JKL銀行 梅田,00,,24000,0,会費,,,,,,,,,,,,,,,,,,,,,,,,,,,,,,,,,,,,,,,,,,,,,,,,,,,,,,
20210925,172,,,,010,札幌営業所,728,販売手数料,,,Q5,,87000,7909,,000,共通部門,322,未払金,,,00,,87000,0,業務委託費支払い,,,,,,,,,,,,,,,,,,,,,,,,,,,,,,,,,,,,,,,,,,,,,,,,,,,,,,
20210926,8,,,,010,札幌営業所,733,交際接待費,,,Q5,,20000,1818,,000,共通部門,111,現金,,,00,,20000,0,定例ミーティング会費,,,,,,,,,,,,,,,,,,,,,,,,,,,,,,,,,,,,,,,,,,,,,,,,,,,,,,
20210926,25,,,,010,札幌営業所,726,旅費交通費,,,Q5,,61213,5564,,000,共通部門,111,現金,,,00,,61213,0,旅費,,,,,,,,,,,,,,,,,,,,,,,,,,,,,,,,,,,,,,,,,,,,,,,,,,,,,,
20210926,72,,,,020,東京支店,739,新聞図書費,,,Q5,,2864,260,,000,共通部門,111,現金,,,00,,9078,0,新聞代,,,,,,,,,,,,,,,,,,,,,,,,,,,,,,,,,,,,,,,,,,,,,,,,,,,,,,
20210926,72,,,,020,東京支店,739,新聞図書費,,,Q5,,2815,255,,,,,,,,,,,,新聞代,,,,,,,,,,,,,,,,,,,,,,,,,,,,,,,,,,,,,,,,,,,,,,,,,,,,,,
20210926,72,,,,020,東京支店,739,新聞図書費,,,Q5,,3399,309,,,,,,,,,,,,新聞代,,,,,,,,,,,,,,,,,,,,,,,,,,,,,,,,,,,,,,,,,,,,,,,,,,,,,,
20210926,87,,,,030,名古屋支店,727,通信費,,,Q5,,44116,4010,,000,共通部門,131,普通預金,30,GHI銀行 名古屋,00,,44116,0,携帯代,,,,,,,,,,,,,,,,,,,,,,,,,,,,,,,,,,,,,,,,,,,,,,,,,,,,,,
20210926,155,,,,050,九州営業所,740,車両費,,,Q5,,7246,658,,000,共通部門,111,現金,,,00,,7246,0,ガソリン代,,,,,,,,,,,,,,,,,,,,,,,,,,,,,,,,,,,,,,,,,,,,,,,,,,,,,,
20210926,170,,,,050,九州営業所,739,新聞図書費,,,Q5,,3007,273,,000,共通部門,111,現金,,,00,,3007,0,新聞代,,,,,,,,,,,,,,,,,,,,,,,,,,,,,,,,,,,,,,,,,,,,,,,,,,,,,,
20210927,13,,,,010,札幌営業所,740,車両費,,,Q5,,93450,8495,,000,共通部門,111,現金,,,00,,93450,0,修理代,,,,,,,,,,,,,,,,,,,,,,,,,,,,,,,,,,,,,,,,,,,,,,,,,,,,,,
20210927,14,,,,010,札幌営業所,740,車両費,,,Q5,,4000,363,,000,共通部門,111,現金,,,00,,4000,0,ガソリン代,,,,,,,,,,,,,,,,,,,,,,,,,,,,,,,,,,,,,,,,,,,,,,,,,,,,,,
20210927,30,,,,010,札幌営業所,752,保険料,,,P0,,54320,0,,000,共通部門,131,普通預金,10,DEF銀行 駅前,00,,54320,0,保険料支払,,,,,,,,,,,,,,,,,,,,,,,,,,,,,,,,,,,,,,,,,,,,,,,,,,,,,,
20210927,37,,,,020,東京支店,728,販売手数料,,,Q5,,986000,89636,,000,共通部門,322,未払金,,,00,,986000,0,業務委託費,,,,,,,,,,,,,,,,,,,,,,,,,,,,,,,,,,,,,,,,,,,,,,,,,,,,,,
20210927,39,,,,020,東京支店,724,福利厚生費,,,Q5,,9000,818,,000,共通部門,111,現金,,,00,,9000,0,会費,,,,,,,,,,,,,,,,,,,,,,,,,,,,,,,,,,,,,,,,,,,,,,,,,,,,,,
20210927,60,,,,020,東京支店,726,旅費交通費,,,Q5,,21500,1954,,000,共通部門,111,現金,,,00,,21500,0,旅費,,,,,,,,,,,,,,,,,,,,,,,,,,,,,,,,,,,,,,,,,,,,,,,,,,,,,,
20210927,113,,,,040,大阪支店,727,通信費,,,Q5,,74680,6789,,000,共通部門,131,普通預金,40,JKL銀行 梅田,00,,74680,0,携帯代,,,,,,,,,,,,,,,,,,,,,,,,,,,,,,,,,,,,,,,,,,,,,,,,,,,,,,
20210927,114,,,,040,大阪支店,739,新聞図書費,,,Q5,,2540,230,,000,共通部門,111,現金,,,00,,5404,0,新聞代,,,,,,,,,,,,,,,,,,,,,,,,,,,,,,,,,,,,,,,,,,,,,,,,,,,,,,
20210927,114,,,,040,大阪支店,739,新聞図書費,,,Q5,,2864,260,,,,,,,,,,,,新聞代,,,,,,,,,,,,,,,,,,,,,,,,,,,,,,,,,,,,,,,,,,,,,,,,,,,,,,
20210927,171,,,,050,九州営業所,727,通信費,,,Q5,,55182,5016,,000,共通部門,131,普通預金,50,MNO銀行 北九州,00,,55182,0,携帯代,,,,,,,,,,,,,,,,,,,,,,,,,,,,,,,,,,,,,,,,,,,,,,,,,,,,,,
20210928,83,,,,030,名古屋支店,740,車両費,,,Q5,,48500,4409,,000,共通部門,111,現金,,,00,,48500,0,車両管理費,,,,,,,,,,,,,,,,,,,,,,,,,,,,,,,,,,,,,,,,,,,,,,,,,,,,,,
20210928,88,,,,030,名古屋支店,739,新聞図書費,,,Q5,,3568,324,,000,共通部門,111,現金,,,00,,3568,0,新聞代,,,,,,,,,,,,,,,,,,,,,,,,,,,,,,,,,,,,,,,,,,,,,,,,,,,,,,
20210928,93,,,,040,大阪支店,753,修繕維持費,,,Q5,,17850,1622,,000,共通部門,322,未払金,,,00,,17850,0,修繕費,,,,,,,,,,,,,,,,,,,,,,,,,,,,,,,,,,,,,,,,,,,,,,,,,,,,,,
20210929,81,,,,030,名古屋支店,724,福利厚生費,,,Q5,,18900,1718,,000,共通部門,322,未払金,,,00,,18900,0,お茶代,,,,,,,,,,,,,,,,,,,,,,,,,,,,,,,,,,,,,,,,,,,,,,,,,,,,,,
20210929,83,,,,050,九州営業所,740,車両費,,,Q5,,4360,396,,000,共通部門,111,現金,,,00,,4360,0,ガソリン代,,,,,,,,,,,,,,,,,,,,,,,,,,,,,,,,,,,,,,,,,,,,,,,,,,,,,,
20210929,108,,,,040,大阪支店,733,交際接待費,,,Q5,,5530,502,,000,共通部門,111,現金,,,00,,5530,0,食事代 架空店舗055,,,,,,,,,,,,,,,,,,,,,,,,,,,,,,,,,,,,,,,,,,,,,,,,,,,,,,
20210929,137,,,,040,大阪支店,791,雑費,,,Q5,,6000,545,,000,共通部門,322,未払金,,,00,,48858,0,有線,,,,,,,,,,,,,,,,,,,,,,,,,,,,,,,,,,,,,,,,,,,,,,,,,,,,,,
20210929,137,,,,040,大阪支店,791,雑費,,,Q5,,42858,3896,,,,,,,,,,,,警備料,,,,,,,,,,,,,,,,,,,,,,,,,,,,,,,,,,,,,,,,,,,,,,,,,,,,,,
20210929,137,,,,040,大阪支店,740,車両費,,,Q5,,67810,6164,,000,共通部門,131,普通預金,40,JKL銀行 梅田,00,,67810,0,高速料,,,,,,,,,,,,,,,,,,,,,,,,,,,,,,,,,,,,,,,,,,,,,,,,,,,,,,
20210929,137,,,,040,大阪支店,791,雑費,,,Q5,,73500,6681,,000,共通部門,322,未払金,,,00,,73500,0,清掃料,,,,,,,,,,,,,,,,,,,,,,,,,,,,,,,,,,,,,,,,,,,,,,,,,,,,,,
20210929,147,,,,000,共通部門,131,普通預金,20,ABC銀行 本店,00,,12000000,0,,000,共通部門,131,普通預金,10,DEF銀行 駅前,00,,4000000,0,資金移動,,,,,,,,,,,,,,,,,,,,,,,,,,,,,,,,,,,,,,,,,,,,,,,,,,,,,,
20210929,147,,,,,,,,,,,,,,,000,共通部門,131,普通預金,30,GHI銀行 名古屋,00,,3000000,0,資金移動,,,,,,,,,,,,,,,,,,,,,,,,,,,,,,,,,,,,,,,,,,,,,,,,,,,,,,
20210929,147,,,,,,,,,,,,,,,000,共通部門,131,普通預金,40,JKL銀行 梅田,00,,3000000,0,資金移動,,,,,,,,,,,,,,,,,,,,,,,,,,,,,,,,,,,,,,,,,,,,,,,,,,,,,,
20210929,147,,,,,,,,,,,,,,,000,共通部門,131,普通預金,50,MNO銀行 北九州,00,,2000000,0,資金移動,,,,,,,,,,,,,,,,,,,,,,,,,,,,,,,,,,,,,,,,,,,,,,,,,,,,,,
20210930,1,,,,010,札幌営業所,731,運賃,,,Q5,,131560,11960,,000,共通部門,322,未払金,,,00,,131560,0,運賃 架空運送会社B,,,,,,,,,,,,,,,,,,,,,,,,,,,,,,,,,,,,,,,,,,,,,,,,,,,,,,
20210930,5,,,,010,札幌営業所,732,広告宣伝費,,,Q5,,52500,4772,,000,共通部門,131,普通預金,10,DEF銀行 駅前,00,,52500,0,広告費,,,,,,,,,,,,,,,,,,,,,,,,,,,,,,,,,,,,,,,,,,,,,,,,,,,,,,
20210930,27,,,,010,札幌営業所,726,旅費交通費,,,Q5,,28362,2578,,000,共通部門,111,現金,,,00,,94073,0,旅費,,,,,,,,,,,,,,,,,,,,,,,,,,,,,,,,,,,,,,,,,,,,,,,,,,,,,,
20210930,27,,,,010,札幌営業所,726,旅費交通費,,,Q5,,27739,2521,,,,,,,,,,,,旅費,,,,,,,,,,,,,,,,,,,,,,,,,,,,,,,,,,,,,,,,,,,,,,,,,,,,,,
20210930,27,,,,010,札幌営業所,726,旅費交通費,,,Q5,,37972,3452,,,,,,,,,,,,旅費,,,,,,,,,,,,,,,,,,,,,,,,,,,,,,,,,,,,,,,,,,,,,,,,,,,,,,
20210930,36,,,,020,東京支店,731,運賃,,,Q5,,1650467,150042,,000,共通部門,322,未払金,,,00,,2460791,0,運賃 架空運送会社A,,,,,,,,,,,,,,,,,,,,,,,,,,,,,,,,,,,,,,,,,,,,,,,,,,,,,,
20210930,36,,,,020,東京支店,731,運賃,,,Q5,,810324,73665,,,,,,,,,,,,運賃 架空運送会社B,,,,,,,,,,,,,,,,,,,,,,,,,,,,,,,,,,,,,,,,,,,,,,,,,,,,,,
20210930,40,,,,020,東京支店,732,広告宣伝費,,,Q5,,50000,4545,,000,共通部門,322,未払金,,,00,,50000,0,広告掲載,,,,,,,,,,,,,,,,,,,,,,,,,,,,,,,,,,,,,,,,,,,,,,,,,,,,,,
20210930,49,,,,020,東京支店,740,車両費,,,Q5,,127620,11601,,000,共通部門,111,現金,,,00,,133349,0,ガソリン代,,,,,,,,,,,,,,,,,,,,,,,,,,,,,,,,,,,,,,,,,,,,,,,,,,,,,,
20210930,49,,,,020,東京支店,740,車両費,,,Q5,,5729,520,,,,,,,,,,,,高速代,,,,,,,,,,,,,,,,,,,,,,,,,,,,,,,,,,,,,,,,,,,,,,,,,,,,,,
20210930,63,,,,020,東京支店,752,保険料,,,P0,,81000,0,,000,共通部門,131,普通預金,20,ABC銀行 本店,00,,81000,0,保険料,,,,,,,,,,,,,,,,,,,,,,,,,,,,,,,,,,,,,,,,,,,,,,,,,,,,,,
20210930,67,,,,020,東京支店,742,諸会費,,,00,,30000,0,,000,共通部門,111,現金,,,00,,30000,0,会費支払い,,,,,,,,,,,,,,,,,,,,,,,,,,,,,,,,,,,,,,,,,,,,,,,,,,,,,,
20210930,70,,,,020,東京支店,791,雑費,,,Q5,,6000,545,,000,共通部門,322,未払金,,,00,,58381,0,有線,,,,,,,,,,,,,,,,,,,,,,,,,,,,,,,,,,,,,,,,,,,,,,,,,,,,,,
20210930,70,,,,020,東京支店,791,雑費,,,Q5,,52381,4761,,,,,,,,,,,,警備料,,,,,,,,,,,,,,,,,,,,,,,,,,,,,,,,,,,,,,,,,,,,,,,,,,,,,,
20210930,70,,,,020,東京支店,740,車両費,,,Q5,,73315,6665,,000,共通部門,111,現金,,,00,,73315,0,高速代,,,,,,,,,,,,,,,,,,,,,,,,,,,,,,,,,,,,,,,,,,,,,,,,,,,,,,
20210930,70,,,,020,東京支店,791,雑費,,,Q5,,73500,6681,,000,共通部門,322,未払金,,,00,,73500,0,清掃料,,,,,,,,,,,,,,,,,,,,,,,,,,,,,,,,,,,,,,,,,,,,,,,,,,,,,,
20210930,75,,,,000,共通部門,326,預り金,1,保険料,00,,706839,0,,000,共通部門,131,普通預金,20,ABC銀行 本店,00,,1423355,0,保険料預かり分,,,,,,,,,,,,,,,,,,,,,,,,,,,,,,,,,,,,,,,,,,,,,,,,,,,,,,
20210930,75,,,,020,東京支店,723,法定福利費,,,P0,,111192,0,,,,,,,,,,,,保険料　事業主負担分,,,,,,,,,,,,,,,,,,,,,,,,,,,,,,,,,,,,,,,,,,,,,,,,,,,,,,
20210930,75,,,,020,東京支店,723,法定福利費,,,P0,,216077,0,,,,,,,,,,,,保険料　事業主負担分,,,,,,,,,,,,,,,,,,,,,,,,,,,,,,,,,,,,,,,,,,,,,,,,,,,,,,
20210930,75,,,,010,札幌営業所,723,法定福利費,,,P0,,100704,0,,,,,,,,,,,,保険料　事業主負担分,,,,,,,,,,,,,,,,,,,,,,,,,,,,,,,,,,,,,,,,,,,,,,,,,,,,,,
20210930,75,,,,030,名古屋支店,723,法定福利費,,,P0,,92652,0,,,,,,,,,,,,保険料　事業主負担分,,,,,,,,,,,,,,,,,,,,,,,,,,,,,,,,,,,,,,,,,,,,,,,,,,,,,,
20210930,75,,,,040,大阪支店,723,法定福利費,,,P0,,119974,0,,,,,,,,,,,,保険料　事業主負担分,,,,,,,,,,,,,,,,,,,,,,,,,,,,,,,,,,,,,,,,,,,,,,,,,,,,,,
20210930,75,,,,050,九州営業所,723,法定福利費,,,P0,,66245,0,,,,,,,,,,,,保険料　事業主負担分,,,,,,,,,,,,,,,,,,,,,,,,,,,,,,,,,,,,,,,,,,,,,,,,,,,,,,
20210930,75,,,,020,東京支店,723,法定福利費,,,P0,,9672,0,,,,,,,,,,,,児童拠出金　事業主負担分,,,,,,,,,,,,,,,,,,,,,,,,,,,,,,,,,,,,,,,,,,,,,,,,,,,,,,
20210930,76,,,,030,名古屋支店,752,保険料,,,P0,,62000,0,,000,共通部門,131,普通預金,30,GHI銀行 名古屋,00,,62000,0,保険料,,,,,,,,,,,,,,,,,,,,,,,,,,,,,,,,,,,,,,,,,,,,,,,,,,,,,,
20210930,77,,,,050,九州営業所,752,保険料,,,P0,,57000,0,,000,共通部門,131,普通預金,50,MNO銀行 北九州,00,,57000,0,保険料支払い,,,,,,,,,,,,,,,,,,,,,,,,,,,,,,,,,,,,,,,,,,,,,,,,,,,,,,
20210930,77,,,,030,名古屋支店,731,運賃,,,Q5,,165420,15038,,000,共通部門,322,未払金,,,00,,165420,0,運賃,,,,,,,,,,,,,,,,,,,,,,,,,,,,,,,,,,,,,,,,,,,,,,,,,,,,,,
20210930,79,,,,,,,,,,,,,,,000,共通部門,737,消耗品費,,,00,,300978,0,消耗品費　部門配賦,,,,,,,,,,,,,,,,,,,,,,,,,,,,,,,,,,,,,,,,,,,,,,,,,,,,,,
20210930,79,,,,010,札幌営業所,737,消耗品費,,,00,,33107,0,,,,,,,,,,,,,,,,,,,,,,,,,,,,,,,,,,,,,,,,,,,,,,,,,,,,,,,,,,,,,,,,,,
20210930,79,,,,020,東京支店,737,消耗品費,,,00,,144472,0,,,,,,,,,,,,,,,,,,,,,,,,,,,,,,,,,,,,,,,,,,,,,,,,,,,,,,,,,,,,,,,,,,
20210930,79,,,,030,名古屋支店,737,消耗品費,,,00,,30097,0,,,,,,,,,,,,,,,,,,,,,,,,,,,,,,,,,,,,,,,,,,,,,,,,,,,,,,,,,,,,,,,,,,
20210930,79,,,,040,大阪支店,737,消耗品費,,,00,,72234,0,,,,,,,,,,,,,,,,,,,,,,,,,,,,,,,,,,,,,,,,,,,,,,,,,,,,,,,,,,,,,,,,,,
20210930,79,,,,050,九州営業所,737,消耗品費,,,00,,21068,0,,,,,,,,,,,,,,,,,,,,,,,,,,,,,,,,,,,,,,,,,,,,,,,,,,,,,,,,,,,,,,,,,,
20210930,87,,,,030,名古屋支店,726,旅費交通費,,,Q5,,30000,2727,,000,共通部門,111,現金,,,00,,30000,0,旅費,,,,,,,,,,,,,,,,,,,,,,,,,,,,,,,,,,,,,,,,,,,,,,,,,,,,,,
20210930,90,,,,000,共通部門,322,未払金,,,00,,7181008,0,,000,共通部門,131,普通預金,20,ABC銀行 本店,00,,7181008,0,8月分支払,,,,,,,,,,,,,,,,,,,,,,,,,,,,,,,,,,,,,,,,,,,,,,,,,,,,,,
20210930,96,,,,030,名古屋支店,791,雑費,,,Q5,,22470,2042,,000,共通部門,131,普通預金,30,GHI銀行 名古屋,00,,22470,0,警備料,,,,,,,,,,,,,,,,,,,,,,,,,,,,,,,,,,,,,,,,,,,,,,,,,,,,,,
20210930,99,,,,040,大阪支店,731,運賃,,,Q5,,632040,57458,,000,共通部門,322,未払金,,,00,,632040,0,運賃,,,,,,,,,,,,,,,,,,,,,,,,,,,,,,,,,,,,,,,,,,,,,,,,,,,,,,
20210930,100,,,,040,大阪支店,724,福利厚生費,,,Q5,,6000,545,,000,共通部門,111,現金,,,00,,6000,0,会費,,,,,,,,,,,,,,,,,,,,,,,,,,,,,,,,,,,,,,,,,,,,,,,,,,,,,,
20210930,115,,,,040,大阪支店,752,保険料,,,P0,,64500,0,,000,共通部門,131,普通預金,40,JKL銀行 梅田,00,,64500,0,保険料,,,,,,,,,,,,,,,,,,,,,,,,,,,,,,,,,,,,,,,,,,,,,,,,,,,,,,
20210930,117,,,,000,共通部門,152,売掛金,25,株式会社ほのかマート,00,,4531280,0,,010,札幌営業所,511,売上高,,,B5,,4531280,411934,9月1日～9月30日分売上,,,,,,,,,,,,,,,,,,,,,,,,,,,,,,,,,,,,,,,,,,,,,,,,,,,,,,
20210930,117,,,,000,共通部門,152,売掛金,14,株式会社花咲商事,00,,1121960,0,,010,札幌営業所,511,売上高,,,B5,,1121960,101996,9月1日～9月30日分売上,,,,,,,,,,,,,,,,,,,,,,,,,,,,,,,,,,,,,,,,,,,,,,,,,,,,,,
20210930,117,,,,000,共通部門,152,売掛金,5,東雲商会株式会社,00,,1129600,0,,010,札幌営業所,511,売上高,,,B5,,1129600,102690,9月1日～9月30日分売上,,,,,,,,,,,,,,,,,,,,,,,,,,,,,,,,,,,,,,,,,,,,,,,,,,,,,,
20210930,118,,,,000,共通部門,152,売掛金,2,株式会社桜丘百貨店,00,,16028828,0,,020,東京支店,511,売上高,,,B5,,16028828,1457166,9月1日～9月30日分売上,,,,,,,,,,,,,,,,,,,,,,,,,,,,,,,,,,,,,,,,,,,,,,,,,,,,,,
20210930,118,,,,000,共通部門,152,売掛金,12,株式会社緑野百貨店,00,,9607109,0,,020,東京支店,511,売上高,,,B5,,9607109,873373,9月1日～9月30日分売上,,,,,,,,,,,,,,,,,,,,,,,,,,,,,,,,,,,,,,,,,,,,,,,,,,,,,,
20210930,118,,,,000,共通部門,152,売掛金,24,白峰商事株式会社,00,,670364,0,,020,東京支店,511,売上高,,,B5,,670364,60942,9月1日～9月30日分売上,,,,,,,,,,,,,,,,,,,,,,,,,,,,,,,,,,,,,,,,,,,,,,,,,,,,,,
20210930,118,,,,000,共通部門,152,売掛金,11,株式会社楓屋,00,,311649,0,,020,東京支店,511,売上高,,,B5,,311649,28331,9月1日～9月30日分売上,,,,,,,,,,,,,,,,,,,,,,,,,,,,,,,,,,,,,,,,,,,,,,,,,,,,,,
20210930,118,,,,000,共通部門,152,売掛金,14,株式会社花咲商事,00,,1733186,0,,020,東京支店,511,売上高,,,B5,,1733186,157562,9月1日～9月30日分売上,,,,,,,,,,,,,,,,,,,,,,,,,,,,,,,,,,,,,,,,,,,,,,,,,,,,,,
20210930,118,,,,000,共通部門,152,売掛金,30,株式会社彩雲トレーディング,00,,1044756,0,,020,東京支店,511,売上高,,,B5,,1044756,94977,9月1日～9月30日分売上,,,,,,,,,,,,,,,,,,,,,,,,,,,,,,,,,,,,,,,,,,,,,,,,,,,,,,
20210930,118,,,,000,共通部門,152,売掛金,26,若松販売株式会社,00,,695408,0,,020,東京支店,511,売上高,,,B5,,695408,63218,9月1日～9月30日分売上,,,,,,,,,,,,,,,,,,,,,,,,,,,,,,,,,,,,,,,,,,,,,,,,,,,,,,
20210930,118,,,,000,共通部門,152,売掛金,13,星川商事株式会社,00,,652365,0,,020,東京支店,511,売上高,,,B5,,652365,59305,9月1日～9月30日分売上,,,,,,,,,,,,,,,,,,,,,,,,,,,,,,,,,,,,,,,,,,,,,,,,,,,,,,
20210930,118,,,,000,共通部門,152,売掛金,10,合同会社こもれび商事,00,,342468,0,,020,東京支店,511,売上高,,,B5,,342468,31133,9月1日～9月30日分売上,,,,,,,,,,,,,,,,,,,,,,,,,,,,,,,,,,,,,,,,,,,,,,,,,,,,,,
20210930,119,,,,000,共通部門,152,売掛金,27,晴海物産株式会社,00,,893184,0,,030,名古屋支店,511,売上高,,,B5,,893184,81198,9月1日～9月30日分売上,,,,,,,,,,,,,,,,,,,,,,,,,,,,,,,,,,,,,,,,,,,,,,,,,,,,,,
20210930,119,,,,000,共通部門,152,売掛金,14,株式会社花咲商事,00,,1356786,0,,030,名古屋支店,511,売上高,,,B5,,1356786,123344,9月1日～9月30日分売上,,,,,,,,,,,,,,,,,,,,,,,,,,,,,,,,,,,,,,,,,,,,,,,,,,,,,,
20210930,119,,,,000,共通部門,152,売掛金,19,株式会社南風商会,00,,853605,0,,030,名古屋支店,511,売上高,,,B5,,853605,77600,9月1日～9月30日分売上,,,,,,,,,,,,,,,,,,,,,,,,,,,,,,,,,,,,,,,,,,,,,,,,,,,,,,
20210930,119,,,,000,共通部門,152,売掛金,21,合同会社つばさ商店,00,,438255,0,,030,名古屋支店,511,売上高,,,B5,,438255,39841,9月1日～9月30日分売上,,,,,,,,,,,,,,,,,,,,,,,,,,,,,,,,,,,,,,,,,,,,,,,,,,,,,,
20210930,119,,,,000,共通部門,152,売掛金,6,株式会社瑞穂流通,00,,1023876,0,,030,名古屋支店,511,売上高,,,B5,,1023876,93079,9月1日～9月30日分売上,,,,,,,,,,,,,,,,,,,,,,,,,,,,,,,,,,,,,,,,,,,,,,,,,,,,,,
20210930,119,,,,000,共通部門,152,売掛金,7,株式会社光彩堂商事,00,,1209600,0,,030,名古屋支店,511,売上高,,,B5,,1209600,109963,9月1日～9月30日分売上,,,,,,,,,,,,,,,,,,,,,,,,,,,,,,,,,,,,,,,,,,,,,,,,,,,,,,
20210930,120,,,,000,共通部門,152,売掛金,28,株式会社青葉百貨店,00,,5964649,0,,040,大阪支店,511,売上高,,,B5,,5964649,542240,9月1日～9月30日分売上,,,,,,,,,,,,,,,,,,,,,,,,,,,,,,,,,,,,,,,,,,,,,,,,,,,,,,
20210930,120,,,,000,共通部門,152,売掛金,8,株式会社高原マーケット,00,,988155,0,,040,大阪支店,511,売上高,,,B5,,988155,89832,9月1日～9月30日分売上,,,,,,,,,,,,,,,,,,,,,,,,,,,,,,,,,,,,,,,,,,,,,,,,,,,,,,
20210930,120,,,,000,共通部門,152,売掛金,9,朝凪物産株式会社,00,,1104280,0,,040,大阪支店,511,売上高,,,B5,,1104280,100389,9月1日～9月30日分売上,,,,,,,,,,,,,,,,,,,,,,,,,,,,,,,,,,,,,,,,,,,,,,,,,,,,,,
20210930,120,,,,000,共通部門,152,売掛金,14,株式会社花咲商事,00,,2538474,0,,040,大阪支店,511,売上高,,,B5,,2538474,230770,9月1日～9月30日分売上,,,,,,,,,,,,,,,,,,,,,,,,,,,,,,,,,,,,,,,,,,,,,,,,,,,,,,
20210930,120,,,,000,共通部門,152,売掛金,20,清和商事株式会社,00,,754274,0,,040,大阪支店,511,売上高,,,B5,,754274,68570,9月1日～9月30日分売上,,,,,,,,,,,,,,,,,,,,,,,,,,,,,,,,,,,,,,,,,,,,,,,,,,,,,,
20210930,120,,,,000,共通部門,152,売掛金,3,青凪商事株式会社,00,,282780,0,,040,大阪支店,511,売上高,,,B5,,282780,25707,9月1日～9月30日分売上,,,,,,,,,,,,,,,,,,,,,,,,,,,,,,,,,,,,,,,,,,,,,,,,,,,,,,
20210930,120,,,,000,共通部門,152,売掛金,4,株式会社ひなたマート,00,,703968,0,,040,大阪支店,511,売上高,,,B5,,703968,63997,9月1日～9月30日分売上,,,,,,,,,,,,,,,,,,,,,,,,,,,,,,,,,,,,,,,,,,,,,,,,,,,,,,
20210930,120,,,,000,共通部門,152,売掛金,23,株式会社杉の木商店,00,,542236,0,,040,大阪支店,511,売上高,,,B5,,542236,49294,9月1日～9月30日分売上,,,,,,,,,,,,,,,,,,,,,,,,,,,,,,,,,,,,,,,,,,,,,,,,,,,,,,
20210930,121,,,,000,共通部門,152,売掛金,22,株式会社豊原産業,00,,570784,0,,050,九州営業所,511,売上高,,,B5,,570784,51889,9月1日～9月30日分売上,,,,,,,,,,,,,,,,,,,,,,,,,,,,,,,,,,,,,,,,,,,,,,,,,,,,,,
20210930,121,,,,000,共通部門,152,売掛金,1,株式会社若葉百貨店,00,,1370644,0,,050,九州営業所,511,売上高,,,B5,,1370644,124604,9月1日～9月30日分売上,,,,,,,,,,,,,,,,,,,,,,,,,,,,,,,,,,,,,,,,,,,,,,,,,,,,,,
20210930,121,,,,000,共通部門,152,売掛金,14,株式会社花咲商事,00,,964280,0,,050,九州営業所,511,売上高,,,B5,,964280,87661,9月1日～9月30日分売上,,,,,,,,,,,,,,,,,,,,,,,,,,,,,,,,,,,,,,,,,,,,,,,,,,,,,,
20210930,121,,,,000,共通部門,152,売掛金,29,株式会社小春サービス,00,,496980,0,,050,九州営業所,511,売上高,,,B5,,496980,45180,9月1日～9月30日分売上,,,,,,,,,,,,,,,,,,,,,,,,,,,,,,,,,,,,,,,,,,,,,,,,,,,,,,
20210930,122,,,,000,共通部門,131,普通預金,40,JKL銀行 梅田,00,,697968,0,,000,共通部門,152,売掛金,4,株式会社ひなたマート,00,,697968,0,9月30日伝票No317株式会社ひなたマート,,,,,,,,,,,,,,,,,,,,,,,,,,,,,,,,,,,,,,,,,,,,,,,,,,,,,,
20210930,122,,,,040,大阪支店,741,支払手数料,,,Q5,,840,76,,000,共通部門,152,売掛金,4,株式会社ひなたマート,00,,840,0,9月30日伝票No317株式会社ひなたマート,,,,,,,,,,,,,,,,,,,,,,,,,,,,,,,,,,,,,,,,,,,,,,,,,,,,,,
20210930,123,,,,000,共通部門,131,普通預金,10,DEF銀行 駅前,00,,971024,0,,000,共通部門,152,売掛金,5,東雲商会株式会社,00,,971024,0,9月30日伝票No318東雲商会株式会社,,,,,,,,,,,,,,,,,,,,,,,,,,,,,,,,,,,,,,,,,,,,,,,,,,,,,,
20210930,123,,,,010,札幌営業所,741,支払手数料,,,Q5,,840,76,,000,共通部門,152,売掛金,5,東雲商会株式会社,00,,840,0,9月30日伝票No318東雲商会株式会社,,,,,,,,,,,,,,,,,,,,,,,,,,,,,,,,,,,,,,,,,,,,,,,,,,,,,,
20210930,124,,,,000,共通部門,150,受取手形,,,00,,10599606,0,,000,共通部門,152,売掛金,12,株式会社緑野百貨店,00,,10599606,0,9月30日伝票No319株式会社緑野百貨店 | 売上伝票=20210831-111;手形番号=R20210930-124-12,,,,,,,,,,,,,,,,,,,,,,,,,,,,,,,,,,,,,,,,,,,,,,,,,,,,,,
20210930,125,,,,000,共通部門,131,普通預金,20,ABC銀行 本店,00,,543950,0,,000,共通部門,152,売掛金,24,白峰商事株式会社,00,,543950,0,9月30日伝票No320白峰商事株式会社,,,,,,,,,,,,,,,,,,,,,,,,,,,,,,,,,,,,,,,,,,,,,,,,,,,,,,
20210930,125,,,,020,東京支店,741,支払手数料,,,Q5,,630,57,,000,共通部門,152,売掛金,24,白峰商事株式会社,00,,630,0,9月30日伝票No320白峰商事株式会社,,,,,,,,,,,,,,,,,,,,,,,,,,,,,,,,,,,,,,,,,,,,,,,,,,,,,,
20210930,126,,,,000,共通部門,131,普通預金,50,MNO銀行 北九州,00,,554190,0,,000,共通部門,152,売掛金,29,株式会社小春サービス,00,,554190,0,9月30日伝票No321株式会社小春サービス,,,,,,,,,,,,,,,,,,,,,,,,,,,,,,,,,,,,,,,,,,,,,,,,,,,,,,
20210930,126,,,,050,九州営業所,741,支払手数料,,,Q5,,210,19,,000,共通部門,152,売掛金,29,株式会社小春サービス,00,,210,0,9月30日伝票No321株式会社小春サービス,,,,,,,,,,,,,,,,,,,,,,,,,,,,,,,,,,,,,,,,,,,,,,,,,,,,,,
20210930,127,,,,000,共通部門,111,現金,,,00,,666376,0,,000,共通部門,152,売掛金,10,合同会社こもれび商事,00,,666376,0,9月30日伝票No455合同会社こもれび商事,,,,,,,,,,,,,,,,,,,,,,,,,,,,,,,,,,,,,,,,,,,,,,,,,,,,,,
20210930,128,,,,010,札幌営業所,738,租税公課,,,00,,2000,0,,000,共通部門,111,現金,,,00,,2000,0,収入印紙,,,,,,,,,,,,,,,,,,,,,,,,,,,,,,,,,,,,,,,,,,,,,,,,,,,,,,
20210930,128,,,,010,札幌営業所,541,商品仕入高,,,Q5,,232695,21154,,000,共通部門,312,買掛金,2,株式会社双葉物産,00,,232695,0,9月1日～9月30日分仕入,,,,,,,,,,,,,,,,,,,,,,,,,,,,,,,,,,,,,,,,,,,,,,,,,,,,,,
20210930,129,,,,020,東京支店,541,商品仕入高,,,Q5,,2868702,260791,,000,共通部門,312,買掛金,14,合同会社あかね商会,00,,2868702,0,9月1日～9月30日分仕入,,,,,,,,,,,,,,,,,,,,,,,,,,,,,,,,,,,,,,,,,,,,,,,,,,,,,,
20210930,129,,,,020,東京支店,541,商品仕入高,,,Q5,,3153847,286713,,000,共通部門,312,買掛金,3,青凪商事株式会社,00,,3153847,0,9月1日～9月30日分仕入,,,,,,,,,,,,,,,,,,,,,,,,,,,,,,,,,,,,,,,,,,,,,,,,,,,,,,
20210930,129,,,,020,東京支店,541,商品仕入高,,,Q5,,1317476,119770,,000,共通部門,312,買掛金,13,朝日野産業株式会社,00,,1317476,0,9月1日～9月30日分仕入,,,,,,,,,,,,,,,,,,,,,,,,,,,,,,,,,,,,,,,,,,,,,,,,,,,,,,
20210930,129,,,,020,東京支店,541,商品仕入高,,,Q5,,5934799,539527,,000,共通部門,312,買掛金,1,株式会社北辰商事,00,,5934799,0,9月1日～9月30日分仕入,,,,,,,,,,,,,,,,,,,,,,,,,,,,,,,,,,,,,,,,,,,,,,,,,,,,,,
20210930,129,,,,020,東京支店,541,商品仕入高,,,Q5,,4284585,389507,,000,共通部門,312,買掛金,11,株式会社花園商会,00,,4284585,0,9月1日～9月30日分仕入,,,,,,,,,,,,,,,,,,,,,,,,,,,,,,,,,,,,,,,,,,,,,,,,,,,,,,
20210930,129,,,,020,東京支店,541,商品仕入高,,,Q5,,316537,28776,,000,共通部門,312,買掛金,12,株式会社泉川商事,00,,316537,0,9月1日～9月30日分仕入,,,,,,,,,,,,,,,,,,,,,,,,,,,,,,,,,,,,,,,,,,,,,,,,,,,,,,
20210930,129,,,,020,東京支店,541,商品仕入高,,,Q5,,316108,28737,,000,共通部門,312,買掛金,8,株式会社白樺商事,00,,316108,0,9月1日～9月30日分仕入,,,,,,,,,,,,,,,,,,,,,,,,,,,,,,,,,,,,,,,,,,,,,,,,,,,,,,
20210930,129,,,,020,東京支店,541,商品仕入高,,,Q5,,392134,35648,,000,共通部門,312,買掛金,2,株式会社双葉物産,00,,392134,0,9月1日～9月30日分仕入,,,,,,,,,,,,,,,,,,,,,,,,,,,,,,,,,,,,,,,,,,,,,,,,,,,,,,
20210930,130,,,,030,名古屋支店,541,商品仕入高,,,Q5,,1819272,165388,,000,共通部門,312,買掛金,9,東原産業株式会社,00,,1819272,0,9月1日～9月30日分仕入,,,,,,,,,,,,,,,,,,,,,,,,,,,,,,,,,,,,,,,,,,,,,,,,,,,,,,
20210930,130,,,,030,名古屋支店,541,商品仕入高,,,Q5,,1178376,107125,,000,共通部門,312,買掛金,15,株式会社麦穂商事,00,,1178376,0,9月1日～9月30日分仕入,,,,,,,,,,,,,,,,,,,,,,,,,,,,,,,,,,,,,,,,,,,,,,,,,,,,,,
20210930,130,,,,030,名古屋支店,541,商品仕入高,,,Q5,,3447035,313366,,000,共通部門,312,買掛金,7,株式会社夕凪商会,00,,3447035,0,9月1日～9月30日分仕入,,,,,,,,,,,,,,,,,,,,,,,,,,,,,,,,,,,,,,,,,,,,,,,,,,,,,,
20210930,130,,,,030,名古屋支店,541,商品仕入高,,,Q5,,116347,10577,,000,共通部門,312,買掛金,2,株式会社双葉物産,00,,116347,0,9月1日～9月30日分仕入,,,,,,,,,,,,,,,,,,,,,,,,,,,,,,,,,,,,,,,,,,,,,,,,,,,,,,
20210930,130,,,,030,名古屋支店,541,商品仕入高,,,Q5,,74088,6735,,000,共通部門,312,買掛金,8,株式会社白樺商事,00,,74088,0,9月1日～9月30日分仕入,,,,,,,,,,,,,,,,,,,,,,,,,,,,,,,,,,,,,,,,,,,,,,,,,,,,,,
20210930,131,,,,040,大阪支店,541,商品仕入高,,,Q5,,3730512,339137,,000,共通部門,312,買掛金,5,千草商事株式会社,00,,3730512,0,9月1日～9月30日分仕入,,,,,,,,,,,,,,,,,,,,,,,,,,,,,,,,,,,,,,,,,,,,,,,,,,,,,,
20210930,131,,,,040,大阪支店,541,商品仕入高,,,Q5,,944145,85831,,000,共通部門,312,買掛金,4,株式会社和泉流通,00,,944145,0,9月1日～9月30日分仕入,,,,,,,,,,,,,,,,,,,,,,,,,,,,,,,,,,,,,,,,,,,,,,,,,,,,,,
20210930,131,,,,040,大阪支店,541,商品仕入高,,,Q5,,3051222,277383,,000,共通部門,312,買掛金,10,光野販売株式会社,00,,3051222,0,9月1日～9月30日分仕入,,,,,,,,,,,,,,,,,,,,,,,,,,,,,,,,,,,,,,,,,,,,,,,,,,,,,,
20210930,131,,,,040,大阪支店,541,商品仕入高,,,Q5,,3484984,316816,,000,共通部門,312,買掛金,6,株式会社日向産業,00,,3484984,0,9月1日～9月30日分仕入,,,,,,,,,,,,,,,,,,,,,,,,,,,,,,,,,,,,,,,,,,,,,,,,,,,,,,
20210930,131,,,,040,大阪支店,541,商品仕入高,,,Q5,,405060,36823,,000,共通部門,312,買掛金,2,株式会社双葉物産,00,,405060,0,9月1日～9月30日分仕入,,,,,,,,,,,,,,,,,,,,,,,,,,,,,,,,,,,,,,,,,,,,,,,,,,,,,,
20210930,131,,,,040,大阪支店,541,商品仕入高,,,Q5,,24696,2245,,000,共通部門,312,買掛金,8,株式会社白樺商事,00,,24696,0,9月1日～9月30日分仕入,,,,,,,,,,,,,,,,,,,,,,,,,,,,,,,,,,,,,,,,,,,,,,,,,,,,,,
20210930,132,,,,050,九州営業所,541,商品仕入高,,,Q5,,94801,8618,,000,共通部門,312,買掛金,2,株式会社双葉物産,00,,94801,0,9月1日～9月30日分仕入,,,,,,,,,,,,,,,,,,,,,,,,,,,,,,,,,,,,,,,,,,,,,,,,,,,,,,
20210930,133,,,,000,共通部門,312,買掛金,2,株式会社双葉物産,00,,1318601,0,,000,共通部門,131,普通預金,20,ABC銀行 本店,00,,1318601,0,9月30日伝票No231株式会社双葉物産,,,,,,,,,,,,,,,,,,,,,,,,,,,,,,,,,,,,,,,,,,,,,,,,,,,,,,
20210930,134,,,,000,共通部門,312,買掛金,5,千草商事株式会社,00,,3841014,0,,000,共通部門,301,支払手形,,,00,,3841014,0,9月30日伝票No232千草商事株式会社,,,,,,,,,,,,,,,,,,,,,,,,,,,,,,,,,,,,,,,,,,,,,,,,,,,,,,
20210930,135,,,,000,共通部門,312,買掛金,7,株式会社夕凪商会,00,,3639444,0,,000,共通部門,131,普通預金,20,ABC銀行 本店,00,,3639444,0,9月30日伝票No234株式会社夕凪商会,,,,,,,,,,,,,,,,,,,,,,,,,,,,,,,,,,,,,,,,,,,,,,,,,,,,,,
20210930,136,,,,000,共通部門,312,買掛金,9,東原産業株式会社,00,,1819272,0,,000,共通部門,301,支払手形,,,00,,1819272,0,9月30日伝票No236東原産業株式会社,,,,,,,,,,,,,,,,,,,,,,,,,,,,,,,,,,,,,,,,,,,,,,,,,,,,,,
20210930,137,,,,000,共通部門,312,買掛金,10,光野販売株式会社,00,,3148603,0,,000,共通部門,301,支払手形,,,00,,3148603,0,9月30日伝票No242光野販売株式会社,,,,,,,,,,,,,,,,,,,,,,,,,,,,,,,,,,,,,,,,,,,,,,,,,,,,,,
20210930,138,,,,000,共通部門,312,買掛金,12,株式会社泉川商事,00,,336571,0,,000,共通部門,131,普通預金,20,ABC銀行 本店,00,,336571,0,9月30日伝票No243株式会社泉川商事,,,,,,,,,,,,,,,,,,,,,,,,,,,,,,,,,,,,,,,,,,,,,,,,,,,,,,
20210930,139,,,,000,共通部門,312,買掛金,13,朝日野産業株式会社,00,,1317476,0,,000,共通部門,131,普通預金,20,ABC銀行 本店,00,,1317476,0,9月30日伝票No245朝日野産業株式会社,,,,,,,,,,,,,,,,,,,,,,,,,,,,,,,,,,,,,,,,,,,,,,,,,,,,,,
20210930,140,,,,000,共通部門,312,買掛金,14,合同会社あかね商会,00,,2953512,0,,000,共通部門,131,普通預金,20,ABC銀行 本店,00,,2953512,0,9月30日伝票No247合同会社あかね商会,,,,,,,,,,,,,,,,,,,,,,,,,,,,,,,,,,,,,,,,,,,,,,,,,,,,,,
20210930,141,,,,000,共通部門,312,買掛金,15,株式会社麦穂商事,00,,1178376,0,,000,共通部門,131,普通預金,20,ABC銀行 本店,00,,1178376,0,9月30日伝票No248株式会社麦穂商事,,,,,,,,,,,,,,,,,,,,,,,,,,,,,,,,,,,,,,,,,,,,,,,,,,,,,,
20210930,142,,,,000,共通部門,121,当座預金,1,ABC銀行,00,,5619076,0,,000,共通部門,150,受取手形,,,00,,5619076,0,手形満期 株式会社青葉百貨店 | 手形番号=R20210710-91-28;受取額に決済額を訂正,,,,,,,,,,,,,,,,,,,,,,,,,,,,,,,,,,,,,,,,,,,,,,,,,,,,,,
20210930,143,,,,000,共通部門,301,支払手形,,,00,,3766486,0,,000,共通部門,121,当座預金,1,ABC銀行,00,,3766486,0,手形期日落日 千草商事株式会社,,,,,,,,,,,,,,,,,,,,,,,,,,,,,,,,,,,,,,,,,,,,,,,,,,,,,,
20210930,143,,,,000,共通部門,301,支払手形,,,00,,1784949,0,,000,共通部門,121,当座預金,1,ABC銀行,00,,1784949,0,手形期日落日 東原産業株式会社,,,,,,,,,,,,,,,,,,,,,,,,,,,,,,,,,,,,,,,,,,,,,,,,,,,,,,
20210930,143,,,,000,共通部門,301,支払手形,,,00,,3086761,0,,000,共通部門,121,当座預金,1,ABC銀行,00,,3086761,0,手形期日落日 光野販売株式会社,,,,,,,,,,,,,,,,,,,,,,,,,,,,,,,,,,,,,,,,,,,,,,,,,,,,,,
20210930,145,,,,050,九州営業所,731,運賃,,,Q5,,139140,12649,,000,共通部門,322,未払金,,,00,,139140,0,運賃,,,,,,,,,,,,,,,,,,,,,,,,,,,,,,,,,,,,,,,,,,,,,,,,,,,,,,
20210930,148,,,,000,共通部門,131,普通預金,20,ABC銀行 本店,00,,40000,0,,000,共通部門,183,短期貸付金,,,00,,40000,0,貸付金返済,,,,,,,,,,,,,,,,,,,,,,,,,,,,,,,,,,,,,,,,,,,,,,,,,,,,,,
20210930,149,,,,000,共通部門,148,定期積金,,,00,,500000,0,,000,共通部門,131,普通預金,20,ABC銀行 本店,00,,625000,0,定期積立金,,,,,,,,,,,,,,,,,,,,,,,,,,,,,,,,,,,,,,,,,,,,,,,,,,,,,,
20210930,149,,,,000,共通部門,248,保険積立金,,,00,,125000,0,,,,,,,,,,,,保険積立金,,,,,,,,,,,,,,,,,,,,,,,,,,,,,,,,,,,,,,,,,,,,,,,,,,,,,,
20210930,150,,,,000,共通部門,321,短期借入金,,,00,,653500,0,,000,共通部門,121,当座預金,1,ABC銀行,00,,686175,0,借入金返済,,,,,,,,,,,,,,,,,,,,,,,,,,,,,,,,,,,,,,,,,,,,,,,,,,,,,,
20210930,150,,,,020,東京支店,821,支払利息,,,P0,,32675,0,,,,,,,,,,,,利息,,,,,,,,,,,,,,,,,,,,,,,,,,,,,,,,,,,,,,,,,,,,,,,,,,,,,,
20210930,156,,,,050,九州営業所,726,旅費交通費,,,Q5,,13500,1227,,000,共通部門,111,現金,,,00,,13500,0,出張旅費,,,,,,,,,,,,,,,,,,,,,,,,,,,,,,,,,,,,,,,,,,,,,,,,,,,,,,
20210930,158,,,,040,大阪支店,726,旅費交通費,,,Q5,,6900,627,,000,共通部門,111,現金,,,00,,6900,0,出張旅費,,,,,,,,,,,,,,,,,,,,,,,,,,,,,,,,,,,,,,,,,,,,,,,,,,,,,,
20210930,990006,,,,010,札幌営業所,713,賞与,,,00,,190000,0,,010,札幌営業所,337,賞与引当金,,,00,,190000,0,サンプル定義：賞与半年均等引当 202109 部門010,,,,,,,,,,,,,,,,,,,,,,,,,,,,,,,,,,,,,,,,,,,,,,,,,,,,,,
20210930,990006,,,,020,東京支店,713,賞与,,,00,,451667,0,,020,東京支店,337,賞与引当金,,,00,,451667,0,サンプル定義：賞与半年均等引当 202109 部門020,,,,,,,,,,,,,,,,,,,,,,,,,,,,,,,,,,,,,,,,,,,,,,,,,,,,,,
20210930,990006,,,,030,名古屋支店,713,賞与,,,00,,178333,0,,030,名古屋支店,337,賞与引当金,,,00,,178333,0,サンプル定義：賞与半年均等引当 202109 部門030,,,,,,,,,,,,,,,,,,,,,,,,,,,,,,,,,,,,,,,,,,,,,,,,,,,,,,
20210930,990006,,,,040,大阪支店,713,賞与,,,00,,216667,0,,040,大阪支店,337,賞与引当金,,,00,,216667,0,サンプル定義：賞与半年均等引当 202109 部門040,,,,,,,,,,,,,,,,,,,,,,,,,,,,,,,,,,,,,,,,,,,,,,,,,,,,,,
20210930,990006,,,,050,九州営業所,713,賞与,,,00,,136667,0,,050,九州営業所,337,賞与引当金,,,00,,136667,0,サンプル定義：賞与半年均等引当 202109 部門050,,,,,,,,,,,,,,,,,,,,,,,,,,,,,,,,,,,,,,,,,,,,,,,,,,,,,,
20211001,18,,,,010,札幌営業所,726,旅費交通費,,,Q5,,26870,2442,,000,共通部門,111,現金,,,00,,26870,0,旅費,,,,,,,,,,,,,,,,,,,,,,,,,,,,,,,,,,,,,,,,,,,,,,,,,,,,,,
20211001,66,,,,020,東京支店,744,リース料,,,Q5,,209850,19077,,000,共通部門,131,普通預金,20,ABC銀行 本店,00,,209850,0,リース料,,,,,,,,,,,,,,,,,,,,,,,,,,,,,,,,,,,,,,,,,,,,,,,,,,,,,,
20211001,116,,,,040,大阪支店,744,リース料,,,Q5,,84000,7636,,000,共通部門,131,普通預金,40,JKL銀行 梅田,00,,84000,0,リース料,,,,,,,,,,,,,,,,,,,,,,,,,,,,,,,,,,,,,,,,,,,,,,,,,,,,,,
20211001,141,,,,040,大阪支店,726,旅費交通費,,,Q5,,7800,709,,000,共通部門,111,現金,,,00,,7800,0,架空鉄道会社A代,,,,,,,,,,,,,,,,,,,,,,,,,,,,,,,,,,,,,,,,,,,,,,,,,,,,,,
20211002,7,,,,010,札幌営業所,733,交際接待費,,,Q5,,12380,1125,,000,共通部門,111,現金,,,00,,12380,0,飲食代 架空店舗077 2名,,,,,,,,,,,,,,,,,,,,,,,,,,,,,,,,,,,,,,,,,,,,,,,,,,,,,,
20211002,32,,,,010,札幌営業所,754,事務用消耗品費,,,Q5,,6823,620,,000,共通部門,322,未払金,,,00,,6823,0,事務用品費,,,,,,,,,,,,,,,,,,,,,,,,,,,,,,,,,,,,,,,,,,,,,,,,,,,,,,
20211002,50,,,,020,東京支店,740,車両費,,,Q5,,1200,109,,000,共通部門,111,現金,,,00,,1200,0,駐車代,,,,,,,,,,,,,,,,,,,,,,,,,,,,,,,,,,,,,,,,,,,,,,,,,,,,,,
20211002,75,,,,020,東京支店,733,交際接待費,,,Q5,,1260,114,,000,共通部門,111,現金,,,00,,1260,0,コーヒー代2名,,,,,,,,,,,,,,,,,,,,,,,,,,,,,,,,,,,,,,,,,,,,,,,,,,,,,,
20211002,142,,,,040,大阪支店,740,車両費,,,Q5,,6229,566,,000,共通部門,111,現金,,,00,,53951,0,ガソリン代,,,,,,,,,,,,,,,,,,,,,,,,,,,,,,,,,,,,,,,,,,,,,,,,,,,,,,
20211002,142,,,,040,大阪支店,740,車両費,,,Q5,,4289,389,,,,,,,,,,,,高速代,,,,,,,,,,,,,,,,,,,,,,,,,,,,,,,,,,,,,,,,,,,,,,,,,,,,,,
20211002,142,,,,040,大阪支店,740,車両費,,,Q5,,43433,3948,,,,,,,,,,,,点検作業料,,,,,,,,,,,,,,,,,,,,,,,,,,,,,,,,,,,,,,,,,,,,,,,,,,,,,,
20211002,157,,,,050,九州営業所,726,旅費交通費,,,Q5,,55300,5027,,000,共通部門,131,普通預金,50,MNO銀行 北九州,00,,55300,0,航空券代,,,,,,,,,,,,,,,,,,,,,,,,,,,,,,,,,,,,,,,,,,,,,,,,,,,,,,
20211003,56,,,,020,東京支店,726,旅費交通費,,,Q5,,36400,3309,,000,共通部門,111,現金,,,00,,36400,0,旅費,,,,,,,,,,,,,,,,,,,,,,,,,,,,,,,,,,,,,,,,,,,,,,,,,,,,,,
20211003,75,,,,030,名古屋支店,726,旅費交通費,,,Q5,,12000,1090,,000,共通部門,111,現金,,,00,,12000,0,旅費,,,,,,,,,,,,,,,,,,,,,,,,,,,,,,,,,,,,,,,,,,,,,,,,,,,,,,
20211003,102,,,,040,大阪支店,733,交際接待費,,,Q5,,1050,95,,000,共通部門,111,現金,,,00,,1050,0,手土産代 架空店舗089,,,,,,,,,,,,,,,,,,,,,,,,,,,,,,,,,,,,,,,,,,,,,,,,,,,,,,
20211003,158,,,,040,大阪支店,726,旅費交通費,,,Q5,,13500,1227,,000,共通部門,111,現金,,,00,,13500,0,出張旅費,,,,,,,,,,,,,,,,,,,,,,,,,,,,,,,,,,,,,,,,,,,,,,,,,,,,,,
20211005,19,,,,010,札幌営業所,726,旅費交通費,,,Q5,,18970,1724,,000,共通部門,111,現金,,,00,,18970,0,旅費,,,,,,,,,,,,,,,,,,,,,,,,,,,,,,,,,,,,,,,,,,,,,,,,,,,,,,
20211005,76,,,,020,東京支店,724,福利厚生費,,,Q5,,56000,5090,,000,共通部門,322,未払金,,,00,,56000,0,制服代,,,,,,,,,,,,,,,,,,,,,,,,,,,,,,,,,,,,,,,,,,,,,,,,,,,,,,
20211005,83,,,,000,共通部門,131,普通預金,50,MNO銀行 北九州,00,,570312,0,,000,共通部門,152,売掛金,22,株式会社豊原産業,00,,570312,0,10月5日伝票No322株式会社豊原産業,,,,,,,,,,,,,,,,,,,,,,,,,,,,,,,,,,,,,,,,,,,,,,,,,,,,,,
20211005,83,,,,050,九州営業所,741,支払手数料,,,Q5,,472,42,,000,共通部門,152,売掛金,22,株式会社豊原産業,00,,472,0,10月5日伝票No322株式会社豊原産業,,,,,,,,,,,,,,,,,,,,,,,,,,,,,,,,,,,,,,,,,,,,,,,,,,,,,,
20211005,84,,,,000,共通部門,131,普通預金,20,ABC銀行 本店,00,,694936,0,,000,共通部門,152,売掛金,26,若松販売株式会社,00,,694936,0,10月5日伝票No323若松販売株式会社,,,,,,,,,,,,,,,,,,,,,,,,,,,,,,,,,,,,,,,,,,,,,,,,,,,,,,
20211005,84,,,,020,東京支店,741,支払手数料,,,Q5,,472,42,,000,共通部門,152,売掛金,26,若松販売株式会社,00,,472,0,10月5日伝票No323若松販売株式会社,,,,,,,,,,,,,,,,,,,,,,,,,,,,,,,,,,,,,,,,,,,,,,,,,,,,,,
20211005,85,,,,000,共通部門,131,普通預金,30,GHI銀行 名古屋,00,,893184,0,,000,共通部門,152,売掛金,27,晴海物産株式会社,00,,893184,0,10月5日伝票No324晴海物産株式会社,,,,,,,,,,,,,,,,,,,,,,,,,,,,,,,,,,,,,,,,,,,,,,,,,,,,,,
20211005,147,,,,050,九州営業所,740,車両費,,,Q5,,3962,360,,000,共通部門,322,未払金,,,00,,3962,0,ガソリン代,,,,,,,,,,,,,,,,,,,,,,,,,,,,,,,,,,,,,,,,,,,,,,,,,,,,,,
20211005,161,,,,050,九州営業所,726,旅費交通費,,,Q5,,6350,577,,000,共通部門,111,現金,,,00,,6350,0,旅費,,,,,,,,,,,,,,,,,,,,,,,,,,,,,,,,,,,,,,,,,,,,,,,,,,,,,,
20211005,164,,,,050,九州営業所,754,事務用消耗品費,,,Q5,,2819,256,,000,共通部門,111,現金,,,00,,2819,0,事務用品,,,,,,,,,,,,,,,,,,,,,,,,,,,,,,,,,,,,,,,,,,,,,,,,,,,,,,
20211006,42,,,,020,東京支店,733,交際接待費,,,Q5,,6320,574,,000,共通部門,111,現金,,,00,,6320,0,食事代 架空店舗052 3名,,,,,,,,,,,,,,,,,,,,,,,,,,,,,,,,,,,,,,,,,,,,,,,,,,,,,,
20211006,110,,,,040,大阪支店,726,旅費交通費,,,Q5,,2290,208,,000,共通部門,111,現金,,,00,,2290,0,タクシー代,,,,,,,,,,,,,,,,,,,,,,,,,,,,,,,,,,,,,,,,,,,,,,,,,,,,,,
20211006,149,,,,030,名古屋支店,733,交際接待費,,,Q5,,9350,850,,000,共通部門,111,現金,,,00,,9350,0,食事代 架空店舗053 3名,,,,,,,,,,,,,,,,,,,,,,,,,,,,,,,,,,,,,,,,,,,,,,,,,,,,,,
20211006,150,,,,050,九州営業所,733,交際接待費,,,Q5,,35450,3222,,000,共通部門,111,現金,,,00,,35450,0,ゴルフプレー代3名,,,,,,,,,,,,,,,,,,,,,,,,,,,,,,,,,,,,,,,,,,,,,,,,,,,,,,
20211006,152,,,,050,九州営業所,733,交際接待費,,,Q5,,24650,2240,,000,共通部門,111,現金,,,00,,24650,0,飲食代 架空店舗012,,,,,,,,,,,,,,,,,,,,,,,,,,,,,,,,,,,,,,,,,,,,,,,,,,,,,,
20211007,21,,,,010,札幌営業所,726,旅費交通費,,,Q5,,69500,6318,,000,共通部門,111,現金,,,00,,69500,0,架空鉄道会社A代,,,,,,,,,,,,,,,,,,,,,,,,,,,,,,,,,,,,,,,,,,,,,,,,,,,,,,
20211007,22,,,,010,札幌営業所,726,旅費交通費,,,Q5,,50000,4545,,000,共通部門,111,現金,,,00,,50000,0,旅費,,,,,,,,,,,,,,,,,,,,,,,,,,,,,,,,,,,,,,,,,,,,,,,,,,,,,,
20211007,43,,,,020,東京支店,733,交際接待費,,,Q5,,10000,909,,000,共通部門,111,現金,,,00,,10000,0,香典代,,,,,,,,,,,,,,,,,,,,,,,,,,,,,,,,,,,,,,,,,,,,,,,,,,,,,,
20211007,58,,,,020,東京支店,726,旅費交通費,,,Q5,,70000,6363,,000,共通部門,111,現金,,,00,,70000,0,旅費,,,,,,,,,,,,,,,,,,,,,,,,,,,,,,,,,,,,,,,,,,,,,,,,,,,,,,
20211007,133,,,,020,東京支店,746,支払報酬,,,Q5,,139710,12700,,000,共通部門,131,普通預金,20,ABC銀行 本店,00,,139710,0,税理士報酬,,,,,,,,,,,,,,,,,,,,,,,,,,,,,,,,,,,,,,,,,,,,,,,,,,,,,,
20211008,10,,,,010,札幌営業所,740,車両費,,,Q5,,500,45,,000,共通部門,111,現金,,,00,,500,0,駐車代,,,,,,,,,,,,,,,,,,,,,,,,,,,,,,,,,,,,,,,,,,,,,,,,,,,,,,
20211008,16,,,,010,札幌営業所,740,車両費,,,Q5,,3000,272,,000,共通部門,111,現金,,,00,,3000,0,洗車代,,,,,,,,,,,,,,,,,,,,,,,,,,,,,,,,,,,,,,,,,,,,,,,,,,,,,,
20211008,16,,,,010,札幌営業所,740,車両費,,,Q5,,6300,572,,000,共通部門,111,現金,,,00,,6300,0,ガソリン代,,,,,,,,,,,,,,,,,,,,,,,,,,,,,,,,,,,,,,,,,,,,,,,,,,,,,,
20211008,82,,,,030,名古屋支店,740,車両費,,,Q5,,28740,2612,,000,共通部門,322,未払金,,,00,,28740,0,ガソリン代,,,,,,,,,,,,,,,,,,,,,,,,,,,,,,,,,,,,,,,,,,,,,,,,,,,,,,
20211008,151,,,,040,大阪支店,733,交際接待費,,,Q5,,1500,136,,000,共通部門,111,現金,,,00,,1500,0,食事代 架空店舗048,,,,,,,,,,,,,,,,,,,,,,,,,,,,,,,,,,,,,,,,,,,,,,,,,,,,,,
20211009,20,,,,010,札幌営業所,726,旅費交通費,,,Q5,,41250,3750,,000,共通部門,111,現金,,,00,,41250,0,旅費,,,,,,,,,,,,,,,,,,,,,,,,,,,,,,,,,,,,,,,,,,,,,,,,,,,,,,
20211009,46,,,,020,東京支店,740,車両費,,,Q5,,6172,561,,000,共通部門,111,現金,,,00,,16649,0,ガソリン代,,,,,,,,,,,,,,,,,,,,,,,,,,,,,,,,,,,,,,,,,,,,,,,,,,,,,,
20211009,46,,,,020,東京支店,740,車両費,,,Q5,,7143,649,,,,,,,,,,,,高速代,,,,,,,,,,,,,,,,,,,,,,,,,,,,,,,,,,,,,,,,,,,,,,,,,,,,,,
20211009,46,,,,020,東京支店,740,車両費,,,Q5,,3334,303,,,,,,,,,,,,駐車代,,,,,,,,,,,,,,,,,,,,,,,,,,,,,,,,,,,,,,,,,,,,,,,,,,,,,,
20211010,33,,,,010,札幌営業所,747,地代家賃,,,Q5,,320000,29090,,000,共通部門,131,普通預金,10,DEF銀行 駅前,00,,320000,0,家賃支払い,,,,,,,,,,,,,,,,,,,,,,,,,,,,,,,,,,,,,,,,,,,,,,,,,,,,,,
20211010,33,,,,010,札幌営業所,727,通信費,,,Q5,,135486,12316,,000,共通部門,131,普通預金,10,DEF銀行 駅前,00,,135486,0,電話代,,,,,,,,,,,,,,,,,,,,,,,,,,,,,,,,,,,,,,,,,,,,,,,,,,,,,,
20211010,44,,,,020,東京支店,733,交際接待費,,,Q5,,2860,260,,000,共通部門,111,現金,,,00,,2860,0,昼食代 架空店舗039 2名,,,,,,,,,,,,,,,,,,,,,,,,,,,,,,,,,,,,,,,,,,,,,,,,,,,,,,
20211010,63,,,,000,共通部門,326,預り金,3,源泉税,00,,235453,0,,000,共通部門,131,普通預金,20,ABC銀行 本店,00,,684953,0,源泉税支払,,,,,,,,,,,,,,,,,,,,,,,,,,,,,,,,,,,,,,,,,,,,,,,,,,,,,,
20211010,63,,,,000,共通部門,326,預り金,2,住民税,00,,449500,0,,,,,,,,,,,,住民税支払,,,,,,,,,,,,,,,,,,,,,,,,,,,,,,,,,,,,,,,,,,,,,,,,,,,,,,
20211010,64,,,,020,東京支店,747,地代家賃,,,Q5,,1260000,114545,,000,共通部門,131,普通預金,20,ABC銀行 本店,00,,1260000,0,家賃支払,,,,,,,,,,,,,,,,,,,,,,,,,,,,,,,,,,,,,,,,,,,,,,,,,,,,,,
20211010,65,,,,010,札幌営業所,791,雑費,,,Q5,,5000,454,,000,共通部門,322,未払金,,,00,,39286,0,有線,,,,,,,,,,,,,,,,,,,,,,,,,,,,,,,,,,,,,,,,,,,,,,,,,,,,,,
20211010,65,,,,010,札幌営業所,791,雑費,,,Q5,,34286,3116,,,,,,,,,,,,警備料,,,,,,,,,,,,,,,,,,,,,,,,,,,,,,,,,,,,,,,,,,,,,,,,,,,,,,
20211010,65,,,,040,大阪支店,747,地代家賃,,,Q5,,840000,76363,,000,共通部門,131,普通預金,40,JKL銀行 梅田,00,,840000,0,家賃支払,,,,,,,,,,,,,,,,,,,,,,,,,,,,,,,,,,,,,,,,,,,,,,,,,,,,,,
20211010,74,,,,020,東京支店,733,交際接待費,,,Q5,,16242,1476,,000,共通部門,111,現金,,,00,,16242,0,飲食代 架空店舗080 4名,,,,,,,,,,,,,,,,,,,,,,,,,,,,,,,,,,,,,,,,,,,,,,,,,,,,,,
20211010,76,,,,030,名古屋支店,726,旅費交通費,,,Q5,,14500,1318,,000,共通部門,111,現金,,,00,,14500,0,架空鉄道会社A代,,,,,,,,,,,,,,,,,,,,,,,,,,,,,,,,,,,,,,,,,,,,,,,,,,,,,,
20211010,85,,,,030,名古屋支店,727,通信費,,,Q5,,93540,8503,,000,共通部門,131,普通預金,30,GHI銀行 名古屋,00,,93540,0,電話代,,,,,,,,,,,,,,,,,,,,,,,,,,,,,,,,,,,,,,,,,,,,,,,,,,,,,,
20211010,86,,,,000,共通部門,131,普通預金,30,GHI銀行 名古屋,00,,852870,0,,000,共通部門,152,売掛金,19,株式会社南風商会,00,,852870,0,10月10日伝票No325株式会社南風商会,,,,,,,,,,,,,,,,,,,,,,,,,,,,,,,,,,,,,,,,,,,,,,,,,,,,,,
20211010,86,,,,030,名古屋支店,741,支払手数料,,,Q5,,735,66,,000,共通部門,152,売掛金,19,株式会社南風商会,00,,735,0,10月10日伝票No325株式会社南風商会,,,,,,,,,,,,,,,,,,,,,,,,,,,,,,,,,,,,,,,,,,,,,,,,,,,,,,
20211010,87,,,,000,共通部門,150,受取手形,,,00,,5964649,0,,000,共通部門,152,売掛金,28,株式会社青葉百貨店,00,,5964649,0,10月10日伝票No326株式会社青葉百貨店 | 売上伝票=20210930-120;手形番号=R20211010-87-28,,,,,,,,,,,,,,,,,,,,,,,,,,,,,,,,,,,,,,,,,,,,,,,,,,,,,,
20211010,88,,,,000,共通部門,312,買掛金,3,青凪商事株式会社,00,,282780,0,,000,共通部門,152,売掛金,3,青凪商事株式会社,00,,282780,0,10月10日伝票No478青凪商事株式会社,,,,,,,,,,,,,,,,,,,,,,,,,,,,,,,,,,,,,,,,,,,,,,,,,,,,,,
20211010,89,,,,000,共通部門,131,普通預金,20,ABC銀行 本店,00,,7713951,0,,000,共通部門,152,売掛金,14,株式会社花咲商事,00,,7713951,0,10月10日伝票No500株式会社花咲商事東京本社,,,,,,,,,,,,,,,,,,,,,,,,,,,,,,,,,,,,,,,,,,,,,,,,,,,,,,
20211010,89,,,,020,東京支店,741,支払手数料,,,Q5,,735,66,,000,共通部門,152,売掛金,14,株式会社花咲商事,00,,735,0,10月10日伝票No500株式会社花咲商事東京本社,,,,,,,,,,,,,,,,,,,,,,,,,,,,,,,,,,,,,,,,,,,,,,,,,,,,,,
20211010,90,,,,000,共通部門,312,買掛金,3,青凪商事株式会社,00,,2871067,0,,000,共通部門,301,支払手形,,,00,,2871067,0,10月10日伝票No251青凪商事株式会社,,,,,,,,,,,,,,,,,,,,,,,,,,,,,,,,,,,,,,,,,,,,,,,,,,,,,,
20211010,91,,,,000,共通部門,312,買掛金,8,株式会社白樺商事,00,,390196,0,,000,共通部門,131,普通預金,20,ABC銀行 本店,00,,390196,0,10月10日伝票No253株式会社白樺商事,,,,,,,,,,,,,,,,,,,,,,,,,,,,,,,,,,,,,,,,,,,,,,,,,,,,,,
20211010,98,,,,000,共通部門,121,当座預金,1,ABC銀行,00,,6438740,0,,000,共通部門,150,受取手形,,,00,,6477499,0,手形割引 株式会社青葉百貨店 | 手形番号=R20210910-95-28;受取額に決済額を訂正,,,,,,,,,,,,,,,,,,,,,,,,,,,,,,,,,,,,,,,,,,,,,,,,,,,,,,
20211010,98,,,,020,東京支店,821,支払利息,,,P0,,38759,0,,,,,,,,,,,,手形割引料 | 手形番号=R20210910-95-28,,,,,,,,,,,,,,,,,,,,,,,,,,,,,,,,,,,,,,,,,,,,,,,,,,,,,,
20211010,103,,,,040,大阪支店,733,交際接待費,,,Q5,,4692,426,,000,共通部門,111,現金,,,00,,4692,0,食事代 架空店舗007 2名,,,,,,,,,,,,,,,,,,,,,,,,,,,,,,,,,,,,,,,,,,,,,,,,,,,,,,
20211010,112,,,,040,大阪支店,727,通信費,,,Q5,,144325,13120,,000,共通部門,131,普通預金,40,JKL銀行 梅田,00,,144325,0,電話代,,,,,,,,,,,,,,,,,,,,,,,,,,,,,,,,,,,,,,,,,,,,,,,,,,,,,,
20211010,129,,,,030,名古屋支店,747,地代家賃,,,Q5,,399000,36272,,000,共通部門,131,普通預金,30,GHI銀行 名古屋,00,,399000,0,家賃支払い,,,,,,,,,,,,,,,,,,,,,,,,,,,,,,,,,,,,,,,,,,,,,,,,,,,,,,
20211010,134,,,,000,共通部門,301,支払手形,,,00,,2382263,0,,000,共通部門,121,当座預金,1,ABC銀行,00,,2382263,0,手形期日落日 青凪商事株式会社,,,,,,,,,,,,,,,,,,,,,,,,,,,,,,,,,,,,,,,,,,,,,,,,,,,,,,
20211010,162,,,,020,東京支店,734,会議費,,,Q5,,24995,2272,,000,共通部門,111,現金,,,00,,24995,0,会議　食事代,,,,,,,,,,,,,,,,,,,,,,,,,,,,,,,,,,,,,,,,,,,,,,,,,,,,,,
20211010,167,,,,050,九州営業所,747,地代家賃,,,Q5,,630000,57272,,000,共通部門,131,普通預金,50,MNO銀行 北九州,00,,630000,0,家賃支払い,,,,,,,,,,,,,,,,,,,,,,,,,,,,,,,,,,,,,,,,,,,,,,,,,,,,,,
20211010,167,,,,050,九州営業所,727,通信費,,,Q5,,122482,11134,,000,共通部門,131,普通預金,50,MNO銀行 北九州,00,,122482,0,電話代,,,,,,,,,,,,,,,,,,,,,,,,,,,,,,,,,,,,,,,,,,,,,,,,,,,,,,
20211010,168,,,,050,九州営業所,791,雑費,,,Q5,,6000,545,,000,共通部門,322,未払金,,,00,,48858,0,有線,,,,,,,,,,,,,,,,,,,,,,,,,,,,,,,,,,,,,,,,,,,,,,,,,,,,,,
20211010,168,,,,050,九州営業所,791,雑費,,,Q5,,42858,3896,,,,,,,,,,,,警備料,,,,,,,,,,,,,,,,,,,,,,,,,,,,,,,,,,,,,,,,,,,,,,,,,,,,,,
20211011,73,,,,050,九州営業所,740,車両費,,,Q5,,6325,575,,000,共通部門,111,現金,,,00,,7468,0,ガソリン代,,,,,,,,,,,,,,,,,,,,,,,,,,,,,,,,,,,,,,,,,,,,,,,,,,,,,,
20211011,73,,,,050,九州営業所,740,車両費,,,Q5,,1143,103,,,,,,,,,,,,高速代,,,,,,,,,,,,,,,,,,,,,,,,,,,,,,,,,,,,,,,,,,,,,,,,,,,,,,
20211012,57,,,,020,東京支店,726,旅費交通費,,,Q5,,112300,10209,,000,共通部門,111,現金,,,00,,112300,0,架空鉄道会社A代,,,,,,,,,,,,,,,,,,,,,,,,,,,,,,,,,,,,,,,,,,,,,,,,,,,,,,
20211012,148,,,,050,九州営業所,740,車両費,,,Q5,,7065,642,,000,共通部門,111,現金,,,00,,7065,0,ガソリン代,,,,,,,,,,,,,,,,,,,,,,,,,,,,,,,,,,,,,,,,,,,,,,,,,,,,,,
20211012,154,,,,050,九州営業所,733,交際接待費,,,Q5,,1260,114,,000,共通部門,322,未払金,,,00,,1260,0,コーヒー代2名,,,,,,,,,,,,,,,,,,,,,,,,,,,,,,,,,,,,,,,,,,,,,,,,,,,,,,
20211013,11,,,,010,札幌営業所,740,車両費,,,Q5,,3210,291,,000,共通部門,111,現金,,,00,,3210,0,ガソリン代,,,,,,,,,,,,,,,,,,,,,,,,,,,,,,,,,,,,,,,,,,,,,,,,,,,,,,
20211013,51,,,,020,東京支店,740,車両費,,,Q5,,3667,333,,000,共通部門,111,現金,,,00,,13572,0,駐車代,,,,,,,,,,,,,,,,,,,,,,,,,,,,,,,,,,,,,,,,,,,,,,,,,,,,,,
20211013,51,,,,020,東京支店,740,車両費,,,Q5,,5524,502,,,,,,,,,,,,高速代,,,,,,,,,,,,,,,,,,,,,,,,,,,,,,,,,,,,,,,,,,,,,,,,,,,,,,
20211013,51,,,,020,東京支店,740,車両費,,,Q5,,4381,398,,,,,,,,,,,,ガソリン代,,,,,,,,,,,,,,,,,,,,,,,,,,,,,,,,,,,,,,,,,,,,,,,,,,,,,,
20211013,77,,,,030,名古屋支店,726,旅費交通費,,,Q5,,4000,363,,000,共通部門,111,現金,,,00,,4000,0,タクシー代,,,,,,,,,,,,,,,,,,,,,,,,,,,,,,,,,,,,,,,,,,,,,,,,,,,,,,
20211013,79,,,,030,名古屋支店,724,福利厚生費,,,Q5,,48740,4430,,000,共通部門,111,現金,,,00,,48740,0,景品代,,,,,,,,,,,,,,,,,,,,,,,,,,,,,,,,,,,,,,,,,,,,,,,,,,,,,,
20211014,23,,,,010,札幌営業所,726,旅費交通費,,,Q5,,26667,2424,,000,共通部門,111,現金,,,00,,92858,0,旅費,,,,,,,,,,,,,,,,,,,,,,,,,,,,,,,,,,,,,,,,,,,,,,,,,,,,,,
20211014,23,,,,010,札幌営業所,726,旅費交通費,,,Q5,,29524,2684,,,,,,,,,,,,旅費,,,,,,,,,,,,,,,,,,,,,,,,,,,,,,,,,,,,,,,,,,,,,,,,,,,,,,
20211014,23,,,,010,札幌営業所,726,旅費交通費,,,Q5,,36667,3333,,,,,,,,,,,,旅費,,,,,,,,,,,,,,,,,,,,,,,,,,,,,,,,,,,,,,,,,,,,,,,,,,,,,,
20211014,68,,,,010,札幌営業所,791,雑費,,,Q5,,735,66,,000,共通部門,111,現金,,,00,,735,0,トイレットペーパー他,,,,,,,,,,,,,,,,,,,,,,,,,,,,,,,,,,,,,,,,,,,,,,,,,,,,,,
20211014,159,,,,050,九州営業所,726,旅費交通費,,,Q5,,8900,809,,000,共通部門,111,現金,,,00,,8900,0,タクシー代,,,,,,,,,,,,,,,,,,,,,,,,,,,,,,,,,,,,,,,,,,,,,,,,,,,,,,
20211015,4,,,,010,札幌営業所,732,広告宣伝費,,,Q5,,31500,2863,,000,共通部門,322,未払金,,,00,,31500,0,広告費,,,,,,,,,,,,,,,,,,,,,,,,,,,,,,,,,,,,,,,,,,,,,,,,,,,,,,
20211015,60,,,,000,共通部門,111,現金,,,00,,1500000,0,,000,共通部門,121,当座預金,1,ABC銀行,00,,1500000,0,引き出し,,,,,,,,,,,,,,,,,,,,,,,,,,,,,,,,,,,,,,,,,,,,,,,,,,,,,,
20211015,80,,,,020,東京支店,721,雑給,,,00,,511380,0,,000,共通部門,111,現金,,,00,,498874,0,10月給与その他 0060 パート･アルバイト,,,,,,,,,,,,,,,,,,,,,,,,,,,,,,,,,,,,,,,,,,,,,,,,,,,,,,
20211015,80,,,,,,,,,,,,,,,000,共通部門,326,預り金,3,源泉税,00,,1340,0,10月給与その他 0060 パート･アルバイト,,,,,,,,,,,,,,,,,,,,,,,,,,,,,,,,,,,,,,,,,,,,,,,,,,,,,,
20211015,80,,,,,,,,,,,,,,,000,共通部門,326,預り金,9,その他,00,,11166,0,10月給与その他 0060 パート･アルバイト,,,,,,,,,,,,,,,,,,,,,,,,,,,,,,,,,,,,,,,,,,,,,,,,,,,,,,
20211015,92,,,,000,共通部門,131,普通預金,50,MNO銀行 北九州,00,,1369804,0,,000,共通部門,152,売掛金,1,株式会社若葉百貨店,00,,1369804,0,10月15日伝票No327株式会社若葉百貨店,,,,,,,,,,,,,,,,,,,,,,,,,,,,,,,,,,,,,,,,,,,,,,,,,,,,,,
20211015,92,,,,050,九州営業所,741,支払手数料,,,Q5,,840,76,,000,共通部門,152,売掛金,1,株式会社若葉百貨店,00,,840,0,10月15日伝票No327株式会社若葉百貨店,,,,,,,,,,,,,,,,,,,,,,,,,,,,,,,,,,,,,,,,,,,,,,,,,,,,,,
20211015,93,,,,000,共通部門,131,普通預金,30,GHI銀行 名古屋,00,,1023036,0,,000,共通部門,152,売掛金,6,株式会社瑞穂流通,00,,1023036,0,10月15日伝票No328株式会社瑞穂流通,,,,,,,,,,,,,,,,,,,,,,,,,,,,,,,,,,,,,,,,,,,,,,,,,,,,,,
20211015,93,,,,030,名古屋支店,741,支払手数料,,,Q5,,840,76,,000,共通部門,152,売掛金,6,株式会社瑞穂流通,00,,840,0,10月15日伝票No328株式会社瑞穂流通,,,,,,,,,,,,,,,,,,,,,,,,,,,,,,,,,,,,,,,,,,,,,,,,,,,,,,
20211015,94,,,,000,共通部門,131,普通預金,40,JKL銀行 梅田,00,,987315,0,,000,共通部門,152,売掛金,8,株式会社高原マーケット,00,,987315,0,10月15日伝票No329株式会社高原マーケット,,,,,,,,,,,,,,,,,,,,,,,,,,,,,,,,,,,,,,,,,,,,,,,,,,,,,,
20211015,94,,,,040,大阪支店,741,支払手数料,,,Q5,,840,76,,000,共通部門,152,売掛金,8,株式会社高原マーケット,00,,840,0,10月15日伝票No329株式会社高原マーケット,,,,,,,,,,,,,,,,,,,,,,,,,,,,,,,,,,,,,,,,,,,,,,,,,,,,,,
20211015,95,,,,000,共通部門,131,普通預金,40,JKL銀行 梅田,00,,1103440,0,,000,共通部門,152,売掛金,9,朝凪物産株式会社,00,,1103440,0,10月15日伝票No330朝凪物産株式会社,,,,,,,,,,,,,,,,,,,,,,,,,,,,,,,,,,,,,,,,,,,,,,,,,,,,,,
20211015,95,,,,040,大阪支店,741,支払手数料,,,Q5,,840,76,,000,共通部門,152,売掛金,9,朝凪物産株式会社,00,,840,0,10月15日伝票No330朝凪物産株式会社,,,,,,,,,,,,,,,,,,,,,,,,,,,,,,,,,,,,,,,,,,,,,,,,,,,,,,
20211015,96,,,,000,共通部門,131,普通預金,20,ABC銀行 本店,00,,652365,0,,000,共通部門,152,売掛金,13,星川商事株式会社,00,,652365,0,10月15日伝票No331星川商事株式会社,,,,,,,,,,,,,,,,,,,,,,,,,,,,,,,,,,,,,,,,,,,,,,,,,,,,,,
20211015,97,,,,000,共通部門,131,普通預金,40,JKL銀行 梅田,00,,753959,0,,000,共通部門,152,売掛金,20,清和商事株式会社,00,,753959,0,10月15日伝票No332清和商事株式会社,,,,,,,,,,,,,,,,,,,,,,,,,,,,,,,,,,,,,,,,,,,,,,,,,,,,,,
20211015,97,,,,040,大阪支店,741,支払手数料,,,Q5,,315,28,,000,共通部門,152,売掛金,20,清和商事株式会社,00,,315,0,10月15日伝票No332清和商事株式会社,,,,,,,,,,,,,,,,,,,,,,,,,,,,,,,,,,,,,,,,,,,,,,,,,,,,,,
20211015,98,,,,000,共通部門,312,買掛金,1,株式会社北辰商事,00,,6139436,0,,000,共通部門,131,普通預金,20,ABC銀行 本店,00,,6139436,0,10月15日伝票No255株式会社北辰商事,,,,,,,,,,,,,,,,,,,,,,,,,,,,,,,,,,,,,,,,,,,,,,,,,,,,,,
20211015,117,,,,040,大阪支店,742,諸会費,,,00,,20000,0,,000,共通部門,111,現金,,,00,,20000,0,会費,,,,,,,,,,,,,,,,,,,,,,,,,,,,,,,,,,,,,,,,,,,,,,,,,,,,,,
20211015,130,,,,040,大阪支店,742,諸会費,,,00,,24000,0,,000,共通部門,131,普通預金,40,JKL銀行 梅田,00,,24000,0,会費,,,,,,,,,,,,,,,,,,,,,,,,,,,,,,,,,,,,,,,,,,,,,,,,,,,,,,
20211016,61,,,,020,東京支店,727,通信費,,,Q5,,130163,11833,,000,共通部門,131,普通預金,20,ABC銀行 本店,00,,130163,0,電話代,,,,,,,,,,,,,,,,,,,,,,,,,,,,,,,,,,,,,,,,,,,,,,,,,,,,,,
20211016,94,,,,030,名古屋支店,791,雑費,,,Q5,,3000,272,,000,共通部門,111,現金,,,00,,4434,0,トイレットペーパー代,,,,,,,,,,,,,,,,,,,,,,,,,,,,,,,,,,,,,,,,,,,,,,,,,,,,,,
20211016,94,,,,030,名古屋支店,791,雑費,,,Q5,,1434,130,,,,,,,,,,,,電池代,,,,,,,,,,,,,,,,,,,,,,,,,,,,,,,,,,,,,,,,,,,,,,,,,,,,,,
20211016,136,,,,040,大阪支店,791,雑費,,,Q5,,16500,1500,,000,共通部門,111,現金,,,00,,16500,0,架空清掃会社A代,,,,,,,,,,,,,,,,,,,,,,,,,,,,,,,,,,,,,,,,,,,,,,,,,,,,,,
20211017,47,,,,020,東京支店,740,車両費,,,Q5,,2540,230,,000,共通部門,111,現金,,,00,,2540,0,ガソリン代,,,,,,,,,,,,,,,,,,,,,,,,,,,,,,,,,,,,,,,,,,,,,,,,,,,,,,
20211017,69,,,,020,東京支店,791,雑費,,,Q5,,2870,260,,000,共通部門,111,現金,,,00,,2870,0,洗剤他,,,,,,,,,,,,,,,,,,,,,,,,,,,,,,,,,,,,,,,,,,,,,,,,,,,,,,
20211018,12,,,,010,札幌営業所,740,車両費,,,Q5,,4678,425,,000,共通部門,111,現金,,,00,,4678,0,ガソリン代,,,,,,,,,,,,,,,,,,,,,,,,,,,,,,,,,,,,,,,,,,,,,,,,,,,,,,
20211018,12,,,,010,札幌営業所,740,車両費,,,Q5,,2428,220,,000,共通部門,111,現金,,,00,,2428,0,高速代,,,,,,,,,,,,,,,,,,,,,,,,,,,,,,,,,,,,,,,,,,,,,,,,,,,,,,
20211018,52,,,,020,東京支店,740,車両費,,,Q5,,2191,199,,000,共通部門,111,現金,,,00,,3906,0,高速代,,,,,,,,,,,,,,,,,,,,,,,,,,,,,,,,,,,,,,,,,,,,,,,,,,,,,,
20211018,52,,,,020,東京支店,740,車両費,,,Q5,,1715,155,,,,,,,,,,,,駐車代,,,,,,,,,,,,,,,,,,,,,,,,,,,,,,,,,,,,,,,,,,,,,,,,,,,,,,
20211018,86,,,,030,名古屋支店,727,通信費,,,Q5,,8000,727,,000,共通部門,111,現金,,,00,,8000,0,切手代,,,,,,,,,,,,,,,,,,,,,,,,,,,,,,,,,,,,,,,,,,,,,,,,,,,,,,
20211018,104,,,,040,大阪支店,733,交際接待費,,,Q5,,6440,585,,000,共通部門,111,現金,,,00,,6440,0,食事代 架空店舗044 2名,,,,,,,,,,,,,,,,,,,,,,,,,,,,,,,,,,,,,,,,,,,,,,,,,,,,,,
20211018,155,,,,050,九州営業所,740,車両費,,,Q5,,3540,321,,000,共通部門,111,現金,,,00,,3540,0,ガソリン代,,,,,,,,,,,,,,,,,,,,,,,,,,,,,,,,,,,,,,,,,,,,,,,,,,,,,,
20211019,153,,,,030,名古屋支店,733,交際接待費,,,Q5,,6540,594,,000,共通部門,111,現金,,,00,,6540,0,手土産代 架空店舗058,,,,,,,,,,,,,,,,,,,,,,,,,,,,,,,,,,,,,,,,,,,,,,,,,,,,,,
20211020,1,,,,000,共通部門,724,福利厚生費,,,Q6,,10800,800,,000,共通部門,111,現金,,,00,,10800,0,残業夜食　軽減税率,,,,,,,,,,,,,,,,,,,,,,,,,,,,,,,,,,,,,,,,,,,,,,,,,,,,,,
20211020,31,,,,010,札幌営業所,754,事務用消耗品費,,,Q5,,2700,245,,000,共通部門,322,未払金,,,00,,2700,0,コピー代,,,,,,,,,,,,,,,,,,,,,,,,,,,,,,,,,,,,,,,,,,,,,,,,,,,,,,
20211020,48,,,,020,東京支店,740,車両費,,,Q5,,4303,391,,000,共通部門,111,現金,,,00,,4303,0,ガソリン代,,,,,,,,,,,,,,,,,,,,,,,,,,,,,,,,,,,,,,,,,,,,,,,,,,,,,,
20211020,68,,,,050,九州営業所,754,事務用消耗品費,,,Q5,,6300,572,,000,共通部門,322,未払金,,,00,,6300,0,カウンター料金,,,,,,,,,,,,,,,,,,,,,,,,,,,,,,,,,,,,,,,,,,,,,,,,,,,,,,
20211020,71,,,,020,東京支店,754,事務用消耗品費,,,Q5,,4013,364,,000,共通部門,322,未払金,,,00,,35448,0,事務用品,,,,,,,,,,,,,,,,,,,,,,,,,,,,,,,,,,,,,,,,,,,,,,,,,,,,,,
20211020,71,,,,020,東京支店,754,事務用消耗品費,,,Q5,,31435,2857,,,,,,,,,,,,カウンター料金,,,,,,,,,,,,,,,,,,,,,,,,,,,,,,,,,,,,,,,,,,,,,,,,,,,,,,
20211020,72,,,,000,共通部門,737,消耗品費,,,Q5,,13567,1233,,000,共通部門,322,未払金,,,00,,245462,0,ファイル等,,,,,,,,,,,,,,,,,,,,,,,,,,,,,,,,,,,,,,,,,,,,,,,,,,,,,,
20211020,72,,,,000,共通部門,737,消耗品費,,,Q5,,219895,19990,,,,,,,,,,,,飲料水,,,,,,,,,,,,,,,,,,,,,,,,,,,,,,,,,,,,,,,,,,,,,,,,,,,,,,
20211020,72,,,,000,共通部門,737,消耗品費,,,Q5,,12000,1090,,,,,,,,,,,,名刺代,,,,,,,,,,,,,,,,,,,,,,,,,,,,,,,,,,,,,,,,,,,,,,,,,,,,,,
20211020,80,,,,030,名古屋支店,724,福利厚生費,,,Q5,,417375,37943,,000,共通部門,322,未払金,,,00,,417375,0,会費支払い,,,,,,,,,,,,,,,,,,,,,,,,,,,,,,,,,,,,,,,,,,,,,,,,,,,,,,
20211020,97,,,,030,名古屋支店,754,事務用消耗品費,,,Q5,,37189,3380,,000,共通部門,322,未払金,,,00,,37189,0,コピー代,,,,,,,,,,,,,,,,,,,,,,,,,,,,,,,,,,,,,,,,,,,,,,,,,,,,,,
20211020,98,,,,030,名古屋支店,754,事務用消耗品費,,,Q5,,2465,224,,000,共通部門,322,未払金,,,00,,2465,0,事務用品,,,,,,,,,,,,,,,,,,,,,,,,,,,,,,,,,,,,,,,,,,,,,,,,,,,,,,
20211020,99,,,,000,共通部門,111,現金,,,00,,311649,0,,000,共通部門,152,売掛金,11,株式会社楓屋,00,,311649,0,10月20日伝票No333株式会社楓屋,,,,,,,,,,,,,,,,,,,,,,,,,,,,,,,,,,,,,,,,,,,,,,,,,,,,,,
20211020,99,,,,000,共通部門,121,当座預金,1,ABC銀行,00,,9670318,0,,000,共通部門,150,受取手形,,,00,,9670318,0,手形満期 株式会社緑野百貨店 | 手形番号=R20210831-117-12;受取額に決済額を訂正,,,,,,,,,,,,,,,,,,,,,,,,,,,,,,,,,,,,,,,,,,,,,,,,,,,,,,
20211020,99,,,,000,共通部門,121,当座預金,1,ABC銀行,00,,10516135,0,,000,共通部門,150,受取手形,,,00,,10599606,0,手形割引 株式会社緑野百貨店 | 手形番号=R20210930-124-12;受取額に決済額を訂正,,,,,,,,,,,,,,,,,,,,,,,,,,,,,,,,,,,,,,,,,,,,,,,,,,,,,,
20211020,99,,,,020,東京支店,821,支払利息,,,P0,,83471,0,,,,,,,,,,,,手形割引料 | 手形番号=R20210930-124-12,,,,,,,,,,,,,,,,,,,,,,,,,,,,,,,,,,,,,,,,,,,,,,,,,,,,,,
20211020,100,,,,000,共通部門,131,普通預金,30,GHI銀行 名古屋,00,,437783,0,,000,共通部門,152,売掛金,21,合同会社つばさ商店,00,,437783,0,10月20日伝票No334合同会社つばさ商店,,,,,,,,,,,,,,,,,,,,,,,,,,,,,,,,,,,,,,,,,,,,,,,,,,,,,,
20211020,100,,,,030,名古屋支店,741,支払手数料,,,Q5,,472,42,,000,共通部門,152,売掛金,21,合同会社つばさ商店,00,,472,0,10月20日伝票No334合同会社つばさ商店,,,,,,,,,,,,,,,,,,,,,,,,,,,,,,,,,,,,,,,,,,,,,,,,,,,,,,
20211020,100,,,,000,共通部門,131,普通預金,20,ABC銀行 本店,00,,18000000,0,,000,共通部門,121,当座預金,1,ABC銀行,00,,18000000,0,資金移動,,,,,,,,,,,,,,,,,,,,,,,,,,,,,,,,,,,,,,,,,,,,,,,,,,,,,,
20211020,101,,,,040,大阪支店,732,広告宣伝費,,,Q5,,52500,4772,,000,共通部門,322,未払金,,,00,,52500,0,広告料,,,,,,,,,,,,,,,,,,,,,,,,,,,,,,,,,,,,,,,,,,,,,,,,,,,,,,
20211020,101,,,,000,共通部門,131,普通預金,20,ABC銀行 本店,00,,1044021,0,,000,共通部門,152,売掛金,30,株式会社彩雲トレーディング,00,,1044021,0,10月20日伝票No335株式会社彩雲トレーディング,,,,,,,,,,,,,,,,,,,,,,,,,,,,,,,,,,,,,,,,,,,,,,,,,,,,,,
20211020,101,,,,020,東京支店,741,支払手数料,,,Q5,,735,66,,000,共通部門,152,売掛金,30,株式会社彩雲トレーディング,00,,735,0,10月20日伝票No335株式会社彩雲トレーディング,,,,,,,,,,,,,,,,,,,,,,,,,,,,,,,,,,,,,,,,,,,,,,,,,,,,,,
20211020,102,,,,000,共通部門,312,買掛金,4,株式会社和泉流通,00,,944145,0,,000,共通部門,131,普通預金,20,ABC銀行 本店,00,,944145,0,10月20日伝票No258株式会社和泉流通,,,,,,,,,,,,,,,,,,,,,,,,,,,,,,,,,,,,,,,,,,,,,,,,,,,,,,
20211020,103,,,,000,共通部門,312,買掛金,6,株式会社日向産業,00,,3600809,0,,000,共通部門,131,普通預金,20,ABC銀行 本店,00,,3600809,0,10月20日伝票No260株式会社日向産業,,,,,,,,,,,,,,,,,,,,,,,,,,,,,,,,,,,,,,,,,,,,,,,,,,,,,,
20211020,104,,,,000,共通部門,312,買掛金,11,株式会社花園商会,00,,4284585,0,,000,共通部門,131,普通預金,20,ABC銀行 本店,00,,4284585,0,10月20日伝票No261株式会社花園商会,,,,,,,,,,,,,,,,,,,,,,,,,,,,,,,,,,,,,,,,,,,,,,,,,,,,,,
20211020,118,,,,040,大阪支店,754,事務用消耗品費,,,Q5,,6988,635,,000,共通部門,322,未払金,,,00,,6988,0,コピー代,,,,,,,,,,,,,,,,,,,,,,,,,,,,,,,,,,,,,,,,,,,,,,,,,,,,,,
20211020,119,,,,040,大阪支店,754,事務用消耗品費,,,Q5,,6650,604,,000,共通部門,322,未払金,,,00,,6650,0,事務用品,,,,,,,,,,,,,,,,,,,,,,,,,,,,,,,,,,,,,,,,,,,,,,,,,,,,,,
20211020,139,,,,040,大阪支店,724,福利厚生費,,,Q5,,22505,2045,,000,共通部門,322,未払金,,,00,,22505,0,社員夜食代,,,,,,,,,,,,,,,,,,,,,,,,,,,,,,,,,,,,,,,,,,,,,,,,,,,,,,
20211020,144,,,,040,大阪支店,740,車両費,,,Q5,,4290,390,,000,共通部門,111,現金,,,00,,15758,0,ガソリン代,,,,,,,,,,,,,,,,,,,,,,,,,,,,,,,,,,,,,,,,,,,,,,,,,,,,,,
20211020,144,,,,040,大阪支店,740,車両費,,,Q5,,8096,736,,,,,,,,,,,,ガソリン代,,,,,,,,,,,,,,,,,,,,,,,,,,,,,,,,,,,,,,,,,,,,,,,,,,,,,,
20211020,144,,,,040,大阪支店,740,車両費,,,Q5,,3372,306,,,,,,,,,,,,駐車代,,,,,,,,,,,,,,,,,,,,,,,,,,,,,,,,,,,,,,,,,,,,,,,,,,,,,,
20211021,5,,,,010,札幌営業所,732,広告宣伝費,,,Q5,,52500,4772,,000,共通部門,131,普通預金,10,DEF銀行 駅前,00,,52500,0,広告費,,,,,,,,,,,,,,,,,,,,,,,,,,,,,,,,,,,,,,,,,,,,,,,,,,,,,,
20211021,6,,,,010,札幌営業所,732,広告宣伝費,,,Q5,,5000,454,,000,共通部門,111,現金,,,00,,5000,0,広告料,,,,,,,,,,,,,,,,,,,,,,,,,,,,,,,,,,,,,,,,,,,,,,,,,,,,,,
20211021,8,,,,010,札幌営業所,733,交際接待費,,,Q5,,20000,1818,,000,共通部門,111,現金,,,00,,20000,0,定例ミーティング会費,,,,,,,,,,,,,,,,,,,,,,,,,,,,,,,,,,,,,,,,,,,,,,,,,,,,,,
20211021,25,,,,010,札幌営業所,726,旅費交通費,,,Q5,,56000,5090,,000,共通部門,111,現金,,,00,,56000,0,旅費,,,,,,,,,,,,,,,,,,,,,,,,,,,,,,,,,,,,,,,,,,,,,,,,,,,,,,
20211021,34,,,,010,札幌営業所,736,水道光熱費,,,Q5,,86902,7900,,000,共通部門,131,普通預金,10,DEF銀行 駅前,00,,92627,0,電気代,,,,,,,,,,,,,,,,,,,,,,,,,,,,,,,,,,,,,,,,,,,,,,,,,,,,,,
20211021,34,,,,010,札幌営業所,736,水道光熱費,,,Q5,,5725,520,,,,,,,,,,,,水道代,,,,,,,,,,,,,,,,,,,,,,,,,,,,,,,,,,,,,,,,,,,,,,,,,,,,,,
20211021,53,,,,020,東京支店,740,車両費,,,Q5,,2286,207,,000,共通部門,111,現金,,,00,,4048,0,高速代,,,,,,,,,,,,,,,,,,,,,,,,,,,,,,,,,,,,,,,,,,,,,,,,,,,,,,
20211021,53,,,,020,東京支店,740,車両費,,,Q5,,1000,90,,,,,,,,,,,,ガソリン代,,,,,,,,,,,,,,,,,,,,,,,,,,,,,,,,,,,,,,,,,,,,,,,,,,,,,,
20211021,53,,,,020,東京支店,740,車両費,,,Q5,,762,69,,,,,,,,,,,,駐車代,,,,,,,,,,,,,,,,,,,,,,,,,,,,,,,,,,,,,,,,,,,,,,,,,,,,,,
20211021,62,,,,050,九州営業所,724,福利厚生費,,,Q5,,10200,927,,000,共通部門,322,未払金,,,00,,10200,0,お茶代,,,,,,,,,,,,,,,,,,,,,,,,,,,,,,,,,,,,,,,,,,,,,,,,,,,,,,
20211021,64,,,,020,東京支店,736,水道光熱費,,,Q5,,166341,15121,,000,共通部門,131,普通預金,20,ABC銀行 本店,00,,174107,0,電気料,,,,,,,,,,,,,,,,,,,,,,,,,,,,,,,,,,,,,,,,,,,,,,,,,,,,,,
20211021,64,,,,020,東京支店,736,水道光熱費,,,Q5,,7766,706,,,,,,,,,,,,水道料,,,,,,,,,,,,,,,,,,,,,,,,,,,,,,,,,,,,,,,,,,,,,,,,,,,,,,
20211021,79,,,,030,名古屋支店,726,旅費交通費,,,Q5,,26000,2363,,000,共通部門,111,現金,,,00,,26000,0,旅費,,,,,,,,,,,,,,,,,,,,,,,,,,,,,,,,,,,,,,,,,,,,,,,,,,,,,,
20211021,89,,,,030,名古屋支店,736,水道光熱費,,,Q5,,84225,7656,,000,共通部門,131,普通預金,30,GHI銀行 名古屋,00,,92728,0,電気料,,,,,,,,,,,,,,,,,,,,,,,,,,,,,,,,,,,,,,,,,,,,,,,,,,,,,,
20211021,89,,,,030,名古屋支店,736,水道光熱費,,,Q5,,3975,361,,,,,,,,,,,,水道料,,,,,,,,,,,,,,,,,,,,,,,,,,,,,,,,,,,,,,,,,,,,,,,,,,,,,,
20211021,89,,,,030,名古屋支店,736,水道光熱費,,,Q5,,4528,411,,,,,,,,,,,,ガス代,,,,,,,,,,,,,,,,,,,,,,,,,,,,,,,,,,,,,,,,,,,,,,,,,,,,,,
20211021,132,,,,040,大阪支店,736,水道光熱費,,,Q5,,91783,8343,,000,共通部門,131,普通預金,40,JKL銀行 梅田,00,,96534,0,電気代,,,,,,,,,,,,,,,,,,,,,,,,,,,,,,,,,,,,,,,,,,,,,,,,,,,,,,
20211021,132,,,,040,大阪支店,736,水道光熱費,,,Q5,,4751,431,,,,,,,,,,,,水道代,,,,,,,,,,,,,,,,,,,,,,,,,,,,,,,,,,,,,,,,,,,,,,,,,,,,,,
20211021,160,,,,020,東京支店,726,旅費交通費,,,Q5,,70000,6363,,000,共通部門,111,現金,,,00,,70000,0,出張旅費,,,,,,,,,,,,,,,,,,,,,,,,,,,,,,,,,,,,,,,,,,,,,,,,,,,,,,
20211021,169,,,,050,九州営業所,736,水道光熱費,,,Q5,,108919,9901,,000,共通部門,131,普通預金,50,MNO銀行 北九州,00,,114847,0,電気料,,,,,,,,,,,,,,,,,,,,,,,,,,,,,,,,,,,,,,,,,,,,,,,,,,,,,,
20211021,169,,,,050,九州営業所,736,水道光熱費,,,Q5,,5928,538,,,,,,,,,,,,水道料,,,,,,,,,,,,,,,,,,,,,,,,,,,,,,,,,,,,,,,,,,,,,,,,,,,,,,
20211022,3,,,,010,札幌営業所,724,福利厚生費,,,Q5,,29900,2718,,000,共通部門,322,未払金,,,00,,29900,0,宿泊代,,,,,,,,,,,,,,,,,,,,,,,,,,,,,,,,,,,,,,,,,,,,,,,,,,,,,,
20211022,9,,,,010,札幌営業所,733,交際接待費,,,Q5,,5000,454,,000,共通部門,111,現金,,,00,,5000,0,商品券,,,,,,,,,,,,,,,,,,,,,,,,,,,,,,,,,,,,,,,,,,,,,,,,,,,,,,
20211022,45,,,,020,東京支店,733,交際接待費,,,Q5,,10000,909,,000,共通部門,111,現金,,,00,,10000,0,香典代,,,,,,,,,,,,,,,,,,,,,,,,,,,,,,,,,,,,,,,,,,,,,,,,,,,,,,
20211022,69,,,,020,東京支店,733,交際接待費,,,Q5,,22000,2000,,000,共通部門,111,現金,,,00,,22000,0,ゴルフプレー代2名,,,,,,,,,,,,,,,,,,,,,,,,,,,,,,,,,,,,,,,,,,,,,,,,,,,,,,
20211022,90,,,,030,名古屋支店,791,雑費,,,Q5,,10500,954,,000,共通部門,111,現金,,,00,,10500,0,架空清掃会社A代,,,,,,,,,,,,,,,,,,,,,,,,,,,,,,,,,,,,,,,,,,,,,,,,,,,,,,
20211022,95,,,,030,名古屋支店,791,雑費,,,Q5,,71675,6515,,000,共通部門,322,未払金,,,00,,71675,0,清掃料,,,,,,,,,,,,,,,,,,,,,,,,,,,,,,,,,,,,,,,,,,,,,,,,,,,,,,
20211022,105,,,,040,大阪支店,733,交際接待費,,,Q5,,15658,1423,,000,共通部門,111,現金,,,00,,29620,0,食事代 架空店舗056 4名,,,,,,,,,,,,,,,,,,,,,,,,,,,,,,,,,,,,,,,,,,,,,,,,,,,,,,
20211022,105,,,,040,大阪支店,733,交際接待費,,,Q5,,13962,1269,,,,,,,,,,,,飲食代 架空店舗022 4名,,,,,,,,,,,,,,,,,,,,,,,,,,,,,,,,,,,,,,,,,,,,,,,,,,,,,,
20211022,137,,,,040,大阪支店,791,雑費,,,Q5,,6000,545,,000,共通部門,322,未払金,,,00,,48858,0,有線,,,,,,,,,,,,,,,,,,,,,,,,,,,,,,,,,,,,,,,,,,,,,,,,,,,,,,
20211022,137,,,,040,大阪支店,791,雑費,,,Q5,,42858,3896,,,,,,,,,,,,警備料,,,,,,,,,,,,,,,,,,,,,,,,,,,,,,,,,,,,,,,,,,,,,,,,,,,,,,
20211022,137,,,,040,大阪支店,740,車両費,,,Q5,,45046,4095,,000,共通部門,131,普通預金,40,JKL銀行 梅田,00,,45046,0,高速料,,,,,,,,,,,,,,,,,,,,,,,,,,,,,,,,,,,,,,,,,,,,,,,,,,,,,,
20211022,137,,,,040,大阪支店,791,雑費,,,Q5,,73500,6681,,000,共通部門,322,未払金,,,00,,73500,0,清掃料,,,,,,,,,,,,,,,,,,,,,,,,,,,,,,,,,,,,,,,,,,,,,,,,,,,,,,
20211022,163,,,,050,九州営業所,742,諸会費,,,00,,18000,0,,000,共通部門,111,現金,,,00,,18000,0,会費,,,,,,,,,,,,,,,,,,,,,,,,,,,,,,,,,,,,,,,,,,,,,,,,,,,,,,
20211022,165,,,,050,九州営業所,791,雑費,,,Q5,,1500,136,,000,共通部門,111,現金,,,00,,1500,0,トイレットペーパー代,,,,,,,,,,,,,,,,,,,,,,,,,,,,,,,,,,,,,,,,,,,,,,,,,,,,,,
20211022,166,,,,050,九州営業所,791,雑費,,,Q5,,1890,171,,000,共通部門,111,現金,,,00,,1890,0,架空清掃会社A代,,,,,,,,,,,,,,,,,,,,,,,,,,,,,,,,,,,,,,,,,,,,,,,,,,,,,,
20211023,24,,,,010,札幌営業所,726,旅費交通費,,,Q5,,95181,8652,,000,共通部門,111,現金,,,00,,95181,0,架空鉄道会社A回数券,,,,,,,,,,,,,,,,,,,,,,,,,,,,,,,,,,,,,,,,,,,,,,,,,,,,,,
20211023,28,,,,010,札幌営業所,726,旅費交通費,,,Q5,,2420,220,,000,共通部門,322,未払金,,,00,,2420,0,タクシー代,,,,,,,,,,,,,,,,,,,,,,,,,,,,,,,,,,,,,,,,,,,,,,,,,,,,,,
20211023,54,,,,020,東京支店,740,車両費,,,Q5,,4600,418,,000,共通部門,111,現金,,,00,,4600,0,高速代,,,,,,,,,,,,,,,,,,,,,,,,,,,,,,,,,,,,,,,,,,,,,,,,,,,,,,
20211023,140,,,,040,大阪支店,726,旅費交通費,,,Q5,,7890,717,,000,共通部門,111,現金,,,00,,7890,0,旅費,,,,,,,,,,,,,,,,,,,,,,,,,,,,,,,,,,,,,,,,,,,,,,,,,,,,,,
20211024,26,,,,010,札幌営業所,726,旅費交通費,,,Q5,,12100,1100,,000,共通部門,111,現金,,,00,,12100,0,旅費,,,,,,,,,,,,,,,,,,,,,,,,,,,,,,,,,,,,,,,,,,,,,,,,,,,,,,
20211024,121,,,,040,大阪支店,724,福利厚生費,,,Q5,,7000,636,,000,共通部門,111,現金,,,00,,7000,0,お茶代,,,,,,,,,,,,,,,,,,,,,,,,,,,,,,,,,,,,,,,,,,,,,,,,,,,,,,
20211024,146,,,,050,九州営業所,728,販売手数料,,,Q5,,147000,13363,,000,共通部門,322,未払金,,,00,,147000,0,業務委託費,,,,,,,,,,,,,,,,,,,,,,,,,,,,,,,,,,,,,,,,,,,,,,,,,,,,,,
20211025,29,,,,010,札幌営業所,727,通信費,,,Q5,,126547,11504,,000,共通部門,131,普通預金,10,DEF銀行 駅前,00,,126547,0,携帯電話代,,,,,,,,,,,,,,,,,,,,,,,,,,,,,,,,,,,,,,,,,,,,,,,,,,,,,,
20211025,35,,,,010,札幌営業所,739,新聞図書費,,,Q5,,3925,356,,000,共通部門,111,現金,,,00,,3925,0,新聞代,,,,,,,,,,,,,,,,,,,,,,,,,,,,,,,,,,,,,,,,,,,,,,,,,,,,,,
20211025,37,,,,020,東京支店,728,販売手数料,,,Q5,,1143000,103909,,000,共通部門,322,未払金,,,00,,1143000,0,業務委託費,,,,,,,,,,,,,,,,,,,,,,,,,,,,,,,,,,,,,,,,,,,,,,,,,,,,,,
20211025,74,,,,050,九州営業所,740,車両費,,,Q5,,4351,395,,000,共通部門,111,現金,,,00,,4923,0,ガソリン代,,,,,,,,,,,,,,,,,,,,,,,,,,,,,,,,,,,,,,,,,,,,,,,,,,,,,,
20211025,74,,,,050,九州営業所,740,車両費,,,Q5,,572,52,,,,,,,,,,,,駐車代,,,,,,,,,,,,,,,,,,,,,,,,,,,,,,,,,,,,,,,,,,,,,,,,,,,,,,
20211025,81,,,,020,東京支店,711,役員報酬,,,00,,1720000,0,,000,共通部門,131,普通預金,20,ABC銀行 本店,00,,1121255,0,10月給与その他 0001 役員,,,,,,,,,,,,,,,,,,,,,,,,,,,,,,,,,,,,,,,,,,,,,,,,,,,,,,
20211025,81,,,,,,,,,,,,,,,000,共通部門,326,預り金,1,保険料,00,,120411,0,10月給与その他 0001 役員,,,,,,,,,,,,,,,,,,,,,,,,,,,,,,,,,,,,,,,,,,,,,,,,,,,,,,
20211025,81,,,,,,,,,,,,,,,000,共通部門,326,預り金,2,住民税,00,,171200,0,10月給与その他 0001 役員,,,,,,,,,,,,,,,,,,,,,,,,,,,,,,,,,,,,,,,,,,,,,,,,,,,,,,
20211025,81,,,,,,,,,,,,,,,000,共通部門,326,預り金,3,源泉税,00,,164442,0,10月給与その他 0001 役員,,,,,,,,,,,,,,,,,,,,,,,,,,,,,,,,,,,,,,,,,,,,,,,,,,,,,,
20211025,81,,,,,,,,,,,,,,,000,共通部門,326,預り金,4,貯蓄・保険,00,,133972,0,10月給与その他 0001 役員,,,,,,,,,,,,,,,,,,,,,,,,,,,,,,,,,,,,,,,,,,,,,,,,,,,,,,
20211025,81,,,,,,,,,,,,,,,000,共通部門,326,預り金,9,その他,00,,8720,0,10月給与その他 0001 役員,,,,,,,,,,,,,,,,,,,,,,,,,,,,,,,,,,,,,,,,,,,,,,,,,,,,,,
20211025,81,,,,020,東京支店,712,給与手当,,,00,,1950392,0,,000,共通部門,131,普通預金,20,ABC銀行 本店,00,,1467731,0,10月給与その他 0020 営業部,,,,,,,,,,,,,,,,,,,,,,,,,,,,,,,,,,,,,,,,,,,,,,,,,,,,,,
20211025,81,,,,,,,,,,,,,,,000,共通部門,326,預り金,1,保険料,00,,236045,0,10月給与その他 0020 営業部,,,,,,,,,,,,,,,,,,,,,,,,,,,,,,,,,,,,,,,,,,,,,,,,,,,,,,
20211025,81,,,,,,,,,,,,,,,000,共通部門,326,預り金,2,住民税,00,,104300,0,10月給与その他 0020 営業部,,,,,,,,,,,,,,,,,,,,,,,,,,,,,,,,,,,,,,,,,,,,,,,,,,,,,,
20211025,81,,,,,,,,,,,,,,,000,共通部門,326,預り金,3,源泉税,00,,35510,0,10月給与その他 0020 営業部,,,,,,,,,,,,,,,,,,,,,,,,,,,,,,,,,,,,,,,,,,,,,,,,,,,,,,
20211025,81,,,,,,,,,,,,,,,000,共通部門,326,預り金,4,貯蓄・保険,00,,43305,0,10月給与その他 0020 営業部,,,,,,,,,,,,,,,,,,,,,,,,,,,,,,,,,,,,,,,,,,,,,,,,,,,,,,
20211025,81,,,,,,,,,,,,,,,000,共通部門,326,預り金,9,その他,00,,63501,0,10月給与その他 0020 営業部,,,,,,,,,,,,,,,,,,,,,,,,,,,,,,,,,,,,,,,,,,,,,,,,,,,,,,
20211025,81,,,,010,札幌営業所,712,給与手当,,,00,,874036,0,,000,共通部門,131,普通預金,20,ABC銀行 本店,00,,623941,0,10月給与その他 1000 札幌営業所,,,,,,,,,,,,,,,,,,,,,,,,,,,,,,,,,,,,,,,,,,,,,,,,,,,,,,
20211025,81,,,,,,,,,,,,,,,000,共通部門,326,預り金,1,保険料,00,,103424,0,10月給与その他 1000 札幌営業所,,,,,,,,,,,,,,,,,,,,,,,,,,,,,,,,,,,,,,,,,,,,,,,,,,,,,,
20211025,81,,,,,,,,,,,,,,,000,共通部門,326,預り金,2,住民税,00,,46300,0,10月給与その他 1000 札幌営業所,,,,,,,,,,,,,,,,,,,,,,,,,,,,,,,,,,,,,,,,,,,,,,,,,,,,,,
20211025,81,,,,,,,,,,,,,,,000,共通部門,326,預り金,3,源泉税,00,,14280,0,10月給与その他 1000 札幌営業所,,,,,,,,,,,,,,,,,,,,,,,,,,,,,,,,,,,,,,,,,,,,,,,,,,,,,,
20211025,81,,,,,,,,,,,,,,,000,共通部門,326,預り金,4,貯蓄・保険,00,,50648,0,10月給与その他 1000 札幌営業所,,,,,,,,,,,,,,,,,,,,,,,,,,,,,,,,,,,,,,,,,,,,,,,,,,,,,,
20211025,81,,,,,,,,,,,,,,,000,共通部門,326,預り金,9,その他,00,,35443,0,10月給与その他 1000 札幌営業所,,,,,,,,,,,,,,,,,,,,,,,,,,,,,,,,,,,,,,,,,,,,,,,,,,,,,,
20211025,81,,,,030,名古屋支店,712,給与手当,,,00,,787440,0,,000,共通部門,131,普通預金,20,ABC銀行 本店,00,,562876,0,10月給与その他 3000 名古屋営業所,,,,,,,,,,,,,,,,,,,,,,,,,,,,,,,,,,,,,,,,,,,,,,,,,,,,,,
20211025,81,,,,,,,,,,,,,,,000,共通部門,326,預り金,1,保険料,00,,96352,0,10月給与その他 3000 名古屋営業所,,,,,,,,,,,,,,,,,,,,,,,,,,,,,,,,,,,,,,,,,,,,,,,,,,,,,,
20211025,81,,,,,,,,,,,,,,,000,共通部門,326,預り金,2,住民税,00,,42600,0,10月給与その他 3000 名古屋営業所,,,,,,,,,,,,,,,,,,,,,,,,,,,,,,,,,,,,,,,,,,,,,,,,,,,,,,
20211025,81,,,,,,,,,,,,,,,000,共通部門,326,預り金,3,源泉税,00,,8130,0,10月給与その他 3000 名古屋営業所,,,,,,,,,,,,,,,,,,,,,,,,,,,,,,,,,,,,,,,,,,,,,,,,,,,,,,
20211025,81,,,,,,,,,,,,,,,000,共通部門,326,預り金,4,貯蓄・保険,00,,40759,0,10月給与その他 3000 名古屋営業所,,,,,,,,,,,,,,,,,,,,,,,,,,,,,,,,,,,,,,,,,,,,,,,,,,,,,,
20211025,81,,,,,,,,,,,,,,,000,共通部門,326,預り金,9,その他,00,,36723,0,10月給与その他 3000 名古屋営業所,,,,,,,,,,,,,,,,,,,,,,,,,,,,,,,,,,,,,,,,,,,,,,,,,,,,,,
20211025,81,,,,040,大阪支店,712,給与手当,,,00,,1007100,0,,000,共通部門,131,普通預金,20,ABC銀行 本店,00,,774703,0,10月給与その他 4000 大阪支店,,,,,,,,,,,,,,,,,,,,,,,,,,,,,,,,,,,,,,,,,,,,,,,,,,,,,,
20211025,81,,,,,,,,,,,,,,,000,共通部門,326,預り金,1,保険料,00,,128755,0,10月給与その他 4000 大阪支店,,,,,,,,,,,,,,,,,,,,,,,,,,,,,,,,,,,,,,,,,,,,,,,,,,,,,,
20211025,81,,,,,,,,,,,,,,,000,共通部門,326,預り金,2,住民税,00,,53400,0,10月給与その他 4000 大阪支店,,,,,,,,,,,,,,,,,,,,,,,,,,,,,,,,,,,,,,,,,,,,,,,,,,,,,,
20211025,81,,,,,,,,,,,,,,,000,共通部門,326,預り金,3,源泉税,00,,17030,0,10月給与その他 4000 大阪支店,,,,,,,,,,,,,,,,,,,,,,,,,,,,,,,,,,,,,,,,,,,,,,,,,,,,,,
20211025,81,,,,,,,,,,,,,,,000,共通部門,326,預り金,4,貯蓄・保険,00,,13570,0,10月給与その他 4000 大阪支店,,,,,,,,,,,,,,,,,,,,,,,,,,,,,,,,,,,,,,,,,,,,,,,,,,,,,,
20211025,81,,,,,,,,,,,,,,,000,共通部門,326,預り金,9,その他,00,,19642,0,10月給与その他 4000 大阪支店,,,,,,,,,,,,,,,,,,,,,,,,,,,,,,,,,,,,,,,,,,,,,,,,,,,,,,
20211025,81,,,,050,九州営業所,712,給与手当,,,00,,611505,0,,000,共通部門,131,普通預金,20,ABC銀行 本店,00,,467419,0,10月給与その他 5000 九州営業所,,,,,,,,,,,,,,,,,,,,,,,,,,,,,,,,,,,,,,,,,,,,,,,,,,,,,,
20211025,81,,,,,,,,,,,,,,,000,共通部門,326,預り金,1,保険料,00,,67268,0,10月給与その他 5000 九州営業所,,,,,,,,,,,,,,,,,,,,,,,,,,,,,,,,,,,,,,,,,,,,,,,,,,,,,,
20211025,81,,,,,,,,,,,,,,,000,共通部門,326,預り金,2,住民税,00,,31700,0,10月給与その他 5000 九州営業所,,,,,,,,,,,,,,,,,,,,,,,,,,,,,,,,,,,,,,,,,,,,,,,,,,,,,,
20211025,81,,,,,,,,,,,,,,,000,共通部門,326,預り金,3,源泉税,00,,8910,0,10月給与その他 5000 九州営業所,,,,,,,,,,,,,,,,,,,,,,,,,,,,,,,,,,,,,,,,,,,,,,,,,,,,,,
20211025,81,,,,,,,,,,,,,,,000,共通部門,326,預り金,4,貯蓄・保険,00,,18540,0,10月給与その他 5000 九州営業所,,,,,,,,,,,,,,,,,,,,,,,,,,,,,,,,,,,,,,,,,,,,,,,,,,,,,,
20211025,81,,,,,,,,,,,,,,,000,共通部門,326,預り金,9,その他,00,,17668,0,10月給与その他 5000 九州営業所,,,,,,,,,,,,,,,,,,,,,,,,,,,,,,,,,,,,,,,,,,,,,,,,,,,,,,
20211025,92,,,,050,九州営業所,753,修繕維持費,,,Q5,,18000,1636,,000,共通部門,322,未払金,,,00,,18000,0,コピー機修繕,,,,,,,,,,,,,,,,,,,,,,,,,,,,,,,,,,,,,,,,,,,,,,,,,,,,,,
20211025,105,,,,000,共通部門,150,受取手形,,,00,,16028828,0,,000,共通部門,152,売掛金,2,株式会社桜丘百貨店,00,,16028828,0,10月25日伝票No336株式会社桜丘百貨店 | 売上伝票=20210930-118;手形番号=R20211025-105-2,,,,,,,,,,,,,,,,,,,,,,,,,,,,,,,,,,,,,,,,,,,,,,,,,,,,,,
20211025,106,,,,000,共通部門,131,普通預金,30,GHI銀行 名古屋,00,,1208865,0,,000,共通部門,152,売掛金,7,株式会社光彩堂商事,00,,1208865,0,10月25日伝票No337株式会社光彩堂商事,,,,,,,,,,,,,,,,,,,,,,,,,,,,,,,,,,,,,,,,,,,,,,,,,,,,,,
20211025,106,,,,030,名古屋支店,741,支払手数料,,,Q5,,735,66,,000,共通部門,152,売掛金,7,株式会社光彩堂商事,00,,735,0,10月25日伝票No337株式会社光彩堂商事,,,,,,,,,,,,,,,,,,,,,,,,,,,,,,,,,,,,,,,,,,,,,,,,,,,,,,
20211025,107,,,,000,共通部門,131,普通預金,40,JKL銀行 梅田,00,,541606,0,,000,共通部門,152,売掛金,23,株式会社杉の木商店,00,,541606,0,10月25日伝票No338株式会社杉の木商店,,,,,,,,,,,,,,,,,,,,,,,,,,,,,,,,,,,,,,,,,,,,,,,,,,,,,,
20211025,107,,,,040,大阪支店,741,支払手数料,,,Q5,,630,57,,000,共通部門,152,売掛金,23,株式会社杉の木商店,00,,630,0,10月25日伝票No338株式会社杉の木商店,,,,,,,,,,,,,,,,,,,,,,,,,,,,,,,,,,,,,,,,,,,,,,,,,,,,,,
20211025,108,,,,000,共通部門,131,普通預金,10,DEF銀行 駅前,00,,4530440,0,,000,共通部門,152,売掛金,25,株式会社ほのかマート,00,,4530440,0,10月25日伝票No339株式会社ほのかマート,,,,,,,,,,,,,,,,,,,,,,,,,,,,,,,,,,,,,,,,,,,,,,,,,,,,,,
20211025,108,,,,010,札幌営業所,741,支払手数料,,,Q5,,840,76,,000,共通部門,152,売掛金,25,株式会社ほのかマート,00,,840,0,10月25日伝票No339株式会社ほのかマート,,,,,,,,,,,,,,,,,,,,,,,,,,,,,,,,,,,,,,,,,,,,,,,,,,,,,,
20211025,111,,,,040,大阪支店,726,旅費交通費,,,Q5,,13500,1227,,000,共通部門,322,未払金,,,00,,13500,0,タクシー代,,,,,,,,,,,,,,,,,,,,,,,,,,,,,,,,,,,,,,,,,,,,,,,,,,,,,,
20211025,170,,,,050,九州営業所,739,新聞図書費,,,Q5,,3007,273,,000,共通部門,111,現金,,,00,,3007,0,新聞代,,,,,,,,,,,,,,,,,,,,,,,,,,,,,,,,,,,,,,,,,,,,,,,,,,,,,,
20211025,171,,,,050,九州営業所,727,通信費,,,Q5,,42103,3827,,000,共通部門,131,普通預金,50,MNO銀行 北九州,00,,42103,0,携帯代,,,,,,,,,,,,,,,,,,,,,,,,,,,,,,,,,,,,,,,,,,,,,,,,,,,,,,
20211025,173,,,,050,九州営業所,738,租税公課,,,00,,10000,0,,000,共通部門,111,現金,,,00,,10000,0,収入印紙代,,,,,,,,,,,,,,,,,,,,,,,,,,,,,,,,,,,,,,,,,,,,,,,,,,,,,,
20211026,27,,,,010,札幌営業所,726,旅費交通費,,,Q5,,26172,2379,,000,共通部門,111,現金,,,00,,84636,0,旅費,,,,,,,,,,,,,,,,,,,,,,,,,,,,,,,,,,,,,,,,,,,,,,,,,,,,,,
20211026,27,,,,010,札幌営業所,726,旅費交通費,,,Q5,,34000,3090,,,,,,,,,,,,旅費,,,,,,,,,,,,,,,,,,,,,,,,,,,,,,,,,,,,,,,,,,,,,,,,,,,,,,
20211026,27,,,,010,札幌営業所,726,旅費交通費,,,Q5,,24464,2224,,,,,,,,,,,,旅費,,,,,,,,,,,,,,,,,,,,,,,,,,,,,,,,,,,,,,,,,,,,,,,,,,,,,,
20211026,38,,,,020,東京支店,724,福利厚生費,,,Q5,,42640,3876,,000,共通部門,322,未払金,,,00,,42640,0,宿泊費,,,,,,,,,,,,,,,,,,,,,,,,,,,,,,,,,,,,,,,,,,,,,,,,,,,,,,
20211026,62,,,,020,東京支店,727,通信費,,,Q5,,73914,6719,,000,共通部門,131,普通預金,20,ABC銀行 本店,00,,73914,0,携帯代,,,,,,,,,,,,,,,,,,,,,,,,,,,,,,,,,,,,,,,,,,,,,,,,,,,,,,
20211026,78,,,,030,名古屋支店,728,販売手数料,,,Q5,,189000,17181,,000,共通部門,322,未払金,,,00,,189000,0,業務委託費支払い,,,,,,,,,,,,,,,,,,,,,,,,,,,,,,,,,,,,,,,,,,,,,,,,,,,,,,
20211026,120,,,,040,大阪支店,728,販売手数料,,,Q5,,630000,57272,,000,共通部門,322,未払金,,,00,,630000,0,業務委託費,,,,,,,,,,,,,,,,,,,,,,,,,,,,,,,,,,,,,,,,,,,,,,,,,,,,,,
20211026,131,,,,040,大阪支店,742,諸会費,,,00,,24000,0,,000,共通部門,131,普通預金,40,JKL銀行 梅田,00,,24000,0,会費,,,,,,,,,,,,,,,,,,,,,,,,,,,,,,,,,,,,,,,,,,,,,,,,,,,,,,
20211026,172,,,,010,札幌営業所,728,販売手数料,,,Q5,,118000,10727,,000,共通部門,322,未払金,,,00,,118000,0,業務委託費支払い,,,,,,,,,,,,,,,,,,,,,,,,,,,,,,,,,,,,,,,,,,,,,,,,,,,,,,
20211027,14,,,,010,札幌営業所,740,車両費,,,Q5,,3000,272,,000,共通部門,111,現金,,,00,,3000,0,ガソリン代,,,,,,,,,,,,,,,,,,,,,,,,,,,,,,,,,,,,,,,,,,,,,,,,,,,,,,
20211027,30,,,,010,札幌営業所,752,保険料,,,P0,,54320,0,,000,共通部門,131,普通預金,10,DEF銀行 駅前,00,,54320,0,保険料支払,,,,,,,,,,,,,,,,,,,,,,,,,,,,,,,,,,,,,,,,,,,,,,,,,,,,,,
20211027,39,,,,020,東京支店,724,福利厚生費,,,Q5,,9000,818,,000,共通部門,111,現金,,,00,,9000,0,会費,,,,,,,,,,,,,,,,,,,,,,,,,,,,,,,,,,,,,,,,,,,,,,,,,,,,,,
20211027,83,,,,030,名古屋支店,740,車両費,,,Q5,,51200,4654,,000,共通部門,111,現金,,,00,,51200,0,車両管理費,,,,,,,,,,,,,,,,,,,,,,,,,,,,,,,,,,,,,,,,,,,,,,,,,,,,,,
20211027,87,,,,030,名古屋支店,727,通信費,,,Q5,,29633,2693,,000,共通部門,131,普通預金,30,GHI銀行 名古屋,00,,29633,0,携帯代,,,,,,,,,,,,,,,,,,,,,,,,,,,,,,,,,,,,,,,,,,,,,,,,,,,,,,
20211027,88,,,,030,名古屋支店,739,新聞図書費,,,Q5,,3568,324,,000,共通部門,111,現金,,,00,,3568,0,新聞代,,,,,,,,,,,,,,,,,,,,,,,,,,,,,,,,,,,,,,,,,,,,,,,,,,,,,,
20211027,113,,,,040,大阪支店,727,通信費,,,Q5,,88157,8014,,000,共通部門,131,普通預金,40,JKL銀行 梅田,00,,88157,0,携帯代,,,,,,,,,,,,,,,,,,,,,,,,,,,,,,,,,,,,,,,,,,,,,,,,,,,,,,
20211028,15,,,,010,札幌営業所,740,車両費,,,Q5,,800,72,,000,共通部門,111,現金,,,00,,800,0,駐車代,,,,,,,,,,,,,,,,,,,,,,,,,,,,,,,,,,,,,,,,,,,,,,,,,,,,,,
20211028,59,,,,020,東京支店,726,旅費交通費,,,Q5,,48900,4445,,000,共通部門,111,現金,,,00,,48900,0,旅費,,,,,,,,,,,,,,,,,,,,,,,,,,,,,,,,,,,,,,,,,,,,,,,,,,,,,,
20211028,93,,,,020,東京支店,753,修繕維持費,,,Q5,,17850,1622,,000,共通部門,322,未払金,,,00,,17850,0,修繕費,,,,,,,,,,,,,,,,,,,,,,,,,,,,,,,,,,,,,,,,,,,,,,,,,,,,,,
20211028,114,,,,040,大阪支店,739,新聞図書費,,,Q5,,2540,230,,000,共通部門,111,現金,,,00,,5404,0,新聞代,,,,,,,,,,,,,,,,,,,,,,,,,,,,,,,,,,,,,,,,,,,,,,,,,,,,,,
20211028,114,,,,040,大阪支店,739,新聞図書費,,,Q5,,2864,260,,,,,,,,,,,,新聞代,,,,,,,,,,,,,,,,,,,,,,,,,,,,,,,,,,,,,,,,,,,,,,,,,,,,,,
20211029,72,,,,020,東京支店,739,新聞図書費,,,Q5,,2864,260,,000,共通部門,111,現金,,,00,,9078,0,新聞代,,,,,,,,,,,,,,,,,,,,,,,,,,,,,,,,,,,,,,,,,,,,,,,,,,,,,,
20211029,72,,,,020,東京支店,739,新聞図書費,,,Q5,,2815,255,,,,,,,,,,,,新聞代,,,,,,,,,,,,,,,,,,,,,,,,,,,,,,,,,,,,,,,,,,,,,,,,,,,,,,
20211029,72,,,,020,東京支店,739,新聞図書費,,,Q5,,3399,309,,,,,,,,,,,,新聞代,,,,,,,,,,,,,,,,,,,,,,,,,,,,,,,,,,,,,,,,,,,,,,,,,,,,,,
20211029,109,,,,040,大阪支店,740,車両費,,,Q5,,61694,5608,,000,共通部門,322,未払金,,,00,,61694,0,ガソリン代,,,,,,,,,,,,,,,,,,,,,,,,,,,,,,,,,,,,,,,,,,,,,,,,,,,,,,
20211030,13,,,,010,札幌営業所,740,車両費,,,Q5,,13000,1181,,000,共通部門,111,現金,,,00,,13000,0,ガソリン代,,,,,,,,,,,,,,,,,,,,,,,,,,,,,,,,,,,,,,,,,,,,,,,,,,,,,,
20211030,55,,,,020,東京支店,740,車両費,,,Q5,,23810,2164,,000,共通部門,111,現金,,,00,,31477,0,車両管理費,,,,,,,,,,,,,,,,,,,,,,,,,,,,,,,,,,,,,,,,,,,,,,,,,,,,,,
20211030,55,,,,020,東京支店,740,車両費,,,Q5,,7667,697,,,,,,,,,,,,高速代,,,,,,,,,,,,,,,,,,,,,,,,,,,,,,,,,,,,,,,,,,,,,,,,,,,,,,
20211030,70,,,,020,東京支店,791,雑費,,,Q5,,6000,545,,000,共通部門,322,未払金,,,00,,58381,0,有線,,,,,,,,,,,,,,,,,,,,,,,,,,,,,,,,,,,,,,,,,,,,,,,,,,,,,,
20211030,70,,,,020,東京支店,791,雑費,,,Q5,,52381,4761,,,,,,,,,,,,警備料,,,,,,,,,,,,,,,,,,,,,,,,,,,,,,,,,,,,,,,,,,,,,,,,,,,,,,
20211030,70,,,,020,東京支店,740,車両費,,,Q5,,75000,6818,,000,共通部門,131,普通預金,20,ABC銀行 本店,00,,75000,0,高速代,,,,,,,,,,,,,,,,,,,,,,,,,,,,,,,,,,,,,,,,,,,,,,,,,,,,,,
20211030,70,,,,020,東京支店,791,雑費,,,Q5,,73500,6681,,000,共通部門,322,未払金,,,00,,73500,0,清掃料,,,,,,,,,,,,,,,,,,,,,,,,,,,,,,,,,,,,,,,,,,,,,,,,,,,,,,
20211030,73,,,,020,東京支店,733,交際接待費,,,Q5,,1260,114,,000,共通部門,111,現金,,,00,,1260,0,コーヒー代2名,,,,,,,,,,,,,,,,,,,,,,,,,,,,,,,,,,,,,,,,,,,,,,,,,,,,,,
20211030,96,,,,030,名古屋支店,791,雑費,,,Q5,,22470,2042,,000,共通部門,131,普通預金,30,GHI銀行 名古屋,00,,22470,0,警備料,,,,,,,,,,,,,,,,,,,,,,,,,,,,,,,,,,,,,,,,,,,,,,,,,,,,,,
20211030,100,,,,040,大阪支店,724,福利厚生費,,,Q5,,6000,545,,000,共通部門,111,現金,,,00,,6000,0,会費,,,,,,,,,,,,,,,,,,,,,,,,,,,,,,,,,,,,,,,,,,,,,,,,,,,,,,
20211030,115,,,,040,大阪支店,752,保険料,,,P0,,64500,0,,000,共通部門,131,普通預金,40,JKL銀行 梅田,00,,64500,0,保険料,,,,,,,,,,,,,,,,,,,,,,,,,,,,,,,,,,,,,,,,,,,,,,,,,,,,,,
20211030,139,,,,000,共通部門,131,普通預金,20,ABC銀行 本店,00,,13000000,0,,000,共通部門,131,普通預金,10,DEF銀行 駅前,00,,5000000,0,資金移動,,,,,,,,,,,,,,,,,,,,,,,,,,,,,,,,,,,,,,,,,,,,,,,,,,,,,,
20211030,139,,,,,,,,,,,,,,,000,共通部門,131,普通預金,30,GHI銀行 名古屋,00,,3000000,0,資金移動,,,,,,,,,,,,,,,,,,,,,,,,,,,,,,,,,,,,,,,,,,,,,,,,,,,,,,
20211030,139,,,,,,,,,,,,,,,000,共通部門,131,普通預金,40,JKL銀行 梅田,00,,3500000,0,資金移動,,,,,,,,,,,,,,,,,,,,,,,,,,,,,,,,,,,,,,,,,,,,,,,,,,,,,,
20211030,139,,,,,,,,,,,,,,,000,共通部門,131,普通預金,50,MNO銀行 北九州,00,,1500000,0,資金移動,,,,,,,,,,,,,,,,,,,,,,,,,,,,,,,,,,,,,,,,,,,,,,,,,,,,,,
20211031,1,,,,010,札幌営業所,731,運賃,,,Q5,,214990,19544,,000,共通部門,322,未払金,,,00,,214990,0,運賃 架空運送会社B,,,,,,,,,,,,,,,,,,,,,,,,,,,,,,,,,,,,,,,,,,,,,,,,,,,,,,
20211031,36,,,,020,東京支店,731,運賃,,,Q5,,1633000,148454,,000,共通部門,322,未払金,,,00,,2555305,0,運賃 架空運送会社A,,,,,,,,,,,,,,,,,,,,,,,,,,,,,,,,,,,,,,,,,,,,,,,,,,,,,,
20211031,36,,,,020,東京支店,731,運賃,,,Q5,,922305,83845,,,,,,,,,,,,運賃 架空運送会社B,,,,,,,,,,,,,,,,,,,,,,,,,,,,,,,,,,,,,,,,,,,,,,,,,,,,,,
20211031,40,,,,020,東京支店,732,広告宣伝費,,,Q5,,50000,4545,,000,共通部門,322,未払金,,,00,,50000,0,広告掲載,,,,,,,,,,,,,,,,,,,,,,,,,,,,,,,,,,,,,,,,,,,,,,,,,,,,,,
20211031,49,,,,020,東京支店,740,車両費,,,Q5,,163470,14860,,000,共通部門,111,現金,,,00,,163470,0,ガソリン代,,,,,,,,,,,,,,,,,,,,,,,,,,,,,,,,,,,,,,,,,,,,,,,,,,,,,,
20211031,63,,,,020,東京支店,752,保険料,,,P0,,81000,0,,000,共通部門,131,普通預金,20,ABC銀行 本店,00,,81000,0,保険料,,,,,,,,,,,,,,,,,,,,,,,,,,,,,,,,,,,,,,,,,,,,,,,,,,,,,,
20211031,66,,,,020,東京支店,744,リース料,,,Q5,,209850,19077,,000,共通部門,131,普通預金,20,ABC銀行 本店,00,,209850,0,リース料,,,,,,,,,,,,,,,,,,,,,,,,,,,,,,,,,,,,,,,,,,,,,,,,,,,,,,
20211031,67,,,,020,東京支店,742,諸会費,,,00,,30000,0,,000,共通部門,111,現金,,,00,,30000,0,会費支払い,,,,,,,,,,,,,,,,,,,,,,,,,,,,,,,,,,,,,,,,,,,,,,,,,,,,,,
20211031,70,,,,030,名古屋支店,752,保険料,,,P0,,62000,0,,000,共通部門,131,普通預金,30,GHI銀行 名古屋,00,,62000,0,保険料,,,,,,,,,,,,,,,,,,,,,,,,,,,,,,,,,,,,,,,,,,,,,,,,,,,,,,
20211031,71,,,,050,九州営業所,752,保険料,,,P0,,57000,0,,000,共通部門,131,普通預金,50,MNO銀行 北九州,00,,57000,0,保険料支払い,,,,,,,,,,,,,,,,,,,,,,,,,,,,,,,,,,,,,,,,,,,,,,,,,,,,,,
20211031,77,,,,030,名古屋支店,731,運賃,,,Q5,,172850,15713,,000,共通部門,322,未払金,,,00,,172850,0,運賃,,,,,,,,,,,,,,,,,,,,,,,,,,,,,,,,,,,,,,,,,,,,,,,,,,,,,,
20211031,80,,,,,,,,,,,,,,,000,共通部門,737,消耗品費,,,00,,245462,0,消耗品費　部門配賦,,,,,,,,,,,,,,,,,,,,,,,,,,,,,,,,,,,,,,,,,,,,,,,,,,,,,,
20211031,80,,,,010,札幌営業所,737,消耗品費,,,00,,27000,0,,,,,,,,,,,,,,,,,,,,,,,,,,,,,,,,,,,,,,,,,,,,,,,,,,,,,,,,,,,,,,,,,,
20211031,80,,,,020,東京支店,737,消耗品費,,,00,,117824,0,,,,,,,,,,,,,,,,,,,,,,,,,,,,,,,,,,,,,,,,,,,,,,,,,,,,,,,,,,,,,,,,,,
20211031,80,,,,030,名古屋支店,737,消耗品費,,,00,,24546,0,,,,,,,,,,,,,,,,,,,,,,,,,,,,,,,,,,,,,,,,,,,,,,,,,,,,,,,,,,,,,,,,,,
20211031,80,,,,040,大阪支店,737,消耗品費,,,00,,58910,0,,,,,,,,,,,,,,,,,,,,,,,,,,,,,,,,,,,,,,,,,,,,,,,,,,,,,,,,,,,,,,,,,,
20211031,80,,,,050,九州営業所,737,消耗品費,,,00,,17182,0,,,,,,,,,,,,,,,,,,,,,,,,,,,,,,,,,,,,,,,,,,,,,,,,,,,,,,,,,,,,,,,,,,
20211031,81,,,,030,名古屋支店,724,福利厚生費,,,Q5,,20500,1863,,000,共通部門,322,未払金,,,00,,20500,0,お茶代,,,,,,,,,,,,,,,,,,,,,,,,,,,,,,,,,,,,,,,,,,,,,,,,,,,,,,
20211031,82,,,,000,共通部門,322,未払金,,,00,,6788142,0,,000,共通部門,131,普通預金,20,ABC銀行 本店,00,,6788142,0,9月分支払,,,,,,,,,,,,,,,,,,,,,,,,,,,,,,,,,,,,,,,,,,,,,,,,,,,,,,
20211031,99,,,,040,大阪支店,731,運賃,,,Q5,,714120,64920,,000,共通部門,322,未払金,,,00,,714120,0,運賃,,,,,,,,,,,,,,,,,,,,,,,,,,,,,,,,,,,,,,,,,,,,,,,,,,,,,,
20211031,109,,,,000,共通部門,152,売掛金,25,株式会社ほのかマート,00,,4489738,0,,010,札幌営業所,511,売上高,,,B5,,4489738,408158,10月1日～10月31日分売上,,,,,,,,,,,,,,,,,,,,,,,,,,,,,,,,,,,,,,,,,,,,,,,,,,,,,,
20211031,109,,,,000,共通部門,152,売掛金,5,東雲商会株式会社,00,,1281568,0,,010,札幌営業所,511,売上高,,,B5,,1281568,116506,10月1日～10月31日分売上,,,,,,,,,,,,,,,,,,,,,,,,,,,,,,,,,,,,,,,,,,,,,,,,,,,,,,
20211031,109,,,,000,共通部門,152,売掛金,14,株式会社花咲商事,00,,1444608,0,,010,札幌営業所,511,売上高,,,B5,,1444608,131328,10月1日～10月31日分売上,,,,,,,,,,,,,,,,,,,,,,,,,,,,,,,,,,,,,,,,,,,,,,,,,,,,,,
20211031,110,,,,000,共通部門,152,売掛金,2,株式会社桜丘百貨店,00,,14382264,0,,020,東京支店,511,売上高,,,B5,,14382264,1307478,10月1日～10月31日分売上,,,,,,,,,,,,,,,,,,,,,,,,,,,,,,,,,,,,,,,,,,,,,,,,,,,,,,
20211031,110,,,,000,共通部門,152,売掛金,26,若松販売株式会社,00,,1018824,0,,020,東京支店,511,売上高,,,B5,,1018824,92620,10月1日～10月31日分売上,,,,,,,,,,,,,,,,,,,,,,,,,,,,,,,,,,,,,,,,,,,,,,,,,,,,,,
20211031,110,,,,000,共通部門,152,売掛金,12,株式会社緑野百貨店,00,,10808171,0,,020,東京支店,511,売上高,,,B5,,10808171,982561,10月1日～10月31日分売上,,,,,,,,,,,,,,,,,,,,,,,,,,,,,,,,,,,,,,,,,,,,,,,,,,,,,,
20211031,110,,,,000,共通部門,152,売掛金,11,株式会社楓屋,00,,543350,0,,020,東京支店,511,売上高,,,B5,,543350,49395,10月1日～10月31日分売上,,,,,,,,,,,,,,,,,,,,,,,,,,,,,,,,,,,,,,,,,,,,,,,,,,,,,,
20211031,110,,,,000,共通部門,152,売掛金,13,星川商事株式会社,00,,730040,0,,020,東京支店,511,売上高,,,B5,,730040,66367,10月1日～10月31日分売上,,,,,,,,,,,,,,,,,,,,,,,,,,,,,,,,,,,,,,,,,,,,,,,,,,,,,,
20211031,110,,,,000,共通部門,152,売掛金,14,株式会社花咲商事,00,,1675244,0,,020,東京支店,511,売上高,,,B5,,1675244,152294,10月1日～10月31日分売上,,,,,,,,,,,,,,,,,,,,,,,,,,,,,,,,,,,,,,,,,,,,,,,,,,,,,,
20211031,110,,,,000,共通部門,152,売掛金,10,合同会社こもれび商事,00,,203996,0,,020,東京支店,511,売上高,,,B5,,203996,18545,10月1日～10月31日分売上,,,,,,,,,,,,,,,,,,,,,,,,,,,,,,,,,,,,,,,,,,,,,,,,,,,,,,
20211031,110,,,,000,共通部門,152,売掛金,30,株式会社彩雲トレーディング,00,,1390498,0,,020,東京支店,511,売上高,,,B5,,1390498,126408,10月1日～10月31日分売上,,,,,,,,,,,,,,,,,,,,,,,,,,,,,,,,,,,,,,,,,,,,,,,,,,,,,,
20211031,110,,,,000,共通部門,152,売掛金,24,白峰商事株式会社,00,,497872,0,,020,東京支店,511,売上高,,,B5,,497872,45261,10月1日～10月31日分売上,,,,,,,,,,,,,,,,,,,,,,,,,,,,,,,,,,,,,,,,,,,,,,,,,,,,,,
20211031,111,,,,000,共通部門,152,売掛金,27,晴海物産株式会社,00,,814613,0,,030,名古屋支店,511,売上高,,,B5,,814613,74055,10月1日～10月31日分売上,,,,,,,,,,,,,,,,,,,,,,,,,,,,,,,,,,,,,,,,,,,,,,,,,,,,,,
20211031,111,,,,000,共通部門,152,売掛金,6,株式会社瑞穂流通,00,,1269677,0,,030,名古屋支店,511,売上高,,,B5,,1269677,115425,10月1日～10月31日分売上,,,,,,,,,,,,,,,,,,,,,,,,,,,,,,,,,,,,,,,,,,,,,,,,,,,,,,
20211031,111,,,,000,共通部門,152,売掛金,7,株式会社光彩堂商事,00,,1134104,0,,030,名古屋支店,511,売上高,,,B5,,1134104,103100,10月1日～10月31日分売上,,,,,,,,,,,,,,,,,,,,,,,,,,,,,,,,,,,,,,,,,,,,,,,,,,,,,,
20211031,111,,,,000,共通部門,152,売掛金,14,株式会社花咲商事,00,,1680864,0,,030,名古屋支店,511,売上高,,,B5,,1680864,152805,10月1日～10月31日分売上,,,,,,,,,,,,,,,,,,,,,,,,,,,,,,,,,,,,,,,,,,,,,,,,,,,,,,
20211031,111,,,,000,共通部門,152,売掛金,21,合同会社つばさ商店,00,,475740,0,,030,名古屋支店,511,売上高,,,B5,,475740,43249,10月1日～10月31日分売上,,,,,,,,,,,,,,,,,,,,,,,,,,,,,,,,,,,,,,,,,,,,,,,,,,,,,,
20211031,111,,,,000,共通部門,152,売掛金,19,株式会社南風商会,00,,590832,0,,030,名古屋支店,511,売上高,,,B5,,590832,53712,10月1日～10月31日分売上,,,,,,,,,,,,,,,,,,,,,,,,,,,,,,,,,,,,,,,,,,,,,,,,,,,,,,
20211031,112,,,,000,共通部門,326,預り金,1,保険料,00,,710925,0,,000,共通部門,131,普通預金,20,ABC銀行 本店,00,,1432906,0,保険料預かり分,,,,,,,,,,,,,,,,,,,,,,,,,,,,,,,,,,,,,,,,,,,,,,,,,,,,,,
20211031,112,,,,020,東京支店,723,法定福利費,,,P0,,112236,0,,,,,,,,,,,,保険料　事業主負担分,,,,,,,,,,,,,,,,,,,,,,,,,,,,,,,,,,,,,,,,,,,,,,,,,,,,,,
20211031,112,,,,020,東京支店,723,法定福利費,,,P0,,219315,0,,,,,,,,,,,,保険料　事業主負担分,,,,,,,,,,,,,,,,,,,,,,,,,,,,,,,,,,,,,,,,,,,,,,,,,,,,,,
20211031,112,,,,010,札幌営業所,723,法定福利費,,,P0,,96280,0,,,,,,,,,,,,保険料　事業主負担分,,,,,,,,,,,,,,,,,,,,,,,,,,,,,,,,,,,,,,,,,,,,,,,,,,,,,,
20211031,112,,,,030,名古屋支店,723,法定福利費,,,P0,,94031,0,,,,,,,,,,,,保険料　事業主負担分,,,,,,,,,,,,,,,,,,,,,,,,,,,,,,,,,,,,,,,,,,,,,,,,,,,,,,
20211031,112,,,,040,大阪支店,723,法定福利費,,,P0,,121795,0,,,,,,,,,,,,保険料　事業主負担分,,,,,,,,,,,,,,,,,,,,,,,,,,,,,,,,,,,,,,,,,,,,,,,,,,,,,,
20211031,112,,,,050,九州営業所,723,法定福利費,,,P0,,67268,0,,,,,,,,,,,,保険料　事業主負担分,,,,,,,,,,,,,,,,,,,,,,,,,,,,,,,,,,,,,,,,,,,,,,,,,,,,,,
20211031,112,,,,020,東京支店,723,法定福利費,,,P0,,11056,0,,,,,,,,,,,,児童拠出金　事業主負担分,,,,,,,,,,,,,,,,,,,,,,,,,,,,,,,,,,,,,,,,,,,,,,,,,,,,,,
20211031,112,,,,000,共通部門,152,売掛金,28,株式会社青葉百貨店,00,,6921367,0,,040,大阪支店,511,売上高,,,B5,,6921367,629215,10月1日～10月31日分売上,,,,,,,,,,,,,,,,,,,,,,,,,,,,,,,,,,,,,,,,,,,,,,,,,,,,,,
20211031,112,,,,000,共通部門,152,売掛金,23,株式会社杉の木商店,00,,482504,0,,040,大阪支店,511,売上高,,,B5,,482504,43864,10月1日～10月31日分売上,,,,,,,,,,,,,,,,,,,,,,,,,,,,,,,,,,,,,,,,,,,,,,,,,,,,,,
20211031,112,,,,000,共通部門,152,売掛金,14,株式会社花咲商事,00,,2247210,0,,040,大阪支店,511,売上高,,,B5,,2247210,204291,10月1日～10月31日分売上,,,,,,,,,,,,,,,,,,,,,,,,,,,,,,,,,,,,,,,,,,,,,,,,,,,,,,
20211031,112,,,,000,共通部門,152,売掛金,20,清和商事株式会社,00,,1254356,0,,040,大阪支店,511,売上高,,,B5,,1254356,114032,10月1日～10月31日分売上,,,,,,,,,,,,,,,,,,,,,,,,,,,,,,,,,,,,,,,,,,,,,,,,,,,,,,
20211031,112,,,,000,共通部門,152,売掛金,4,株式会社ひなたマート,00,,1087224,0,,040,大阪支店,511,売上高,,,B5,,1087224,98838,10月1日～10月31日分売上,,,,,,,,,,,,,,,,,,,,,,,,,,,,,,,,,,,,,,,,,,,,,,,,,,,,,,
20211031,112,,,,000,共通部門,152,売掛金,8,株式会社高原マーケット,00,,398115,0,,040,大阪支店,511,売上高,,,B5,,398115,36192,10月1日～10月31日分売上,,,,,,,,,,,,,,,,,,,,,,,,,,,,,,,,,,,,,,,,,,,,,,,,,,,,,,
20211031,112,,,,000,共通部門,152,売掛金,9,朝凪物産株式会社,00,,798840,0,,040,大阪支店,511,売上高,,,B5,,798840,72621,10月1日～10月31日分売上,,,,,,,,,,,,,,,,,,,,,,,,,,,,,,,,,,,,,,,,,,,,,,,,,,,,,,
20211031,112,,,,000,共通部門,152,売掛金,3,青凪商事株式会社,00,,509535,0,,040,大阪支店,511,売上高,,,B5,,509535,46321,10月1日～10月31日分売上,,,,,,,,,,,,,,,,,,,,,,,,,,,,,,,,,,,,,,,,,,,,,,,,,,,,,,
20211031,113,,,,000,共通部門,152,売掛金,29,株式会社小春サービス,00,,708660,0,,050,九州営業所,511,売上高,,,B5,,708660,64423,10月1日～10月31日分売上,,,,,,,,,,,,,,,,,,,,,,,,,,,,,,,,,,,,,,,,,,,,,,,,,,,,,,
20211031,113,,,,000,共通部門,152,売掛金,22,株式会社豊原産業,00,,923680,0,,050,九州営業所,511,売上高,,,B5,,923680,83970,10月1日～10月31日分売上,,,,,,,,,,,,,,,,,,,,,,,,,,,,,,,,,,,,,,,,,,,,,,,,,,,,,,
20211031,113,,,,000,共通部門,152,売掛金,1,株式会社若葉百貨店,00,,1023604,0,,050,九州営業所,511,売上高,,,B5,,1023604,93054,10月1日～10月31日分売上,,,,,,,,,,,,,,,,,,,,,,,,,,,,,,,,,,,,,,,,,,,,,,,,,,,,,,
20211031,113,,,,000,共通部門,152,売掛金,14,株式会社花咲商事,00,,777184,0,,050,九州営業所,511,売上高,,,B5,,777184,70653,10月1日～10月31日分売上,,,,,,,,,,,,,,,,,,,,,,,,,,,,,,,,,,,,,,,,,,,,,,,,,,,,,,
20211031,114,,,,000,共通部門,131,普通預金,40,JKL銀行 梅田,00,,703128,0,,000,共通部門,152,売掛金,4,株式会社ひなたマート,00,,703128,0,10月31日伝票No340株式会社ひなたマート,,,,,,,,,,,,,,,,,,,,,,,,,,,,,,,,,,,,,,,,,,,,,,,,,,,,,,
20211031,114,,,,040,大阪支店,741,支払手数料,,,Q5,,840,76,,000,共通部門,152,売掛金,4,株式会社ひなたマート,00,,840,0,10月31日伝票No340株式会社ひなたマート,,,,,,,,,,,,,,,,,,,,,,,,,,,,,,,,,,,,,,,,,,,,,,,,,,,,,,
20211031,115,,,,000,共通部門,131,普通預金,10,DEF銀行 駅前,00,,1128760,0,,000,共通部門,152,売掛金,5,東雲商会株式会社,00,,1128760,0,10月31日伝票No341東雲商会株式会社,,,,,,,,,,,,,,,,,,,,,,,,,,,,,,,,,,,,,,,,,,,,,,,,,,,,,,
20211031,115,,,,010,札幌営業所,741,支払手数料,,,Q5,,840,76,,000,共通部門,152,売掛金,5,東雲商会株式会社,00,,840,0,10月31日伝票No341東雲商会株式会社,,,,,,,,,,,,,,,,,,,,,,,,,,,,,,,,,,,,,,,,,,,,,,,,,,,,,,
20211031,116,,,,000,共通部門,150,受取手形,,,00,,9607109,0,,000,共通部門,152,売掛金,12,株式会社緑野百貨店,00,,9607109,0,10月31日伝票No342株式会社緑野百貨店 | 売上伝票=20210930-118;手形番号=R20211031-116-12,,,,,,,,,,,,,,,,,,,,,,,,,,,,,,,,,,,,,,,,,,,,,,,,,,,,,,
20211031,116,,,,040,大阪支店,744,リース料,,,Q5,,84000,7636,,000,共通部門,131,普通預金,40,JKL銀行 梅田,00,,84000,0,リース料,,,,,,,,,,,,,,,,,,,,,,,,,,,,,,,,,,,,,,,,,,,,,,,,,,,,,,
20211031,117,,,,000,共通部門,131,普通預金,20,ABC銀行 本店,00,,669734,0,,000,共通部門,152,売掛金,24,白峰商事株式会社,00,,669734,0,10月31日伝票No343白峰商事株式会社,,,,,,,,,,,,,,,,,,,,,,,,,,,,,,,,,,,,,,,,,,,,,,,,,,,,,,
20211031,117,,,,020,東京支店,741,支払手数料,,,Q5,,630,57,,000,共通部門,152,売掛金,24,白峰商事株式会社,00,,630,0,10月31日伝票No343白峰商事株式会社,,,,,,,,,,,,,,,,,,,,,,,,,,,,,,,,,,,,,,,,,,,,,,,,,,,,,,
20211031,118,,,,000,共通部門,131,普通預金,50,MNO銀行 北九州,00,,496770,0,,000,共通部門,152,売掛金,29,株式会社小春サービス,00,,496770,0,10月31日伝票No344株式会社小春サービス,,,,,,,,,,,,,,,,,,,,,,,,,,,,,,,,,,,,,,,,,,,,,,,,,,,,,,
20211031,118,,,,050,九州営業所,741,支払手数料,,,Q5,,210,19,,000,共通部門,152,売掛金,29,株式会社小春サービス,00,,210,0,10月31日伝票No344株式会社小春サービス,,,,,,,,,,,,,,,,,,,,,,,,,,,,,,,,,,,,,,,,,,,,,,,,,,,,,,
20211031,119,,,,000,共通部門,111,現金,,,00,,342468,0,,000,共通部門,152,売掛金,10,合同会社こもれび商事,00,,342468,0,10月31日伝票No456合同会社こもれび商事,,,,,,,,,,,,,,,,,,,,,,,,,,,,,,,,,,,,,,,,,,,,,,,,,,,,,,
20211031,120,,,,010,札幌営業所,541,商品仕入高,,,Q5,,50400,4581,,000,共通部門,312,買掛金,8,株式会社白樺商事,00,,50400,0,10月1日～10月31日分仕入,,,,,,,,,,,,,,,,,,,,,,,,,,,,,,,,,,,,,,,,,,,,,,,,,,,,,,
20211031,120,,,,010,札幌営業所,541,商品仕入高,,,Q5,,119070,10824,,000,共通部門,312,買掛金,2,株式会社双葉物産,00,,119070,0,10月1日～10月31日分仕入,,,,,,,,,,,,,,,,,,,,,,,,,,,,,,,,,,,,,,,,,,,,,,,,,,,,,,
20211031,121,,,,020,東京支店,541,商品仕入高,,,Q5,,343980,31270,,000,共通部門,312,買掛金,12,株式会社泉川商事,00,,343980,0,10月1日～10月31日分仕入,,,,,,,,,,,,,,,,,,,,,,,,,,,,,,,,,,,,,,,,,,,,,,,,,,,,,,
20211031,121,,,,020,東京支店,541,商品仕入高,,,Q5,,6139437,558130,,000,共通部門,312,買掛金,1,株式会社北辰商事,00,,6139437,0,10月1日～10月31日分仕入,,,,,,,,,,,,,,,,,,,,,,,,,,,,,,,,,,,,,,,,,,,,,,,,,,,,,,
20211031,121,,,,020,東京支店,541,商品仕入高,,,Q5,,4492889,408444,,000,共通部門,312,買掛金,11,株式会社花園商会,00,,4492889,0,10月1日～10月31日分仕入,,,,,,,,,,,,,,,,,,,,,,,,,,,,,,,,,,,,,,,,,,,,,,,,,,,,,,
20211031,121,,,,020,東京支店,541,商品仕入高,,,Q5,,3016650,274240,,000,共通部門,312,買掛金,14,合同会社あかね商会,00,,3016650,0,10月1日～10月31日分仕入,,,,,,,,,,,,,,,,,,,,,,,,,,,,,,,,,,,,,,,,,,,,,,,,,,,,,,
20211031,121,,,,020,東京支店,541,商品仕入高,,,Q5,,3323313,302119,,000,共通部門,312,買掛金,3,青凪商事株式会社,00,,3323313,0,10月1日～10月31日分仕入,,,,,,,,,,,,,,,,,,,,,,,,,,,,,,,,,,,,,,,,,,,,,,,,,,,,,,
20211031,121,,,,020,東京支店,541,商品仕入高,,,Q5,,912870,82988,,000,共通部門,312,買掛金,2,株式会社双葉物産,00,,912870,0,10月1日～10月31日分仕入,,,,,,,,,,,,,,,,,,,,,,,,,,,,,,,,,,,,,,,,,,,,,,,,,,,,,,
20211031,121,,,,020,東京支店,541,商品仕入高,,,Q5,,1345680,122334,,000,共通部門,312,買掛金,13,朝日野産業株式会社,00,,1345680,0,10月1日～10月31日分仕入,,,,,,,,,,,,,,,,,,,,,,,,,,,,,,,,,,,,,,,,,,,,,,,,,,,,,,
20211031,121,,,,020,東京支店,541,商品仕入高,,,Q5,,226800,20618,,000,共通部門,312,買掛金,8,株式会社白樺商事,00,,226800,0,10月1日～10月31日分仕入,,,,,,,,,,,,,,,,,,,,,,,,,,,,,,,,,,,,,,,,,,,,,,,,,,,,,,
20211031,122,,,,030,名古屋支店,541,商品仕入高,,,Q5,,3715740,337794,,000,共通部門,312,買掛金,7,株式会社夕凪商会,00,,3715740,0,10月1日～10月31日分仕入,,,,,,,,,,,,,,,,,,,,,,,,,,,,,,,,,,,,,,,,,,,,,,,,,,,,,,
20211031,122,,,,030,名古屋支店,541,商品仕入高,,,Q5,,1859340,169030,,000,共通部門,312,買掛金,9,東原産業株式会社,00,,1859340,0,10月1日～10月31日分仕入,,,,,,,,,,,,,,,,,,,,,,,,,,,,,,,,,,,,,,,,,,,,,,,,,,,,,,
20211031,122,,,,030,名古屋支店,541,商品仕入高,,,Q5,,1204980,109543,,000,共通部門,312,買掛金,15,株式会社麦穂商事,00,,1204980,0,10月1日～10月31日分仕入,,,,,,,,,,,,,,,,,,,,,,,,,,,,,,,,,,,,,,,,,,,,,,,,,,,,,,
20211031,122,,,,030,名古屋支店,541,商品仕入高,,,Q5,,158760,14432,,000,共通部門,312,買掛金,2,株式会社双葉物産,00,,158760,0,10月1日～10月31日分仕入,,,,,,,,,,,,,,,,,,,,,,,,,,,,,,,,,,,,,,,,,,,,,,,,,,,,,,
20211031,123,,,,040,大阪支店,541,商品仕入高,,,Q5,,3677354,334304,,000,共通部門,312,買掛金,6,株式会社日向産業,00,,3677354,0,10月1日～10月31日分仕入,,,,,,,,,,,,,,,,,,,,,,,,,,,,,,,,,,,,,,,,,,,,,,,,,,,,,,
20211031,123,,,,040,大阪支店,541,商品仕入高,,,Q5,,3215415,292310,,000,共通部門,312,買掛金,10,光野販売株式会社,00,,3215415,0,10月1日～10月31日分仕入,,,,,,,,,,,,,,,,,,,,,,,,,,,,,,,,,,,,,,,,,,,,,,,,,,,,,,
20211031,123,,,,040,大阪支店,541,商品仕入高,,,Q5,,3923430,356675,,000,共通部門,312,買掛金,5,千草商事株式会社,00,,3923430,0,10月1日～10月31日分仕入,,,,,,,,,,,,,,,,,,,,,,,,,,,,,,,,,,,,,,,,,,,,,,,,,,,,,,
20211031,123,,,,040,大阪支店,541,商品仕入高,,,Q5,,964740,87703,,000,共通部門,312,買掛金,4,株式会社和泉流通,00,,964740,0,10月1日～10月31日分仕入,,,,,,,,,,,,,,,,,,,,,,,,,,,,,,,,,,,,,,,,,,,,,,,,,,,,,,
20211031,123,,,,040,大阪支店,541,商品仕入高,,,Q5,,126000,11454,,000,共通部門,312,買掛金,8,株式会社白樺商事,00,,126000,0,10月1日～10月31日分仕入,,,,,,,,,,,,,,,,,,,,,,,,,,,,,,,,,,,,,,,,,,,,,,,,,,,,,,
20211031,123,,,,040,大阪支店,541,商品仕入高,,,Q5,,79380,7216,,000,共通部門,312,買掛金,2,株式会社双葉物産,00,,79380,0,10月1日～10月31日分仕入,,,,,,,,,,,,,,,,,,,,,,,,,,,,,,,,,,,,,,,,,,,,,,,,,,,,,,
20211031,124,,,,050,九州営業所,541,商品仕入高,,,Q5,,79380,7216,,000,共通部門,312,買掛金,2,株式会社双葉物産,00,,79380,0,10月1日～10月31日分仕入,,,,,,,,,,,,,,,,,,,,,,,,,,,,,,,,,,,,,,,,,,,,,,,,,,,,,,
20211031,124,,,,050,九州営業所,541,商品仕入高,,,Q5,,20160,1832,,000,共通部門,312,買掛金,8,株式会社白樺商事,00,,20160,0,10月1日～10月31日分仕入,,,,,,,,,,,,,,,,,,,,,,,,,,,,,,,,,,,,,,,,,,,,,,,,,,,,,,
20211031,125,,,,000,共通部門,312,買掛金,2,株式会社双葉物産,00,,1241037,0,,000,共通部門,131,普通預金,20,ABC銀行 本店,00,,1241037,0,10月31日伝票No267株式会社双葉物産,,,,,,,,,,,,,,,,,,,,,,,,,,,,,,,,,,,,,,,,,,,,,,,,,,,,,,
20211031,126,,,,000,共通部門,312,買掛金,5,千草商事株式会社,00,,3730512,0,,000,共通部門,301,支払手形,,,00,,3730512,0,10月31日伝票No270千草商事株式会社,,,,,,,,,,,,,,,,,,,,,,,,,,,,,,,,,,,,,,,,,,,,,,,,,,,,,,
20211031,127,,,,000,共通部門,312,買掛金,7,株式会社夕凪商会,00,,3447035,0,,000,共通部門,131,普通預金,20,ABC銀行 本店,00,,3447035,0,10月31日伝票No272株式会社夕凪商会,,,,,,,,,,,,,,,,,,,,,,,,,,,,,,,,,,,,,,,,,,,,,,,,,,,,,,
20211031,128,,,,000,共通部門,312,買掛金,9,東原産業株式会社,00,,1819272,0,,000,共通部門,301,支払手形,,,00,,1819272,0,10月31日伝票No277東原産業株式会社,,,,,,,,,,,,,,,,,,,,,,,,,,,,,,,,,,,,,,,,,,,,,,,,,,,,,,
20211031,129,,,,000,共通部門,312,買掛金,10,光野販売株式会社,00,,3051222,0,,000,共通部門,301,支払手形,,,00,,3051222,0,10月31日伝票No280光野販売株式会社,,,,,,,,,,,,,,,,,,,,,,,,,,,,,,,,,,,,,,,,,,,,,,,,,,,,,,
20211031,130,,,,000,共通部門,312,買掛金,12,株式会社泉川商事,00,,316537,0,,000,共通部門,131,普通預金,20,ABC銀行 本店,00,,316537,0,10月31日伝票No281株式会社泉川商事,,,,,,,,,,,,,,,,,,,,,,,,,,,,,,,,,,,,,,,,,,,,,,,,,,,,,,
20211031,131,,,,000,共通部門,312,買掛金,13,朝日野産業株式会社,00,,1317476,0,,000,共通部門,131,普通預金,20,ABC銀行 本店,00,,1317476,0,10月31日伝票No283朝日野産業株式会社,,,,,,,,,,,,,,,,,,,,,,,,,,,,,,,,,,,,,,,,,,,,,,,,,,,,,,
20211031,132,,,,000,共通部門,312,買掛金,14,合同会社あかね商会,00,,2868702,0,,000,共通部門,131,普通預金,20,ABC銀行 本店,00,,2868702,0,10月31日伝票No284合同会社あかね商会,,,,,,,,,,,,,,,,,,,,,,,,,,,,,,,,,,,,,,,,,,,,,,,,,,,,,,
20211031,133,,,,000,共通部門,312,買掛金,15,株式会社麦穂商事,00,,1178376,0,,000,共通部門,131,普通預金,20,ABC銀行 本店,00,,1178376,0,10月31日伝票No287株式会社麦穂商事,,,,,,,,,,,,,,,,,,,,,,,,,,,,,,,,,,,,,,,,,,,,,,,,,,,,,,
20211031,135,,,,000,共通部門,301,支払手形,,,00,,3725574,0,,000,共通部門,121,当座預金,1,ABC銀行,00,,3725574,0,手形期日落日 千草商事株式会社,,,,,,,,,,,,,,,,,,,,,,,,,,,,,,,,,,,,,,,,,,,,,,,,,,,,,,
20211031,135,,,,000,共通部門,301,支払手形,,,00,,1712425,0,,000,共通部門,121,当座預金,1,ABC銀行,00,,1712425,0,手形期日落日 東原産業株式会社,,,,,,,,,,,,,,,,,,,,,,,,,,,,,,,,,,,,,,,,,,,,,,,,,,,,,,
20211031,135,,,,000,共通部門,301,支払手形,,,00,,3060500,0,,000,共通部門,121,当座預金,1,ABC銀行,00,,3060500,0,手形期日落日 光野販売株式会社,,,,,,,,,,,,,,,,,,,,,,,,,,,,,,,,,,,,,,,,,,,,,,,,,,,,,,
20211031,137,,,,000,共通部門,121,当座預金,1,ABC銀行,00,,14026610,0,,000,共通部門,150,受取手形,,,00,,14026610,0,手形満期 株式会社桜丘百貨店 | 手形番号=R20210725-109-2;受取額に決済額を訂正,,,,,,,,,,,,,,,,,,,,,,,,,,,,,,,,,,,,,,,,,,,,,,,,,,,,,,
20211031,138,,,,000,共通部門,121,当座預金,1,ABC銀行,00,,6131174,0,,000,共通部門,150,受取手形,,,00,,6131174,0,手形満期 株式会社青葉百貨店 | 手形番号=R20210810-88-28;受取額に決済額を訂正,,,,,,,,,,,,,,,,,,,,,,,,,,,,,,,,,,,,,,,,,,,,,,,,,,,,,,
20211031,140,,,,000,共通部門,131,普通預金,20,ABC銀行 本店,00,,40000,0,,000,共通部門,183,短期貸付金,,,00,,40000,0,貸付金返済,,,,,,,,,,,,,,,,,,,,,,,,,,,,,,,,,,,,,,,,,,,,,,,,,,,,,,
20211031,141,,,,000,共通部門,148,定期積金,,,00,,500000,0,,000,共通部門,131,普通預金,20,ABC銀行 本店,00,,625000,0,定期積立金,,,,,,,,,,,,,,,,,,,,,,,,,,,,,,,,,,,,,,,,,,,,,,,,,,,,,,
20211031,141,,,,000,共通部門,248,保険積立金,,,00,,125000,0,,,,,,,,,,,,保険積立金,,,,,,,,,,,,,,,,,,,,,,,,,,,,,,,,,,,,,,,,,,,,,,,,,,,,,,
20211031,142,,,,000,共通部門,321,短期借入金,,,00,,653500,0,,000,共通部門,121,当座預金,1,ABC銀行,00,,686175,0,借入金返済,,,,,,,,,,,,,,,,,,,,,,,,,,,,,,,,,,,,,,,,,,,,,,,,,,,,,,
20211031,142,,,,020,東京支店,821,支払利息,,,P0,,32675,0,,,,,,,,,,,,利息,,,,,,,,,,,,,,,,,,,,,,,,,,,,,,,,,,,,,,,,,,,,,,,,,,,,,,
20211031,145,,,,050,九州営業所,731,運賃,,,Q5,,152700,13881,,000,共通部門,322,未払金,,,00,,152700,0,運賃,,,,,,,,,,,,,,,,,,,,,,,,,,,,,,,,,,,,,,,,,,,,,,,,,,,,,,
20211031,990007,,,,010,札幌営業所,713,賞与,,,00,,190000,0,,010,札幌営業所,337,賞与引当金,,,00,,190000,0,サンプル定義：賞与半年均等引当 202110 部門010,,,,,,,,,,,,,,,,,,,,,,,,,,,,,,,,,,,,,,,,,,,,,,,,,,,,,,
20211031,990007,,,,020,東京支店,713,賞与,,,00,,451667,0,,020,東京支店,337,賞与引当金,,,00,,451667,0,サンプル定義：賞与半年均等引当 202110 部門020,,,,,,,,,,,,,,,,,,,,,,,,,,,,,,,,,,,,,,,,,,,,,,,,,,,,,,
20211031,990007,,,,030,名古屋支店,713,賞与,,,00,,178333,0,,030,名古屋支店,337,賞与引当金,,,00,,178333,0,サンプル定義：賞与半年均等引当 202110 部門030,,,,,,,,,,,,,,,,,,,,,,,,,,,,,,,,,,,,,,,,,,,,,,,,,,,,,,
20211031,990007,,,,040,大阪支店,713,賞与,,,00,,216667,0,,040,大阪支店,337,賞与引当金,,,00,,216667,0,サンプル定義：賞与半年均等引当 202110 部門040,,,,,,,,,,,,,,,,,,,,,,,,,,,,,,,,,,,,,,,,,,,,,,,,,,,,,,
20211031,990007,,,,050,九州営業所,713,賞与,,,00,,136667,0,,050,九州営業所,337,賞与引当金,,,00,,136667,0,サンプル定義：賞与半年均等引当 202110 部門050,,,,,,,,,,,,,,,,,,,,,,,,,,,,,,,,,,,,,,,,,,,,,,,,,,,,,,
20211101,18,,,,010,札幌営業所,726,旅費交通費,,,Q5,,21000,1909,,000,共通部門,111,現金,,,00,,21000,0,旅費,,,,,,,,,,,,,,,,,,,,,,,,,,,,,,,,,,,,,,,,,,,,,,,,,,,,,,
20211101,75,,,,050,九州営業所,740,車両費,,,Q5,,6151,559,,000,共通部門,111,現金,,,00,,6626,0,ガソリン代,,,,,,,,,,,,,,,,,,,,,,,,,,,,,,,,,,,,,,,,,,,,,,,,,,,,,,
20211101,75,,,,050,九州営業所,740,車両費,,,Q5,,475,43,,,,,,,,,,,,ウォッシャー液代,,,,,,,,,,,,,,,,,,,,,,,,,,,,,,,,,,,,,,,,,,,,,,,,,,,,,,
20211101,165,,,,050,九州営業所,791,雑費,,,Q5,,3756,341,,000,共通部門,111,現金,,,00,,3756,0,お茶代他,,,,,,,,,,,,,,,,,,,,,,,,,,,,,,,,,,,,,,,,,,,,,,,,,,,,,,
20211102,149,,,,030,名古屋支店,733,交際接待費,,,Q5,,7758,705,,000,共通部門,111,現金,,,00,,19632,0,食事代 架空店舗064 2名,,,,,,,,,,,,,,,,,,,,,,,,,,,,,,,,,,,,,,,,,,,,,,,,,,,,,,
20211102,149,,,,030,名古屋支店,733,交際接待費,,,Q5,,11874,1079,,,,,,,,,,,,飲食代 架空店舗020,,,,,,,,,,,,,,,,,,,,,,,,,,,,,,,,,,,,,,,,,,,,,,,,,,,,,,
20211103,41,,,,020,東京支店,733,交際接待費,,,Q5,,3540,321,,000,共通部門,111,現金,,,00,,3540,0,食事代 架空店舗030 2名,,,,,,,,,,,,,,,,,,,,,,,,,,,,,,,,,,,,,,,,,,,,,,,,,,,,,,
20211103,134,,,,020,東京支店,754,事務用消耗品費,,,Q5,,9600,872,,000,共通部門,111,現金,,,00,,9600,0,用紙,,,,,,,,,,,,,,,,,,,,,,,,,,,,,,,,,,,,,,,,,,,,,,,,,,,,,,
20211104,67,,,,010,札幌営業所,791,雑費,,,Q5,,2234,203,,000,共通部門,111,現金,,,00,,2234,0,お茶代他,,,,,,,,,,,,,,,,,,,,,,,,,,,,,,,,,,,,,,,,,,,,,,,,,,,,,,
20211104,68,,,,040,大阪支店,791,雑費,,,Q5,,3025,275,,000,共通部門,111,現金,,,00,,3025,0,ティッシュ代他,,,,,,,,,,,,,,,,,,,,,,,,,,,,,,,,,,,,,,,,,,,,,,,,,,,,,,
20211105,19,,,,010,札幌営業所,726,旅費交通費,,,Q5,,9800,890,,000,共通部門,111,現金,,,00,,9800,0,旅費,,,,,,,,,,,,,,,,,,,,,,,,,,,,,,,,,,,,,,,,,,,,,,,,,,,,,,
20211105,42,,,,020,東京支店,733,交際接待費,,,Q5,,1890,171,,000,共通部門,111,現金,,,00,,1890,0,コーヒー代3名,,,,,,,,,,,,,,,,,,,,,,,,,,,,,,,,,,,,,,,,,,,,,,,,,,,,,,
20211105,50,,,,020,東京支店,740,車両費,,,Q5,,3800,345,,000,共通部門,111,現金,,,00,,3800,0,高速代,,,,,,,,,,,,,,,,,,,,,,,,,,,,,,,,,,,,,,,,,,,,,,,,,,,,,,
20211105,56,,,,020,東京支店,726,旅費交通費,,,Q5,,10230,930,,000,共通部門,111,現金,,,00,,10230,0,旅費,,,,,,,,,,,,,,,,,,,,,,,,,,,,,,,,,,,,,,,,,,,,,,,,,,,,,,
20211105,79,,,,030,名古屋支店,724,福利厚生費,,,Q5,,29871,2715,,000,共通部門,111,現金,,,00,,29871,0,景品代,,,,,,,,,,,,,,,,,,,,,,,,,,,,,,,,,,,,,,,,,,,,,,,,,,,,,,
20211105,84,,,,000,共通部門,131,普通預金,50,MNO銀行 北九州,00,,923208,0,,000,共通部門,152,売掛金,22,株式会社豊原産業,00,,923208,0,11月5日伝票No353株式会社豊原産業,,,,,,,,,,,,,,,,,,,,,,,,,,,,,,,,,,,,,,,,,,,,,,,,,,,,,,
20211105,84,,,,050,九州営業所,741,支払手数料,,,Q5,,472,42,,000,共通部門,152,売掛金,22,株式会社豊原産業,00,,472,0,11月5日伝票No353株式会社豊原産業,,,,,,,,,,,,,,,,,,,,,,,,,,,,,,,,,,,,,,,,,,,,,,,,,,,,,,
20211105,85,,,,000,共通部門,131,普通預金,20,ABC銀行 本店,00,,1018352,0,,000,共通部門,152,売掛金,26,若松販売株式会社,00,,1018352,0,11月5日伝票No354若松販売株式会社,,,,,,,,,,,,,,,,,,,,,,,,,,,,,,,,,,,,,,,,,,,,,,,,,,,,,,
20211105,85,,,,020,東京支店,741,支払手数料,,,Q5,,472,42,,000,共通部門,152,売掛金,26,若松販売株式会社,00,,472,0,11月5日伝票No354若松販売株式会社,,,,,,,,,,,,,,,,,,,,,,,,,,,,,,,,,,,,,,,,,,,,,,,,,,,,,,
20211105,86,,,,000,共通部門,131,普通預金,30,GHI銀行 名古屋,00,,814613,0,,000,共通部門,152,売掛金,27,晴海物産株式会社,00,,814613,0,11月5日伝票No355晴海物産株式会社,,,,,,,,,,,,,,,,,,,,,,,,,,,,,,,,,,,,,,,,,,,,,,,,,,,,,,
20211105,102,,,,040,大阪支店,733,交際接待費,,,Q5,,10000,909,,000,共通部門,111,現金,,,00,,10000,0,香典代,,,,,,,,,,,,,,,,,,,,,,,,,,,,,,,,,,,,,,,,,,,,,,,,,,,,,,
20211105,133,,,,020,東京支店,746,支払報酬,,,Q5,,139710,12700,,000,共通部門,131,普通預金,20,ABC銀行 本店,00,,139710,0,税理士報酬,,,,,,,,,,,,,,,,,,,,,,,,,,,,,,,,,,,,,,,,,,,,,,,,,,,,,,
20211105,143,,,,040,大阪支店,740,車両費,,,Q5,,31350,2850,,000,共通部門,111,現金,,,00,,31350,0,点検作業料,,,,,,,,,,,,,,,,,,,,,,,,,,,,,,,,,,,,,,,,,,,,,,,,,,,,,,
20211106,10,,,,010,札幌営業所,740,車両費,,,Q5,,4224,384,,000,共通部門,111,現金,,,00,,4224,0,ガソリン代,,,,,,,,,,,,,,,,,,,,,,,,,,,,,,,,,,,,,,,,,,,,,,,,,,,,,,
20211106,16,,,,010,札幌営業所,740,車両費,,,Q5,,8000,727,,000,共通部門,111,現金,,,00,,8000,0,スノーブレード代,,,,,,,,,,,,,,,,,,,,,,,,,,,,,,,,,,,,,,,,,,,,,,,,,,,,,,
20211106,110,,,,040,大阪支店,726,旅費交通費,,,Q5,,2290,208,,000,共通部門,111,現金,,,00,,2290,0,タクシー代,,,,,,,,,,,,,,,,,,,,,,,,,,,,,,,,,,,,,,,,,,,,,,,,,,,,,,
20211107,20,,,,010,札幌営業所,726,旅費交通費,,,Q5,,39000,3545,,000,共通部門,111,現金,,,00,,39000,0,旅費,,,,,,,,,,,,,,,,,,,,,,,,,,,,,,,,,,,,,,,,,,,,,,,,,,,,,,
20211107,21,,,,010,札幌営業所,726,旅費交通費,,,Q5,,69500,6318,,000,共通部門,111,現金,,,00,,69500,0,架空鉄道会社A代,,,,,,,,,,,,,,,,,,,,,,,,,,,,,,,,,,,,,,,,,,,,,,,,,,,,,,
20211107,22,,,,010,札幌営業所,726,旅費交通費,,,Q5,,50000,4545,,000,共通部門,111,現金,,,00,,50000,0,旅費,,,,,,,,,,,,,,,,,,,,,,,,,,,,,,,,,,,,,,,,,,,,,,,,,,,,,,
20211107,58,,,,020,東京支店,726,旅費交通費,,,Q5,,70000,6363,,000,共通部門,111,現金,,,00,,70000,0,旅費,,,,,,,,,,,,,,,,,,,,,,,,,,,,,,,,,,,,,,,,,,,,,,,,,,,,,,
20211108,32,,,,010,札幌営業所,754,事務用消耗品費,,,Q5,,1580,143,,000,共通部門,322,未払金,,,00,,1580,0,事務用品費,,,,,,,,,,,,,,,,,,,,,,,,,,,,,,,,,,,,,,,,,,,,,,,,,,,,,,
20211108,43,,,,020,東京支店,733,交際接待費,,,Q5,,1575,143,,000,共通部門,111,現金,,,00,,1575,0,コーヒー代2名,,,,,,,,,,,,,,,,,,,,,,,,,,,,,,,,,,,,,,,,,,,,,,,,,,,,,,
20211108,44,,,,020,東京支店,733,交際接待費,,,Q5,,3150,286,,000,共通部門,111,現金,,,00,,3150,0,手土産代 株式会社桜丘百貨店,,,,,,,,,,,,,,,,,,,,,,,,,,,,,,,,,,,,,,,,,,,,,,,,,,,,,,
20211108,78,,,,030,名古屋支店,726,旅費交通費,,,Q5,,9800,890,,000,共通部門,111,現金,,,00,,9800,0,架空鉄道会社A代,,,,,,,,,,,,,,,,,,,,,,,,,,,,,,,,,,,,,,,,,,,,,,,,,,,,,,
20211109,7,,,,010,札幌営業所,733,交際接待費,,,Q5,,10000,909,,000,共通部門,111,現金,,,00,,10000,0,香典代,,,,,,,,,,,,,,,,,,,,,,,,,,,,,,,,,,,,,,,,,,,,,,,,,,,,,,
20211109,85,,,,030,名古屋支店,727,通信費,,,Q5,,63902,5809,,000,共通部門,131,普通預金,30,GHI銀行 名古屋,00,,63902,0,電話代,,,,,,,,,,,,,,,,,,,,,,,,,,,,,,,,,,,,,,,,,,,,,,,,,,,,,,
20211109,139,,,,040,大阪支店,724,福利厚生費,,,Q5,,31050,2822,,000,共通部門,322,未払金,,,00,,31050,0,社員夜食代,,,,,,,,,,,,,,,,,,,,,,,,,,,,,,,,,,,,,,,,,,,,,,,,,,,,,,
20211109,144,,,,040,大阪支店,740,車両費,,,Q5,,6116,556,,000,共通部門,111,現金,,,00,,14465,0,ガソリン代,,,,,,,,,,,,,,,,,,,,,,,,,,,,,,,,,,,,,,,,,,,,,,,,,,,,,,
20211109,144,,,,040,大阪支店,740,車両費,,,Q5,,2516,228,,,,,,,,,,,,駐車代,,,,,,,,,,,,,,,,,,,,,,,,,,,,,,,,,,,,,,,,,,,,,,,,,,,,,,
20211109,144,,,,040,大阪支店,740,車両費,,,Q5,,5833,530,,,,,,,,,,,,高速代,,,,,,,,,,,,,,,,,,,,,,,,,,,,,,,,,,,,,,,,,,,,,,,,,,,,,,
20211109,151,,,,040,大阪支店,733,交際接待費,,,Q5,,25220,2292,,000,共通部門,111,現金,,,00,,57078,0,飲食代 架空店舗063 6名,,,,,,,,,,,,,,,,,,,,,,,,,,,,,,,,,,,,,,,,,,,,,,,,,,,,,,
20211109,151,,,,040,大阪支店,733,交際接待費,,,Q5,,31858,2896,,,,,,,,,,,,飲食代 架空店舗035 6名,,,,,,,,,,,,,,,,,,,,,,,,,,,,,,,,,,,,,,,,,,,,,,,,,,,,,,
20211110,33,,,,010,札幌営業所,747,地代家賃,,,Q5,,320000,29090,,000,共通部門,131,普通預金,10,DEF銀行 駅前,00,,320000,0,家賃支払い,,,,,,,,,,,,,,,,,,,,,,,,,,,,,,,,,,,,,,,,,,,,,,,,,,,,,,
20211110,33,,,,010,札幌営業所,727,通信費,,,Q5,,116554,10595,,000,共通部門,131,普通預金,10,DEF銀行 駅前,00,,116554,0,電話代,,,,,,,,,,,,,,,,,,,,,,,,,,,,,,,,,,,,,,,,,,,,,,,,,,,,,,
20211110,60,,,,000,共通部門,111,現金,,,00,,2000000,0,,000,共通部門,121,当座預金,1,ABC銀行,00,,2000000,0,引き出し,,,,,,,,,,,,,,,,,,,,,,,,,,,,,,,,,,,,,,,,,,,,,,,,,,,,,,
20211110,63,,,,000,共通部門,326,預り金,3,源泉税,00,,249642,0,,000,共通部門,131,普通預金,20,ABC銀行 本店,00,,699142,0,源泉税支払,,,,,,,,,,,,,,,,,,,,,,,,,,,,,,,,,,,,,,,,,,,,,,,,,,,,,,
20211110,63,,,,000,共通部門,326,預り金,2,住民税,00,,449500,0,,,,,,,,,,,,住民税支払,,,,,,,,,,,,,,,,,,,,,,,,,,,,,,,,,,,,,,,,,,,,,,,,,,,,,,
20211110,65,,,,040,大阪支店,747,地代家賃,,,Q5,,840000,76363,,000,共通部門,131,普通預金,40,JKL銀行 梅田,00,,840000,0,家賃支払,,,,,,,,,,,,,,,,,,,,,,,,,,,,,,,,,,,,,,,,,,,,,,,,,,,,,,
20211110,66,,,,010,札幌営業所,791,雑費,,,Q5,,5000,454,,000,共通部門,322,未払金,,,00,,39286,0,有線,,,,,,,,,,,,,,,,,,,,,,,,,,,,,,,,,,,,,,,,,,,,,,,,,,,,,,
20211110,66,,,,010,札幌営業所,791,雑費,,,Q5,,34286,3116,,,,,,,,,,,,警備料,,,,,,,,,,,,,,,,,,,,,,,,,,,,,,,,,,,,,,,,,,,,,,,,,,,,,,
20211110,87,,,,000,共通部門,312,買掛金,3,青凪商事株式会社,00,,509535,0,,000,共通部門,152,売掛金,3,青凪商事株式会社,00,,509535,0,11月10日伝票No356青凪商事株式会社,,,,,,,,,,,,,,,,,,,,,,,,,,,,,,,,,,,,,,,,,,,,,,,,,,,,,,
20211110,88,,,,000,共通部門,131,普通預金,20,ABC銀行 本店,00,,7824270,0,,000,共通部門,152,売掛金,14,株式会社花咲商事,00,,7824270,0,11月10日伝票No357株式会社花咲商事東京本社,,,,,,,,,,,,,,,,,,,,,,,,,,,,,,,,,,,,,,,,,,,,,,,,,,,,,,
20211110,88,,,,020,東京支店,741,支払手数料,,,Q5,,840,76,,000,共通部門,152,売掛金,14,株式会社花咲商事,00,,840,0,11月10日伝票No357株式会社花咲商事東京本社,,,,,,,,,,,,,,,,,,,,,,,,,,,,,,,,,,,,,,,,,,,,,,,,,,,,,,
20211110,89,,,,000,共通部門,131,普通預金,30,GHI銀行 名古屋,00,,590097,0,,000,共通部門,152,売掛金,19,株式会社南風商会,00,,590097,0,11月10日伝票No358株式会社南風商会,,,,,,,,,,,,,,,,,,,,,,,,,,,,,,,,,,,,,,,,,,,,,,,,,,,,,,
20211110,89,,,,030,名古屋支店,741,支払手数料,,,Q5,,735,66,,000,共通部門,152,売掛金,19,株式会社南風商会,00,,735,0,11月10日伝票No358株式会社南風商会,,,,,,,,,,,,,,,,,,,,,,,,,,,,,,,,,,,,,,,,,,,,,,,,,,,,,,
20211110,90,,,,000,共通部門,150,受取手形,,,00,,6921367,0,,000,共通部門,152,売掛金,28,株式会社青葉百貨店,00,,6921367,0,11月10日伝票No359株式会社青葉百貨店 | 売上伝票=20211031-112;手形番号=R20211110-90-28,,,,,,,,,,,,,,,,,,,,,,,,,,,,,,,,,,,,,,,,,,,,,,,,,,,,,,
20211110,91,,,,000,共通部門,312,買掛金,3,青凪商事株式会社,00,,2813778,0,,000,共通部門,301,支払手形,,,00,,2813778,0,11月10日伝票No289青凪商事株式会社,,,,,,,,,,,,,,,,,,,,,,,,,,,,,,,,,,,,,,,,,,,,,,,,,,,,,,
20211110,92,,,,000,共通部門,312,買掛金,8,株式会社白樺商事,00,,414892,0,,000,共通部門,131,普通預金,20,ABC銀行 本店,00,,414892,0,11月10日伝票No291株式会社白樺商事,,,,,,,,,,,,,,,,,,,,,,,,,,,,,,,,,,,,,,,,,,,,,,,,,,,,,,
20211110,94,,,,020,東京支店,747,地代家賃,,,Q5,,1260000,114545,,000,共通部門,131,普通預金,20,ABC銀行 本店,00,,1260000,0,家賃支払,,,,,,,,,,,,,,,,,,,,,,,,,,,,,,,,,,,,,,,,,,,,,,,,,,,,,,
20211110,129,,,,030,名古屋支店,747,地代家賃,,,Q5,,399000,36272,,000,共通部門,131,普通預金,30,GHI銀行 名古屋,00,,399000,0,家賃支払い,,,,,,,,,,,,,,,,,,,,,,,,,,,,,,,,,,,,,,,,,,,,,,,,,,,,,,
20211110,136,,,,000,共通部門,301,支払手形,,,00,,2921549,0,,000,共通部門,121,当座預金,1,ABC銀行,00,,2921549,0,手形期日落日 青凪商事株式会社,,,,,,,,,,,,,,,,,,,,,,,,,,,,,,,,,,,,,,,,,,,,,,,,,,,,,,
20211110,141,,,,040,大阪支店,726,旅費交通費,,,Q5,,12000,1090,,000,共通部門,111,現金,,,00,,12000,0,架空鉄道会社A代,,,,,,,,,,,,,,,,,,,,,,,,,,,,,,,,,,,,,,,,,,,,,,,,,,,,,,
20211110,147,,,,050,九州営業所,740,車両費,,,Q5,,7118,647,,000,共通部門,322,未払金,,,00,,7118,0,ガソリン代,,,,,,,,,,,,,,,,,,,,,,,,,,,,,,,,,,,,,,,,,,,,,,,,,,,,,,
20211110,156,,,,050,九州営業所,726,旅費交通費,,,Q5,,3400,309,,000,共通部門,111,現金,,,00,,3400,0,出張旅費,,,,,,,,,,,,,,,,,,,,,,,,,,,,,,,,,,,,,,,,,,,,,,,,,,,,,,
20211110,162,,,,020,東京支店,734,会議費,,,Q5,,24995,2272,,000,共通部門,111,現金,,,00,,24995,0,会議　食事代,,,,,,,,,,,,,,,,,,,,,,,,,,,,,,,,,,,,,,,,,,,,,,,,,,,,,,
20211110,167,,,,050,九州営業所,747,地代家賃,,,Q5,,630000,57272,,000,共通部門,131,普通預金,50,MNO銀行 北九州,00,,630000,0,家賃支払い,,,,,,,,,,,,,,,,,,,,,,,,,,,,,,,,,,,,,,,,,,,,,,,,,,,,,,
20211110,167,,,,050,九州営業所,727,通信費,,,Q5,,142335,12939,,000,共通部門,131,普通預金,50,MNO銀行 北九州,00,,142335,0,電話代,,,,,,,,,,,,,,,,,,,,,,,,,,,,,,,,,,,,,,,,,,,,,,,,,,,,,,
20211110,168,,,,050,九州営業所,791,雑費,,,Q5,,6000,545,,000,共通部門,322,未払金,,,00,,48858,0,有線,,,,,,,,,,,,,,,,,,,,,,,,,,,,,,,,,,,,,,,,,,,,,,,,,,,,,,
20211110,168,,,,050,九州営業所,791,雑費,,,Q5,,42858,3896,,,,,,,,,,,,警備料,,,,,,,,,,,,,,,,,,,,,,,,,,,,,,,,,,,,,,,,,,,,,,,,,,,,,,
20211111,46,,,,020,東京支店,740,車両費,,,Q5,,8286,753,,000,共通部門,111,現金,,,00,,10097,0,ガソリン代,,,,,,,,,,,,,,,,,,,,,,,,,,,,,,,,,,,,,,,,,,,,,,,,,,,,,,
20211111,46,,,,020,東京支店,740,車両費,,,Q5,,1239,112,,,,,,,,,,,,高速代,,,,,,,,,,,,,,,,,,,,,,,,,,,,,,,,,,,,,,,,,,,,,,,,,,,,,,
20211111,46,,,,020,東京支店,740,車両費,,,Q5,,572,52,,,,,,,,,,,,駐車代,,,,,,,,,,,,,,,,,,,,,,,,,,,,,,,,,,,,,,,,,,,,,,,,,,,,,,
20211111,70,,,,020,東京支店,733,交際接待費,,,Q5,,40000,3636,,000,共通部門,111,現金,,,00,,50000,0,ゴルフプレー代4名,,,,,,,,,,,,,,,,,,,,,,,,,,,,,,,,,,,,,,,,,,,,,,,,,,,,,,
20211111,70,,,,020,東京支店,733,交際接待費,,,Q5,,10000,909,,,,,,,,,,,,景品代,,,,,,,,,,,,,,,,,,,,,,,,,,,,,,,,,,,,,,,,,,,,,,,,,,,,,,
20211111,103,,,,040,大阪支店,733,交際接待費,,,Q5,,3150,286,,000,共通部門,111,現金,,,00,,3150,0,手土産代 株式会社桜丘百貨店,,,,,,,,,,,,,,,,,,,,,,,,,,,,,,,,,,,,,,,,,,,,,,,,,,,,,,
20211111,112,,,,040,大阪支店,727,通信費,,,Q5,,210365,19124,,000,共通部門,131,普通預金,40,JKL銀行 梅田,00,,210365,0,電話代,,,,,,,,,,,,,,,,,,,,,,,,,,,,,,,,,,,,,,,,,,,,,,,,,,,,,,
20211111,152,,,,050,九州営業所,733,交際接待費,,,Q5,,2460,223,,000,共通部門,111,現金,,,00,,2460,0,食事代 架空店舗059 3名,,,,,,,,,,,,,,,,,,,,,,,,,,,,,,,,,,,,,,,,,,,,,,,,,,,,,,
20211112,73,,,,020,東京支店,733,交際接待費,,,Q5,,10427,947,,000,共通部門,111,現金,,,00,,10427,0,飲食代 架空店舗080 3名,,,,,,,,,,,,,,,,,,,,,,,,,,,,,,,,,,,,,,,,,,,,,,,,,,,,,,
20211112,74,,,,020,東京支店,733,交際接待費,,,Q5,,22650,2059,,000,共通部門,111,現金,,,00,,22650,0,飲食代 架空店舗020,,,,,,,,,,,,,,,,,,,,,,,,,,,,,,,,,,,,,,,,,,,,,,,,,,,,,,
20211112,79,,,,030,名古屋支店,726,旅費交通費,,,Q5,,12000,1090,,000,共通部門,111,現金,,,00,,12000,0,旅費,,,,,,,,,,,,,,,,,,,,,,,,,,,,,,,,,,,,,,,,,,,,,,,,,,,,,,
20211113,17,,,,010,札幌営業所,740,車両費,,,Q5,,368,33,,000,共通部門,111,現金,,,00,,368,0,ウォッシャー液,,,,,,,,,,,,,,,,,,,,,,,,,,,,,,,,,,,,,,,,,,,,,,,,,,,,,,
20211113,142,,,,040,大阪支店,740,車両費,,,Q5,,3446,313,,000,共通部門,111,現金,,,00,,16904,0,高速代,,,,,,,,,,,,,,,,,,,,,,,,,,,,,,,,,,,,,,,,,,,,,,,,,,,,,,
20211113,142,,,,040,大阪支店,740,車両費,,,Q5,,2043,185,,,,,,,,,,,,高速代,,,,,,,,,,,,,,,,,,,,,,,,,,,,,,,,,,,,,,,,,,,,,,,,,,,,,,
20211113,142,,,,040,大阪支店,740,車両費,,,Q5,,1195,108,,,,,,,,,,,,高速代,,,,,,,,,,,,,,,,,,,,,,,,,,,,,,,,,,,,,,,,,,,,,,,,,,,,,,
20211113,142,,,,040,大阪支店,740,車両費,,,Q5,,3000,272,,,,,,,,,,,,駐車代,,,,,,,,,,,,,,,,,,,,,,,,,,,,,,,,,,,,,,,,,,,,,,,,,,,,,,
20211113,142,,,,040,大阪支店,740,車両費,,,Q5,,7220,656,,,,,,,,,,,,ガソリン代,,,,,,,,,,,,,,,,,,,,,,,,,,,,,,,,,,,,,,,,,,,,,,,,,,,,,,
20211113,158,,,,040,大阪支店,726,旅費交通費,,,Q5,,47000,4272,,000,共通部門,111,現金,,,00,,47000,0,航空券,,,,,,,,,,,,,,,,,,,,,,,,,,,,,,,,,,,,,,,,,,,,,,,,,,,,,,
20211114,23,,,,010,札幌営業所,726,旅費交通費,,,Q5,,26667,2424,,000,共通部門,111,現金,,,00,,92858,0,旅費,,,,,,,,,,,,,,,,,,,,,,,,,,,,,,,,,,,,,,,,,,,,,,,,,,,,,,
20211114,23,,,,010,札幌営業所,726,旅費交通費,,,Q5,,29524,2684,,,,,,,,,,,,旅費,,,,,,,,,,,,,,,,,,,,,,,,,,,,,,,,,,,,,,,,,,,,,,,,,,,,,,
20211114,23,,,,010,札幌営業所,726,旅費交通費,,,Q5,,36667,3333,,,,,,,,,,,,旅費,,,,,,,,,,,,,,,,,,,,,,,,,,,,,,,,,,,,,,,,,,,,,,,,,,,,,,
20211114,51,,,,020,東京支店,740,車両費,,,Q5,,6800,618,,000,共通部門,111,現金,,,00,,6800,0,高速代,,,,,,,,,,,,,,,,,,,,,,,,,,,,,,,,,,,,,,,,,,,,,,,,,,,,,,
20211114,161,,,,050,九州営業所,726,旅費交通費,,,Q5,,7450,677,,000,共通部門,111,現金,,,00,,7450,0,旅費,,,,,,,,,,,,,,,,,,,,,,,,,,,,,,,,,,,,,,,,,,,,,,,,,,,,,,
20211115,11,,,,010,札幌営業所,740,車両費,,,Q5,,3210,291,,000,共通部門,111,現金,,,00,,3210,0,ガソリン代,,,,,,,,,,,,,,,,,,,,,,,,,,,,,,,,,,,,,,,,,,,,,,,,,,,,,,
20211115,57,,,,020,東京支店,726,旅費交通費,,,Q5,,104500,9500,,000,共通部門,111,現金,,,00,,104500,0,架空鉄道会社A代,,,,,,,,,,,,,,,,,,,,,,,,,,,,,,,,,,,,,,,,,,,,,,,,,,,,,,
20211115,61,,,,020,東京支店,727,通信費,,,Q5,,116721,10611,,000,共通部門,131,普通預金,20,ABC銀行 本店,00,,116721,0,電話代,,,,,,,,,,,,,,,,,,,,,,,,,,,,,,,,,,,,,,,,,,,,,,,,,,,,,,
20211115,76,,,,020,東京支店,724,福利厚生費,,,Q5,,35287,3207,,000,共通部門,322,未払金,,,00,,35287,0,社員夜食代,,,,,,,,,,,,,,,,,,,,,,,,,,,,,,,,,,,,,,,,,,,,,,,,,,,,,,
20211115,81,,,,020,東京支店,721,雑給,,,00,,697190,0,,000,共通部門,111,現金,,,00,,668749,0,11月給与その他 0060 パート･アルバイト,,,,,,,,,,,,,,,,,,,,,,,,,,,,,,,,,,,,,,,,,,,,,,,,,,,,,,
20211115,81,,,,,,,,,,,,,,,000,共通部門,326,預り金,3,源泉税,00,,9410,0,11月給与その他 0060 パート･アルバイト,,,,,,,,,,,,,,,,,,,,,,,,,,,,,,,,,,,,,,,,,,,,,,,,,,,,,,
20211115,81,,,,,,,,,,,,,,,000,共通部門,326,預り金,9,その他,00,,19031,0,11月給与その他 0060 パート･アルバイト,,,,,,,,,,,,,,,,,,,,,,,,,,,,,,,,,,,,,,,,,,,,,,,,,,,,,,
20211115,93,,,,000,共通部門,131,普通預金,50,MNO銀行 北九州,00,,1022764,0,,000,共通部門,152,売掛金,1,株式会社若葉百貨店,00,,1022764,0,11月15日伝票No360株式会社若葉百貨店,,,,,,,,,,,,,,,,,,,,,,,,,,,,,,,,,,,,,,,,,,,,,,,,,,,,,,
20211115,93,,,,050,九州営業所,741,支払手数料,,,Q5,,840,76,,000,共通部門,152,売掛金,1,株式会社若葉百貨店,00,,840,0,11月15日伝票No360株式会社若葉百貨店,,,,,,,,,,,,,,,,,,,,,,,,,,,,,,,,,,,,,,,,,,,,,,,,,,,,,,
20211115,95,,,,000,共通部門,131,普通預金,30,GHI銀行 名古屋,00,,1268837,0,,000,共通部門,152,売掛金,6,株式会社瑞穂流通,00,,1268837,0,11月15日伝票No362株式会社瑞穂流通,,,,,,,,,,,,,,,,,,,,,,,,,,,,,,,,,,,,,,,,,,,,,,,,,,,,,,
20211115,95,,,,030,名古屋支店,741,支払手数料,,,Q5,,840,76,,000,共通部門,152,売掛金,6,株式会社瑞穂流通,00,,840,0,11月15日伝票No362株式会社瑞穂流通,,,,,,,,,,,,,,,,,,,,,,,,,,,,,,,,,,,,,,,,,,,,,,,,,,,,,,
20211115,96,,,,000,共通部門,131,普通預金,40,JKL銀行 梅田,00,,397275,0,,000,共通部門,152,売掛金,8,株式会社高原マーケット,00,,397275,0,11月15日伝票No363株式会社高原マーケット,,,,,,,,,,,,,,,,,,,,,,,,,,,,,,,,,,,,,,,,,,,,,,,,,,,,,,
20211115,96,,,,040,大阪支店,741,支払手数料,,,Q5,,840,76,,000,共通部門,152,売掛金,8,株式会社高原マーケット,00,,840,0,11月15日伝票No363株式会社高原マーケット,,,,,,,,,,,,,,,,,,,,,,,,,,,,,,,,,,,,,,,,,,,,,,,,,,,,,,
20211115,97,,,,000,共通部門,131,普通預金,40,JKL銀行 梅田,00,,798000,0,,000,共通部門,152,売掛金,9,朝凪物産株式会社,00,,798000,0,11月15日伝票No364朝凪物産株式会社,,,,,,,,,,,,,,,,,,,,,,,,,,,,,,,,,,,,,,,,,,,,,,,,,,,,,,
20211115,97,,,,040,大阪支店,741,支払手数料,,,Q5,,840,76,,000,共通部門,152,売掛金,9,朝凪物産株式会社,00,,840,0,11月15日伝票No364朝凪物産株式会社,,,,,,,,,,,,,,,,,,,,,,,,,,,,,,,,,,,,,,,,,,,,,,,,,,,,,,
20211115,98,,,,000,共通部門,131,普通預金,20,ABC銀行 本店,00,,730040,0,,000,共通部門,152,売掛金,13,星川商事株式会社,00,,730040,0,11月15日伝票No365星川商事株式会社,,,,,,,,,,,,,,,,,,,,,,,,,,,,,,,,,,,,,,,,,,,,,,,,,,,,,,
20211115,99,,,,000,共通部門,131,普通預金,40,JKL銀行 梅田,00,,1254041,0,,000,共通部門,152,売掛金,20,清和商事株式会社,00,,1254041,0,11月15日伝票No366清和商事株式会社,,,,,,,,,,,,,,,,,,,,,,,,,,,,,,,,,,,,,,,,,,,,,,,,,,,,,,
20211115,99,,,,040,大阪支店,741,支払手数料,,,Q5,,315,28,,000,共通部門,152,売掛金,20,清和商事株式会社,00,,315,0,11月15日伝票No366清和商事株式会社,,,,,,,,,,,,,,,,,,,,,,,,,,,,,,,,,,,,,,,,,,,,,,,,,,,,,,
20211115,100,,,,000,共通部門,312,買掛金,1,株式会社北辰商事,00,,5934799,0,,000,共通部門,131,普通預金,20,ABC銀行 本店,00,,5934799,0,11月15日伝票No292株式会社北辰商事,,,,,,,,,,,,,,,,,,,,,,,,,,,,,,,,,,,,,,,,,,,,,,,,,,,,,,
20211115,117,,,,040,大阪支店,742,諸会費,,,00,,20000,0,,000,共通部門,111,現金,,,00,,20000,0,会費,,,,,,,,,,,,,,,,,,,,,,,,,,,,,,,,,,,,,,,,,,,,,,,,,,,,,,
20211116,47,,,,020,東京支店,740,車両費,,,Q5,,8700,790,,000,共通部門,111,現金,,,00,,8700,0,ガソリン代,,,,,,,,,,,,,,,,,,,,,,,,,,,,,,,,,,,,,,,,,,,,,,,,,,,,,,
20211116,82,,,,030,名古屋支店,740,車両費,,,Q5,,20800,1890,,000,共通部門,322,未払金,,,00,,21152,0,ガソリン代,,,,,,,,,,,,,,,,,,,,,,,,,,,,,,,,,,,,,,,,,,,,,,,,,,,,,,
20211116,82,,,,030,名古屋支店,740,車両費,,,Q5,,352,32,,,,,,,,,,,,ウォッシャー液,,,,,,,,,,,,,,,,,,,,,,,,,,,,,,,,,,,,,,,,,,,,,,,,,,,,,,
20211116,130,,,,040,大阪支店,742,諸会費,,,00,,24000,0,,000,共通部門,131,普通預金,40,JKL銀行 梅田,00,,24000,0,会費,,,,,,,,,,,,,,,,,,,,,,,,,,,,,,,,,,,,,,,,,,,,,,,,,,,,,,
20211116,136,,,,040,大阪支店,791,雑費,,,Q5,,16500,1500,,000,共通部門,111,現金,,,00,,16500,0,架空清掃会社A代,,,,,,,,,,,,,,,,,,,,,,,,,,,,,,,,,,,,,,,,,,,,,,,,,,,,,,
20211116,164,,,,050,九州営業所,754,事務用消耗品費,,,Q5,,2413,219,,000,共通部門,111,現金,,,00,,2413,0,事務用品,,,,,,,,,,,,,,,,,,,,,,,,,,,,,,,,,,,,,,,,,,,,,,,,,,,,,,
20211117,4,,,,010,札幌営業所,732,広告宣伝費,,,Q5,,31500,2863,,000,共通部門,322,未払金,,,00,,31500,0,広告費,,,,,,,,,,,,,,,,,,,,,,,,,,,,,,,,,,,,,,,,,,,,,,,,,,,,,,
20211118,59,,,,020,東京支店,726,旅費交通費,,,Q5,,55500,5045,,000,共通部門,111,現金,,,00,,55500,0,旅費,,,,,,,,,,,,,,,,,,,,,,,,,,,,,,,,,,,,,,,,,,,,,,,,,,,,,,
20211118,76,,,,050,九州営業所,740,車両費,,,Q5,,3686,335,,000,共通部門,111,現金,,,00,,4448,0,ガソリン代,,,,,,,,,,,,,,,,,,,,,,,,,,,,,,,,,,,,,,,,,,,,,,,,,,,,,,
20211118,76,,,,050,九州営業所,740,車両費,,,Q5,,762,69,,,,,,,,,,,,高速代,,,,,,,,,,,,,,,,,,,,,,,,,,,,,,,,,,,,,,,,,,,,,,,,,,,,,,
20211118,104,,,,040,大阪支店,733,交際接待費,,,Q5,,1260,114,,000,共通部門,111,現金,,,00,,1260,0,コーヒー代2名,,,,,,,,,,,,,,,,,,,,,,,,,,,,,,,,,,,,,,,,,,,,,,,,,,,,,,
20211119,8,,,,010,札幌営業所,733,交際接待費,,,Q5,,20000,1818,,000,共通部門,111,現金,,,00,,20000,0,定例ミーティング会費,,,,,,,,,,,,,,,,,,,,,,,,,,,,,,,,,,,,,,,,,,,,,,,,,,,,,,
20211119,12,,,,010,札幌営業所,740,車両費,,,Q5,,4456,405,,000,共通部門,111,現金,,,00,,6790,0,ガソリン代,,,,,,,,,,,,,,,,,,,,,,,,,,,,,,,,,,,,,,,,,,,,,,,,,,,,,,
20211119,12,,,,010,札幌営業所,740,車両費,,,Q5,,1572,142,,,,,,,,,,,,高速代,,,,,,,,,,,,,,,,,,,,,,,,,,,,,,,,,,,,,,,,,,,,,,,,,,,,,,
20211119,12,,,,010,札幌営業所,740,車両費,,,Q5,,762,69,,,,,,,,,,,,駐車代,,,,,,,,,,,,,,,,,,,,,,,,,,,,,,,,,,,,,,,,,,,,,,,,,,,,,,
20211119,45,,,,020,東京支店,733,交際接待費,,,Q5,,1260,114,,000,共通部門,111,現金,,,00,,1260,0,コーヒー代,,,,,,,,,,,,,,,,,,,,,,,,,,,,,,,,,,,,,,,,,,,,,,,,,,,,,,
20211119,52,,,,020,東京支店,740,車両費,,,Q5,,1096,99,,000,共通部門,111,現金,,,00,,3287,0,高速代,,,,,,,,,,,,,,,,,,,,,,,,,,,,,,,,,,,,,,,,,,,,,,,,,,,,,,
20211119,52,,,,020,東京支店,740,車両費,,,Q5,,2191,199,,,,,,,,,,,,駐車代,,,,,,,,,,,,,,,,,,,,,,,,,,,,,,,,,,,,,,,,,,,,,,,,,,,,,,
20211120,1,,,,000,共通部門,724,福利厚生費,,,Q6,,21600,1600,,000,共通部門,111,現金,,,00,,21600,0,残業夜食　軽減税率,,,,,,,,,,,,,,,,,,,,,,,,,,,,,,,,,,,,,,,,,,,,,,,,,,,,,,
20211120,6,,,,010,札幌営業所,732,広告宣伝費,,,Q5,,5000,454,,000,共通部門,111,現金,,,00,,5000,0,広告料,,,,,,,,,,,,,,,,,,,,,,,,,,,,,,,,,,,,,,,,,,,,,,,,,,,,,,
20211120,24,,,,010,札幌営業所,726,旅費交通費,,,Q5,,82620,7510,,000,共通部門,111,現金,,,00,,82620,0,架空鉄道会社A回数券,,,,,,,,,,,,,,,,,,,,,,,,,,,,,,,,,,,,,,,,,,,,,,,,,,,,,,
20211120,31,,,,010,札幌営業所,754,事務用消耗品費,,,Q5,,2869,260,,000,共通部門,322,未払金,,,00,,2869,0,コピー代,,,,,,,,,,,,,,,,,,,,,,,,,,,,,,,,,,,,,,,,,,,,,,,,,,,,,,
20211120,34,,,,010,札幌営業所,736,水道光熱費,,,Q5,,78740,7158,,000,共通部門,131,普通預金,10,DEF銀行 駅前,00,,83622,0,電気代,,,,,,,,,,,,,,,,,,,,,,,,,,,,,,,,,,,,,,,,,,,,,,,,,,,,,,
20211120,34,,,,010,札幌営業所,736,水道光熱費,,,Q5,,4882,443,,,,,,,,,,,,水道代,,,,,,,,,,,,,,,,,,,,,,,,,,,,,,,,,,,,,,,,,,,,,,,,,,,,,,
20211120,53,,,,020,東京支店,740,車両費,,,Q5,,381,34,,000,共通部門,111,現金,,,00,,2381,0,高速代,,,,,,,,,,,,,,,,,,,,,,,,,,,,,,,,,,,,,,,,,,,,,,,,,,,,,,
20211120,53,,,,020,東京支店,740,車両費,,,Q5,,1000,90,,,,,,,,,,,,高速代,,,,,,,,,,,,,,,,,,,,,,,,,,,,,,,,,,,,,,,,,,,,,,,,,,,,,,
20211120,53,,,,020,東京支店,740,車両費,,,Q5,,1000,90,,,,,,,,,,,,高速代,,,,,,,,,,,,,,,,,,,,,,,,,,,,,,,,,,,,,,,,,,,,,,,,,,,,,,
20211120,64,,,,020,東京支店,736,水道光熱費,,,Q5,,191023,17365,,000,共通部門,131,普通預金,20,ABC銀行 本店,00,,198705,0,電気料,,,,,,,,,,,,,,,,,,,,,,,,,,,,,,,,,,,,,,,,,,,,,,,,,,,,,,
20211120,64,,,,020,東京支店,736,水道光熱費,,,Q5,,7682,698,,,,,,,,,,,,水道料,,,,,,,,,,,,,,,,,,,,,,,,,,,,,,,,,,,,,,,,,,,,,,,,,,,,,,
20211120,66,,,,030,名古屋支店,791,雑費,,,Q5,,5000,454,,000,共通部門,322,未払金,,,00,,5000,0,有線,,,,,,,,,,,,,,,,,,,,,,,,,,,,,,,,,,,,,,,,,,,,,,,,,,,,,,
20211120,67,,,,050,九州営業所,754,事務用消耗品費,,,Q5,,6300,572,,000,共通部門,322,未払金,,,00,,6300,0,カウンター料金,,,,,,,,,,,,,,,,,,,,,,,,,,,,,,,,,,,,,,,,,,,,,,,,,,,,,,
20211120,71,,,,020,東京支店,754,事務用消耗品費,,,Q5,,3670,333,,000,共通部門,322,未払金,,,00,,35118,0,事務用品,,,,,,,,,,,,,,,,,,,,,,,,,,,,,,,,,,,,,,,,,,,,,,,,,,,,,,
20211120,71,,,,020,東京支店,754,事務用消耗品費,,,Q5,,31448,2858,,,,,,,,,,,,カウンター料金,,,,,,,,,,,,,,,,,,,,,,,,,,,,,,,,,,,,,,,,,,,,,,,,,,,,,,
20211120,73,,,,000,共通部門,737,消耗品費,,,Q5,,11544,1049,,000,共通部門,322,未払金,,,00,,233982,0,ファイル等,,,,,,,,,,,,,,,,,,,,,,,,,,,,,,,,,,,,,,,,,,,,,,,,,,,,,,
20211120,73,,,,000,共通部門,737,消耗品費,,,Q5,,209980,19089,,,,,,,,,,,,飲料水,,,,,,,,,,,,,,,,,,,,,,,,,,,,,,,,,,,,,,,,,,,,,,,,,,,,,,
20211120,73,,,,000,共通部門,737,消耗品費,,,Q5,,12458,1132,,,,,,,,,,,,名刺代,,,,,,,,,,,,,,,,,,,,,,,,,,,,,,,,,,,,,,,,,,,,,,,,,,,,,,
20211120,89,,,,030,名古屋支店,736,水道光熱費,,,Q5,,92172,8379,,000,共通部門,131,普通預金,30,GHI銀行 名古屋,00,,100595,0,電気料,,,,,,,,,,,,,,,,,,,,,,,,,,,,,,,,,,,,,,,,,,,,,,,,,,,,,,
20211120,89,,,,030,名古屋支店,736,水道光熱費,,,Q5,,4059,369,,,,,,,,,,,,水道料,,,,,,,,,,,,,,,,,,,,,,,,,,,,,,,,,,,,,,,,,,,,,,,,,,,,,,
20211120,89,,,,030,名古屋支店,736,水道光熱費,,,Q5,,4364,396,,,,,,,,,,,,ガス代,,,,,,,,,,,,,,,,,,,,,,,,,,,,,,,,,,,,,,,,,,,,,,,,,,,,,,
20211120,97,,,,030,名古屋支店,754,事務用消耗品費,,,Q5,,39001,3545,,000,共通部門,322,未払金,,,00,,39001,0,コピー代,,,,,,,,,,,,,,,,,,,,,,,,,,,,,,,,,,,,,,,,,,,,,,,,,,,,,,
20211120,98,,,,030,名古屋支店,754,事務用消耗品費,,,Q5,,3546,322,,000,共通部門,322,未払金,,,00,,3546,0,事務用品,,,,,,,,,,,,,,,,,,,,,,,,,,,,,,,,,,,,,,,,,,,,,,,,,,,,,,
20211120,101,,,,040,大阪支店,732,広告宣伝費,,,Q5,,52500,4772,,000,共通部門,322,未払金,,,00,,52500,0,広告料,,,,,,,,,,,,,,,,,,,,,,,,,,,,,,,,,,,,,,,,,,,,,,,,,,,,,,
20211120,101,,,,000,共通部門,111,現金,,,00,,543350,0,,000,共通部門,152,売掛金,11,株式会社楓屋,00,,543350,0,11月20日伝票No367株式会社楓屋,,,,,,,,,,,,,,,,,,,,,,,,,,,,,,,,,,,,,,,,,,,,,,,,,,,,,,
20211120,102,,,,000,共通部門,131,普通預金,30,GHI銀行 名古屋,00,,475268,0,,000,共通部門,152,売掛金,21,合同会社つばさ商店,00,,475268,0,11月20日伝票No368合同会社つばさ商店,,,,,,,,,,,,,,,,,,,,,,,,,,,,,,,,,,,,,,,,,,,,,,,,,,,,,,
20211120,102,,,,030,名古屋支店,741,支払手数料,,,Q5,,472,42,,000,共通部門,152,売掛金,21,合同会社つばさ商店,00,,472,0,11月20日伝票No368合同会社つばさ商店,,,,,,,,,,,,,,,,,,,,,,,,,,,,,,,,,,,,,,,,,,,,,,,,,,,,,,
20211120,103,,,,000,共通部門,131,普通預金,20,ABC銀行 本店,00,,1389763,0,,000,共通部門,152,売掛金,30,株式会社彩雲トレーディング,00,,1389763,0,11月20日伝票No369株式会社彩雲トレーディング,,,,,,,,,,,,,,,,,,,,,,,,,,,,,,,,,,,,,,,,,,,,,,,,,,,,,,
20211120,103,,,,020,東京支店,741,支払手数料,,,Q5,,735,66,,000,共通部門,152,売掛金,30,株式会社彩雲トレーディング,00,,735,0,11月20日伝票No369株式会社彩雲トレーディング,,,,,,,,,,,,,,,,,,,,,,,,,,,,,,,,,,,,,,,,,,,,,,,,,,,,,,
20211120,104,,,,000,共通部門,312,買掛金,4,株式会社和泉流通,00,,964740,0,,000,共通部門,131,普通預金,20,ABC銀行 本店,00,,964740,0,11月20日伝票No294株式会社和泉流通,,,,,,,,,,,,,,,,,,,,,,,,,,,,,,,,,,,,,,,,,,,,,,,,,,,,,,
20211120,105,,,,000,共通部門,312,買掛金,6,株式会社日向産業,00,,3484984,0,,000,共通部門,131,普通預金,20,ABC銀行 本店,00,,3484984,0,11月20日伝票No296株式会社日向産業,,,,,,,,,,,,,,,,,,,,,,,,,,,,,,,,,,,,,,,,,,,,,,,,,,,,,,
20211120,106,,,,000,共通部門,312,買掛金,11,株式会社花園商会,00,,4492889,0,,000,共通部門,131,普通預金,20,ABC銀行 本店,00,,4492889,0,11月20日伝票No297株式会社花園商会,,,,,,,,,,,,,,,,,,,,,,,,,,,,,,,,,,,,,,,,,,,,,,,,,,,,,,
20211120,118,,,,040,大阪支店,754,事務用消耗品費,,,Q5,,7366,669,,000,共通部門,322,未払金,,,00,,7366,0,コピー代,,,,,,,,,,,,,,,,,,,,,,,,,,,,,,,,,,,,,,,,,,,,,,,,,,,,,,
20211120,119,,,,040,大阪支店,754,事務用消耗品費,,,Q5,,3891,353,,000,共通部門,322,未払金,,,00,,3891,0,事務用品,,,,,,,,,,,,,,,,,,,,,,,,,,,,,,,,,,,,,,,,,,,,,,,,,,,,,,
20211120,132,,,,040,大阪支店,736,水道光熱費,,,Q5,,115273,10479,,000,共通部門,131,普通預金,40,JKL銀行 梅田,00,,120551,0,電気代,,,,,,,,,,,,,,,,,,,,,,,,,,,,,,,,,,,,,,,,,,,,,,,,,,,,,,
20211120,132,,,,040,大阪支店,736,水道光熱費,,,Q5,,5278,479,,,,,,,,,,,,水道代,,,,,,,,,,,,,,,,,,,,,,,,,,,,,,,,,,,,,,,,,,,,,,,,,,,,,,
20211120,139,,,,000,共通部門,131,普通預金,20,ABC銀行 本店,00,,18000000,0,,000,共通部門,121,当座預金,1,ABC銀行,00,,18000000,0,資金移動,,,,,,,,,,,,,,,,,,,,,,,,,,,,,,,,,,,,,,,,,,,,,,,,,,,,,,
20211120,148,,,,000,共通部門,121,当座預金,1,ABC銀行,00,,5904295,0,,000,共通部門,150,受取手形,,,00,,5964649,0,手形割引 株式会社青葉百貨店 | 手形番号=R20211010-87-28;受取額に決済額を訂正,,,,,,,,,,,,,,,,,,,,,,,,,,,,,,,,,,,,,,,,,,,,,,,,,,,,,,
20211120,148,,,,020,東京支店,821,支払利息,,,P0,,60354,0,,,,,,,,,,,,手形割引料 | 手形番号=R20211010-87-28,,,,,,,,,,,,,,,,,,,,,,,,,,,,,,,,,,,,,,,,,,,,,,,,,,,,,,
20211120,153,,,,030,名古屋支店,733,交際接待費,,,Q5,,7566,687,,000,共通部門,111,現金,,,00,,7566,0,飲食代 架空店舗082 2名,,,,,,,,,,,,,,,,,,,,,,,,,,,,,,,,,,,,,,,,,,,,,,,,,,,,,,
20211120,169,,,,050,九州営業所,736,水道光熱費,,,Q5,,99698,9063,,000,共通部門,131,普通預金,50,MNO銀行 北九州,00,,106007,0,電気料,,,,,,,,,,,,,,,,,,,,,,,,,,,,,,,,,,,,,,,,,,,,,,,,,,,,,,
20211120,169,,,,050,九州営業所,736,水道光熱費,,,Q5,,6309,573,,,,,,,,,,,,水道料,,,,,,,,,,,,,,,,,,,,,,,,,,,,,,,,,,,,,,,,,,,,,,,,,,,,,,
20211121,25,,,,010,札幌営業所,726,旅費交通費,,,Q5,,56000,5090,,000,共通部門,111,現金,,,00,,56000,0,旅費,,,,,,,,,,,,,,,,,,,,,,,,,,,,,,,,,,,,,,,,,,,,,,,,,,,,,,
20211121,69,,,,020,東京支店,791,雑費,,,Q5,,1130,102,,000,共通部門,111,現金,,,00,,1130,0,ティッシュ代,,,,,,,,,,,,,,,,,,,,,,,,,,,,,,,,,,,,,,,,,,,,,,,,,,,,,,
20211121,160,,,,020,東京支店,726,旅費交通費,,,Q5,,95040,8640,,000,共通部門,111,現金,,,00,,95040,0,出張旅費,,,,,,,,,,,,,,,,,,,,,,,,,,,,,,,,,,,,,,,,,,,,,,,,,,,,,,
20211121,163,,,,050,九州営業所,742,諸会費,,,00,,18000,0,,000,共通部門,111,現金,,,00,,18000,0,会費,,,,,,,,,,,,,,,,,,,,,,,,,,,,,,,,,,,,,,,,,,,,,,,,,,,,,,
20211122,48,,,,020,東京支店,740,車両費,,,Q5,,3462,314,,000,共通部門,111,現金,,,00,,3462,0,ガソリン代,,,,,,,,,,,,,,,,,,,,,,,,,,,,,,,,,,,,,,,,,,,,,,,,,,,,,,
20211122,62,,,,050,九州営業所,724,福利厚生費,,,Q5,,11050,1004,,000,共通部門,322,未払金,,,00,,11050,0,お茶代,,,,,,,,,,,,,,,,,,,,,,,,,,,,,,,,,,,,,,,,,,,,,,,,,,,,,,
20211122,80,,,,030,名古屋支店,726,旅費交通費,,,Q5,,31000,2818,,000,共通部門,111,現金,,,00,,31000,0,旅費,,,,,,,,,,,,,,,,,,,,,,,,,,,,,,,,,,,,,,,,,,,,,,,,,,,,,,
20211122,90,,,,030,名古屋支店,791,雑費,,,Q5,,10500,954,,000,共通部門,111,現金,,,00,,10500,0,架空清掃会社A代,,,,,,,,,,,,,,,,,,,,,,,,,,,,,,,,,,,,,,,,,,,,,,,,,,,,,,
20211122,95,,,,030,名古屋支店,791,雑費,,,Q5,,71675,6515,,000,共通部門,322,未払金,,,00,,71675,0,清掃料,,,,,,,,,,,,,,,,,,,,,,,,,,,,,,,,,,,,,,,,,,,,,,,,,,,,,,
20211122,105,,,,040,大阪支店,733,交際接待費,,,Q5,,2343,213,,000,共通部門,111,現金,,,00,,17713,0,コーヒー代他2名,,,,,,,,,,,,,,,,,,,,,,,,,,,,,,,,,,,,,,,,,,,,,,,,,,,,,,
20211122,105,,,,040,大阪支店,733,交際接待費,,,Q5,,6074,552,,,,,,,,,,,,食事代 架空店舗056 2名,,,,,,,,,,,,,,,,,,,,,,,,,,,,,,,,,,,,,,,,,,,,,,,,,,,,,,
20211122,105,,,,040,大阪支店,733,交際接待費,,,Q5,,9296,845,,,,,,,,,,,,飲食代 架空店舗010,,,,,,,,,,,,,,,,,,,,,,,,,,,,,,,,,,,,,,,,,,,,,,,,,,,,,,
20211122,107,,,,040,大阪支店,733,交際接待費,,,Q5,,10000,909,,000,共通部門,111,現金,,,00,,10000,0,結婚祝い金,,,,,,,,,,,,,,,,,,,,,,,,,,,,,,,,,,,,,,,,,,,,,,,,,,,,,,
20211122,159,,,,050,九州営業所,726,旅費交通費,,,Q5,,13000,1181,,000,共通部門,111,現金,,,00,,13000,0,タクシー代,,,,,,,,,,,,,,,,,,,,,,,,,,,,,,,,,,,,,,,,,,,,,,,,,,,,,,
20211122,166,,,,050,九州営業所,791,雑費,,,Q5,,1890,171,,000,共通部門,111,現金,,,00,,1890,0,架空清掃会社A代,,,,,,,,,,,,,,,,,,,,,,,,,,,,,,,,,,,,,,,,,,,,,,,,,,,,,,
20211123,3,,,,010,札幌営業所,724,福利厚生費,,,Q5,,31021,2820,,000,共通部門,322,未払金,,,00,,31021,0,宿泊代,,,,,,,,,,,,,,,,,,,,,,,,,,,,,,,,,,,,,,,,,,,,,,,,,,,,,,
20211123,13,,,,010,札幌営業所,740,車両費,,,Q5,,11000,1000,,000,共通部門,111,現金,,,00,,11000,0,ガソリン代,,,,,,,,,,,,,,,,,,,,,,,,,,,,,,,,,,,,,,,,,,,,,,,,,,,,,,
20211123,26,,,,010,札幌営業所,726,旅費交通費,,,Q5,,11000,1000,,000,共通部門,111,現金,,,00,,11000,0,旅費,,,,,,,,,,,,,,,,,,,,,,,,,,,,,,,,,,,,,,,,,,,,,,,,,,,,,,
20211123,28,,,,010,札幌営業所,726,旅費交通費,,,Q5,,2420,220,,000,共通部門,322,未払金,,,00,,2420,0,タクシー代,,,,,,,,,,,,,,,,,,,,,,,,,,,,,,,,,,,,,,,,,,,,,,,,,,,,,,
20211123,82,,,,020,東京支店,711,役員報酬,,,00,,1720000,0,,000,共通部門,131,普通預金,20,ABC銀行 本店,00,,1122255,0,11月給与その他 0001 役員,,,,,,,,,,,,,,,,,,,,,,,,,,,,,,,,,,,,,,,,,,,,,,,,,,,,,,
20211123,82,,,,,,,,,,,,,,,000,共通部門,326,預り金,1,保険料,00,,120411,0,11月給与その他 0001 役員,,,,,,,,,,,,,,,,,,,,,,,,,,,,,,,,,,,,,,,,,,,,,,,,,,,,,,
20211123,82,,,,,,,,,,,,,,,000,共通部門,326,預り金,2,住民税,00,,171200,0,11月給与その他 0001 役員,,,,,,,,,,,,,,,,,,,,,,,,,,,,,,,,,,,,,,,,,,,,,,,,,,,,,,
20211123,82,,,,,,,,,,,,,,,000,共通部門,326,預り金,3,源泉税,00,,164442,0,11月給与その他 0001 役員,,,,,,,,,,,,,,,,,,,,,,,,,,,,,,,,,,,,,,,,,,,,,,,,,,,,,,
20211123,82,,,,,,,,,,,,,,,000,共通部門,326,預り金,4,貯蓄・保険,00,,133972,0,11月給与その他 0001 役員,,,,,,,,,,,,,,,,,,,,,,,,,,,,,,,,,,,,,,,,,,,,,,,,,,,,,,
20211123,82,,,,,,,,,,,,,,,000,共通部門,326,預り金,9,その他,00,,7720,0,11月給与その他 0001 役員,,,,,,,,,,,,,,,,,,,,,,,,,,,,,,,,,,,,,,,,,,,,,,,,,,,,,,
20211123,82,,,,020,東京支店,712,給与手当,,,00,,1946464,0,,000,共通部門,131,普通預金,20,ABC銀行 本店,00,,1477097,0,11月給与その他 0020 営業部,,,,,,,,,,,,,,,,,,,,,,,,,,,,,,,,,,,,,,,,,,,,,,,,,,,,,,
20211123,82,,,,,,,,,,,,,,,000,共通部門,326,預り金,1,保険料,00,,236045,0,11月給与その他 0020 営業部,,,,,,,,,,,,,,,,,,,,,,,,,,,,,,,,,,,,,,,,,,,,,,,,,,,,,,
20211123,82,,,,,,,,,,,,,,,000,共通部門,326,預り金,2,住民税,00,,104300,0,11月給与その他 0020 営業部,,,,,,,,,,,,,,,,,,,,,,,,,,,,,,,,,,,,,,,,,,,,,,,,,,,,,,
20211123,82,,,,,,,,,,,,,,,000,共通部門,326,預り金,3,源泉税,00,,35440,0,11月給与その他 0020 営業部,,,,,,,,,,,,,,,,,,,,,,,,,,,,,,,,,,,,,,,,,,,,,,,,,,,,,,
20211123,82,,,,,,,,,,,,,,,000,共通部門,326,預り金,4,貯蓄・保険,00,,43305,0,11月給与その他 0020 営業部,,,,,,,,,,,,,,,,,,,,,,,,,,,,,,,,,,,,,,,,,,,,,,,,,,,,,,
20211123,82,,,,,,,,,,,,,,,000,共通部門,326,預り金,9,その他,00,,50277,0,11月給与その他 0020 営業部,,,,,,,,,,,,,,,,,,,,,,,,,,,,,,,,,,,,,,,,,,,,,,,,,,,,,,
20211123,82,,,,010,札幌営業所,712,給与手当,,,00,,855566,0,,000,共通部門,131,普通預金,20,ABC銀行 本店,00,,593191,0,11月給与その他 1000 札幌営業所,,,,,,,,,,,,,,,,,,,,,,,,,,,,,,,,,,,,,,,,,,,,,,,,,,,,,,
20211123,82,,,,,,,,,,,,,,,000,共通部門,326,預り金,1,保険料,00,,103424,0,11月給与その他 1000 札幌営業所,,,,,,,,,,,,,,,,,,,,,,,,,,,,,,,,,,,,,,,,,,,,,,,,,,,,,,
20211123,82,,,,,,,,,,,,,,,000,共通部門,326,預り金,2,住民税,00,,46300,0,11月給与その他 1000 札幌営業所,,,,,,,,,,,,,,,,,,,,,,,,,,,,,,,,,,,,,,,,,,,,,,,,,,,,,,
20211123,82,,,,,,,,,,,,,,,000,共通部門,326,預り金,3,源泉税,00,,13470,0,11月給与その他 1000 札幌営業所,,,,,,,,,,,,,,,,,,,,,,,,,,,,,,,,,,,,,,,,,,,,,,,,,,,,,,
20211123,82,,,,,,,,,,,,,,,000,共通部門,326,預り金,4,貯蓄・保険,00,,50648,0,11月給与その他 1000 札幌営業所,,,,,,,,,,,,,,,,,,,,,,,,,,,,,,,,,,,,,,,,,,,,,,,,,,,,,,
20211123,82,,,,,,,,,,,,,,,000,共通部門,326,預り金,9,その他,00,,48533,0,11月給与その他 1000 札幌営業所,,,,,,,,,,,,,,,,,,,,,,,,,,,,,,,,,,,,,,,,,,,,,,,,,,,,,,
20211123,82,,,,030,名古屋支店,712,給与手当,,,00,,798648,0,,000,共通部門,131,普通預金,20,ABC銀行 本店,00,,565977,0,11月給与その他 3000 名古屋営業所,,,,,,,,,,,,,,,,,,,,,,,,,,,,,,,,,,,,,,,,,,,,,,,,,,,,,,
20211123,82,,,,,,,,,,,,,,,000,共通部門,326,預り金,1,保険料,00,,96352,0,11月給与その他 3000 名古屋営業所,,,,,,,,,,,,,,,,,,,,,,,,,,,,,,,,,,,,,,,,,,,,,,,,,,,,,,
20211123,82,,,,,,,,,,,,,,,000,共通部門,326,預り金,2,住民税,00,,42600,0,11月給与その他 3000 名古屋営業所,,,,,,,,,,,,,,,,,,,,,,,,,,,,,,,,,,,,,,,,,,,,,,,,,,,,,,
20211123,82,,,,,,,,,,,,,,,000,共通部門,326,預り金,3,源泉税,00,,8670,0,11月給与その他 3000 名古屋営業所,,,,,,,,,,,,,,,,,,,,,,,,,,,,,,,,,,,,,,,,,,,,,,,,,,,,,,
20211123,82,,,,,,,,,,,,,,,000,共通部門,326,預り金,4,貯蓄・保険,00,,40759,0,11月給与その他 3000 名古屋営業所,,,,,,,,,,,,,,,,,,,,,,,,,,,,,,,,,,,,,,,,,,,,,,,,,,,,,,
20211123,82,,,,,,,,,,,,,,,000,共通部門,326,預り金,9,その他,00,,44290,0,11月給与その他 3000 名古屋営業所,,,,,,,,,,,,,,,,,,,,,,,,,,,,,,,,,,,,,,,,,,,,,,,,,,,,,,
20211123,82,,,,040,大阪支店,712,給与手当,,,00,,1004194,0,,000,共通部門,131,普通預金,20,ABC銀行 本店,00,,777105,0,11月給与その他 4000 大阪支店,,,,,,,,,,,,,,,,,,,,,,,,,,,,,,,,,,,,,,,,,,,,,,,,,,,,,,
20211123,82,,,,,,,,,,,,,,,000,共通部門,326,預り金,1,保険料,00,,128755,0,11月給与その他 4000 大阪支店,,,,,,,,,,,,,,,,,,,,,,,,,,,,,,,,,,,,,,,,,,,,,,,,,,,,,,
20211123,82,,,,,,,,,,,,,,,000,共通部門,326,預り金,2,住民税,00,,53400,0,11月給与その他 4000 大阪支店,,,,,,,,,,,,,,,,,,,,,,,,,,,,,,,,,,,,,,,,,,,,,,,,,,,,,,
20211123,82,,,,,,,,,,,,,,,000,共通部門,326,預り金,3,源泉税,00,,16540,0,11月給与その他 4000 大阪支店,,,,,,,,,,,,,,,,,,,,,,,,,,,,,,,,,,,,,,,,,,,,,,,,,,,,,,
20211123,82,,,,,,,,,,,,,,,000,共通部門,326,預り金,4,貯蓄・保険,00,,13570,0,11月給与その他 4000 大阪支店,,,,,,,,,,,,,,,,,,,,,,,,,,,,,,,,,,,,,,,,,,,,,,,,,,,,,,
20211123,82,,,,,,,,,,,,,,,000,共通部門,326,預り金,9,その他,00,,14824,0,11月給与その他 4000 大阪支店,,,,,,,,,,,,,,,,,,,,,,,,,,,,,,,,,,,,,,,,,,,,,,,,,,,,,,
20211123,82,,,,050,九州営業所,712,給与手当,,,00,,590472,0,,000,共通部門,131,普通預金,20,ABC銀行 本店,00,,453252,0,11月給与その他 5000 九州営業所,,,,,,,,,,,,,,,,,,,,,,,,,,,,,,,,,,,,,,,,,,,,,,,,,,,,,,
20211123,82,,,,,,,,,,,,,,,000,共通部門,326,預り金,1,保険料,00,,67268,0,11月給与その他 5000 九州営業所,,,,,,,,,,,,,,,,,,,,,,,,,,,,,,,,,,,,,,,,,,,,,,,,,,,,,,
20211123,82,,,,,,,,,,,,,,,000,共通部門,326,預り金,2,住民税,00,,31700,0,11月給与その他 5000 九州営業所,,,,,,,,,,,,,,,,,,,,,,,,,,,,,,,,,,,,,,,,,,,,,,,,,,,,,,
20211123,82,,,,,,,,,,,,,,,000,共通部門,326,預り金,3,源泉税,00,,8170,0,11月給与その他 5000 九州営業所,,,,,,,,,,,,,,,,,,,,,,,,,,,,,,,,,,,,,,,,,,,,,,,,,,,,,,
20211123,82,,,,,,,,,,,,,,,000,共通部門,326,預り金,4,貯蓄・保険,00,,18540,0,11月給与その他 5000 九州営業所,,,,,,,,,,,,,,,,,,,,,,,,,,,,,,,,,,,,,,,,,,,,,,,,,,,,,,
20211123,82,,,,,,,,,,,,,,,000,共通部門,326,預り金,9,その他,00,,11542,0,11月給与その他 5000 九州営業所,,,,,,,,,,,,,,,,,,,,,,,,,,,,,,,,,,,,,,,,,,,,,,,,,,,,,,
20211123,94,,,,030,名古屋支店,791,雑費,,,Q5,,1603,145,,000,共通部門,111,現金,,,00,,1603,0,洗剤代,,,,,,,,,,,,,,,,,,,,,,,,,,,,,,,,,,,,,,,,,,,,,,,,,,,,,,
20211123,140,,,,040,大阪支店,726,旅費交通費,,,Q5,,4600,418,,000,共通部門,111,現金,,,00,,4600,0,旅費,,,,,,,,,,,,,,,,,,,,,,,,,,,,,,,,,,,,,,,,,,,,,,,,,,,,,,
20211124,37,,,,020,東京支店,728,販売手数料,,,Q5,,875200,79563,,000,共通部門,322,未払金,,,00,,875200,0,業務委託費,,,,,,,,,,,,,,,,,,,,,,,,,,,,,,,,,,,,,,,,,,,,,,,,,,,,,,
20211124,77,,,,050,九州営業所,740,車両費,,,Q5,,3053,277,,000,共通部門,111,現金,,,00,,3625,0,ガソリン代,,,,,,,,,,,,,,,,,,,,,,,,,,,,,,,,,,,,,,,,,,,,,,,,,,,,,,
20211124,77,,,,050,九州営業所,740,車両費,,,Q5,,572,52,,,,,,,,,,,,駐車代,,,,,,,,,,,,,,,,,,,,,,,,,,,,,,,,,,,,,,,,,,,,,,,,,,,,,,
20211124,83,,,,030,名古屋支店,740,車両費,,,Q5,,31500,2863,,000,共通部門,111,現金,,,00,,31500,0,車両管理費,,,,,,,,,,,,,,,,,,,,,,,,,,,,,,,,,,,,,,,,,,,,,,,,,,,,,,
20211124,120,,,,040,大阪支店,728,販売手数料,,,Q5,,483000,43909,,000,共通部門,322,未払金,,,00,,483000,0,業務委託費,,,,,,,,,,,,,,,,,,,,,,,,,,,,,,,,,,,,,,,,,,,,,,,,,,,,,,
20211124,150,,,,050,九州営業所,733,交際接待費,,,Q5,,13667,1242,,000,共通部門,111,現金,,,00,,18667,0,ゴルフプレー代,,,,,,,,,,,,,,,,,,,,,,,,,,,,,,,,,,,,,,,,,,,,,,,,,,,,,,
20211124,150,,,,050,九州営業所,733,交際接待費,,,Q5,,5000,454,,,,,,,,,,,,景品代 株式会社桜丘百貨店,,,,,,,,,,,,,,,,,,,,,,,,,,,,,,,,,,,,,,,,,,,,,,,,,,,,,,
20211125,9,,,,010,札幌営業所,733,交際接待費,,,Q5,,6229,566,,000,共通部門,111,現金,,,00,,14563,0,飲食代 架空店舗001 2名,,,,,,,,,,,,,,,,,,,,,,,,,,,,,,,,,,,,,,,,,,,,,,,,,,,,,,
20211125,9,,,,010,札幌営業所,733,交際接待費,,,Q5,,8334,757,,,,,,,,,,,,飲食代　カフェバー,,,,,,,,,,,,,,,,,,,,,,,,,,,,,,,,,,,,,,,,,,,,,,,,,,,,,,
20211125,29,,,,010,札幌営業所,727,通信費,,,Q5,,58516,5319,,000,共通部門,131,普通預金,10,DEF銀行 駅前,00,,58516,0,携帯電話代,,,,,,,,,,,,,,,,,,,,,,,,,,,,,,,,,,,,,,,,,,,,,,,,,,,,,,
20211125,62,,,,020,東京支店,727,通信費,,,Q5,,69854,6350,,000,共通部門,131,普通預金,20,ABC銀行 本店,00,,69854,0,携帯代,,,,,,,,,,,,,,,,,,,,,,,,,,,,,,,,,,,,,,,,,,,,,,,,,,,,,,
20211125,78,,,,030,名古屋支店,728,販売手数料,,,Q5,,189000,17181,,000,共通部門,322,未払金,,,00,,189000,0,業務委託費支払い,,,,,,,,,,,,,,,,,,,,,,,,,,,,,,,,,,,,,,,,,,,,,,,,,,,,,,
20211125,88,,,,030,名古屋支店,739,新聞図書費,,,Q5,,3568,324,,000,共通部門,111,現金,,,00,,3568,0,新聞代,,,,,,,,,,,,,,,,,,,,,,,,,,,,,,,,,,,,,,,,,,,,,,,,,,,,,,
20211125,107,,,,000,共通部門,150,受取手形,,,00,,14382264,0,,000,共通部門,152,売掛金,2,株式会社桜丘百貨店,00,,14382264,0,11月25日伝票No370株式会社桜丘百貨店 | 売上伝票=20211031-110;手形番号=R20211125-107-2,,,,,,,,,,,,,,,,,,,,,,,,,,,,,,,,,,,,,,,,,,,,,,,,,,,,,,
20211125,108,,,,000,共通部門,131,普通預金,30,GHI銀行 名古屋,00,,1133369,0,,000,共通部門,152,売掛金,7,株式会社光彩堂商事,00,,1133369,0,11月25日伝票No371株式会社光彩堂商事,,,,,,,,,,,,,,,,,,,,,,,,,,,,,,,,,,,,,,,,,,,,,,,,,,,,,,
20211125,108,,,,030,名古屋支店,741,支払手数料,,,Q5,,735,66,,000,共通部門,152,売掛金,7,株式会社光彩堂商事,00,,735,0,11月25日伝票No371株式会社光彩堂商事,,,,,,,,,,,,,,,,,,,,,,,,,,,,,,,,,,,,,,,,,,,,,,,,,,,,,,
20211125,109,,,,040,大阪支店,740,車両費,,,Q5,,9853,895,,000,共通部門,322,未払金,,,00,,63283,0,高速代,,,,,,,,,,,,,,,,,,,,,,,,,,,,,,,,,,,,,,,,,,,,,,,,,,,,,,
20211125,109,,,,040,大阪支店,740,車両費,,,Q5,,53430,4857,,,,,,,,,,,,ガソリン代,,,,,,,,,,,,,,,,,,,,,,,,,,,,,,,,,,,,,,,,,,,,,,,,,,,,,,
20211125,109,,,,000,共通部門,131,普通預金,40,JKL銀行 梅田,00,,481874,0,,000,共通部門,152,売掛金,23,株式会社杉の木商店,00,,481874,0,11月25日伝票No372株式会社杉の木商店,,,,,,,,,,,,,,,,,,,,,,,,,,,,,,,,,,,,,,,,,,,,,,,,,,,,,,
20211125,109,,,,040,大阪支店,741,支払手数料,,,Q5,,630,57,,000,共通部門,152,売掛金,23,株式会社杉の木商店,00,,630,0,11月25日伝票No372株式会社杉の木商店,,,,,,,,,,,,,,,,,,,,,,,,,,,,,,,,,,,,,,,,,,,,,,,,,,,,,,
20211125,110,,,,000,共通部門,131,普通預金,10,DEF銀行 駅前,00,,4488898,0,,000,共通部門,152,売掛金,25,株式会社ほのかマート,00,,4488898,0,11月25日伝票No373株式会社ほのかマート,,,,,,,,,,,,,,,,,,,,,,,,,,,,,,,,,,,,,,,,,,,,,,,,,,,,,,
20211125,110,,,,010,札幌営業所,741,支払手数料,,,Q5,,840,76,,000,共通部門,152,売掛金,25,株式会社ほのかマート,00,,840,0,11月25日伝票No373株式会社ほのかマート,,,,,,,,,,,,,,,,,,,,,,,,,,,,,,,,,,,,,,,,,,,,,,,,,,,,,,
20211125,111,,,,040,大阪支店,726,旅費交通費,,,Q5,,14800,1345,,000,共通部門,322,未払金,,,00,,14800,0,タクシー代,,,,,,,,,,,,,,,,,,,,,,,,,,,,,,,,,,,,,,,,,,,,,,,,,,,,,,
20211125,145,,,,000,共通部門,183,短期貸付金,,,00,,600000,0,,000,共通部門,131,普通預金,20,ABC銀行 本店,00,,600000,0,貸付金,,,,,,,,,,,,,,,,,,,,,,,,,,,,,,,,,,,,,,,,,,,,,,,,,,,,,,
20211125,146,,,,050,九州営業所,728,販売手数料,,,Q5,,168000,15272,,000,共通部門,322,未払金,,,00,,168000,0,業務委託費,,,,,,,,,,,,,,,,,,,,,,,,,,,,,,,,,,,,,,,,,,,,,,,,,,,,,,
20211125,170,,,,050,九州営業所,739,新聞図書費,,,Q5,,3007,273,,000,共通部門,111,現金,,,00,,3007,0,新聞代,,,,,,,,,,,,,,,,,,,,,,,,,,,,,,,,,,,,,,,,,,,,,,,,,,,,,,
20211125,172,,,,010,札幌営業所,728,販売手数料,,,Q5,,126000,11454,,000,共通部門,322,未払金,,,00,,126000,0,業務委託費支払い,,,,,,,,,,,,,,,,,,,,,,,,,,,,,,,,,,,,,,,,,,,,,,,,,,,,,,
20211126,54,,,,020,東京支店,740,車両費,,,Q5,,2500,227,,000,共通部門,111,現金,,,00,,2500,0,高速代,,,,,,,,,,,,,,,,,,,,,,,,,,,,,,,,,,,,,,,,,,,,,,,,,,,,,,
20211126,72,,,,020,東京支店,739,新聞図書費,,,Q5,,2864,260,,000,共通部門,111,現金,,,00,,9078,0,新聞代,,,,,,,,,,,,,,,,,,,,,,,,,,,,,,,,,,,,,,,,,,,,,,,,,,,,,,
20211126,72,,,,020,東京支店,739,新聞図書費,,,Q5,,2815,255,,,,,,,,,,,,新聞代,,,,,,,,,,,,,,,,,,,,,,,,,,,,,,,,,,,,,,,,,,,,,,,,,,,,,,
20211126,72,,,,020,東京支店,739,新聞図書費,,,Q5,,3399,309,,,,,,,,,,,,新聞代,,,,,,,,,,,,,,,,,,,,,,,,,,,,,,,,,,,,,,,,,,,,,,,,,,,,,,
20211126,113,,,,040,大阪支店,727,通信費,,,Q5,,93665,8515,,000,共通部門,131,普通預金,40,JKL銀行 梅田,00,,93665,0,携帯代,,,,,,,,,,,,,,,,,,,,,,,,,,,,,,,,,,,,,,,,,,,,,,,,,,,,,,
20211126,121,,,,040,大阪支店,724,福利厚生費,,,Q5,,8500,772,,000,共通部門,111,現金,,,00,,8500,0,お茶代,,,,,,,,,,,,,,,,,,,,,,,,,,,,,,,,,,,,,,,,,,,,,,,,,,,,,,
20211127,14,,,,010,札幌営業所,740,車両費,,,Q5,,3000,272,,000,共通部門,111,現金,,,00,,3000,0,ガソリン代,,,,,,,,,,,,,,,,,,,,,,,,,,,,,,,,,,,,,,,,,,,,,,,,,,,,,,
20211127,15,,,,010,札幌営業所,740,車両費,,,Q5,,90000,8181,,000,共通部門,111,現金,,,00,,90000,0,車両管理費,,,,,,,,,,,,,,,,,,,,,,,,,,,,,,,,,,,,,,,,,,,,,,,,,,,,,,
20211127,30,,,,010,札幌営業所,752,保険料,,,P0,,54320,0,,000,共通部門,131,普通預金,10,DEF銀行 駅前,00,,54320,0,保険料支払,,,,,,,,,,,,,,,,,,,,,,,,,,,,,,,,,,,,,,,,,,,,,,,,,,,,,,
20211127,39,,,,020,東京支店,724,福利厚生費,,,Q5,,9000,818,,000,共通部門,111,現金,,,00,,9000,0,会費,,,,,,,,,,,,,,,,,,,,,,,,,,,,,,,,,,,,,,,,,,,,,,,,,,,,,,
20211127,87,,,,030,名古屋支店,727,通信費,,,Q5,,34690,3153,,000,共通部門,131,普通預金,30,GHI銀行 名古屋,00,,34690,0,携帯代,,,,,,,,,,,,,,,,,,,,,,,,,,,,,,,,,,,,,,,,,,,,,,,,,,,,,,
20211127,114,,,,040,大阪支店,739,新聞図書費,,,Q5,,2540,230,,000,共通部門,111,現金,,,00,,5404,0,新聞代,,,,,,,,,,,,,,,,,,,,,,,,,,,,,,,,,,,,,,,,,,,,,,,,,,,,,,
20211127,114,,,,040,大阪支店,739,新聞図書費,,,Q5,,2864,260,,,,,,,,,,,,新聞代,,,,,,,,,,,,,,,,,,,,,,,,,,,,,,,,,,,,,,,,,,,,,,,,,,,,,,
20211127,131,,,,040,大阪支店,742,諸会費,,,00,,24000,0,,000,共通部門,131,普通預金,40,JKL銀行 梅田,00,,24000,0,会費,,,,,,,,,,,,,,,,,,,,,,,,,,,,,,,,,,,,,,,,,,,,,,,,,,,,,,
20211127,171,,,,050,九州営業所,727,通信費,,,Q5,,87104,7918,,000,共通部門,131,普通預金,50,MNO銀行 北九州,00,,87104,0,携帯代,,,,,,,,,,,,,,,,,,,,,,,,,,,,,,,,,,,,,,,,,,,,,,,,,,,,,,
20211128,27,,,,010,札幌営業所,726,旅費交通費,,,Q5,,26667,2424,,000,共通部門,111,現金,,,00,,77620,0,旅費,,,,,,,,,,,,,,,,,,,,,,,,,,,,,,,,,,,,,,,,,,,,,,,,,,,,,,
20211128,27,,,,010,札幌営業所,726,旅費交通費,,,Q5,,29524,2684,,,,,,,,,,,,旅費,,,,,,,,,,,,,,,,,,,,,,,,,,,,,,,,,,,,,,,,,,,,,,,,,,,,,,
20211128,27,,,,010,札幌営業所,726,旅費交通費,,,Q5,,21429,1948,,,,,,,,,,,,旅費,,,,,,,,,,,,,,,,,,,,,,,,,,,,,,,,,,,,,,,,,,,,,,,,,,,,,,
20211128,35,,,,010,札幌営業所,739,新聞図書費,,,Q5,,3925,356,,000,共通部門,111,現金,,,00,,3925,0,新聞代,,,,,,,,,,,,,,,,,,,,,,,,,,,,,,,,,,,,,,,,,,,,,,,,,,,,,,
20211128,38,,,,020,東京支店,724,福利厚生費,,,Q5,,48164,4378,,000,共通部門,322,未払金,,,00,,48164,0,宿泊費,,,,,,,,,,,,,,,,,,,,,,,,,,,,,,,,,,,,,,,,,,,,,,,,,,,,,,
20211128,93,,,,010,札幌営業所,753,修繕維持費,,,Q5,,17850,1622,,000,共通部門,322,未払金,,,00,,17850,0,修繕費,,,,,,,,,,,,,,,,,,,,,,,,,,,,,,,,,,,,,,,,,,,,,,,,,,,,,,
20211128,154,,,,050,九州営業所,733,交際接待費,,,Q5,,3372,306,,000,共通部門,322,未払金,,,00,,18096,0,食事代 架空店舗047 2名,,,,,,,,,,,,,,,,,,,,,,,,,,,,,,,,,,,,,,,,,,,,,,,,,,,,,,
20211128,154,,,,050,九州営業所,733,交際接待費,,,Q5,,14724,1338,,,,,,,,,,,,飲食代 架空店舗047 2名,,,,,,,,,,,,,,,,,,,,,,,,,,,,,,,,,,,,,,,,,,,,,,,,,,,,,,
20211129,67,,,,020,東京支店,742,諸会費,,,00,,30000,0,,000,共通部門,111,現金,,,00,,30000,0,会費支払い,,,,,,,,,,,,,,,,,,,,,,,,,,,,,,,,,,,,,,,,,,,,,,,,,,,,,,
20211129,75,,,,020,東京支店,733,交際接待費,,,Q5,,32590,2962,,000,共通部門,111,現金,,,00,,32590,0,飲食代 架空店舗018 5名,,,,,,,,,,,,,,,,,,,,,,,,,,,,,,,,,,,,,,,,,,,,,,,,,,,,,,
20211129,81,,,,030,名古屋支店,724,福利厚生費,,,Q5,,19600,1781,,000,共通部門,322,未払金,,,00,,19600,0,お茶代,,,,,,,,,,,,,,,,,,,,,,,,,,,,,,,,,,,,,,,,,,,,,,,,,,,,,,
20211129,137,,,,040,大阪支店,791,雑費,,,Q5,,6000,545,,000,共通部門,322,未払金,,,00,,48858,0,有線,,,,,,,,,,,,,,,,,,,,,,,,,,,,,,,,,,,,,,,,,,,,,,,,,,,,,,
20211129,137,,,,040,大阪支店,791,雑費,,,Q5,,42858,3896,,,,,,,,,,,,警備料,,,,,,,,,,,,,,,,,,,,,,,,,,,,,,,,,,,,,,,,,,,,,,,,,,,,,,
20211129,137,,,,040,大阪支店,740,車両費,,,Q5,,65403,5945,,000,共通部門,131,普通預金,40,JKL銀行 梅田,00,,65403,0,高速料,,,,,,,,,,,,,,,,,,,,,,,,,,,,,,,,,,,,,,,,,,,,,,,,,,,,,,
20211129,137,,,,040,大阪支店,791,雑費,,,Q5,,73500,6681,,000,共通部門,322,未払金,,,00,,73500,0,清掃料,,,,,,,,,,,,,,,,,,,,,,,,,,,,,,,,,,,,,,,,,,,,,,,,,,,,,,
20211129,143,,,,000,共通部門,131,普通預金,20,ABC銀行 本店,00,,14000000,0,,000,共通部門,131,普通預金,10,DEF銀行 駅前,00,,6000000,0,資金移動,,,,,,,,,,,,,,,,,,,,,,,,,,,,,,,,,,,,,,,,,,,,,,,,,,,,,,
20211129,143,,,,,,,,,,,,,,,000,共通部門,131,普通預金,30,GHI銀行 名古屋,00,,4000000,0,資金移動,,,,,,,,,,,,,,,,,,,,,,,,,,,,,,,,,,,,,,,,,,,,,,,,,,,,,,
20211129,143,,,,,,,,,,,,,,,000,共通部門,131,普通預金,40,JKL銀行 梅田,00,,2000000,0,資金移動,,,,,,,,,,,,,,,,,,,,,,,,,,,,,,,,,,,,,,,,,,,,,,,,,,,,,,
20211129,143,,,,,,,,,,,,,,,000,共通部門,131,普通預金,50,MNO銀行 北九州,00,,2000000,0,資金移動,,,,,,,,,,,,,,,,,,,,,,,,,,,,,,,,,,,,,,,,,,,,,,,,,,,,,,
20211129,148,,,,050,九州営業所,740,車両費,,,Q5,,5000,454,,000,共通部門,111,現金,,,00,,5000,0,ガソリン代,,,,,,,,,,,,,,,,,,,,,,,,,,,,,,,,,,,,,,,,,,,,,,,,,,,,,,
20211130,1,,,,010,札幌営業所,731,運賃,,,Q5,,381870,34715,,000,共通部門,322,未払金,,,00,,381870,0,運賃 架空運送会社B,,,,,,,,,,,,,,,,,,,,,,,,,,,,,,,,,,,,,,,,,,,,,,,,,,,,,,
20211130,5,,,,010,札幌営業所,732,広告宣伝費,,,Q5,,52500,4772,,000,共通部門,131,普通預金,10,DEF銀行 駅前,00,,52500,0,広告費,,,,,,,,,,,,,,,,,,,,,,,,,,,,,,,,,,,,,,,,,,,,,,,,,,,,,,
20211130,36,,,,020,東京支店,731,運賃,,,Q5,,1723867,156715,,000,共通部門,322,未払金,,,00,,3005448,0,運賃 架空運送会社A,,,,,,,,,,,,,,,,,,,,,,,,,,,,,,,,,,,,,,,,,,,,,,,,,,,,,,
20211130,36,,,,020,東京支店,731,運賃,,,Q5,,1281581,116507,,,,,,,,,,,,運賃 架空運送会社B,,,,,,,,,,,,,,,,,,,,,,,,,,,,,,,,,,,,,,,,,,,,,,,,,,,,,,
20211130,40,,,,020,東京支店,732,広告宣伝費,,,Q5,,50000,4545,,000,共通部門,322,未払金,,,00,,50000,0,広告掲載,,,,,,,,,,,,,,,,,,,,,,,,,,,,,,,,,,,,,,,,,,,,,,,,,,,,,,
20211130,49,,,,020,東京支店,740,車両費,,,Q5,,145000,13181,,000,共通部門,111,現金,,,00,,145000,0,ガソリン代,,,,,,,,,,,,,,,,,,,,,,,,,,,,,,,,,,,,,,,,,,,,,,,,,,,,,,
20211130,55,,,,020,東京支店,740,車両費,,,Q5,,11905,1082,,000,共通部門,111,現金,,,00,,19572,0,車両管理費,,,,,,,,,,,,,,,,,,,,,,,,,,,,,,,,,,,,,,,,,,,,,,,,,,,,,,
20211130,55,,,,020,東京支店,740,車両費,,,Q5,,7667,697,,,,,,,,,,,,駐車代,,,,,,,,,,,,,,,,,,,,,,,,,,,,,,,,,,,,,,,,,,,,,,,,,,,,,,
20211130,63,,,,020,東京支店,752,保険料,,,P0,,81000,0,,000,共通部門,131,普通預金,20,ABC銀行 本店,00,,81000,0,保険料,,,,,,,,,,,,,,,,,,,,,,,,,,,,,,,,,,,,,,,,,,,,,,,,,,,,,,
20211130,66,,,,020,東京支店,744,リース料,,,Q5,,209850,19077,,000,共通部門,131,普通預金,20,ABC銀行 本店,00,,209850,0,リース料,,,,,,,,,,,,,,,,,,,,,,,,,,,,,,,,,,,,,,,,,,,,,,,,,,,,,,
20211130,69,,,,040,大阪支店,791,雑費,,,Q5,,735,66,,000,共通部門,111,現金,,,00,,735,0,洗剤代,,,,,,,,,,,,,,,,,,,,,,,,,,,,,,,,,,,,,,,,,,,,,,,,,,,,,,
20211130,70,,,,020,東京支店,791,雑費,,,Q5,,6000,545,,000,共通部門,322,未払金,,,00,,58381,0,有線,,,,,,,,,,,,,,,,,,,,,,,,,,,,,,,,,,,,,,,,,,,,,,,,,,,,,,
20211130,70,,,,020,東京支店,791,雑費,,,Q5,,52381,4761,,,,,,,,,,,,警備料,,,,,,,,,,,,,,,,,,,,,,,,,,,,,,,,,,,,,,,,,,,,,,,,,,,,,,
20211130,70,,,,020,東京支店,740,車両費,,,Q5,,73315,6665,,000,共通部門,131,普通預金,20,ABC銀行 本店,00,,73315,0,高速料,,,,,,,,,,,,,,,,,,,,,,,,,,,,,,,,,,,,,,,,,,,,,,,,,,,,,,
20211130,70,,,,020,東京支店,791,雑費,,,Q5,,73500,6681,,000,共通部門,322,未払金,,,00,,73500,0,清掃料,,,,,,,,,,,,,,,,,,,,,,,,,,,,,,,,,,,,,,,,,,,,,,,,,,,,,,
20211130,71,,,,030,名古屋支店,752,保険料,,,P0,,62000,0,,000,共通部門,131,普通預金,30,GHI銀行 名古屋,00,,62000,0,保険料,,,,,,,,,,,,,,,,,,,,,,,,,,,,,,,,,,,,,,,,,,,,,,,,,,,,,,
20211130,72,,,,050,九州営業所,752,保険料,,,P0,,57000,0,,000,共通部門,131,普通預金,50,MNO銀行 北九州,00,,57000,0,保険料支払い,,,,,,,,,,,,,,,,,,,,,,,,,,,,,,,,,,,,,,,,,,,,,,,,,,,,,,
20211130,74,,,,,,,,,,,,,,,000,共通部門,737,消耗品費,,,00,,233982,0,,,,,,,,,,,,,,,,,,,,,,,,,,,,,,,,,,,,,,,,,,,,,,,,,,,,,,,
20211130,74,,,,010,札幌営業所,737,消耗品費,,,00,,25738,0,,,,,,,,,,,,,,,,,,,,,,,,,,,,,,,,,,,,,,,,,,,,,,,,,,,,,,,,,,,,,,,,,,
20211130,74,,,,020,東京支店,737,消耗品費,,,00,,112313,0,,,,,,,,,,,,,,,,,,,,,,,,,,,,,,,,,,,,,,,,,,,,,,,,,,,,,,,,,,,,,,,,,,
20211130,74,,,,030,名古屋支店,737,消耗品費,,,00,,23398,0,,,,,,,,,,,,,,,,,,,,,,,,,,,,,,,,,,,,,,,,,,,,,,,,,,,,,,,,,,,,,,,,,,
20211130,74,,,,040,大阪支店,737,消耗品費,,,00,,56155,0,,,,,,,,,,,,,,,,,,,,,,,,,,,,,,,,,,,,,,,,,,,,,,,,,,,,,,,,,,,,,,,,,,
20211130,74,,,,050,九州営業所,737,消耗品費,,,00,,16378,0,,,,,,,,,,,,,,,,,,,,,,,,,,,,,,,,,,,,,,,,,,,,,,,,,,,,,,,,,,,,,,,,,,
20211130,77,,,,030,名古屋支店,731,運賃,,,Q5,,196590,17871,,000,共通部門,322,未払金,,,00,,196590,0,運賃,,,,,,,,,,,,,,,,,,,,,,,,,,,,,,,,,,,,,,,,,,,,,,,,,,,,,,
20211130,83,,,,000,共通部門,322,未払金,,,00,,7681594,0,,000,共通部門,131,普通預金,20,ABC銀行 本店,00,,7681594,0,10月分支払,,,,,,,,,,,,,,,,,,,,,,,,,,,,,,,,,,,,,,,,,,,,,,,,,,,,,,
20211130,96,,,,030,名古屋支店,791,雑費,,,Q5,,22470,2042,,000,共通部門,131,普通預金,30,GHI銀行 名古屋,00,,22470,0,警備料,,,,,,,,,,,,,,,,,,,,,,,,,,,,,,,,,,,,,,,,,,,,,,,,,,,,,,
20211130,99,,,,040,大阪支店,731,運賃,,,Q5,,846100,76918,,000,共通部門,322,未払金,,,00,,846100,0,運賃,,,,,,,,,,,,,,,,,,,,,,,,,,,,,,,,,,,,,,,,,,,,,,,,,,,,,,
20211130,100,,,,040,大阪支店,724,福利厚生費,,,Q5,,6000,545,,000,共通部門,111,現金,,,00,,6000,0,会費,,,,,,,,,,,,,,,,,,,,,,,,,,,,,,,,,,,,,,,,,,,,,,,,,,,,,,
20211130,108,,,,040,大阪支店,733,交際接待費,,,Q5,,2400,218,,000,共通部門,111,現金,,,00,,2400,0,コーヒー代 架空店舗044 3名,,,,,,,,,,,,,,,,,,,,,,,,,,,,,,,,,,,,,,,,,,,,,,,,,,,,,,
20211130,110,,,,000,共通部門,326,預り金,1,保険料,00,,1515566,0,,000,共通部門,131,普通預金,20,ABC銀行 本店,00,,2169522,0,保険料預かり分,,,,,,,,,,,,,,,,,,,,,,,,,,,,,,,,,,,,,,,,,,,,,,,,,,,,,,
20211130,110,,,,020,東京支店,723,法定福利費,,,P0,,236045,0,,,,,,,,,,,,保険料　事業主負担分,,,,,,,,,,,,,,,,,,,,,,,,,,,,,,,,,,,,,,,,,,,,,,,,,,,,,,
20211130,110,,,,020,東京支店,723,法定福利費,,,P0,,103424,0,,,,,,,,,,,,保険料　事業主負担分,,,,,,,,,,,,,,,,,,,,,,,,,,,,,,,,,,,,,,,,,,,,,,,,,,,,,,
20211130,110,,,,010,札幌営業所,723,法定福利費,,,P0,,96352,0,,,,,,,,,,,,保険料　事業主負担分,,,,,,,,,,,,,,,,,,,,,,,,,,,,,,,,,,,,,,,,,,,,,,,,,,,,,,
20211130,110,,,,030,名古屋支店,723,法定福利費,,,P0,,128755,0,,,,,,,,,,,,保険料　事業主負担分,,,,,,,,,,,,,,,,,,,,,,,,,,,,,,,,,,,,,,,,,,,,,,,,,,,,,,
20211130,110,,,,040,大阪支店,723,法定福利費,,,P0,,67268,0,,,,,,,,,,,,保険料　事業主負担分,,,,,,,,,,,,,,,,,,,,,,,,,,,,,,,,,,,,,,,,,,,,,,,,,,,,,,
20211130,110,,,,050,九州営業所,723,法定福利費,,,P0,,11056,0,,,,,,,,,,,,保険料　事業主負担分,,,,,,,,,,,,,,,,,,,,,,,,,,,,,,,,,,,,,,,,,,,,,,,,,,,,,,
20211130,110,,,,020,東京支店,723,法定福利費,,,P0,,11056,0,,,,,,,,,,,,児童拠出金　事業主負担分,,,,,,,,,,,,,,,,,,,,,,,,,,,,,,,,,,,,,,,,,,,,,,,,,,,,,,
20211130,111,,,,000,共通部門,152,売掛金,14,株式会社花咲商事,00,,1398520,0,,010,札幌営業所,511,売上高,,,B5,,1398520,127138,11月1日～11月30日分売上,,,,,,,,,,,,,,,,,,,,,,,,,,,,,,,,,,,,,,,,,,,,,,,,,,,,,,
20211130,111,,,,000,共通部門,152,売掛金,25,株式会社ほのかマート,00,,4567306,0,,010,札幌営業所,511,売上高,,,B5,,4567306,415209,11月1日～11月30日分売上,,,,,,,,,,,,,,,,,,,,,,,,,,,,,,,,,,,,,,,,,,,,,,,,,,,,,,
20211130,111,,,,000,共通部門,152,売掛金,5,東雲商会株式会社,00,,2041948,0,,010,札幌営業所,511,売上高,,,B5,,2041948,185631,11月1日～11月30日分売上,,,,,,,,,,,,,,,,,,,,,,,,,,,,,,,,,,,,,,,,,,,,,,,,,,,,,,
20211130,112,,,,000,共通部門,152,売掛金,12,株式会社緑野百貨店,00,,10629137,0,,020,東京支店,511,売上高,,,B5,,10629137,966285,11月1日～11月30日分売上,,,,,,,,,,,,,,,,,,,,,,,,,,,,,,,,,,,,,,,,,,,,,,,,,,,,,,
20211130,112,,,,000,共通部門,152,売掛金,2,株式会社桜丘百貨店,00,,17254140,0,,020,東京支店,511,売上高,,,B5,,17254140,1568558,11月1日～11月30日分売上,,,,,,,,,,,,,,,,,,,,,,,,,,,,,,,,,,,,,,,,,,,,,,,,,,,,,,
20211130,112,,,,000,共通部門,152,売掛金,14,株式会社花咲商事,00,,2167946,0,,020,東京支店,511,売上高,,,B5,,2167946,197086,11月1日～11月30日分売上,,,,,,,,,,,,,,,,,,,,,,,,,,,,,,,,,,,,,,,,,,,,,,,,,,,,,,
20211130,112,,,,000,共通部門,152,売掛金,26,若松販売株式会社,00,,778520,0,,020,東京支店,511,売上高,,,B5,,778520,70774,11月1日～11月30日分売上,,,,,,,,,,,,,,,,,,,,,,,,,,,,,,,,,,,,,,,,,,,,,,,,,,,,,,
20211130,112,,,,000,共通部門,152,売掛金,30,株式会社彩雲トレーディング,00,,1327677,0,,020,東京支店,511,売上高,,,B5,,1327677,120697,11月1日～11月30日分売上,,,,,,,,,,,,,,,,,,,,,,,,,,,,,,,,,,,,,,,,,,,,,,,,,,,,,,
20211130,112,,,,000,共通部門,152,売掛金,24,白峰商事株式会社,00,,459212,0,,020,東京支店,511,売上高,,,B5,,459212,41746,11月1日～11月30日分売上,,,,,,,,,,,,,,,,,,,,,,,,,,,,,,,,,,,,,,,,,,,,,,,,,,,,,,
20211130,112,,,,000,共通部門,152,売掛金,11,株式会社楓屋,00,,1158996,0,,020,東京支店,511,売上高,,,B5,,1158996,105363,11月1日～11月30日分売上,,,,,,,,,,,,,,,,,,,,,,,,,,,,,,,,,,,,,,,,,,,,,,,,,,,,,,
20211130,112,,,,000,共通部門,152,売掛金,13,星川商事株式会社,00,,1108516,0,,020,東京支店,511,売上高,,,B5,,1108516,100774,11月1日～11月30日分売上,,,,,,,,,,,,,,,,,,,,,,,,,,,,,,,,,,,,,,,,,,,,,,,,,,,,,,
20211130,112,,,,000,共通部門,152,売掛金,10,合同会社こもれび商事,00,,320480,0,,020,東京支店,511,売上高,,,B5,,320480,29134,11月1日～11月30日分売上,,,,,,,,,,,,,,,,,,,,,,,,,,,,,,,,,,,,,,,,,,,,,,,,,,,,,,
20211130,113,,,,000,共通部門,152,売掛金,27,晴海物産株式会社,00,,1176124,0,,030,名古屋支店,511,売上高,,,B5,,1176124,106920,11月1日～11月30日分売上,,,,,,,,,,,,,,,,,,,,,,,,,,,,,,,,,,,,,,,,,,,,,,,,,,,,,,
20211130,113,,,,000,共通部門,152,売掛金,6,株式会社瑞穂流通,00,,2099052,0,,030,名古屋支店,511,売上高,,,B5,,2099052,190822,11月1日～11月30日分売上,,,,,,,,,,,,,,,,,,,,,,,,,,,,,,,,,,,,,,,,,,,,,,,,,,,,,,
20211130,113,,,,000,共通部門,152,売掛金,14,株式会社花咲商事,00,,1446278,0,,030,名古屋支店,511,売上高,,,B5,,1446278,131479,11月1日～11月30日分売上,,,,,,,,,,,,,,,,,,,,,,,,,,,,,,,,,,,,,,,,,,,,,,,,,,,,,,
20211130,113,,,,000,共通部門,152,売掛金,7,株式会社光彩堂商事,00,,1748532,0,,030,名古屋支店,511,売上高,,,B5,,1748532,158957,11月1日～11月30日分売上,,,,,,,,,,,,,,,,,,,,,,,,,,,,,,,,,,,,,,,,,,,,,,,,,,,,,,
20211130,113,,,,000,共通部門,152,売掛金,19,株式会社南風商会,00,,727515,0,,030,名古屋支店,511,売上高,,,B5,,727515,66137,11月1日～11月30日分売上,,,,,,,,,,,,,,,,,,,,,,,,,,,,,,,,,,,,,,,,,,,,,,,,,,,,,,
20211130,113,,,,000,共通部門,152,売掛金,21,合同会社つばさ商店,00,,571347,0,,030,名古屋支店,511,売上高,,,B5,,571347,51940,11月1日～11月30日分売上,,,,,,,,,,,,,,,,,,,,,,,,,,,,,,,,,,,,,,,,,,,,,,,,,,,,,,
20211130,114,,,,000,共通部門,152,売掛金,8,株式会社高原マーケット,00,,1448504,0,,040,大阪支店,511,売上高,,,B5,,1448504,131682,11月1日～11月30日分売上,,,,,,,,,,,,,,,,,,,,,,,,,,,,,,,,,,,,,,,,,,,,,,,,,,,,,,
20211130,114,,,,000,共通部門,152,売掛金,14,株式会社花咲商事,00,,2901037,0,,040,大阪支店,511,売上高,,,B5,,2901037,263730,11月1日～11月30日分売上,,,,,,,,,,,,,,,,,,,,,,,,,,,,,,,,,,,,,,,,,,,,,,,,,,,,,,
20211130,114,,,,000,共通部門,152,売掛金,28,株式会社青葉百貨店,00,,6004022,0,,040,大阪支店,511,売上高,,,B5,,6004022,545820,11月1日～11月30日分売上,,,,,,,,,,,,,,,,,,,,,,,,,,,,,,,,,,,,,,,,,,,,,,,,,,,,,,
20211130,114,,,,000,共通部門,152,売掛金,4,株式会社ひなたマート,00,,1300832,0,,040,大阪支店,511,売上高,,,B5,,1300832,118257,11月1日～11月30日分売上,,,,,,,,,,,,,,,,,,,,,,,,,,,,,,,,,,,,,,,,,,,,,,,,,,,,,,
20211130,114,,,,000,共通部門,152,売掛金,9,朝凪物産株式会社,00,,1303424,0,,040,大阪支店,511,売上高,,,B5,,1303424,118493,11月1日～11月30日分売上,,,,,,,,,,,,,,,,,,,,,,,,,,,,,,,,,,,,,,,,,,,,,,,,,,,,,,
20211130,114,,,,000,共通部門,152,売掛金,20,清和商事株式会社,00,,1210614,0,,040,大阪支店,511,売上高,,,B5,,1210614,110055,11月1日～11月30日分売上,,,,,,,,,,,,,,,,,,,,,,,,,,,,,,,,,,,,,,,,,,,,,,,,,,,,,,
20211130,114,,,,000,共通部門,152,売掛金,3,青凪商事株式会社,00,,1074280,0,,040,大阪支店,511,売上高,,,B5,,1074280,97661,11月1日～11月30日分売上,,,,,,,,,,,,,,,,,,,,,,,,,,,,,,,,,,,,,,,,,,,,,,,,,,,,,,
20211130,114,,,,000,共通部門,152,売掛金,23,株式会社杉の木商店,00,,835689,0,,040,大阪支店,511,売上高,,,B5,,835689,75971,11月1日～11月30日分売上,,,,,,,,,,,,,,,,,,,,,,,,,,,,,,,,,,,,,,,,,,,,,,,,,,,,,,
20211130,115,,,,000,共通部門,152,売掛金,14,株式会社花咲商事,00,,682664,0,,050,九州営業所,511,売上高,,,B5,,682664,62060,11月1日～11月30日分売上,,,,,,,,,,,,,,,,,,,,,,,,,,,,,,,,,,,,,,,,,,,,,,,,,,,,,,
20211130,115,,,,000,共通部門,152,売掛金,1,株式会社若葉百貨店,00,,1615320,0,,050,九州営業所,511,売上高,,,B5,,1615320,146847,11月1日～11月30日分売上,,,,,,,,,,,,,,,,,,,,,,,,,,,,,,,,,,,,,,,,,,,,,,,,,,,,,,
20211130,115,,,,000,共通部門,152,売掛金,22,株式会社豊原産業,00,,986824,0,,050,九州営業所,511,売上高,,,B5,,986824,89711,11月1日～11月30日分売上,,,,,,,,,,,,,,,,,,,,,,,,,,,,,,,,,,,,,,,,,,,,,,,,,,,,,,
20211130,115,,,,000,共通部門,152,売掛金,29,株式会社小春サービス,00,,488898,0,,050,九州営業所,511,売上高,,,B5,,488898,44445,11月1日～11月30日分売上,,,,,,,,,,,,,,,,,,,,,,,,,,,,,,,,,,,,,,,,,,,,,,,,,,,,,,
20211130,115,,,,040,大阪支店,752,保険料,,,P0,,64500,0,,000,共通部門,131,普通預金,40,JKL銀行 梅田,00,,64500,0,保険料,,,,,,,,,,,,,,,,,,,,,,,,,,,,,,,,,,,,,,,,,,,,,,,,,,,,,,
20211130,116,,,,000,共通部門,131,普通預金,40,JKL銀行 梅田,00,,1086384,0,,000,共通部門,152,売掛金,4,株式会社ひなたマート,00,,1086384,0,11月30日伝票No374株式会社ひなたマート,,,,,,,,,,,,,,,,,,,,,,,,,,,,,,,,,,,,,,,,,,,,,,,,,,,,,,
20211130,116,,,,040,大阪支店,741,支払手数料,,,Q5,,840,76,,000,共通部門,152,売掛金,4,株式会社ひなたマート,00,,840,0,11月30日伝票No374株式会社ひなたマート,,,,,,,,,,,,,,,,,,,,,,,,,,,,,,,,,,,,,,,,,,,,,,,,,,,,,,
20211130,116,,,,040,大阪支店,744,リース料,,,Q5,,84000,7636,,000,共通部門,131,普通預金,40,JKL銀行 梅田,00,,84000,0,リース料,,,,,,,,,,,,,,,,,,,,,,,,,,,,,,,,,,,,,,,,,,,,,,,,,,,,,,
20211130,117,,,,000,共通部門,131,普通預金,10,DEF銀行 駅前,00,,1280728,0,,000,共通部門,152,売掛金,5,東雲商会株式会社,00,,1280728,0,11月30日伝票No375東雲商会株式会社,,,,,,,,,,,,,,,,,,,,,,,,,,,,,,,,,,,,,,,,,,,,,,,,,,,,,,
20211130,117,,,,010,札幌営業所,741,支払手数料,,,Q5,,840,76,,000,共通部門,152,売掛金,5,東雲商会株式会社,00,,840,0,11月30日伝票No375東雲商会株式会社,,,,,,,,,,,,,,,,,,,,,,,,,,,,,,,,,,,,,,,,,,,,,,,,,,,,,,
20211130,118,,,,000,共通部門,111,現金,,,00,,203996,0,,000,共通部門,152,売掛金,10,合同会社こもれび商事,00,,203996,0,11月30日伝票No376合同会社こもれび商事,,,,,,,,,,,,,,,,,,,,,,,,,,,,,,,,,,,,,,,,,,,,,,,,,,,,,,
20211130,119,,,,000,共通部門,150,受取手形,,,00,,10808171,0,,000,共通部門,152,売掛金,12,株式会社緑野百貨店,00,,10808171,0,11月30日伝票No377株式会社緑野百貨店 | 売上伝票=20211031-110;手形番号=R20211130-119-12,,,,,,,,,,,,,,,,,,,,,,,,,,,,,,,,,,,,,,,,,,,,,,,,,,,,,,
20211130,120,,,,000,共通部門,131,普通預金,20,ABC銀行 本店,00,,497242,0,,000,共通部門,152,売掛金,24,白峰商事株式会社,00,,497242,0,11月30日伝票No378白峰商事株式会社,,,,,,,,,,,,,,,,,,,,,,,,,,,,,,,,,,,,,,,,,,,,,,,,,,,,,,
20211130,120,,,,020,東京支店,741,支払手数料,,,Q5,,630,57,,000,共通部門,152,売掛金,24,白峰商事株式会社,00,,630,0,11月30日伝票No378白峰商事株式会社,,,,,,,,,,,,,,,,,,,,,,,,,,,,,,,,,,,,,,,,,,,,,,,,,,,,,,
20211130,121,,,,000,共通部門,131,普通預金,50,MNO銀行 北九州,00,,708450,0,,000,共通部門,152,売掛金,29,株式会社小春サービス,00,,708450,0,11月30日伝票No379株式会社小春サービス,,,,,,,,,,,,,,,,,,,,,,,,,,,,,,,,,,,,,,,,,,,,,,,,,,,,,,
20211130,121,,,,050,九州営業所,741,支払手数料,,,Q5,,210,19,,000,共通部門,152,売掛金,29,株式会社小春サービス,00,,210,0,11月30日伝票No379株式会社小春サービス,,,,,,,,,,,,,,,,,,,,,,,,,,,,,,,,,,,,,,,,,,,,,,,,,,,,,,
20211130,122,,,,010,札幌営業所,541,商品仕入高,,,Q5,,183908,16718,,000,共通部門,312,買掛金,2,株式会社双葉物産,00,,183908,0,11月1日～11月30日分仕入,,,,,,,,,,,,,,,,,,,,,,,,,,,,,,,,,,,,,,,,,,,,,,,,,,,,,,
20211130,122,,,,010,札幌営業所,541,商品仕入高,,,Q5,,25704,2336,,000,共通部門,312,買掛金,8,株式会社白樺商事,00,,25704,0,11月1日～11月30日分仕入,,,,,,,,,,,,,,,,,,,,,,,,,,,,,,,,,,,,,,,,,,,,,,,,,,,,,,
20211130,123,,,,020,東京支店,541,商品仕入高,,,Q5,,433742,39431,,000,共通部門,312,買掛金,12,株式会社泉川商事,00,,433742,0,11月1日～11月30日分仕入,,,,,,,,,,,,,,,,,,,,,,,,,,,,,,,,,,,,,,,,,,,,,,,,,,,,,,
20211130,123,,,,020,東京支店,541,商品仕入高,,,Q5,,7285614,662328,,000,共通部門,312,買掛金,1,株式会社北辰商事,00,,7285614,0,11月1日～11月30日分仕入,,,,,,,,,,,,,,,,,,,,,,,,,,,,,,,,,,,,,,,,,,,,,,,,,,,,,,
20211130,123,,,,020,東京支店,541,商品仕入高,,,Q5,,5286009,480546,,000,共通部門,312,買掛金,11,株式会社花園商会,00,,5286009,0,11月1日～11月30日分仕入,,,,,,,,,,,,,,,,,,,,,,,,,,,,,,,,,,,,,,,,,,,,,,,,,,,,,,
20211130,123,,,,020,東京支店,541,商品仕入高,,,Q5,,3875434,352312,,000,共通部門,312,買掛金,14,合同会社あかね商会,00,,3875434,0,11月1日～11月30日分仕入,,,,,,,,,,,,,,,,,,,,,,,,,,,,,,,,,,,,,,,,,,,,,,,,,,,,,,
20211130,123,,,,020,東京支店,541,商品仕入高,,,Q5,,4077586,370689,,000,共通部門,312,買掛金,3,青凪商事株式会社,00,,4077586,0,11月1日～11月30日分仕入,,,,,,,,,,,,,,,,,,,,,,,,,,,,,,,,,,,,,,,,,,,,,,,,,,,,,,
20211130,123,,,,020,東京支店,541,商品仕入高,,,Q5,,1802651,163877,,000,共通部門,312,買掛金,13,朝日野産業株式会社,00,,1802651,0,11月1日～11月30日分仕入,,,,,,,,,,,,,,,,,,,,,,,,,,,,,,,,,,,,,,,,,,,,,,,,,,,,,,
20211130,123,,,,020,東京支店,541,商品仕入高,,,Q5,,322960,29360,,000,共通部門,312,買掛金,2,株式会社双葉物産,00,,322960,0,11月1日～11月30日分仕入,,,,,,,,,,,,,,,,,,,,,,,,,,,,,,,,,,,,,,,,,,,,,,,,,,,,,,
20211130,123,,,,020,東京支店,541,商品仕入高,,,Q5,,179928,16357,,000,共通部門,312,買掛金,8,株式会社白樺商事,00,,179928,0,11月1日～11月30日分仕入,,,,,,,,,,,,,,,,,,,,,,,,,,,,,,,,,,,,,,,,,,,,,,,,,,,,,,
20211130,124,,,,030,名古屋支店,541,商品仕入高,,,Q5,,4597303,417936,,000,共通部門,312,買掛金,7,株式会社夕凪商会,00,,4597303,0,11月1日～11月30日分仕入,,,,,,,,,,,,,,,,,,,,,,,,,,,,,,,,,,,,,,,,,,,,,,,,,,,,,,
20211130,124,,,,030,名古屋支店,541,商品仕入高,,,Q5,,2224739,202249,,000,共通部門,312,買掛金,9,東原産業株式会社,00,,2224739,0,11月1日～11月30日分仕入,,,,,,,,,,,,,,,,,,,,,,,,,,,,,,,,,,,,,,,,,,,,,,,,,,,,,,
20211130,124,,,,030,名古屋支店,541,商品仕入高,,,Q5,,1543059,140278,,000,共通部門,312,買掛金,15,株式会社麦穂商事,00,,1543059,0,11月1日～11月30日分仕入,,,,,,,,,,,,,,,,,,,,,,,,,,,,,,,,,,,,,,,,,,,,,,,,,,,,,,
20211130,124,,,,030,名古屋支店,541,商品仕入高,,,Q5,,51408,4673,,000,共通部門,312,買掛金,8,株式会社白樺商事,00,,51408,0,11月1日～11月30日分仕入,,,,,,,,,,,,,,,,,,,,,,,,,,,,,,,,,,,,,,,,,,,,,,,,,,,,,,
20211130,124,,,,030,名古屋支店,541,商品仕入高,,,Q5,,103168,9378,,000,共通部門,312,買掛金,2,株式会社双葉物産,00,,103168,0,11月1日～11月30日分仕入,,,,,,,,,,,,,,,,,,,,,,,,,,,,,,,,,,,,,,,,,,,,,,,,,,,,,,
20211130,125,,,,040,大阪支店,541,商品仕入高,,,Q5,,3791833,344712,,000,共通部門,312,買掛金,10,光野販売株式会社,00,,3791833,0,11月1日～11月30日分仕入,,,,,,,,,,,,,,,,,,,,,,,,,,,,,,,,,,,,,,,,,,,,,,,,,,,,,,
20211130,125,,,,040,大阪支店,541,商品仕入高,,,Q5,,4043244,367567,,000,共通部門,312,買掛金,6,株式会社日向産業,00,,4043244,0,11月1日～11月30日分仕入,,,,,,,,,,,,,,,,,,,,,,,,,,,,,,,,,,,,,,,,,,,,,,,,,,,,,,
20211130,125,,,,040,大阪支店,541,商品仕入高,,,Q5,,4897778,445252,,000,共通部門,312,買掛金,5,千草商事株式会社,00,,4897778,0,11月1日～11月30日分仕入,,,,,,,,,,,,,,,,,,,,,,,,,,,,,,,,,,,,,,,,,,,,,,,,,,,,,,
20211130,125,,,,040,大阪支店,541,商品仕入高,,,Q5,,502382,45671,,000,共通部門,312,買掛金,2,株式会社双葉物産,00,,502382,0,11月1日～11月30日分仕入,,,,,,,,,,,,,,,,,,,,,,,,,,,,,,,,,,,,,,,,,,,,,,,,,,,,,,
20211130,125,,,,040,大阪支店,541,商品仕入高,,,Q5,,1155555,105050,,000,共通部門,312,買掛金,4,株式会社和泉流通,00,,1155555,0,11月1日～11月30日分仕入,,,,,,,,,,,,,,,,,,,,,,,,,,,,,,,,,,,,,,,,,,,,,,,,,,,,,,
20211130,125,,,,040,大阪支店,541,商品仕入高,,,Q5,,102816,9346,,000,共通部門,312,買掛金,8,株式会社白樺商事,00,,102816,0,11月1日～11月30日分仕入,,,,,,,,,,,,,,,,,,,,,,,,,,,,,,,,,,,,,,,,,,,,,,,,,,,,,,
20211130,126,,,,050,九州営業所,541,商品仕入高,,,Q5,,46267,4206,,000,共通部門,312,買掛金,8,株式会社白樺商事,00,,46267,0,11月1日～11月30日分仕入,,,,,,,,,,,,,,,,,,,,,,,,,,,,,,,,,,,,,,,,,,,,,,,,,,,,,,
20211130,126,,,,050,九州営業所,541,商品仕入高,,,Q5,,202050,18368,,000,共通部門,312,買掛金,2,株式会社双葉物産,00,,202050,0,11月1日～11月30日分仕入,,,,,,,,,,,,,,,,,,,,,,,,,,,,,,,,,,,,,,,,,,,,,,,,,,,,,,
20211130,127,,,,000,共通部門,312,買掛金,5,千草商事株式会社,00,,3923430,0,,000,共通部門,301,支払手形,,,00,,3923430,0,11月30日伝票No288千草商事株式会社,,,,,,,,,,,,,,,,,,,,,,,,,,,,,,,,,,,,,,,,,,,,,,,,,,,,,,
20211130,128,,,,000,共通部門,312,買掛金,7,株式会社夕凪商会,00,,3715740,0,,000,共通部門,131,普通預金,20,ABC銀行 本店,00,,3715740,0,11月30日伝票No290株式会社夕凪商会,,,,,,,,,,,,,,,,,,,,,,,,,,,,,,,,,,,,,,,,,,,,,,,,,,,,,,
20211130,129,,,,000,共通部門,312,買掛金,9,東原産業株式会社,00,,1859340,0,,000,共通部門,301,支払手形,,,00,,1859340,0,11月30日伝票No293東原産業株式会社,,,,,,,,,,,,,,,,,,,,,,,,,,,,,,,,,,,,,,,,,,,,,,,,,,,,,,
20211130,130,,,,000,共通部門,312,買掛金,10,光野販売株式会社,00,,3215415,0,,000,共通部門,301,支払手形,,,00,,3215415,0,11月30日伝票No295光野販売株式会社,,,,,,,,,,,,,,,,,,,,,,,,,,,,,,,,,,,,,,,,,,,,,,,,,,,,,,
20211130,131,,,,000,共通部門,312,買掛金,12,株式会社泉川商事,00,,343980,0,,000,共通部門,131,普通預金,20,ABC銀行 本店,00,,343980,0,11月30日伝票No298株式会社泉川商事,,,,,,,,,,,,,,,,,,,,,,,,,,,,,,,,,,,,,,,,,,,,,,,,,,,,,,
20211130,132,,,,000,共通部門,312,買掛金,2,株式会社双葉物産,00,,1349460,0,,000,共通部門,131,普通預金,20,ABC銀行 本店,00,,1349460,0,11月30日伝票No299株式会社双葉物産,,,,,,,,,,,,,,,,,,,,,,,,,,,,,,,,,,,,,,,,,,,,,,,,,,,,,,
20211130,133,,,,000,共通部門,312,買掛金,13,朝日野産業株式会社,00,,1317476,0,,000,共通部門,131,普通預金,20,ABC銀行 本店,00,,1317476,0,11月30日伝票No300朝日野産業株式会社,,,,,,,,,,,,,,,,,,,,,,,,,,,,,,,,,,,,,,,,,,,,,,,,,,,,,,
20211130,134,,,,000,共通部門,312,買掛金,14,合同会社あかね商会,00,,3016650,0,,000,共通部門,131,普通預金,20,ABC銀行 本店,00,,3016650,0,11月30日伝票No301合同会社あかね商会,,,,,,,,,,,,,,,,,,,,,,,,,,,,,,,,,,,,,,,,,,,,,,,,,,,,,,
20211130,135,,,,000,共通部門,312,買掛金,15,株式会社麦穂商事,00,,1204980,0,,000,共通部門,131,普通預金,20,ABC銀行 本店,00,,1204980,0,11月30日伝票No302株式会社麦穂商事,,,,,,,,,,,,,,,,,,,,,,,,,,,,,,,,,,,,,,,,,,,,,,,,,,,,,,
20211130,137,,,,000,共通部門,301,支払手形,,,00,,3841014,0,,000,共通部門,121,当座預金,1,ABC銀行,00,,3841014,0,手形期日落日 千草商事株式会社,,,,,,,,,,,,,,,,,,,,,,,,,,,,,,,,,,,,,,,,,,,,,,,,,,,,,,
20211130,137,,,,000,共通部門,301,支払手形,,,00,,1819272,0,,000,共通部門,121,当座預金,1,ABC銀行,00,,1819272,0,手形期日落日 東原産業株式会社,,,,,,,,,,,,,,,,,,,,,,,,,,,,,,,,,,,,,,,,,,,,,,,,,,,,,,
20211130,137,,,,000,共通部門,301,支払手形,,,00,,3148603,0,,000,共通部門,121,当座預金,1,ABC銀行,00,,3148603,0,手形期日落日 光野販売株式会社,,,,,,,,,,,,,,,,,,,,,,,,,,,,,,,,,,,,,,,,,,,,,,,,,,,,,,
20211130,138,,,,000,共通部門,121,当座預金,1,ABC銀行,00,,16395173,0,,000,共通部門,150,受取手形,,,00,,16395173,0,手形満期 株式会社桜丘百貨店 | 手形番号=R20210825-106-2;受取額に決済額を訂正,,,,,,,,,,,,,,,,,,,,,,,,,,,,,,,,,,,,,,,,,,,,,,,,,,,,,,
20211130,144,,,,000,共通部門,131,普通預金,20,ABC銀行 本店,00,,40000,0,,000,共通部門,183,短期貸付金,,,00,,40000,0,貸付金返済,,,,,,,,,,,,,,,,,,,,,,,,,,,,,,,,,,,,,,,,,,,,,,,,,,,,,,
20211130,145,,,,050,九州営業所,731,運賃,,,Q5,,140400,12763,,000,共通部門,322,未払金,,,00,,140400,0,運賃,,,,,,,,,,,,,,,,,,,,,,,,,,,,,,,,,,,,,,,,,,,,,,,,,,,,,,
20211130,146,,,,000,共通部門,148,定期積金,,,00,,500000,0,,000,共通部門,131,普通預金,20,ABC銀行 本店,00,,625000,0,定期積立金,,,,,,,,,,,,,,,,,,,,,,,,,,,,,,,,,,,,,,,,,,,,,,,,,,,,,,
20211130,146,,,,000,共通部門,248,保険積立金,,,00,,125000,0,,,,,,,,,,,,保険積立金,,,,,,,,,,,,,,,,,,,,,,,,,,,,,,,,,,,,,,,,,,,,,,,,,,,,,,
20211130,147,,,,000,共通部門,321,短期借入金,,,00,,653500,0,,000,共通部門,121,当座預金,1,ABC銀行,00,,686175,0,借入金返済,,,,,,,,,,,,,,,,,,,,,,,,,,,,,,,,,,,,,,,,,,,,,,,,,,,,,,
20211130,147,,,,020,東京支店,821,支払利息,,,P0,,32675,0,,,,,,,,,,,,利息,,,,,,,,,,,,,,,,,,,,,,,,,,,,,,,,,,,,,,,,,,,,,,,,,,,,,,
20211130,155,,,,050,九州営業所,740,車両費,,,Q5,,25420,2310,,000,共通部門,322,未払金,,,00,,25420,0,点検整備,,,,,,,,,,,,,,,,,,,,,,,,,,,,,,,,,,,,,,,,,,,,,,,,,,,,,,
20211130,990008,,,,010,札幌営業所,713,賞与,,,00,,190000,0,,010,札幌営業所,337,賞与引当金,,,00,,190000,0,サンプル定義：賞与半年均等引当 202111 部門010,,,,,,,,,,,,,,,,,,,,,,,,,,,,,,,,,,,,,,,,,,,,,,,,,,,,,,
20211130,990008,,,,020,東京支店,713,賞与,,,00,,451666,0,,020,東京支店,337,賞与引当金,,,00,,451666,0,サンプル定義：賞与半年均等引当 202111 部門020,,,,,,,,,,,,,,,,,,,,,,,,,,,,,,,,,,,,,,,,,,,,,,,,,,,,,,
20211130,990008,,,,030,名古屋支店,713,賞与,,,00,,178334,0,,030,名古屋支店,337,賞与引当金,,,00,,178334,0,サンプル定義：賞与半年均等引当 202111 部門030,,,,,,,,,,,,,,,,,,,,,,,,,,,,,,,,,,,,,,,,,,,,,,,,,,,,,,
20211130,990008,,,,040,大阪支店,713,賞与,,,00,,216666,0,,040,大阪支店,337,賞与引当金,,,00,,216666,0,サンプル定義：賞与半年均等引当 202111 部門040,,,,,,,,,,,,,,,,,,,,,,,,,,,,,,,,,,,,,,,,,,,,,,,,,,,,,,
20211130,990008,,,,050,九州営業所,713,賞与,,,00,,136666,0,,050,九州営業所,337,賞与引当金,,,00,,136666,0,サンプル定義：賞与半年均等引当 202111 部門050,,,,,,,,,,,,,,,,,,,,,,,,,,,,,,,,,,,,,,,,,,,,,,,,,,,,,,
20211201,10,,,,010,札幌営業所,740,車両費,,,Q5,,3000,272,,000,共通部門,111,現金,,,00,,3000,0,洗車代,,,,,,,,,,,,,,,,,,,,,,,,,,,,,,,,,,,,,,,,,,,,,,,,,,,,,,
20211201,18,,,,010,札幌営業所,726,旅費交通費,,,Q5,,29500,2681,,000,共通部門,111,現金,,,00,,29500,0,旅費,,,,,,,,,,,,,,,,,,,,,,,,,,,,,,,,,,,,,,,,,,,,,,,,,,,,,,
20211201,56,,,,020,東京支店,726,旅費交通費,,,Q5,,653500,59409,,000,共通部門,111,現金,,,00,,686175,0,旅費,,,,,,,,,,,,,,,,,,,,,,,,,,,,,,,,,,,,,,,,,,,,,,,,,,,,,,
20211201,56,,,,020,東京支店,726,旅費交通費,,,Q5,,32675,2970,,,,,,,,,,,,架空鉄道会社A代,,,,,,,,,,,,,,,,,,,,,,,,,,,,,,,,,,,,,,,,,,,,,,,,,,,,,,
20211201,85,,,,030,名古屋支店,726,旅費交通費,,,Q5,,19800,1800,,000,共通部門,111,現金,,,00,,19800,0,旅費,,,,,,,,,,,,,,,,,,,,,,,,,,,,,,,,,,,,,,,,,,,,,,,,,,,,,,
20211201,143,,,,040,大阪支店,740,車両費,,,Q5,,29400,2672,,000,共通部門,111,現金,,,00,,29400,0,点検作業料,,,,,,,,,,,,,,,,,,,,,,,,,,,,,,,,,,,,,,,,,,,,,,,,,,,,,,
20211202,19,,,,010,札幌営業所,726,旅費交通費,,,Q5,,22000,2000,,000,共通部門,111,現金,,,00,,22000,0,旅費,,,,,,,,,,,,,,,,,,,,,,,,,,,,,,,,,,,,,,,,,,,,,,,,,,,,,,
20211203,134,,,,030,名古屋支店,754,事務用消耗品費,,,Q5,,14600,1327,,000,共通部門,111,現金,,,00,,14600,0,用紙,,,,,,,,,,,,,,,,,,,,,,,,,,,,,,,,,,,,,,,,,,,,,,,,,,,,,,
20211203,147,,,,050,九州営業所,740,車両費,,,Q5,,6240,567,,000,共通部門,322,未払金,,,00,,6240,0,ガソリン代,,,,,,,,,,,,,,,,,,,,,,,,,,,,,,,,,,,,,,,,,,,,,,,,,,,,,,
20211204,41,,,,020,東京支店,733,交際接待費,,,Q5,,69191,6290,,000,共通部門,111,現金,,,00,,125773,0,お歳暮 架空店舗058,,,,,,,,,,,,,,,,,,,,,,,,,,,,,,,,,,,,,,,,,,,,,,,,,,,,,,
20211204,41,,,,020,東京支店,733,交際接待費,,,Q5,,40629,3693,,,,,,,,,,,,お歳暮 株式会社桜丘百貨店,,,,,,,,,,,,,,,,,,,,,,,,,,,,,,,,,,,,,,,,,,,,,,,,,,,,,,
20211204,41,,,,020,東京支店,733,交際接待費,,,Q5,,15953,1450,,,,,,,,,,,,お歳暮 架空店舗087,,,,,,,,,,,,,,,,,,,,,,,,,,,,,,,,,,,,,,,,,,,,,,,,,,,,,,
20211205,50,,,,020,東京支店,740,車両費,,,Q5,,3500,318,,000,共通部門,111,現金,,,00,,3500,0,高速代,,,,,,,,,,,,,,,,,,,,,,,,,,,,,,,,,,,,,,,,,,,,,,,,,,,,,,
20211205,86,,,,030,名古屋支店,726,旅費交通費,,,Q5,,12000,1090,,000,共通部門,111,現金,,,00,,12000,0,架空鉄道会社A代,,,,,,,,,,,,,,,,,,,,,,,,,,,,,,,,,,,,,,,,,,,,,,,,,,,,,,
20211205,95,,,,000,共通部門,131,普通預金,50,MNO銀行 北九州,00,,986352,0,,000,共通部門,152,売掛金,22,株式会社豊原産業,00,,986352,0,12月5日伝票No380株式会社豊原産業,,,,,,,,,,,,,,,,,,,,,,,,,,,,,,,,,,,,,,,,,,,,,,,,,,,,,,
20211205,95,,,,050,九州営業所,741,支払手数料,,,Q5,,472,42,,000,共通部門,152,売掛金,22,株式会社豊原産業,00,,472,0,12月5日伝票No380株式会社豊原産業,,,,,,,,,,,,,,,,,,,,,,,,,,,,,,,,,,,,,,,,,,,,,,,,,,,,,,
20211205,96,,,,000,共通部門,131,普通預金,20,ABC銀行 本店,00,,778048,0,,000,共通部門,152,売掛金,26,若松販売株式会社,00,,778048,0,12月5日伝票No381若松販売株式会社,,,,,,,,,,,,,,,,,,,,,,,,,,,,,,,,,,,,,,,,,,,,,,,,,,,,,,
20211205,96,,,,020,東京支店,741,支払手数料,,,Q5,,472,42,,000,共通部門,152,売掛金,26,若松販売株式会社,00,,472,0,12月5日伝票No381若松販売株式会社,,,,,,,,,,,,,,,,,,,,,,,,,,,,,,,,,,,,,,,,,,,,,,,,,,,,,,
20211205,97,,,,000,共通部門,131,普通預金,30,GHI銀行 名古屋,00,,1176124,0,,000,共通部門,152,売掛金,27,晴海物産株式会社,00,,1176124,0,12月5日伝票No382晴海物産株式会社,,,,,,,,,,,,,,,,,,,,,,,,,,,,,,,,,,,,,,,,,,,,,,,,,,,,,,
20211205,133,,,,020,東京支店,746,支払報酬,,,Q5,,139710,12700,,000,共通部門,131,普通預金,20,ABC銀行 本店,00,,139710,0,税理士報酬,,,,,,,,,,,,,,,,,,,,,,,,,,,,,,,,,,,,,,,,,,,,,,,,,,,,,,
20211206,87,,,,030,名古屋支店,726,旅費交通費,,,Q5,,4500,409,,000,共通部門,111,現金,,,00,,4500,0,タクシー代,,,,,,,,,,,,,,,,,,,,,,,,,,,,,,,,,,,,,,,,,,,,,,,,,,,,,,
20211206,106,,,,040,大阪支店,733,交際接待費,,,Q5,,71810,6528,,000,共通部門,111,現金,,,00,,112439,0,お歳暮 架空店舗058,,,,,,,,,,,,,,,,,,,,,,,,,,,,,,,,,,,,,,,,,,,,,,,,,,,,,,
20211206,106,,,,040,大阪支店,733,交際接待費,,,Q5,,40629,3693,,,,,,,,,,,,お歳暮 株式会社桜丘百貨店,,,,,,,,,,,,,,,,,,,,,,,,,,,,,,,,,,,,,,,,,,,,,,,,,,,,,,
20211206,110,,,,040,大阪支店,726,旅費交通費,,,Q5,,2290,208,,000,共通部門,111,現金,,,00,,2290,0,タクシー代,,,,,,,,,,,,,,,,,,,,,,,,,,,,,,,,,,,,,,,,,,,,,,,,,,,,,,
20211206,159,,,,050,九州営業所,726,旅費交通費,,,Q5,,10500,954,,000,共通部門,111,現金,,,00,,10500,0,タクシー代,,,,,,,,,,,,,,,,,,,,,,,,,,,,,,,,,,,,,,,,,,,,,,,,,,,,,,
20211207,16,,,,010,札幌営業所,740,車両費,,,Q5,,2858,259,,000,共通部門,111,現金,,,00,,3236,0,ガソリン代,,,,,,,,,,,,,,,,,,,,,,,,,,,,,,,,,,,,,,,,,,,,,,,,,,,,,,
20211207,16,,,,010,札幌営業所,740,車両費,,,Q5,,378,34,,,,,,,,,,,,駐車代,,,,,,,,,,,,,,,,,,,,,,,,,,,,,,,,,,,,,,,,,,,,,,,,,,,,,,
20211207,20,,,,010,札幌営業所,726,旅費交通費,,,Q5,,39000,3545,,000,共通部門,111,現金,,,00,,39000,0,旅費,,,,,,,,,,,,,,,,,,,,,,,,,,,,,,,,,,,,,,,,,,,,,,,,,,,,,,
20211207,21,,,,010,札幌営業所,726,旅費交通費,,,Q5,,69500,6318,,000,共通部門,111,現金,,,00,,69500,0,架空鉄道会社A代,,,,,,,,,,,,,,,,,,,,,,,,,,,,,,,,,,,,,,,,,,,,,,,,,,,,,,
20211207,22,,,,010,札幌営業所,726,旅費交通費,,,Q5,,50000,4545,,000,共通部門,111,現金,,,00,,50000,0,旅費,,,,,,,,,,,,,,,,,,,,,,,,,,,,,,,,,,,,,,,,,,,,,,,,,,,,,,
20211207,58,,,,020,東京支店,726,旅費交通費,,,Q5,,70000,6363,,000,共通部門,111,現金,,,00,,70000,0,旅費,,,,,,,,,,,,,,,,,,,,,,,,,,,,,,,,,,,,,,,,,,,,,,,,,,,,,,
20211207,69,,,,010,札幌営業所,791,雑費,,,Q5,,380,34,,000,共通部門,111,現金,,,00,,3090,0,洗剤代,,,,,,,,,,,,,,,,,,,,,,,,,,,,,,,,,,,,,,,,,,,,,,,,,,,,,,
20211207,69,,,,010,札幌営業所,791,雑費,,,Q5,,2710,246,,,,,,,,,,,,台所用品,,,,,,,,,,,,,,,,,,,,,,,,,,,,,,,,,,,,,,,,,,,,,,,,,,,,,,
20211207,69,,,,020,東京支店,791,雑費,,,Q5,,898,81,,000,共通部門,111,現金,,,00,,898,0,洗剤代,,,,,,,,,,,,,,,,,,,,,,,,,,,,,,,,,,,,,,,,,,,,,,,,,,,,,,
20211207,102,,,,040,大阪支店,733,交際接待費,,,Q5,,18300,1663,,000,共通部門,111,現金,,,00,,18300,0,お歳暮 架空店舗089,,,,,,,,,,,,,,,,,,,,,,,,,,,,,,,,,,,,,,,,,,,,,,,,,,,,,,
20211208,76,,,,020,東京支店,724,福利厚生費,,,Q5,,75801,6891,,000,共通部門,322,未払金,,,00,,75801,0,社員夜食代,,,,,,,,,,,,,,,,,,,,,,,,,,,,,,,,,,,,,,,,,,,,,,,,,,,,,,
20211208,77,,,,010,札幌営業所,733,交際接待費,,,Q5,,14800,1345,,000,共通部門,111,現金,,,00,,14800,0,ゴルフプレー代2名,,,,,,,,,,,,,,,,,,,,,,,,,,,,,,,,,,,,,,,,,,,,,,,,,,,,,,
20211208,142,,,,040,大阪支店,740,車両費,,,Q5,,3102,282,,000,共通部門,111,現金,,,00,,32176,0,高速代,,,,,,,,,,,,,,,,,,,,,,,,,,,,,,,,,,,,,,,,,,,,,,,,,,,,,,
20211208,142,,,,040,大阪支店,740,車両費,,,Q5,,9373,852,,,,,,,,,,,,高速代,,,,,,,,,,,,,,,,,,,,,,,,,,,,,,,,,,,,,,,,,,,,,,,,,,,,,,
20211208,142,,,,040,大阪支店,740,車両費,,,Q5,,3404,309,,,,,,,,,,,,高速代,,,,,,,,,,,,,,,,,,,,,,,,,,,,,,,,,,,,,,,,,,,,,,,,,,,,,,
20211208,142,,,,040,大阪支店,740,車両費,,,Q5,,6229,566,,,,,,,,,,,,高速代,,,,,,,,,,,,,,,,,,,,,,,,,,,,,,,,,,,,,,,,,,,,,,,,,,,,,,
20211208,142,,,,040,大阪支店,740,車両費,,,Q5,,4353,395,,,,,,,,,,,,高速代,,,,,,,,,,,,,,,,,,,,,,,,,,,,,,,,,,,,,,,,,,,,,,,,,,,,,,
20211208,142,,,,040,大阪支店,740,車両費,,,Q5,,5715,519,,,,,,,,,,,,ガソリン代,,,,,,,,,,,,,,,,,,,,,,,,,,,,,,,,,,,,,,,,,,,,,,,,,,,,,,
20211209,44,,,,020,東京支店,733,交際接待費,,,Q5,,6260,569,,000,共通部門,111,現金,,,00,,6260,0,食事代 架空店舗051 3名,,,,,,,,,,,,,,,,,,,,,,,,,,,,,,,,,,,,,,,,,,,,,,,,,,,,,,
20211209,112,,,,040,大阪支店,727,通信費,,,Q5,,173616,15783,,000,共通部門,131,普通預金,40,JKL銀行 梅田,00,,173616,0,電話代,,,,,,,,,,,,,,,,,,,,,,,,,,,,,,,,,,,,,,,,,,,,,,,,,,,,,,
20211209,150,,,,050,九州営業所,733,交際接待費,,,Q5,,61058,5550,,000,共通部門,111,現金,,,00,,86173,0,お歳暮 架空店舗058,,,,,,,,,,,,,,,,,,,,,,,,,,,,,,,,,,,,,,,,,,,,,,,,,,,,,,
20211209,150,,,,050,九州営業所,733,交際接待費,,,Q5,,25115,2283,,,,,,,,,,,,お歳暮 株式会社桜丘百貨店,,,,,,,,,,,,,,,,,,,,,,,,,,,,,,,,,,,,,,,,,,,,,,,,,,,,,,
20211210,9,,,,010,札幌営業所,733,交際接待費,,,Q5,,78400,7127,,000,共通部門,111,現金,,,00,,78400,0,お歳暮 株式会社緑野百貨店,,,,,,,,,,,,,,,,,,,,,,,,,,,,,,,,,,,,,,,,,,,,,,,,,,,,,,
20211210,33,,,,010,札幌営業所,747,地代家賃,,,Q5,,320000,29090,,000,共通部門,131,普通預金,10,DEF銀行 駅前,00,,320000,0,家賃支払い,,,,,,,,,,,,,,,,,,,,,,,,,,,,,,,,,,,,,,,,,,,,,,,,,,,,,,
20211210,33,,,,010,札幌営業所,727,通信費,,,Q5,,138505,12591,,000,共通部門,131,普通預金,10,DEF銀行 駅前,00,,138505,0,電話代,,,,,,,,,,,,,,,,,,,,,,,,,,,,,,,,,,,,,,,,,,,,,,,,,,,,,,
20211210,62,,,,000,共通部門,111,現金,,,00,,1500000,0,,000,共通部門,121,当座預金,1,ABC銀行,00,,1500000,0,引き出し,,,,,,,,,,,,,,,,,,,,,,,,,,,,,,,,,,,,,,,,,,,,,,,,,,,,,,
20211210,66,,,,000,共通部門,326,預り金,3,源泉税,00,,256142,0,,000,共通部門,131,普通預金,20,ABC銀行 本店,00,,705642,0,源泉税支払,,,,,,,,,,,,,,,,,,,,,,,,,,,,,,,,,,,,,,,,,,,,,,,,,,,,,,
20211210,66,,,,000,共通部門,326,預り金,2,住民税,00,,449500,0,,,,,,,,,,,,住民税支払,,,,,,,,,,,,,,,,,,,,,,,,,,,,,,,,,,,,,,,,,,,,,,,,,,,,,,
20211210,68,,,,040,大阪支店,747,地代家賃,,,Q5,,840000,76363,,000,共通部門,131,普通預金,40,JKL銀行 梅田,00,,840000,0,家賃支払,,,,,,,,,,,,,,,,,,,,,,,,,,,,,,,,,,,,,,,,,,,,,,,,,,,,,,
20211210,69,,,,010,札幌営業所,791,雑費,,,Q5,,5000,454,,000,共通部門,322,未払金,,,00,,39286,0,有線,,,,,,,,,,,,,,,,,,,,,,,,,,,,,,,,,,,,,,,,,,,,,,,,,,,,,,
20211210,69,,,,010,札幌営業所,791,雑費,,,Q5,,34286,3116,,,,,,,,,,,,警備料,,,,,,,,,,,,,,,,,,,,,,,,,,,,,,,,,,,,,,,,,,,,,,,,,,,,,,
20211210,82,,,,030,名古屋支店,740,車両費,,,Q5,,17064,1551,,000,共通部門,322,未払金,,,00,,17064,0,ガソリン代,,,,,,,,,,,,,,,,,,,,,,,,,,,,,,,,,,,,,,,,,,,,,,,,,,,,,,
20211210,85,,,,030,名古屋支店,727,通信費,,,Q5,,81236,7385,,000,共通部門,131,普通預金,30,GHI銀行 名古屋,00,,81236,0,電話代,,,,,,,,,,,,,,,,,,,,,,,,,,,,,,,,,,,,,,,,,,,,,,,,,,,,,,
20211210,88,,,,030,名古屋支店,726,旅費交通費,,,Q5,,8000,727,,000,共通部門,111,現金,,,00,,8000,0,タクシー代,,,,,,,,,,,,,,,,,,,,,,,,,,,,,,,,,,,,,,,,,,,,,,,,,,,,,,
20211210,98,,,,000,共通部門,312,買掛金,3,青凪商事株式会社,00,,1074280,0,,000,共通部門,152,売掛金,3,青凪商事株式会社,00,,1074280,0,12月10日伝票No383青凪商事株式会社,,,,,,,,,,,,,,,,,,,,,,,,,,,,,,,,,,,,,,,,,,,,,,,,,,,,,,
20211210,99,,,,000,共通部門,131,普通預金,20,ABC銀行 本店,00,,8595710,0,,000,共通部門,152,売掛金,14,株式会社花咲商事,00,,8595710,0,12月10日伝票No384株式会社花咲商事東京本社,,,,,,,,,,,,,,,,,,,,,,,,,,,,,,,,,,,,,,,,,,,,,,,,,,,,,,
20211210,99,,,,020,東京支店,741,支払手数料,,,Q5,,735,66,,000,共通部門,152,売掛金,14,株式会社花咲商事,00,,735,0,12月10日伝票No384株式会社花咲商事東京本社,,,,,,,,,,,,,,,,,,,,,,,,,,,,,,,,,,,,,,,,,,,,,,,,,,,,,,
20211210,100,,,,000,共通部門,131,普通預金,30,GHI銀行 名古屋,00,,726780,0,,000,共通部門,152,売掛金,19,株式会社南風商会,00,,726780,0,12月10日伝票No385株式会社南風商会,,,,,,,,,,,,,,,,,,,,,,,,,,,,,,,,,,,,,,,,,,,,,,,,,,,,,,
20211210,100,,,,030,名古屋支店,741,支払手数料,,,Q5,,735,66,,000,共通部門,152,売掛金,19,株式会社南風商会,00,,735,0,12月10日伝票No385株式会社南風商会,,,,,,,,,,,,,,,,,,,,,,,,,,,,,,,,,,,,,,,,,,,,,,,,,,,,,,
20211210,101,,,,000,共通部門,150,受取手形,,,00,,6004022,0,,000,共通部門,152,売掛金,28,株式会社青葉百貨店,00,,6004022,0,12月10日伝票No386株式会社青葉百貨店 | 売上伝票=20211130-114;手形番号=R20211210-101-28,,,,,,,,,,,,,,,,,,,,,,,,,,,,,,,,,,,,,,,,,,,,,,,,,,,,,,
20211210,102,,,,000,共通部門,312,買掛金,3,青凪商事株式会社,00,,3003306,0,,000,共通部門,301,支払手形,,,00,,3003306,0,12月10日伝票No303青凪商事株式会社,,,,,,,,,,,,,,,,,,,,,,,,,,,,,,,,,,,,,,,,,,,,,,,,,,,,,,
20211210,103,,,,040,大阪支店,733,交際接待費,,,Q5,,2680,243,,000,共通部門,111,現金,,,00,,2680,0,コーヒー代 架空店舗065,,,,,,,,,,,,,,,,,,,,,,,,,,,,,,,,,,,,,,,,,,,,,,,,,,,,,,
20211210,103,,,,000,共通部門,312,買掛金,8,株式会社白樺商事,00,,423360,0,,000,共通部門,131,普通預金,20,ABC銀行 本店,00,,423360,0,12月10日伝票No304株式会社白樺商事,,,,,,,,,,,,,,,,,,,,,,,,,,,,,,,,,,,,,,,,,,,,,,,,,,,,,,
20211210,110,,,,020,東京支店,747,地代家賃,,,Q5,,1260000,114545,,000,共通部門,131,普通預金,20,ABC銀行 本店,00,,1260000,0,家賃支払,,,,,,,,,,,,,,,,,,,,,,,,,,,,,,,,,,,,,,,,,,,,,,,,,,,,,,
20211210,129,,,,030,名古屋支店,747,地代家賃,,,Q5,,399000,36272,,000,共通部門,131,普通預金,30,GHI銀行 名古屋,00,,399000,0,家賃支払い,,,,,,,,,,,,,,,,,,,,,,,,,,,,,,,,,,,,,,,,,,,,,,,,,,,,,,
20211210,146,,,,000,共通部門,301,支払手形,,,00,,2623516,0,,000,共通部門,121,当座預金,1,ABC銀行,00,,2623516,0,手形期日落日 青凪商事株式会社,,,,,,,,,,,,,,,,,,,,,,,,,,,,,,,,,,,,,,,,,,,,,,,,,,,,,,
20211210,162,,,,020,東京支店,734,会議費,,,Q5,,24995,2272,,000,共通部門,111,現金,,,00,,24995,0,会議　食事代,,,,,,,,,,,,,,,,,,,,,,,,,,,,,,,,,,,,,,,,,,,,,,,,,,,,,,
20211210,167,,,,050,九州営業所,747,地代家賃,,,Q5,,630000,57272,,000,共通部門,131,普通預金,50,MNO銀行 北九州,00,,630000,0,家賃支払い,,,,,,,,,,,,,,,,,,,,,,,,,,,,,,,,,,,,,,,,,,,,,,,,,,,,,,
20211210,167,,,,050,九州営業所,727,通信費,,,Q5,,200642,18240,,000,共通部門,131,普通預金,50,MNO銀行 北九州,00,,200642,0,電話代,,,,,,,,,,,,,,,,,,,,,,,,,,,,,,,,,,,,,,,,,,,,,,,,,,,,,,
20211210,168,,,,050,九州営業所,791,雑費,,,Q5,,6000,545,,000,共通部門,322,未払金,,,00,,48858,0,有線,,,,,,,,,,,,,,,,,,,,,,,,,,,,,,,,,,,,,,,,,,,,,,,,,,,,,,
20211210,168,,,,050,九州営業所,791,雑費,,,Q5,,42858,3896,,,,,,,,,,,,警備料,,,,,,,,,,,,,,,,,,,,,,,,,,,,,,,,,,,,,,,,,,,,,,,,,,,,,,
20211211,82,,,,050,九州営業所,740,車両費,,,Q5,,4014,364,,000,共通部門,111,現金,,,00,,4586,0,ガソリン代,,,,,,,,,,,,,,,,,,,,,,,,,,,,,,,,,,,,,,,,,,,,,,,,,,,,,,
20211211,82,,,,050,九州営業所,740,車両費,,,Q5,,572,52,,,,,,,,,,,,高速代,,,,,,,,,,,,,,,,,,,,,,,,,,,,,,,,,,,,,,,,,,,,,,,,,,,,,,
20211211,127,,,,030,名古屋支店,738,租税公課,,,00,,2000,0,,000,共通部門,111,現金,,,00,,2000,0,収入印紙,,,,,,,,,,,,,,,,,,,,,,,,,,,,,,,,,,,,,,,,,,,,,,,,,,,,,,
20211212,70,,,,030,名古屋支店,733,交際接待費,,,Q5,,27267,2478,,000,共通部門,111,現金,,,00,,38220,0,お歳暮 架空店舗058,,,,,,,,,,,,,,,,,,,,,,,,,,,,,,,,,,,,,,,,,,,,,,,,,,,,,,
20211212,70,,,,030,名古屋支店,733,交際接待費,,,Q5,,10953,995,,,,,,,,,,,,お歳暮 株式会社桜丘百貨店,,,,,,,,,,,,,,,,,,,,,,,,,,,,,,,,,,,,,,,,,,,,,,,,,,,,,,
20211213,7,,,,010,札幌営業所,733,交際接待費,,,Q5,,15115,1374,,000,共通部門,111,現金,,,00,,32601,0,飲食代 架空店舗090 3名,,,,,,,,,,,,,,,,,,,,,,,,,,,,,,,,,,,,,,,,,,,,,,,,,,,,,,
20211213,7,,,,010,札幌営業所,733,交際接待費,,,Q5,,17486,1589,,,,,,,,,,,,飲食代 架空店舗014 3名,,,,,,,,,,,,,,,,,,,,,,,,,,,,,,,,,,,,,,,,,,,,,,,,,,,,,,
20211213,11,,,,010,札幌営業所,740,車両費,,,Q5,,2800,254,,000,共通部門,111,現金,,,00,,2800,0,高速代,,,,,,,,,,,,,,,,,,,,,,,,,,,,,,,,,,,,,,,,,,,,,,,,,,,,,,
20211213,11,,,,010,札幌営業所,740,車両費,,,Q5,,4600,418,,000,共通部門,111,現金,,,00,,4600,0,ガソリン代,,,,,,,,,,,,,,,,,,,,,,,,,,,,,,,,,,,,,,,,,,,,,,,,,,,,,,
20211213,141,,,,040,大阪支店,726,旅費交通費,,,Q5,,23500,2136,,000,共通部門,111,現金,,,00,,23500,0,架空鉄道会社A代,,,,,,,,,,,,,,,,,,,,,,,,,,,,,,,,,,,,,,,,,,,,,,,,,,,,,,
20211213,158,,,,040,大阪支店,726,旅費交通費,,,Q5,,34000,3090,,000,共通部門,111,現金,,,00,,34000,0,航空券,,,,,,,,,,,,,,,,,,,,,,,,,,,,,,,,,,,,,,,,,,,,,,,,,,,,,,
20211214,23,,,,010,札幌営業所,726,旅費交通費,,,Q5,,26667,2424,,000,共通部門,111,現金,,,00,,92858,0,旅費,,,,,,,,,,,,,,,,,,,,,,,,,,,,,,,,,,,,,,,,,,,,,,,,,,,,,,
20211214,23,,,,010,札幌営業所,726,旅費交通費,,,Q5,,29524,2684,,,,,,,,,,,,旅費,,,,,,,,,,,,,,,,,,,,,,,,,,,,,,,,,,,,,,,,,,,,,,,,,,,,,,
20211214,23,,,,010,札幌営業所,726,旅費交通費,,,Q5,,36667,3333,,,,,,,,,,,,旅費,,,,,,,,,,,,,,,,,,,,,,,,,,,,,,,,,,,,,,,,,,,,,,,,,,,,,,
20211214,46,,,,020,東京支店,740,車両費,,,Q5,,7429,675,,000,共通部門,111,現金,,,00,,12002,0,ガソリン代,,,,,,,,,,,,,,,,,,,,,,,,,,,,,,,,,,,,,,,,,,,,,,,,,,,,,,
20211214,46,,,,020,東京支店,740,車両費,,,Q5,,1239,112,,,,,,,,,,,,駐車代,,,,,,,,,,,,,,,,,,,,,,,,,,,,,,,,,,,,,,,,,,,,,,,,,,,,,,
20211214,46,,,,020,東京支店,740,車両費,,,Q5,,3334,303,,,,,,,,,,,,高速代,,,,,,,,,,,,,,,,,,,,,,,,,,,,,,,,,,,,,,,,,,,,,,,,,,,,,,
20211214,51,,,,020,東京支店,740,車両費,,,Q5,,5096,463,,000,共通部門,111,現金,,,00,,13668,0,高速代,,,,,,,,,,,,,,,,,,,,,,,,,,,,,,,,,,,,,,,,,,,,,,,,,,,,,,
20211214,51,,,,020,東京支店,740,車両費,,,Q5,,6381,580,,,,,,,,,,,,ガソリン代,,,,,,,,,,,,,,,,,,,,,,,,,,,,,,,,,,,,,,,,,,,,,,,,,,,,,,
20211214,51,,,,020,東京支店,740,車両費,,,Q5,,2191,199,,,,,,,,,,,,駐車代,,,,,,,,,,,,,,,,,,,,,,,,,,,,,,,,,,,,,,,,,,,,,,,,,,,,,,
20211214,73,,,,020,東京支店,733,交際接待費,,,Q5,,8000,727,,000,共通部門,111,現金,,,00,,8000,0,忘年会会費,,,,,,,,,,,,,,,,,,,,,,,,,,,,,,,,,,,,,,,,,,,,,,,,,,,,,,
20211215,4,,,,010,札幌営業所,732,広告宣伝費,,,Q5,,31500,2863,,000,共通部門,322,未払金,,,00,,31500,0,広告費,,,,,,,,,,,,,,,,,,,,,,,,,,,,,,,,,,,,,,,,,,,,,,,,,,,,,,
20211215,83,,,,050,九州営業所,740,車両費,,,Q5,,6229,566,,000,共通部門,111,現金,,,00,,11049,0,ガソリン代,,,,,,,,,,,,,,,,,,,,,,,,,,,,,,,,,,,,,,,,,,,,,,,,,,,,,,
20211215,83,,,,050,九州営業所,740,車両費,,,Q5,,4020,365,,,,,,,,,,,,高速代,,,,,,,,,,,,,,,,,,,,,,,,,,,,,,,,,,,,,,,,,,,,,,,,,,,,,,
20211215,83,,,,050,九州営業所,740,車両費,,,Q5,,800,72,,,,,,,,,,,,駐車代,,,,,,,,,,,,,,,,,,,,,,,,,,,,,,,,,,,,,,,,,,,,,,,,,,,,,,
20211215,91,,,,020,東京支店,721,雑給,,,00,,423840,0,,000,共通部門,111,現金,,,00,,400068,0,12月給与その他 0060 パート･アルバイト,,,,,,,,,,,,,,,,,,,,,,,,,,,,,,,,,,,,,,,,,,,,,,,,,,,,,,
20211215,91,,,,,,,,,,,,,,,000,共通部門,326,預り金,3,源泉税,00,,11330,0,12月給与その他 0060 パート･アルバイト,,,,,,,,,,,,,,,,,,,,,,,,,,,,,,,,,,,,,,,,,,,,,,,,,,,,,,
20211215,91,,,,,,,,,,,,,,,000,共通部門,326,預り金,9,その他,00,,12442,0,12月給与その他 0060 パート･アルバイト,,,,,,,,,,,,,,,,,,,,,,,,,,,,,,,,,,,,,,,,,,,,,,,,,,,,,,
20211215,104,,,,000,共通部門,131,普通預金,50,MNO銀行 北九州,00,,1614480,0,,000,共通部門,152,売掛金,1,株式会社若葉百貨店,00,,1614480,0,12月15日伝票No387株式会社若葉百貨店,,,,,,,,,,,,,,,,,,,,,,,,,,,,,,,,,,,,,,,,,,,,,,,,,,,,,,
20211215,104,,,,050,九州営業所,741,支払手数料,,,Q5,,840,76,,000,共通部門,152,売掛金,1,株式会社若葉百貨店,00,,840,0,12月15日伝票No387株式会社若葉百貨店,,,,,,,,,,,,,,,,,,,,,,,,,,,,,,,,,,,,,,,,,,,,,,,,,,,,,,
20211215,105,,,,000,共通部門,131,普通預金,30,GHI銀行 名古屋,00,,2098212,0,,000,共通部門,152,売掛金,6,株式会社瑞穂流通,00,,2098212,0,12月15日伝票No388株式会社瑞穂流通,,,,,,,,,,,,,,,,,,,,,,,,,,,,,,,,,,,,,,,,,,,,,,,,,,,,,,
20211215,105,,,,030,名古屋支店,741,支払手数料,,,Q5,,840,76,,000,共通部門,152,売掛金,6,株式会社瑞穂流通,00,,840,0,12月15日伝票No388株式会社瑞穂流通,,,,,,,,,,,,,,,,,,,,,,,,,,,,,,,,,,,,,,,,,,,,,,,,,,,,,,
20211215,106,,,,000,共通部門,131,普通預金,40,JKL銀行 梅田,00,,1447664,0,,000,共通部門,152,売掛金,8,株式会社高原マーケット,00,,1447664,0,12月15日伝票No389株式会社高原マーケット,,,,,,,,,,,,,,,,,,,,,,,,,,,,,,,,,,,,,,,,,,,,,,,,,,,,,,
20211215,106,,,,040,大阪支店,741,支払手数料,,,Q5,,840,76,,000,共通部門,152,売掛金,8,株式会社高原マーケット,00,,840,0,12月15日伝票No389株式会社高原マーケット,,,,,,,,,,,,,,,,,,,,,,,,,,,,,,,,,,,,,,,,,,,,,,,,,,,,,,
20211215,107,,,,000,共通部門,131,普通預金,40,JKL銀行 梅田,00,,1302584,0,,000,共通部門,152,売掛金,9,朝凪物産株式会社,00,,1302584,0,12月15日伝票No390朝凪物産株式会社,,,,,,,,,,,,,,,,,,,,,,,,,,,,,,,,,,,,,,,,,,,,,,,,,,,,,,
20211215,107,,,,040,大阪支店,741,支払手数料,,,Q5,,840,76,,000,共通部門,152,売掛金,9,朝凪物産株式会社,00,,840,0,12月15日伝票No390朝凪物産株式会社,,,,,,,,,,,,,,,,,,,,,,,,,,,,,,,,,,,,,,,,,,,,,,,,,,,,,,
20211215,108,,,,000,共通部門,131,普通預金,20,ABC銀行 本店,00,,1108516,0,,000,共通部門,152,売掛金,13,星川商事株式会社,00,,1108516,0,12月15日伝票No391星川商事株式会社,,,,,,,,,,,,,,,,,,,,,,,,,,,,,,,,,,,,,,,,,,,,,,,,,,,,,,
20211215,109,,,,000,共通部門,131,普通預金,40,JKL銀行 梅田,00,,1210299,0,,000,共通部門,152,売掛金,20,清和商事株式会社,00,,1210299,0,12月15日伝票No392清和商事株式会社,,,,,,,,,,,,,,,,,,,,,,,,,,,,,,,,,,,,,,,,,,,,,,,,,,,,,,
20211215,109,,,,040,大阪支店,741,支払手数料,,,Q5,,315,28,,000,共通部門,152,売掛金,20,清和商事株式会社,00,,315,0,12月15日伝票No392清和商事株式会社,,,,,,,,,,,,,,,,,,,,,,,,,,,,,,,,,,,,,,,,,,,,,,,,,,,,,,
20211215,110,,,,000,共通部門,312,買掛金,1,株式会社北辰商事,00,,6139437,0,,000,共通部門,131,普通預金,20,ABC銀行 本店,00,,6139437,0,12月15日伝票No305株式会社北辰商事,,,,,,,,,,,,,,,,,,,,,,,,,,,,,,,,,,,,,,,,,,,,,,,,,,,,,,
20211215,117,,,,040,大阪支店,742,諸会費,,,00,,20000,0,,000,共通部門,111,現金,,,00,,20000,0,会費,,,,,,,,,,,,,,,,,,,,,,,,,,,,,,,,,,,,,,,,,,,,,,,,,,,,,,
20211215,130,,,,040,大阪支店,742,諸会費,,,00,,24000,0,,000,共通部門,131,普通預金,40,JKL銀行 梅田,00,,24000,0,会費,,,,,,,,,,,,,,,,,,,,,,,,,,,,,,,,,,,,,,,,,,,,,,,,,,,,,,
20211216,57,,,,020,東京支店,726,旅費交通費,,,Q5,,110650,10059,,000,共通部門,111,現金,,,00,,110650,0,架空鉄道会社A代,,,,,,,,,,,,,,,,,,,,,,,,,,,,,,,,,,,,,,,,,,,,,,,,,,,,,,
20211216,61,,,,020,東京支店,727,通信費,,,Q5,,141699,12881,,000,共通部門,131,普通預金,20,ABC銀行 本店,00,,141699,0,電話代,,,,,,,,,,,,,,,,,,,,,,,,,,,,,,,,,,,,,,,,,,,,,,,,,,,,,,
20211216,74,,,,020,東京支店,733,交際接待費,,,Q5,,10000,909,,000,共通部門,111,現金,,,00,,10000,0,忘年会会費,,,,,,,,,,,,,,,,,,,,,,,,,,,,,,,,,,,,,,,,,,,,,,,,,,,,,,
20211216,136,,,,040,大阪支店,791,雑費,,,Q5,,16500,1500,,000,共通部門,111,現金,,,00,,16500,0,架空清掃会社A代,,,,,,,,,,,,,,,,,,,,,,,,,,,,,,,,,,,,,,,,,,,,,,,,,,,,,,
20211216,144,,,,040,大阪支店,740,車両費,,,Q5,,572,52,,000,共通部門,111,現金,,,00,,14897,0,ウォッシャー液代,,,,,,,,,,,,,,,,,,,,,,,,,,,,,,,,,,,,,,,,,,,,,,,,,,,,,,
20211216,144,,,,040,大阪支店,740,車両費,,,Q5,,6229,566,,,,,,,,,,,,ガソリン代,,,,,,,,,,,,,,,,,,,,,,,,,,,,,,,,,,,,,,,,,,,,,,,,,,,,,,
20211216,144,,,,040,大阪支店,740,車両費,,,Q5,,8096,736,,,,,,,,,,,,ガソリン代,,,,,,,,,,,,,,,,,,,,,,,,,,,,,,,,,,,,,,,,,,,,,,,,,,,,,,
20211216,149,,,,030,名古屋支店,733,交際接待費,,,Q5,,10000,909,,000,共通部門,111,現金,,,00,,10000,0,忘年会会費,,,,,,,,,,,,,,,,,,,,,,,,,,,,,,,,,,,,,,,,,,,,,,,,,,,,,,
20211216,152,,,,050,九州営業所,733,交際接待費,,,Q5,,10000,909,,000,共通部門,111,現金,,,00,,10000,0,忘年会会費,,,,,,,,,,,,,,,,,,,,,,,,,,,,,,,,,,,,,,,,,,,,,,,,,,,,,,
20211216,156,,,,050,九州営業所,726,旅費交通費,,,Q5,,8600,781,,000,共通部門,111,現金,,,00,,8600,0,出張旅費,,,,,,,,,,,,,,,,,,,,,,,,,,,,,,,,,,,,,,,,,,,,,,,,,,,,,,
20211217,12,,,,010,札幌営業所,740,車両費,,,Q5,,7473,679,,000,共通部門,111,現金,,,00,,18505,0,ガソリン代,,,,,,,,,,,,,,,,,,,,,,,,,,,,,,,,,,,,,,,,,,,,,,,,,,,,,,
20211217,12,,,,010,札幌営業所,740,車両費,,,Q5,,2858,259,,,,,,,,,,,,ガソリン代,,,,,,,,,,,,,,,,,,,,,,,,,,,,,,,,,,,,,,,,,,,,,,,,,,,,,,
20211217,12,,,,010,札幌営業所,740,車両費,,,Q5,,6174,561,,,,,,,,,,,,ガソリン代,,,,,,,,,,,,,,,,,,,,,,,,,,,,,,,,,,,,,,,,,,,,,,,,,,,,,,
20211217,12,,,,010,札幌営業所,740,車両費,,,Q5,,2000,181,,,,,,,,,,,,高速代,,,,,,,,,,,,,,,,,,,,,,,,,,,,,,,,,,,,,,,,,,,,,,,,,,,,,,
20211217,32,,,,010,札幌営業所,754,事務用消耗品費,,,Q5,,1426,129,,000,共通部門,322,未払金,,,00,,1426,0,事務用品費,,,,,,,,,,,,,,,,,,,,,,,,,,,,,,,,,,,,,,,,,,,,,,,,,,,,,,
20211217,45,,,,020,東京支店,733,交際接待費,,,Q5,,20000,1818,,000,共通部門,111,現金,,,00,,20000,0,忘年会会費2名,,,,,,,,,,,,,,,,,,,,,,,,,,,,,,,,,,,,,,,,,,,,,,,,,,,,,,
20211217,52,,,,020,東京支店,740,車両費,,,Q5,,1096,99,,000,共通部門,111,現金,,,00,,3621,0,高速代,,,,,,,,,,,,,,,,,,,,,,,,,,,,,,,,,,,,,,,,,,,,,,,,,,,,,,
20211217,52,,,,020,東京支店,740,車両費,,,Q5,,1096,99,,,,,,,,,,,,高速代,,,,,,,,,,,,,,,,,,,,,,,,,,,,,,,,,,,,,,,,,,,,,,,,,,,,,,
20211217,52,,,,020,東京支店,740,車両費,,,Q5,,1429,129,,,,,,,,,,,,高速代,,,,,,,,,,,,,,,,,,,,,,,,,,,,,,,,,,,,,,,,,,,,,,,,,,,,,,
20211217,164,,,,050,九州営業所,754,事務用消耗品費,,,Q5,,11960,1087,,000,共通部門,111,現金,,,00,,11960,0,事務用品,,,,,,,,,,,,,,,,,,,,,,,,,,,,,,,,,,,,,,,,,,,,,,,,,,,,,,
20211218,8,,,,010,札幌営業所,733,交際接待費,,,Q5,,20000,1818,,000,共通部門,111,現金,,,00,,20000,0,定例ミーティング会費,,,,,,,,,,,,,,,,,,,,,,,,,,,,,,,,,,,,,,,,,,,,,,,,,,,,,,
20211218,86,,,,050,九州営業所,727,通信費,,,Q5,,16000,1454,,000,共通部門,111,現金,,,00,,16000,0,切手代,,,,,,,,,,,,,,,,,,,,,,,,,,,,,,,,,,,,,,,,,,,,,,,,,,,,,,
20211218,104,,,,040,大阪支店,733,交際接待費,,,Q5,,8000,727,,000,共通部門,111,現金,,,00,,8000,0,忘年会会費,,,,,,,,,,,,,,,,,,,,,,,,,,,,,,,,,,,,,,,,,,,,,,,,,,,,,,
20211218,153,,,,030,名古屋支店,733,交際接待費,,,Q5,,8000,727,,000,共通部門,111,現金,,,00,,8000,0,忘年会会費,,,,,,,,,,,,,,,,,,,,,,,,,,,,,,,,,,,,,,,,,,,,,,,,,,,,,,
20211219,6,,,,010,札幌営業所,732,広告宣伝費,,,Q5,,5000,454,,000,共通部門,111,現金,,,00,,5000,0,広告料,,,,,,,,,,,,,,,,,,,,,,,,,,,,,,,,,,,,,,,,,,,,,,,,,,,,,,
20211219,47,,,,020,東京支店,740,車両費,,,Q5,,2540,230,,000,共通部門,111,現金,,,00,,2540,0,ガソリン代,,,,,,,,,,,,,,,,,,,,,,,,,,,,,,,,,,,,,,,,,,,,,,,,,,,,,,
20211219,59,,,,020,東京支店,726,旅費交通費,,,Q5,,50000,4545,,000,共通部門,111,現金,,,00,,50000,0,旅費,,,,,,,,,,,,,,,,,,,,,,,,,,,,,,,,,,,,,,,,,,,,,,,,,,,,,,
20211219,89,,,,030,名古屋支店,726,旅費交通費,,,Q5,,20000,1818,,000,共通部門,111,現金,,,00,,20000,0,旅費,,,,,,,,,,,,,,,,,,,,,,,,,,,,,,,,,,,,,,,,,,,,,,,,,,,,,,
20211219,148,,,,050,九州営業所,740,車両費,,,Q5,,5291,481,,000,共通部門,111,現金,,,00,,5291,0,ガソリン代,,,,,,,,,,,,,,,,,,,,,,,,,,,,,,,,,,,,,,,,,,,,,,,,,,,,,,
20211220,1,,,,000,共通部門,724,福利厚生費,,,Q6,,43200,3200,,000,共通部門,111,現金,,,00,,43200,0,残業夜食　軽減税率,,,,,,,,,,,,,,,,,,,,,,,,,,,,,,,,,,,,,,,,,,,,,,,,,,,,,,
20211220,24,,,,010,札幌営業所,726,旅費交通費,,,Q5,,82620,7510,,000,共通部門,111,現金,,,00,,82620,0,架空鉄道会社A回数券,,,,,,,,,,,,,,,,,,,,,,,,,,,,,,,,,,,,,,,,,,,,,,,,,,,,,,
20211220,31,,,,010,札幌営業所,754,事務用消耗品費,,,Q5,,3288,298,,000,共通部門,322,未払金,,,00,,3288,0,コピー代,,,,,,,,,,,,,,,,,,,,,,,,,,,,,,,,,,,,,,,,,,,,,,,,,,,,,,
20211220,48,,,,020,東京支店,740,車両費,,,Q5,,4303,391,,000,共通部門,111,現金,,,00,,4303,0,ガソリン代,,,,,,,,,,,,,,,,,,,,,,,,,,,,,,,,,,,,,,,,,,,,,,,,,,,,,,
20211220,71,,,,020,東京支店,754,事務用消耗品費,,,Q5,,36741,3340,,000,共通部門,322,未払金,,,00,,36741,0,カウンター料金,,,,,,,,,,,,,,,,,,,,,,,,,,,,,,,,,,,,,,,,,,,,,,,,,,,,,,
20211220,73,,,,030,名古屋支店,791,雑費,,,Q5,,5000,454,,000,共通部門,322,未払金,,,00,,5000,0,有線,,,,,,,,,,,,,,,,,,,,,,,,,,,,,,,,,,,,,,,,,,,,,,,,,,,,,,
20211220,75,,,,010,札幌営業所,740,車両費,,,Q5,,2858,259,,000,共通部門,111,現金,,,00,,3525,0,ガソリン代,,,,,,,,,,,,,,,,,,,,,,,,,,,,,,,,,,,,,,,,,,,,,,,,,,,,,,
20211220,75,,,,010,札幌営業所,740,車両費,,,Q5,,286,26,,,,,,,,,,,,駐車代,,,,,,,,,,,,,,,,,,,,,,,,,,,,,,,,,,,,,,,,,,,,,,,,,,,,,,
20211220,75,,,,010,札幌営業所,740,車両費,,,Q5,,381,34,,,,,,,,,,,,駐車代,,,,,,,,,,,,,,,,,,,,,,,,,,,,,,,,,,,,,,,,,,,,,,,,,,,,,,
20211220,76,,,,050,九州営業所,754,事務用消耗品費,,,Q5,,6300,572,,000,共通部門,322,未払金,,,00,,6300,0,カウンター料金,,,,,,,,,,,,,,,,,,,,,,,,,,,,,,,,,,,,,,,,,,,,,,,,,,,,,,
20211220,80,,,,030,名古屋支店,724,福利厚生費,,,Q5,,417375,37943,,000,共通部門,322,未払金,,,00,,417375,0,会費支払い,,,,,,,,,,,,,,,,,,,,,,,,,,,,,,,,,,,,,,,,,,,,,,,,,,,,,,
20211220,80,,,,000,共通部門,737,消耗品費,,,Q5,,9320,847,,000,共通部門,322,未払金,,,00,,228901,0,ファイル等,,,,,,,,,,,,,,,,,,,,,,,,,,,,,,,,,,,,,,,,,,,,,,,,,,,,,,
20211220,80,,,,000,共通部門,737,消耗品費,,,Q5,,210161,19105,,,,,,,,,,,,飲料水,,,,,,,,,,,,,,,,,,,,,,,,,,,,,,,,,,,,,,,,,,,,,,,,,,,,,,
20211220,80,,,,000,共通部門,737,消耗品費,,,Q5,,9420,856,,,,,,,,,,,,名刺代,,,,,,,,,,,,,,,,,,,,,,,,,,,,,,,,,,,,,,,,,,,,,,,,,,,,,,
20211220,97,,,,030,名古屋支店,754,事務用消耗品費,,,Q5,,39226,3566,,000,共通部門,322,未払金,,,00,,39226,0,コピー代,,,,,,,,,,,,,,,,,,,,,,,,,,,,,,,,,,,,,,,,,,,,,,,,,,,,,,
20211220,98,,,,030,名古屋支店,754,事務用消耗品費,,,Q5,,10058,914,,000,共通部門,322,未払金,,,00,,10058,0,事務用品,,,,,,,,,,,,,,,,,,,,,,,,,,,,,,,,,,,,,,,,,,,,,,,,,,,,,,
20211220,100,,,,000,共通部門,131,普通預金,20,ABC銀行 本店,00,,20000000,0,,000,共通部門,121,当座預金,1,ABC銀行,00,,20000000,0,資金移動,,,,,,,,,,,,,,,,,,,,,,,,,,,,,,,,,,,,,,,,,,,,,,,,,,,,,,
20211220,101,,,,040,大阪支店,732,広告宣伝費,,,Q5,,52500,4772,,000,共通部門,322,未払金,,,00,,52500,0,広告料,,,,,,,,,,,,,,,,,,,,,,,,,,,,,,,,,,,,,,,,,,,,,,,,,,,,,,
20211220,105,,,,040,大阪支店,733,交際接待費,,,Q5,,9524,865,,000,共通部門,111,現金,,,00,,19524,0,忘年会会費,,,,,,,,,,,,,,,,,,,,,,,,,,,,,,,,,,,,,,,,,,,,,,,,,,,,,,
20211220,105,,,,040,大阪支店,733,交際接待費,,,Q5,,10000,909,,,,,,,,,,,,景品代 架空店舗089,,,,,,,,,,,,,,,,,,,,,,,,,,,,,,,,,,,,,,,,,,,,,,,,,,,,,,
20211220,111,,,,000,共通部門,111,現金,,,00,,1158996,0,,000,共通部門,152,売掛金,11,株式会社楓屋,00,,1158996,0,12月20日伝票No393株式会社楓屋,,,,,,,,,,,,,,,,,,,,,,,,,,,,,,,,,,,,,,,,,,,,,,,,,,,,,,
20211220,112,,,,000,共通部門,131,普通預金,30,GHI銀行 名古屋,00,,570875,0,,000,共通部門,152,売掛金,21,合同会社つばさ商店,00,,570875,0,12月20日伝票No394合同会社つばさ商店,,,,,,,,,,,,,,,,,,,,,,,,,,,,,,,,,,,,,,,,,,,,,,,,,,,,,,
20211220,112,,,,030,名古屋支店,741,支払手数料,,,Q5,,472,42,,000,共通部門,152,売掛金,21,合同会社つばさ商店,00,,472,0,12月20日伝票No394合同会社つばさ商店,,,,,,,,,,,,,,,,,,,,,,,,,,,,,,,,,,,,,,,,,,,,,,,,,,,,,,
20211220,113,,,,000,共通部門,131,普通預金,20,ABC銀行 本店,00,,1326942,0,,000,共通部門,152,売掛金,30,株式会社彩雲トレーディング,00,,1326942,0,12月20日伝票No395株式会社彩雲トレーディング,,,,,,,,,,,,,,,,,,,,,,,,,,,,,,,,,,,,,,,,,,,,,,,,,,,,,,
20211220,113,,,,020,東京支店,741,支払手数料,,,Q5,,735,66,,000,共通部門,152,売掛金,30,株式会社彩雲トレーディング,00,,735,0,12月20日伝票No395株式会社彩雲トレーディング,,,,,,,,,,,,,,,,,,,,,,,,,,,,,,,,,,,,,,,,,,,,,,,,,,,,,,
20211220,114,,,,000,共通部門,312,買掛金,4,株式会社和泉流通,00,,1155555,0,,000,共通部門,121,当座預金,1,ABC銀行,00,,1155555,0,12月20日伝票No306株式会社和泉流通,,,,,,,,,,,,,,,,,,,,,,,,,,,,,,,,,,,,,,,,,,,,,,,,,,,,,,
20211220,115,,,,000,共通部門,312,買掛金,6,株式会社日向産業,00,,3677354,0,,000,共通部門,131,普通預金,20,ABC銀行 本店,00,,3677354,0,12月20日伝票No307株式会社日向産業,,,,,,,,,,,,,,,,,,,,,,,,,,,,,,,,,,,,,,,,,,,,,,,,,,,,,,
20211220,116,,,,000,共通部門,312,買掛金,11,株式会社花園商会,00,,5286009,0,,000,共通部門,131,普通預金,20,ABC銀行 本店,00,,5286009,0,12月20日伝票No308株式会社花園商会,,,,,,,,,,,,,,,,,,,,,,,,,,,,,,,,,,,,,,,,,,,,,,,,,,,,,,
20211220,118,,,,040,大阪支店,754,事務用消耗品費,,,Q5,,8230,748,,000,共通部門,322,未払金,,,00,,8230,0,コピー代,,,,,,,,,,,,,,,,,,,,,,,,,,,,,,,,,,,,,,,,,,,,,,,,,,,,,,
20211220,135,,,,040,大阪支店,754,事務用消耗品費,,,Q5,,4732,430,,000,共通部門,322,未払金,,,00,,4732,0,事務用品,,,,,,,,,,,,,,,,,,,,,,,,,,,,,,,,,,,,,,,,,,,,,,,,,,,,,,
20211220,141,,,,000,共通部門,121,当座預金,1,ABC銀行,00,,6875000,0,,000,共通部門,150,受取手形,,,00,,6921367,0,手形割引 株式会社青葉百貨店 | 手形番号=R20211110-90-28;受取額に決済額を訂正,,,,,,,,,,,,,,,,,,,,,,,,,,,,,,,,,,,,,,,,,,,,,,,,,,,,,,
20211220,141,,,,020,東京支店,821,支払利息,,,P0,,46367,0,,,,,,,,,,,,手形割引料 | 手形番号=R20211110-90-28,,,,,,,,,,,,,,,,,,,,,,,,,,,,,,,,,,,,,,,,,,,,,,,,,,,,,,
20211220,148,,,,000,共通部門,121,当座預金,1,ABC銀行,00,,9607109,0,,000,共通部門,150,受取手形,,,00,,9607109,0,手形満期 株式会社緑野百貨店 | 手形番号=R20211031-116-12;受取額に決済額を訂正,,,,,,,,,,,,,,,,,,,,,,,,,,,,,,,,,,,,,,,,,,,,,,,,,,,,,,
20211220,163,,,,050,九州営業所,742,諸会費,,,00,,18000,0,,000,共通部門,111,現金,,,00,,18000,0,会費,,,,,,,,,,,,,,,,,,,,,,,,,,,,,,,,,,,,,,,,,,,,,,,,,,,,,,
20211221,3,,,,010,札幌営業所,724,福利厚生費,,,Q5,,30125,2738,,000,共通部門,322,未払金,,,00,,30125,0,宿泊代,,,,,,,,,,,,,,,,,,,,,,,,,,,,,,,,,,,,,,,,,,,,,,,,,,,,,,
20211221,25,,,,010,札幌営業所,726,旅費交通費,,,Q5,,56000,5090,,000,共通部門,111,現金,,,00,,56000,0,旅費,,,,,,,,,,,,,,,,,,,,,,,,,,,,,,,,,,,,,,,,,,,,,,,,,,,,,,
20211221,34,,,,010,札幌営業所,736,水道光熱費,,,Q5,,94721,8611,,000,共通部門,131,普通預金,10,DEF銀行 駅前,00,,98561,0,電気代,,,,,,,,,,,,,,,,,,,,,,,,,,,,,,,,,,,,,,,,,,,,,,,,,,,,,,
20211221,34,,,,010,札幌営業所,736,水道光熱費,,,Q5,,3840,349,,,,,,,,,,,,水道代,,,,,,,,,,,,,,,,,,,,,,,,,,,,,,,,,,,,,,,,,,,,,,,,,,,,,,
20211221,64,,,,020,東京支店,736,水道光熱費,,,Q5,,215755,19614,,000,共通部門,131,普通預金,20,ABC銀行 本店,00,,224847,0,電気料,,,,,,,,,,,,,,,,,,,,,,,,,,,,,,,,,,,,,,,,,,,,,,,,,,,,,,
20211221,64,,,,020,東京支店,736,水道光熱費,,,Q5,,9092,826,,,,,,,,,,,,水道料,,,,,,,,,,,,,,,,,,,,,,,,,,,,,,,,,,,,,,,,,,,,,,,,,,,,,,
20211221,75,,,,020,東京支店,733,交際接待費,,,Q5,,8000,727,,000,共通部門,111,現金,,,00,,8000,0,忘年会会費,,,,,,,,,,,,,,,,,,,,,,,,,,,,,,,,,,,,,,,,,,,,,,,,,,,,,,
20211221,89,,,,030,名古屋支店,736,水道光熱費,,,Q5,,110700,10063,,000,共通部門,131,普通預金,30,GHI銀行 名古屋,00,,120420,0,電気料,,,,,,,,,,,,,,,,,,,,,,,,,,,,,,,,,,,,,,,,,,,,,,,,,,,,,,
20211221,89,,,,030,名古屋支店,736,水道光熱費,,,Q5,,4730,430,,,,,,,,,,,,水道料,,,,,,,,,,,,,,,,,,,,,,,,,,,,,,,,,,,,,,,,,,,,,,,,,,,,,,
20211221,89,,,,030,名古屋支店,736,水道光熱費,,,Q5,,4990,453,,,,,,,,,,,,ガス代,,,,,,,,,,,,,,,,,,,,,,,,,,,,,,,,,,,,,,,,,,,,,,,,,,,,,,
20211221,94,,,,030,名古屋支店,791,雑費,,,Q5,,5377,488,,000,共通部門,111,現金,,,00,,5377,0,しめ飾り他,,,,,,,,,,,,,,,,,,,,,,,,,,,,,,,,,,,,,,,,,,,,,,,,,,,,,,
20211221,114,,,,040,大阪支店,739,新聞図書費,,,Q5,,2540,230,,000,共通部門,111,現金,,,00,,5404,0,新聞代,,,,,,,,,,,,,,,,,,,,,,,,,,,,,,,,,,,,,,,,,,,,,,,,,,,,,,
20211221,114,,,,040,大阪支店,739,新聞図書費,,,Q5,,2864,260,,,,,,,,,,,,新聞代,,,,,,,,,,,,,,,,,,,,,,,,,,,,,,,,,,,,,,,,,,,,,,,,,,,,,,
20211221,126,,,,020,東京支店,738,租税公課,,,00,,40000,0,,000,共通部門,111,現金,,,00,,40000,0,収入印紙,,,,,,,,,,,,,,,,,,,,,,,,,,,,,,,,,,,,,,,,,,,,,,,,,,,,,,
20211221,132,,,,040,大阪支店,736,水道光熱費,,,Q5,,139580,12689,,000,共通部門,131,普通預金,40,JKL銀行 梅田,00,,147310,0,電気代,,,,,,,,,,,,,,,,,,,,,,,,,,,,,,,,,,,,,,,,,,,,,,,,,,,,,,
20211221,132,,,,040,大阪支店,736,水道光熱費,,,Q5,,7730,702,,,,,,,,,,,,水道代,,,,,,,,,,,,,,,,,,,,,,,,,,,,,,,,,,,,,,,,,,,,,,,,,,,,,,
20211221,169,,,,050,九州営業所,736,水道光熱費,,,Q5,,139580,12689,,000,共通部門,131,普通預金,50,MNO銀行 北九州,00,,147310,0,電気料,,,,,,,,,,,,,,,,,,,,,,,,,,,,,,,,,,,,,,,,,,,,,,,,,,,,,,
20211221,169,,,,050,九州営業所,736,水道光熱費,,,Q5,,7730,702,,,,,,,,,,,,水道料,,,,,,,,,,,,,,,,,,,,,,,,,,,,,,,,,,,,,,,,,,,,,,,,,,,,,,
20211222,35,,,,010,札幌営業所,739,新聞図書費,,,Q5,,3925,356,,000,共通部門,111,現金,,,00,,3925,0,新聞代,,,,,,,,,,,,,,,,,,,,,,,,,,,,,,,,,,,,,,,,,,,,,,,,,,,,,,
20211222,53,,,,020,東京支店,740,車両費,,,Q5,,381,34,,000,共通部門,111,現金,,,00,,2143,0,高速代,,,,,,,,,,,,,,,,,,,,,,,,,,,,,,,,,,,,,,,,,,,,,,,,,,,,,,
20211222,53,,,,020,東京支店,740,車両費,,,Q5,,1762,160,,,,,,,,,,,,駐車代,,,,,,,,,,,,,,,,,,,,,,,,,,,,,,,,,,,,,,,,,,,,,,,,,,,,,,
20211222,72,,,,020,東京支店,739,新聞図書費,,,Q5,,2864,260,,000,共通部門,111,現金,,,00,,9078,0,新聞代,,,,,,,,,,,,,,,,,,,,,,,,,,,,,,,,,,,,,,,,,,,,,,,,,,,,,,
20211222,72,,,,020,東京支店,739,新聞図書費,,,Q5,,2815,255,,,,,,,,,,,,新聞代,,,,,,,,,,,,,,,,,,,,,,,,,,,,,,,,,,,,,,,,,,,,,,,,,,,,,,
20211222,72,,,,020,東京支店,739,新聞図書費,,,Q5,,3399,309,,,,,,,,,,,,新聞代,,,,,,,,,,,,,,,,,,,,,,,,,,,,,,,,,,,,,,,,,,,,,,,,,,,,,,
20211222,72,,,,020,東京支店,791,雑費,,,Q5,,9018,819,,000,共通部門,111,現金,,,00,,9018,0,しめ飾り、鏡もち他,,,,,,,,,,,,,,,,,,,,,,,,,,,,,,,,,,,,,,,,,,,,,,,,,,,,,,
20211222,74,,,,040,大阪支店,791,雑費,,,Q5,,4688,426,,000,共通部門,111,現金,,,00,,4688,0,しめ飾り他,,,,,,,,,,,,,,,,,,,,,,,,,,,,,,,,,,,,,,,,,,,,,,,,,,,,,,
20211222,84,,,,050,九州営業所,740,車両費,,,Q5,,6826,620,,000,共通部門,111,現金,,,00,,6826,0,ガソリン代,,,,,,,,,,,,,,,,,,,,,,,,,,,,,,,,,,,,,,,,,,,,,,,,,,,,,,
20211222,88,,,,030,名古屋支店,739,新聞図書費,,,Q5,,3568,324,,000,共通部門,111,現金,,,00,,3568,0,新聞代,,,,,,,,,,,,,,,,,,,,,,,,,,,,,,,,,,,,,,,,,,,,,,,,,,,,,,
20211222,90,,,,030,名古屋支店,791,雑費,,,Q5,,10500,954,,000,共通部門,111,現金,,,00,,10500,0,架空清掃会社A代,,,,,,,,,,,,,,,,,,,,,,,,,,,,,,,,,,,,,,,,,,,,,,,,,,,,,,
20211222,95,,,,030,名古屋支店,791,雑費,,,Q5,,71675,6515,,000,共通部門,322,未払金,,,00,,71675,0,清掃料,,,,,,,,,,,,,,,,,,,,,,,,,,,,,,,,,,,,,,,,,,,,,,,,,,,,,,
20211222,107,,,,040,大阪支店,733,交際接待費,,,Q5,,24000,2181,,000,共通部門,111,現金,,,00,,24000,0,忘年会会費3名,,,,,,,,,,,,,,,,,,,,,,,,,,,,,,,,,,,,,,,,,,,,,,,,,,,,,,
20211222,131,,,,040,大阪支店,742,諸会費,,,00,,24000,0,,000,共通部門,131,普通預金,40,JKL銀行 梅田,00,,24000,0,会費,,,,,,,,,,,,,,,,,,,,,,,,,,,,,,,,,,,,,,,,,,,,,,,,,,,,,,
20211222,151,,,,040,大阪支店,733,交際接待費,,,Q5,,30000,2727,,000,共通部門,111,現金,,,00,,30000,0,忘年会会費3名,,,,,,,,,,,,,,,,,,,,,,,,,,,,,,,,,,,,,,,,,,,,,,,,,,,,,,
20211222,166,,,,050,九州営業所,791,雑費,,,Q5,,1890,171,,000,共通部門,111,現金,,,00,,1890,0,架空清掃会社A代,,,,,,,,,,,,,,,,,,,,,,,,,,,,,,,,,,,,,,,,,,,,,,,,,,,,,,
20211222,170,,,,050,九州営業所,739,新聞図書費,,,Q5,,3007,273,,000,共通部門,111,現金,,,00,,3007,0,新聞代,,,,,,,,,,,,,,,,,,,,,,,,,,,,,,,,,,,,,,,,,,,,,,,,,,,,,,
20211223,26,,,,010,札幌営業所,726,旅費交通費,,,Q5,,25000,2272,,000,共通部門,111,現金,,,00,,25000,0,旅費,,,,,,,,,,,,,,,,,,,,,,,,,,,,,,,,,,,,,,,,,,,,,,,,,,,,,,
20211223,28,,,,010,札幌営業所,726,旅費交通費,,,Q5,,2420,220,,000,共通部門,322,未払金,,,00,,2420,0,タクシー代,,,,,,,,,,,,,,,,,,,,,,,,,,,,,,,,,,,,,,,,,,,,,,,,,,,,,,
20211223,64,,,,050,九州営業所,724,福利厚生費,,,Q5,,18700,1700,,000,共通部門,322,未払金,,,00,,18700,0,お茶代,,,,,,,,,,,,,,,,,,,,,,,,,,,,,,,,,,,,,,,,,,,,,,,,,,,,,,
20211223,71,,,,010,札幌営業所,791,雑費,,,Q5,,4800,436,,000,共通部門,111,現金,,,00,,4800,0,しめ飾り他,,,,,,,,,,,,,,,,,,,,,,,,,,,,,,,,,,,,,,,,,,,,,,,,,,,,,,
20211223,140,,,,040,大阪支店,726,旅費交通費,,,Q5,,9870,897,,000,共通部門,111,現金,,,00,,9870,0,旅費,,,,,,,,,,,,,,,,,,,,,,,,,,,,,,,,,,,,,,,,,,,,,,,,,,,,,,
20211224,38,,,,020,東京支店,724,福利厚生費,,,Q5,,58974,5361,,000,共通部門,322,未払金,,,00,,58974,0,宿泊費,,,,,,,,,,,,,,,,,,,,,,,,,,,,,,,,,,,,,,,,,,,,,,,,,,,,,,
20211224,54,,,,020,東京支店,740,車両費,,,Q5,,1810,164,,000,共通部門,111,現金,,,00,,4382,0,高速代,,,,,,,,,,,,,,,,,,,,,,,,,,,,,,,,,,,,,,,,,,,,,,,,,,,,,,
20211224,54,,,,020,東京支店,740,車両費,,,Q5,,2572,233,,,,,,,,,,,,ガソリン代,,,,,,,,,,,,,,,,,,,,,,,,,,,,,,,,,,,,,,,,,,,,,,,,,,,,,,
20211224,78,,,,030,名古屋支店,728,販売手数料,,,Q5,,189000,17181,,000,共通部門,322,未払金,,,00,,189000,0,業務委託費支払い,,,,,,,,,,,,,,,,,,,,,,,,,,,,,,,,,,,,,,,,,,,,,,,,,,,,,,
20211224,87,,,,030,名古屋支店,727,通信費,,,Q5,,69154,6286,,000,共通部門,131,普通預金,30,GHI銀行 名古屋,00,,69154,0,携帯代,,,,,,,,,,,,,,,,,,,,,,,,,,,,,,,,,,,,,,,,,,,,,,,,,,,,,,
20211224,120,,,,040,大阪支店,728,販売手数料,,,Q5,,735000,66818,,000,共通部門,322,未払金,,,00,,735000,0,業務委託費,,,,,,,,,,,,,,,,,,,,,,,,,,,,,,,,,,,,,,,,,,,,,,,,,,,,,,
20211224,146,,,,050,九州営業所,728,販売手数料,,,Q5,,168000,15272,,000,共通部門,322,未払金,,,00,,168000,0,業務委託費,,,,,,,,,,,,,,,,,,,,,,,,,,,,,,,,,,,,,,,,,,,,,,,,,,,,,,
20211224,154,,,,050,九州営業所,733,交際接待費,,,Q5,,11429,1039,,000,共通部門,322,未払金,,,00,,41839,0,忘年会会費2名,,,,,,,,,,,,,,,,,,,,,,,,,,,,,,,,,,,,,,,,,,,,,,,,,,,,,,
20211224,154,,,,050,九州営業所,733,交際接待費,,,Q5,,30410,2764,,,,,,,,,,,,飲食代 架空店舗015,,,,,,,,,,,,,,,,,,,,,,,,,,,,,,,,,,,,,,,,,,,,,,,,,,,,,,
20211225,29,,,,010,札幌営業所,727,通信費,,,Q5,,49768,4524,,000,共通部門,131,普通預金,10,DEF銀行 駅前,00,,49768,0,携帯電話代,,,,,,,,,,,,,,,,,,,,,,,,,,,,,,,,,,,,,,,,,,,,,,,,,,,,,,
20211225,37,,,,020,東京支店,728,販売手数料,,,Q5,,1849000,168090,,000,共通部門,322,未払金,,,00,,1849000,0,業務委託費,,,,,,,,,,,,,,,,,,,,,,,,,,,,,,,,,,,,,,,,,,,,,,,,,,,,,,
20211225,79,,,,030,名古屋支店,724,福利厚生費,,,Q5,,75983,6907,,000,共通部門,111,現金,,,00,,75983,0,景品代,,,,,,,,,,,,,,,,,,,,,,,,,,,,,,,,,,,,,,,,,,,,,,,,,,,,,,
20211225,90,,,,030,名古屋支店,726,旅費交通費,,,Q5,,15000,1363,,000,共通部門,111,現金,,,00,,15000,0,旅費,,,,,,,,,,,,,,,,,,,,,,,,,,,,,,,,,,,,,,,,,,,,,,,,,,,,,,
20211225,92,,,,020,東京支店,711,役員報酬,,,00,,1720000,0,,000,共通部門,131,普通預金,20,ABC銀行 本店,00,,1332869,0,12月給与その他 0001 役員,,,,,,,,,,,,,,,,,,,,,,,,,,,,,,,,,,,,,,,,,,,,,,,,,,,,,,
20211225,92,,,,,,,,,,,,,,,000,共通部門,326,預り金,1,保険料,00,,120411,0,12月給与その他 0001 役員,,,,,,,,,,,,,,,,,,,,,,,,,,,,,,,,,,,,,,,,,,,,,,,,,,,,,,
20211225,92,,,,,,,,,,,,,,,000,共通部門,326,預り金,2,住民税,00,,171200,0,12月給与その他 0001 役員,,,,,,,,,,,,,,,,,,,,,,,,,,,,,,,,,,,,,,,,,,,,,,,,,,,,,,
20211225,92,,,,,,,,,,,,,,,000,共通部門,326,預り金,3,源泉税,00,,-44172,0,12月給与その他 0001 役員,,,,,,,,,,,,,,,,,,,,,,,,,,,,,,,,,,,,,,,,,,,,,,,,,,,,,,
20211225,92,,,,,,,,,,,,,,,000,共通部門,326,預り金,4,貯蓄・保険,00,,133972,0,12月給与その他 0001 役員,,,,,,,,,,,,,,,,,,,,,,,,,,,,,,,,,,,,,,,,,,,,,,,,,,,,,,
20211225,92,,,,,,,,,,,,,,,000,共通部門,326,預り金,9,その他,00,,5720,0,12月給与その他 0001 役員,,,,,,,,,,,,,,,,,,,,,,,,,,,,,,,,,,,,,,,,,,,,,,,,,,,,,,
20211225,92,,,,020,東京支店,712,給与手当,,,00,,1792519,0,,000,共通部門,131,普通預金,20,ABC銀行 本店,00,,1423786,0,12月給与その他 0020 営業部,,,,,,,,,,,,,,,,,,,,,,,,,,,,,,,,,,,,,,,,,,,,,,,,,,,,,,
20211225,92,,,,,,,,,,,,,,,000,共通部門,326,預り金,1,保険料,00,,236045,0,12月給与その他 0020 営業部,,,,,,,,,,,,,,,,,,,,,,,,,,,,,,,,,,,,,,,,,,,,,,,,,,,,,,
20211225,92,,,,,,,,,,,,,,,000,共通部門,326,預り金,2,住民税,00,,104300,0,12月給与その他 0020 営業部,,,,,,,,,,,,,,,,,,,,,,,,,,,,,,,,,,,,,,,,,,,,,,,,,,,,,,
20211225,92,,,,,,,,,,,,,,,000,共通部門,326,預り金,3,源泉税,00,,-69671,0,12月給与その他 0020 営業部,,,,,,,,,,,,,,,,,,,,,,,,,,,,,,,,,,,,,,,,,,,,,,,,,,,,,,
20211225,92,,,,,,,,,,,,,,,000,共通部門,326,預り金,4,貯蓄・保険,00,,43305,0,12月給与その他 0020 営業部,,,,,,,,,,,,,,,,,,,,,,,,,,,,,,,,,,,,,,,,,,,,,,,,,,,,,,
20211225,92,,,,,,,,,,,,,,,000,共通部門,326,預り金,9,その他,00,,54754,0,12月給与その他 0020 営業部,,,,,,,,,,,,,,,,,,,,,,,,,,,,,,,,,,,,,,,,,,,,,,,,,,,,,,
20211225,92,,,,010,札幌営業所,712,給与手当,,,00,,805566,0,,000,共通部門,131,普通預金,20,ABC銀行 本店,00,,586972,0,12月給与その他 1000 札幌営業所,,,,,,,,,,,,,,,,,,,,,,,,,,,,,,,,,,,,,,,,,,,,,,,,,,,,,,
20211225,92,,,,,,,,,,,,,,,000,共通部門,326,預り金,1,保険料,00,,103424,0,12月給与その他 1000 札幌営業所,,,,,,,,,,,,,,,,,,,,,,,,,,,,,,,,,,,,,,,,,,,,,,,,,,,,,,
20211225,92,,,,,,,,,,,,,,,000,共通部門,326,預り金,2,住民税,00,,46300,0,12月給与その他 1000 札幌営業所,,,,,,,,,,,,,,,,,,,,,,,,,,,,,,,,,,,,,,,,,,,,,,,,,,,,,,
20211225,92,,,,,,,,,,,,,,,000,共通部門,326,預り金,3,源泉税,00,,-19810,0,12月給与その他 1000 札幌営業所,,,,,,,,,,,,,,,,,,,,,,,,,,,,,,,,,,,,,,,,,,,,,,,,,,,,,,
20211225,92,,,,,,,,,,,,,,,000,共通部門,326,預り金,4,貯蓄・保険,00,,50648,0,12月給与その他 1000 札幌営業所,,,,,,,,,,,,,,,,,,,,,,,,,,,,,,,,,,,,,,,,,,,,,,,,,,,,,,
20211225,92,,,,,,,,,,,,,,,000,共通部門,326,預り金,9,その他,00,,38032,0,12月給与その他 1000 札幌営業所,,,,,,,,,,,,,,,,,,,,,,,,,,,,,,,,,,,,,,,,,,,,,,,,,,,,,,
20211225,92,,,,030,名古屋支店,712,給与手当,,,00,,734515,0,,000,共通部門,131,普通預金,20,ABC銀行 本店,00,,610049,0,12月給与その他 3000 名古屋営業所,,,,,,,,,,,,,,,,,,,,,,,,,,,,,,,,,,,,,,,,,,,,,,,,,,,,,,
20211225,92,,,,,,,,,,,,,,,000,共通部門,326,預り金,1,保険料,00,,96352,0,12月給与その他 3000 名古屋営業所,,,,,,,,,,,,,,,,,,,,,,,,,,,,,,,,,,,,,,,,,,,,,,,,,,,,,,
20211225,92,,,,,,,,,,,,,,,000,共通部門,326,預り金,2,住民税,00,,42600,0,12月給与その他 3000 名古屋営業所,,,,,,,,,,,,,,,,,,,,,,,,,,,,,,,,,,,,,,,,,,,,,,,,,,,,,,
20211225,92,,,,,,,,,,,,,,,000,共通部門,326,預り金,3,源泉税,00,,-88150,0,12月給与その他 3000 名古屋営業所,,,,,,,,,,,,,,,,,,,,,,,,,,,,,,,,,,,,,,,,,,,,,,,,,,,,,,
20211225,92,,,,,,,,,,,,,,,000,共通部門,326,預り金,4,貯蓄・保険,00,,40759,0,12月給与その他 3000 名古屋営業所,,,,,,,,,,,,,,,,,,,,,,,,,,,,,,,,,,,,,,,,,,,,,,,,,,,,,,
20211225,92,,,,,,,,,,,,,,,000,共通部門,326,預り金,9,その他,00,,32905,0,12月給与その他 3000 名古屋営業所,,,,,,,,,,,,,,,,,,,,,,,,,,,,,,,,,,,,,,,,,,,,,,,,,,,,,,
20211225,92,,,,040,大阪支店,712,給与手当,,,00,,917200,0,,000,共通部門,131,普通預金,20,ABC銀行 本店,00,,724185,0,12月給与その他 4000 大阪支店,,,,,,,,,,,,,,,,,,,,,,,,,,,,,,,,,,,,,,,,,,,,,,,,,,,,,,
20211225,92,,,,,,,,,,,,,,,000,共通部門,326,預り金,1,保険料,00,,119477,0,12月給与その他 4000 大阪支店,,,,,,,,,,,,,,,,,,,,,,,,,,,,,,,,,,,,,,,,,,,,,,,,,,,,,,
20211225,92,,,,,,,,,,,,,,,000,共通部門,326,預り金,2,住民税,00,,53400,0,12月給与その他 4000 大阪支店,,,,,,,,,,,,,,,,,,,,,,,,,,,,,,,,,,,,,,,,,,,,,,,,,,,,,,
20211225,92,,,,,,,,,,,,,,,000,共通部門,326,預り金,3,源泉税,00,,-10135,0,12月給与その他 4000 大阪支店,,,,,,,,,,,,,,,,,,,,,,,,,,,,,,,,,,,,,,,,,,,,,,,,,,,,,,
20211225,92,,,,,,,,,,,,,,,000,共通部門,326,預り金,4,貯蓄・保険,00,,13570,0,12月給与その他 4000 大阪支店,,,,,,,,,,,,,,,,,,,,,,,,,,,,,,,,,,,,,,,,,,,,,,,,,,,,,,
20211225,92,,,,,,,,,,,,,,,000,共通部門,326,預り金,9,その他,00,,16703,0,12月給与その他 4000 大阪支店,,,,,,,,,,,,,,,,,,,,,,,,,,,,,,,,,,,,,,,,,,,,,,,,,,,,,,
20211225,92,,,,050,九州営業所,712,給与手当,,,00,,559824,0,,000,共通部門,131,普通預金,20,ABC銀行 本店,00,,473197,0,12月給与その他 5000 九州営業所,,,,,,,,,,,,,,,,,,,,,,,,,,,,,,,,,,,,,,,,,,,,,,,,,,,,,,
20211225,92,,,,,,,,,,,,,,,000,共通部門,326,預り金,1,保険料,00,,67268,0,12月給与その他 5000 九州営業所,,,,,,,,,,,,,,,,,,,,,,,,,,,,,,,,,,,,,,,,,,,,,,,,,,,,,,
20211225,92,,,,,,,,,,,,,,,000,共通部門,326,預り金,2,住民税,00,,31700,0,12月給与その他 5000 九州営業所,,,,,,,,,,,,,,,,,,,,,,,,,,,,,,,,,,,,,,,,,,,,,,,,,,,,,,
20211225,92,,,,,,,,,,,,,,,000,共通部門,326,預り金,3,源泉税,00,,-44039,0,12月給与その他 5000 九州営業所,,,,,,,,,,,,,,,,,,,,,,,,,,,,,,,,,,,,,,,,,,,,,,,,,,,,,,
20211225,92,,,,,,,,,,,,,,,000,共通部門,326,預り金,4,貯蓄・保険,00,,18540,0,12月給与その他 5000 九州営業所,,,,,,,,,,,,,,,,,,,,,,,,,,,,,,,,,,,,,,,,,,,,,,,,,,,,,,
20211225,92,,,,,,,,,,,,,,,000,共通部門,326,預り金,9,その他,00,,13158,0,12月給与その他 5000 九州営業所,,,,,,,,,,,,,,,,,,,,,,,,,,,,,,,,,,,,,,,,,,,,,,,,,,,,,,
20211225,93,,,,020,東京支店,337,賞与引当金,,,00,,2710000,0,,000,共通部門,131,普通預金,20,ABC銀行 本店,00,,2083153,0,12月賞与その他 0020 営業部,,,,,,,,,,,,,,,,,,,,,,,,,,,,,,,,,,,,,,,,,,,,,,,,,,,,,,
20211225,93,,,,,,,,,,,,,,,000,共通部門,326,預り金,1,保険料,00,,324331,0,12月賞与その他 0020 営業部,,,,,,,,,,,,,,,,,,,,,,,,,,,,,,,,,,,,,,,,,,,,,,,,,,,,,,
20211225,93,,,,,,,,,,,,,,,000,共通部門,326,預り金,3,源泉税,00,,286256,0,12月賞与その他 0020 営業部,,,,,,,,,,,,,,,,,,,,,,,,,,,,,,,,,,,,,,,,,,,,,,,,,,,,,,
20211225,93,,,,,,,,,,,,,,,000,共通部門,326,預り金,9,その他,00,,16260,0,12月賞与その他 0020 営業部,,,,,,,,,,,,,,,,,,,,,,,,,,,,,,,,,,,,,,,,,,,,,,,,,,,,,,
20211225,93,,,,010,札幌営業所,337,賞与引当金,,,00,,1140000,0,,000,共通部門,131,普通預金,20,ABC銀行 本店,00,,904516,0,12月賞与その他 1000 札幌営業所,,,,,,,,,,,,,,,,,,,,,,,,,,,,,,,,,,,,,,,,,,,,,,,,,,,,,,
20211225,93,,,,,,,,,,,,,,,000,共通部門,326,預り金,1,保険料,00,,135169,0,12月賞与その他 1000 札幌営業所,,,,,,,,,,,,,,,,,,,,,,,,,,,,,,,,,,,,,,,,,,,,,,,,,,,,,,
20211225,93,,,,,,,,,,,,,,,000,共通部門,326,預り金,3,源泉税,00,,93475,0,12月賞与その他 1000 札幌営業所,,,,,,,,,,,,,,,,,,,,,,,,,,,,,,,,,,,,,,,,,,,,,,,,,,,,,,
20211225,93,,,,,,,,,,,,,,,000,共通部門,326,預り金,9,その他,00,,6840,0,12月賞与その他 1000 札幌営業所,,,,,,,,,,,,,,,,,,,,,,,,,,,,,,,,,,,,,,,,,,,,,,,,,,,,,,
20211225,93,,,,030,名古屋支店,337,賞与引当金,,,00,,1070000,0,,000,共通部門,131,普通預金,20,ABC銀行 本店,00,,841345,0,12月賞与その他 3000 名古屋営業所,,,,,,,,,,,,,,,,,,,,,,,,,,,,,,,,,,,,,,,,,,,,,,,,,,,,,,
20211225,93,,,,,,,,,,,,,,,000,共通部門,326,預り金,1,保険料,00,,128711,0,12月賞与その他 3000 名古屋営業所,,,,,,,,,,,,,,,,,,,,,,,,,,,,,,,,,,,,,,,,,,,,,,,,,,,,,,
20211225,93,,,,,,,,,,,,,,,000,共通部門,326,預り金,3,源泉税,00,,93524,0,12月賞与その他 3000 名古屋営業所,,,,,,,,,,,,,,,,,,,,,,,,,,,,,,,,,,,,,,,,,,,,,,,,,,,,,,
20211225,93,,,,,,,,,,,,,,,000,共通部門,326,預り金,9,その他,00,,6420,0,12月賞与その他 3000 名古屋営業所,,,,,,,,,,,,,,,,,,,,,,,,,,,,,,,,,,,,,,,,,,,,,,,,,,,,,,
20211225,93,,,,040,大阪支店,337,賞与引当金,,,00,,1300000,0,,000,共通部門,131,普通預金,20,ABC銀行 本店,00,,986621,0,12月賞与その他 4000 大阪支店,,,,,,,,,,,,,,,,,,,,,,,,,,,,,,,,,,,,,,,,,,,,,,,,,,,,,,
20211225,93,,,,,,,,,,,,,,,000,共通部門,326,預り金,1,保険料,00,,154156,0,12月賞与その他 4000 大阪支店,,,,,,,,,,,,,,,,,,,,,,,,,,,,,,,,,,,,,,,,,,,,,,,,,,,,,,
20211225,93,,,,,,,,,,,,,,,000,共通部門,326,預り金,3,源泉税,00,,151423,0,12月賞与その他 4000 大阪支店,,,,,,,,,,,,,,,,,,,,,,,,,,,,,,,,,,,,,,,,,,,,,,,,,,,,,,
20211225,93,,,,,,,,,,,,,,,000,共通部門,326,預り金,9,その他,00,,7800,0,12月賞与その他 4000 大阪支店,,,,,,,,,,,,,,,,,,,,,,,,,,,,,,,,,,,,,,,,,,,,,,,,,,,,,,
20211225,93,,,,050,九州営業所,337,賞与引当金,,,00,,820000,0,,000,共通部門,131,普通預金,20,ABC銀行 本店,00,,641658,0,12月賞与その他 5000 九州営業所,,,,,,,,,,,,,,,,,,,,,,,,,,,,,,,,,,,,,,,,,,,,,,,,,,,,,,
20211225,93,,,,,,,,,,,,,,,000,共通部門,326,預り金,1,保険料,00,,95104,0,12月賞与その他 5000 九州営業所,,,,,,,,,,,,,,,,,,,,,,,,,,,,,,,,,,,,,,,,,,,,,,,,,,,,,,
20211225,93,,,,,,,,,,,,,,,000,共通部門,326,預り金,3,源泉税,00,,78318,0,12月賞与その他 5000 九州営業所,,,,,,,,,,,,,,,,,,,,,,,,,,,,,,,,,,,,,,,,,,,,,,,,,,,,,,
20211225,93,,,,,,,,,,,,,,,000,共通部門,326,預り金,9,その他,00,,4920,0,12月賞与その他 5000 九州営業所,,,,,,,,,,,,,,,,,,,,,,,,,,,,,,,,,,,,,,,,,,,,,,,,,,,,,,
20211225,111,,,,040,大阪支店,726,旅費交通費,,,Q5,,15000,1363,,000,共通部門,322,未払金,,,00,,15000,0,タクシー代,,,,,,,,,,,,,,,,,,,,,,,,,,,,,,,,,,,,,,,,,,,,,,,,,,,,,,
20211225,117,,,,000,共通部門,150,受取手形,,,00,,17254140,0,,000,共通部門,152,売掛金,2,株式会社桜丘百貨店,00,,17254140,0,12月25日伝票No396株式会社桜丘百貨店 | 売上伝票=20211130-112;手形番号=R20211225-117-2,,,,,,,,,,,,,,,,,,,,,,,,,,,,,,,,,,,,,,,,,,,,,,,,,,,,,,
20211225,118,,,,000,共通部門,131,普通預金,30,GHI銀行 名古屋,00,,1747797,0,,000,共通部門,152,売掛金,7,株式会社光彩堂商事,00,,1747797,0,12月25日伝票No397株式会社光彩堂商事,,,,,,,,,,,,,,,,,,,,,,,,,,,,,,,,,,,,,,,,,,,,,,,,,,,,,,
20211225,118,,,,030,名古屋支店,741,支払手数料,,,Q5,,735,66,,000,共通部門,152,売掛金,7,株式会社光彩堂商事,00,,735,0,12月25日伝票No397株式会社光彩堂商事,,,,,,,,,,,,,,,,,,,,,,,,,,,,,,,,,,,,,,,,,,,,,,,,,,,,,,
20211225,119,,,,000,共通部門,131,普通預金,40,JKL銀行 梅田,00,,835059,0,,000,共通部門,152,売掛金,23,株式会社杉の木商店,00,,835059,0,12月25日伝票No398株式会社杉の木商店,,,,,,,,,,,,,,,,,,,,,,,,,,,,,,,,,,,,,,,,,,,,,,,,,,,,,,
20211225,119,,,,040,大阪支店,741,支払手数料,,,Q5,,630,57,,000,共通部門,152,売掛金,23,株式会社杉の木商店,00,,630,0,12月25日伝票No398株式会社杉の木商店,,,,,,,,,,,,,,,,,,,,,,,,,,,,,,,,,,,,,,,,,,,,,,,,,,,,,,
20211225,120,,,,000,共通部門,131,普通預金,10,DEF銀行 駅前,00,,4566466,0,,000,共通部門,152,売掛金,25,株式会社ほのかマート,00,,4566466,0,12月25日伝票No399株式会社ほのかマート,,,,,,,,,,,,,,,,,,,,,,,,,,,,,,,,,,,,,,,,,,,,,,,,,,,,,,
20211225,120,,,,010,札幌営業所,741,支払手数料,,,Q5,,840,76,,000,共通部門,152,売掛金,25,株式会社ほのかマート,00,,840,0,12月25日伝票No399株式会社ほのかマート,,,,,,,,,,,,,,,,,,,,,,,,,,,,,,,,,,,,,,,,,,,,,,,,,,,,,,
20211225,121,,,,040,大阪支店,724,福利厚生費,,,Q5,,18050,1640,,000,共通部門,111,現金,,,00,,18050,0,お茶代,,,,,,,,,,,,,,,,,,,,,,,,,,,,,,,,,,,,,,,,,,,,,,,,,,,,,,
20211225,139,,,,040,大阪支店,724,福利厚生費,,,Q5,,68045,6185,,000,共通部門,322,未払金,,,00,,68045,0,社員夜食代,,,,,,,,,,,,,,,,,,,,,,,,,,,,,,,,,,,,,,,,,,,,,,,,,,,,,,
20211225,160,,,,020,東京支店,726,旅費交通費,,,Q5,,73000,6636,,000,共通部門,111,現金,,,00,,73000,0,出張旅費,,,,,,,,,,,,,,,,,,,,,,,,,,,,,,,,,,,,,,,,,,,,,,,,,,,,,,
20211225,172,,,,010,札幌営業所,728,販売手数料,,,Q5,,215000,19545,,000,共通部門,322,未払金,,,00,,215000,0,業務委託費支払い,,,,,,,,,,,,,,,,,,,,,,,,,,,,,,,,,,,,,,,,,,,,,,,,,,,,,,
20211225,990009,,,,010,札幌営業所,713,賞与,,,00,,190000,0,,010,札幌営業所,337,賞与引当金,,,00,,190000,0,サンプル定義：賞与半年均等引当 202112 部門010,,,,,,,,,,,,,,,,,,,,,,,,,,,,,,,,,,,,,,,,,,,,,,,,,,,,,,
20211225,990009,,,,020,東京支店,713,賞与,,,00,,451667,0,,020,東京支店,337,賞与引当金,,,00,,451667,0,サンプル定義：賞与半年均等引当 202112 部門020,,,,,,,,,,,,,,,,,,,,,,,,,,,,,,,,,,,,,,,,,,,,,,,,,,,,,,
20211225,990009,,,,030,名古屋支店,713,賞与,,,00,,178333,0,,030,名古屋支店,337,賞与引当金,,,00,,178333,0,サンプル定義：賞与半年均等引当 202112 部門030,,,,,,,,,,,,,,,,,,,,,,,,,,,,,,,,,,,,,,,,,,,,,,,,,,,,,,
20211225,990009,,,,040,大阪支店,713,賞与,,,00,,216667,0,,040,大阪支店,337,賞与引当金,,,00,,216667,0,サンプル定義：賞与半年均等引当 202112 部門040,,,,,,,,,,,,,,,,,,,,,,,,,,,,,,,,,,,,,,,,,,,,,,,,,,,,,,
20211225,990009,,,,050,九州営業所,713,賞与,,,00,,136667,0,,050,九州営業所,337,賞与引当金,,,00,,136667,0,サンプル定義：賞与半年均等引当 202112 部門050,,,,,,,,,,,,,,,,,,,,,,,,,,,,,,,,,,,,,,,,,,,,,,,,,,,,,,
20211226,39,,,,020,東京支店,724,福利厚生費,,,Q5,,9000,818,,000,共通部門,111,現金,,,00,,9000,0,会費,,,,,,,,,,,,,,,,,,,,,,,,,,,,,,,,,,,,,,,,,,,,,,,,,,,,,,
20211226,49,,,,020,東京支店,740,車両費,,,Q5,,123000,11181,,000,共通部門,111,現金,,,00,,123000,0,ガソリン代,,,,,,,,,,,,,,,,,,,,,,,,,,,,,,,,,,,,,,,,,,,,,,,,,,,,,,
20211226,49,,,,020,東京支店,740,車両費,,,Q5,,2620,238,,000,共通部門,111,現金,,,00,,3811,0,駐車代,,,,,,,,,,,,,,,,,,,,,,,,,,,,,,,,,,,,,,,,,,,,,,,,,,,,,,
20211226,49,,,,020,東京支店,740,車両費,,,Q5,,1191,108,,,,,,,,,,,,高速代,,,,,,,,,,,,,,,,,,,,,,,,,,,,,,,,,,,,,,,,,,,,,,,,,,,,,,
20211226,62,,,,020,東京支店,727,通信費,,,Q5,,93574,8506,,000,共通部門,131,普通預金,20,ABC銀行 本店,00,,93574,0,携帯代,,,,,,,,,,,,,,,,,,,,,,,,,,,,,,,,,,,,,,,,,,,,,,,,,,,,,,
20211226,81,,,,030,名古屋支店,724,福利厚生費,,,Q5,,26540,2412,,000,共通部門,322,未払金,,,00,,26540,0,お茶代,,,,,,,,,,,,,,,,,,,,,,,,,,,,,,,,,,,,,,,,,,,,,,,,,,,,,,
20211226,113,,,,040,大阪支店,727,通信費,,,Q5,,90583,8234,,000,共通部門,131,普通預金,40,JKL銀行 梅田,00,,90583,0,携帯代,,,,,,,,,,,,,,,,,,,,,,,,,,,,,,,,,,,,,,,,,,,,,,,,,,,,,,
20211226,165,,,,050,九州営業所,791,雑費,,,Q5,,4762,432,,000,共通部門,111,現金,,,00,,5908,0,しめ飾り代他,,,,,,,,,,,,,,,,,,,,,,,,,,,,,,,,,,,,,,,,,,,,,,,,,,,,,,
20211226,165,,,,050,九州営業所,791,雑費,,,Q5,,1146,104,,,,,,,,,,,,洗剤他,,,,,,,,,,,,,,,,,,,,,,,,,,,,,,,,,,,,,,,,,,,,,,,,,,,,,,
20211227,13,,,,010,札幌営業所,740,車両費,,,Q5,,13000,1181,,000,共通部門,111,現金,,,00,,13000,0,ガソリン代,,,,,,,,,,,,,,,,,,,,,,,,,,,,,,,,,,,,,,,,,,,,,,,,,,,,,,
20211227,14,,,,010,札幌営業所,740,車両費,,,Q5,,3000,272,,000,共通部門,111,現金,,,00,,3000,0,洗車代,,,,,,,,,,,,,,,,,,,,,,,,,,,,,,,,,,,,,,,,,,,,,,,,,,,,,,
20211227,30,,,,010,札幌営業所,752,保険料,,,P0,,54320,0,,000,共通部門,131,普通預金,10,DEF銀行 駅前,00,,54320,0,保険料支払,,,,,,,,,,,,,,,,,,,,,,,,,,,,,,,,,,,,,,,,,,,,,,,,,,,,,,
20211227,148,,,,050,九州営業所,740,車両費,,,Q5,,5422,492,,000,共通部門,111,現金,,,00,,6422,0,ガソリン代,,,,,,,,,,,,,,,,,,,,,,,,,,,,,,,,,,,,,,,,,,,,,,,,,,,,,,
20211227,148,,,,050,九州営業所,740,車両費,,,Q5,,1000,90,,,,,,,,,,,,洗車代,,,,,,,,,,,,,,,,,,,,,,,,,,,,,,,,,,,,,,,,,,,,,,,,,,,,,,
20211227,161,,,,050,九州営業所,726,旅費交通費,,,Q5,,9750,886,,000,共通部門,111,現金,,,00,,9750,0,旅費,,,,,,,,,,,,,,,,,,,,,,,,,,,,,,,,,,,,,,,,,,,,,,,,,,,,,,
20211227,171,,,,050,九州営業所,727,通信費,,,Q5,,96473,8770,,000,共通部門,131,普通預金,50,MNO銀行 北九州,00,,96473,0,携帯代,,,,,,,,,,,,,,,,,,,,,,,,,,,,,,,,,,,,,,,,,,,,,,,,,,,,,,
20211228,1,,,,010,札幌営業所,731,運賃,,,Q5,,582300,52936,,000,共通部門,322,未払金,,,00,,582300,0,運賃 架空運送会社B,,,,,,,,,,,,,,,,,,,,,,,,,,,,,,,,,,,,,,,,,,,,,,,,,,,,,,
20211228,5,,,,010,札幌営業所,732,広告宣伝費,,,Q5,,52500,4772,,000,共通部門,131,普通預金,10,DEF銀行 駅前,00,,52500,0,広告費,,,,,,,,,,,,,,,,,,,,,,,,,,,,,,,,,,,,,,,,,,,,,,,,,,,,,,
20211228,27,,,,010,札幌営業所,726,旅費交通費,,,Q5,,26667,2424,,000,共通部門,111,現金,,,00,,77620,0,旅費,,,,,,,,,,,,,,,,,,,,,,,,,,,,,,,,,,,,,,,,,,,,,,,,,,,,,,
20211228,27,,,,010,札幌営業所,726,旅費交通費,,,Q5,,29524,2684,,,,,,,,,,,,旅費,,,,,,,,,,,,,,,,,,,,,,,,,,,,,,,,,,,,,,,,,,,,,,,,,,,,,,
20211228,27,,,,010,札幌営業所,726,旅費交通費,,,Q5,,21429,1948,,,,,,,,,,,,旅費,,,,,,,,,,,,,,,,,,,,,,,,,,,,,,,,,,,,,,,,,,,,,,,,,,,,,,
20211228,36,,,,020,東京支店,731,運賃,,,Q5,,2737239,248839,,000,共通部門,322,未払金,,,00,,4406706,0,運賃 架空運送会社A,,,,,,,,,,,,,,,,,,,,,,,,,,,,,,,,,,,,,,,,,,,,,,,,,,,,,,
20211228,36,,,,020,東京支店,731,運賃,,,Q5,,1669467,151769,,,,,,,,,,,,運賃 架空運送会社B,,,,,,,,,,,,,,,,,,,,,,,,,,,,,,,,,,,,,,,,,,,,,,,,,,,,,,
20211228,40,,,,020,東京支店,732,広告宣伝費,,,Q5,,50000,4545,,000,共通部門,322,未払金,,,00,,50000,0,広告掲載,,,,,,,,,,,,,,,,,,,,,,,,,,,,,,,,,,,,,,,,,,,,,,,,,,,,,,
20211228,55,,,,020,東京支店,740,車両費,,,Q5,,12000,1090,,000,共通部門,111,現金,,,00,,12000,0,車両管理費,,,,,,,,,,,,,,,,,,,,,,,,,,,,,,,,,,,,,,,,,,,,,,,,,,,,,,
20211228,67,,,,020,東京支店,742,諸会費,,,00,,30000,0,,000,共通部門,111,現金,,,00,,30000,0,会費支払い,,,,,,,,,,,,,,,,,,,,,,,,,,,,,,,,,,,,,,,,,,,,,,,,,,,,,,
20211228,77,,,,030,名古屋支店,731,運賃,,,Q5,,351350,31940,,000,共通部門,322,未払金,,,00,,351350,0,運賃,,,,,,,,,,,,,,,,,,,,,,,,,,,,,,,,,,,,,,,,,,,,,,,,,,,,,,
20211228,83,,,,030,名古屋支店,740,車両費,,,Q5,,48762,4432,,000,共通部門,111,現金,,,00,,67335,0,車両管理費,,,,,,,,,,,,,,,,,,,,,,,,,,,,,,,,,,,,,,,,,,,,,,,,,,,,,,
20211228,83,,,,030,名古屋支店,740,車両費,,,Q5,,18573,1688,,,,,,,,,,,,ガソリン代,,,,,,,,,,,,,,,,,,,,,,,,,,,,,,,,,,,,,,,,,,,,,,,,,,,,,,
20211228,99,,,,040,大阪支店,731,運賃,,,Q5,,1645710,149610,,000,共通部門,322,未払金,,,00,,1645710,0,運賃,,,,,,,,,,,,,,,,,,,,,,,,,,,,,,,,,,,,,,,,,,,,,,,,,,,,,,
20211228,108,,,,040,大阪支店,733,交際接待費,,,Q5,,2260,205,,000,共通部門,111,現金,,,00,,2260,0,食事代 架空店舗005 3名,,,,,,,,,,,,,,,,,,,,,,,,,,,,,,,,,,,,,,,,,,,,,,,,,,,,,,
20211228,145,,,,050,九州営業所,731,運賃,,,Q5,,325200,29563,,000,共通部門,322,未払金,,,00,,325200,0,運賃,,,,,,,,,,,,,,,,,,,,,,,,,,,,,,,,,,,,,,,,,,,,,,,,,,,,,,
20211229,151,,,,000,共通部門,131,普通預金,20,ABC銀行 本店,00,,18000000,0,,000,共通部門,131,普通預金,10,DEF銀行 駅前,00,,5000000,0,資金移動,,,,,,,,,,,,,,,,,,,,,,,,,,,,,,,,,,,,,,,,,,,,,,,,,,,,,,
20211229,151,,,,,,,,,,,,,,,000,共通部門,131,普通預金,30,GHI銀行 名古屋,00,,6000000,0,資金移動,,,,,,,,,,,,,,,,,,,,,,,,,,,,,,,,,,,,,,,,,,,,,,,,,,,,,,
20211229,151,,,,,,,,,,,,,,,000,共通部門,131,普通預金,40,JKL銀行 梅田,00,,4500000,0,資金移動,,,,,,,,,,,,,,,,,,,,,,,,,,,,,,,,,,,,,,,,,,,,,,,,,,,,,,
20211229,151,,,,,,,,,,,,,,,000,共通部門,131,普通預金,50,MNO銀行 北九州,00,,2500000,0,資金移動,,,,,,,,,,,,,,,,,,,,,,,,,,,,,,,,,,,,,,,,,,,,,,,,,,,,,,
20211230,70,,,,020,東京支店,791,雑費,,,Q5,,6000,545,,000,共通部門,322,未払金,,,00,,58381,0,有線,,,,,,,,,,,,,,,,,,,,,,,,,,,,,,,,,,,,,,,,,,,,,,,,,,,,,,
20211230,70,,,,020,東京支店,791,雑費,,,Q5,,52381,4761,,,,,,,,,,,,警備料,,,,,,,,,,,,,,,,,,,,,,,,,,,,,,,,,,,,,,,,,,,,,,,,,,,,,,
20211230,70,,,,020,東京支店,740,車両費,,,Q5,,53600,4872,,000,共通部門,131,普通預金,20,ABC銀行 本店,00,,53600,0,高速料,,,,,,,,,,,,,,,,,,,,,,,,,,,,,,,,,,,,,,,,,,,,,,,,,,,,,,
20211230,70,,,,020,東京支店,791,雑費,,,Q5,,73500,6681,,000,共通部門,322,未払金,,,00,,73500,0,清掃料,,,,,,,,,,,,,,,,,,,,,,,,,,,,,,,,,,,,,,,,,,,,,,,,,,,,,,
20211230,96,,,,030,名古屋支店,791,雑費,,,Q5,,22470,2042,,000,共通部門,131,普通預金,30,GHI銀行 名古屋,00,,22470,0,警備料,,,,,,,,,,,,,,,,,,,,,,,,,,,,,,,,,,,,,,,,,,,,,,,,,,,,,,
20211230,100,,,,040,大阪支店,724,福利厚生費,,,Q5,,6000,545,,000,共通部門,111,現金,,,00,,6000,0,会費,,,,,,,,,,,,,,,,,,,,,,,,,,,,,,,,,,,,,,,,,,,,,,,,,,,,,,
20211230,109,,,,040,大阪支店,740,車両費,,,Q5,,61694,5608,,000,共通部門,322,未払金,,,00,,61694,0,ガソリン代,,,,,,,,,,,,,,,,,,,,,,,,,,,,,,,,,,,,,,,,,,,,,,,,,,,,,,
20211230,115,,,,040,大阪支店,752,保険料,,,P0,,64500,0,,000,共通部門,131,普通預金,40,JKL銀行 梅田,00,,64500,0,保険料,,,,,,,,,,,,,,,,,,,,,,,,,,,,,,,,,,,,,,,,,,,,,,,,,,,,,,
20211230,128,,,,010,札幌営業所,738,租税公課,,,00,,10000,0,,000,共通部門,111,現金,,,00,,10000,0,収入印紙,,,,,,,,,,,,,,,,,,,,,,,,,,,,,,,,,,,,,,,,,,,,,,,,,,,,,,
20211230,137,,,,040,大阪支店,791,雑費,,,Q5,,6000,545,,000,共通部門,322,未払金,,,00,,48858,0,有線,,,,,,,,,,,,,,,,,,,,,,,,,,,,,,,,,,,,,,,,,,,,,,,,,,,,,,
20211230,137,,,,040,大阪支店,791,雑費,,,Q5,,42858,3896,,,,,,,,,,,,警備料,,,,,,,,,,,,,,,,,,,,,,,,,,,,,,,,,,,,,,,,,,,,,,,,,,,,,,
20211230,137,,,,040,大阪支店,740,車両費,,,Q5,,53315,4846,,000,共通部門,131,普通預金,40,JKL銀行 梅田,00,,53315,0,高速料,,,,,,,,,,,,,,,,,,,,,,,,,,,,,,,,,,,,,,,,,,,,,,,,,,,,,,
20211230,137,,,,040,大阪支店,791,雑費,,,Q5,,73500,6681,,000,共通部門,322,未払金,,,00,,73500,0,清掃料,,,,,,,,,,,,,,,,,,,,,,,,,,,,,,,,,,,,,,,,,,,,,,,,,,,,,,
20211230,138,,,,040,大阪支店,740,車両費,,,Q5,,3410,310,,000,共通部門,111,現金,,,00,,18603,0,駐車場代,,,,,,,,,,,,,,,,,,,,,,,,,,,,,,,,,,,,,,,,,,,,,,,,,,,,,,
20211230,138,,,,040,大阪支店,740,車両費,,,Q5,,2524,229,,,,,,,,,,,,高速代,,,,,,,,,,,,,,,,,,,,,,,,,,,,,,,,,,,,,,,,,,,,,,,,,,,,,,
20211230,138,,,,040,大阪支店,740,車両費,,,Q5,,3667,333,,,,,,,,,,,,高速代,,,,,,,,,,,,,,,,,,,,,,,,,,,,,,,,,,,,,,,,,,,,,,,,,,,,,,
20211230,138,,,,040,大阪支店,740,車両費,,,Q5,,1096,99,,,,,,,,,,,,高速代,,,,,,,,,,,,,,,,,,,,,,,,,,,,,,,,,,,,,,,,,,,,,,,,,,,,,,
20211230,138,,,,040,大阪支店,740,車両費,,,Q5,,3000,272,,,,,,,,,,,,高速代,,,,,,,,,,,,,,,,,,,,,,,,,,,,,,,,,,,,,,,,,,,,,,,,,,,,,,
20211230,138,,,,040,大阪支店,740,車両費,,,Q5,,1096,99,,,,,,,,,,,,高速代,,,,,,,,,,,,,,,,,,,,,,,,,,,,,,,,,,,,,,,,,,,,,,,,,,,,,,
20211230,138,,,,040,大阪支店,740,車両費,,,Q5,,3810,346,,,,,,,,,,,,ガソリン代,,,,,,,,,,,,,,,,,,,,,,,,,,,,,,,,,,,,,,,,,,,,,,,,,,,,,,
20211230,155,,,,050,九州営業所,740,車両費,,,Q5,,25000,2272,,000,共通部門,111,現金,,,00,,25000,0,車両管理費,,,,,,,,,,,,,,,,,,,,,,,,,,,,,,,,,,,,,,,,,,,,,,,,,,,,,,
20211231,63,,,,020,東京支店,752,保険料,,,P0,,81000,0,,000,共通部門,131,普通預金,20,ABC銀行 本店,00,,81000,0,保険料,,,,,,,,,,,,,,,,,,,,,,,,,,,,,,,,,,,,,,,,,,,,,,,,,,,,,,
20211231,78,,,,030,名古屋支店,752,保険料,,,P0,,62000,0,,000,共通部門,131,普通預金,30,GHI銀行 名古屋,00,,62000,0,保険料,,,,,,,,,,,,,,,,,,,,,,,,,,,,,,,,,,,,,,,,,,,,,,,,,,,,,,
20211231,79,,,,050,九州営業所,752,保険料,,,P0,,57000,0,,000,共通部門,131,普通預金,50,MNO銀行 北九州,00,,57000,0,保険料支払い,,,,,,,,,,,,,,,,,,,,,,,,,,,,,,,,,,,,,,,,,,,,,,,,,,,,,,
20211231,81,,,,,,,,,,,,,,,000,共通部門,737,消耗品費,,,00,,228901,0,消耗品費　部門配賦,,,,,,,,,,,,,,,,,,,,,,,,,,,,,,,,,,,,,,,,,,,,,,,,,,,,,,
20211231,81,,,,010,札幌営業所,737,消耗品費,,,00,,25179,0,,,,,,,,,,,,,,,,,,,,,,,,,,,,,,,,,,,,,,,,,,,,,,,,,,,,,,,,,,,,,,,,,,
20211231,81,,,,020,東京支店,737,消耗品費,,,00,,109873,0,,,,,,,,,,,,,,,,,,,,,,,,,,,,,,,,,,,,,,,,,,,,,,,,,,,,,,,,,,,,,,,,,,
20211231,81,,,,030,名古屋支店,737,消耗品費,,,00,,22890,0,,,,,,,,,,,,,,,,,,,,,,,,,,,,,,,,,,,,,,,,,,,,,,,,,,,,,,,,,,,,,,,,,,
20211231,81,,,,040,大阪支店,737,消耗品費,,,00,,54936,0,,,,,,,,,,,,,,,,,,,,,,,,,,,,,,,,,,,,,,,,,,,,,,,,,,,,,,,,,,,,,,,,,,
20211231,81,,,,050,九州営業所,737,消耗品費,,,00,,16023,0,,,,,,,,,,,,,,,,,,,,,,,,,,,,,,,,,,,,,,,,,,,,,,,,,,,,,,,,,,,,,,,,,,
20211231,93,,,,000,共通部門,326,預り金,1,保険料,00,,1515566,0,,000,共通部門,131,普通預金,20,ABC銀行 本店,00,,2278877,0,保険料預かり分,,,,,,,,,,,,,,,,,,,,,,,,,,,,,,,,,,,,,,,,,,,,,,,,,,,,,,
20211231,93,,,,020,東京支店,723,法定福利費,,,P0,,120411,0,,,,,,,,,,,,保険料　事業主負担分,,,,,,,,,,,,,,,,,,,,,,,,,,,,,,,,,,,,,,,,,,,,,,,,,,,,,,
20211231,93,,,,020,東京支店,723,法定福利費,,,P0,,236045,0,,,,,,,,,,,,保険料　事業主負担分,,,,,,,,,,,,,,,,,,,,,,,,,,,,,,,,,,,,,,,,,,,,,,,,,,,,,,
20211231,93,,,,010,札幌営業所,723,法定福利費,,,P0,,103424,0,,,,,,,,,,,,保険料　事業主負担分,,,,,,,,,,,,,,,,,,,,,,,,,,,,,,,,,,,,,,,,,,,,,,,,,,,,,,
20211231,93,,,,030,名古屋支店,723,法定福利費,,,P0,,96352,0,,,,,,,,,,,,保険料　事業主負担分,,,,,,,,,,,,,,,,,,,,,,,,,,,,,,,,,,,,,,,,,,,,,,,,,,,,,,
20211231,93,,,,040,大阪支店,723,法定福利費,,,P0,,128755,0,,,,,,,,,,,,保険料　事業主負担分,,,,,,,,,,,,,,,,,,,,,,,,,,,,,,,,,,,,,,,,,,,,,,,,,,,,,,
20211231,93,,,,050,九州営業所,723,法定福利費,,,P0,,67268,0,,,,,,,,,,,,保険料　事業主負担分,,,,,,,,,,,,,,,,,,,,,,,,,,,,,,,,,,,,,,,,,,,,,,,,,,,,,,
20211231,93,,,,020,東京支店,723,法定福利費,,,P0,,11056,0,,,,,,,,,,,,児童拠出金　事業主負担分,,,,,,,,,,,,,,,,,,,,,,,,,,,,,,,,,,,,,,,,,,,,,,,,,,,,,,
20211231,94,,,,000,共通部門,322,未払金,,,00,,7644630,0,,000,共通部門,131,普通預金,20,ABC銀行 本店,00,,7644630,0,11月分支払,,,,,,,,,,,,,,,,,,,,,,,,,,,,,,,,,,,,,,,,,,,,,,,,,,,,,,
20211231,121,,,,000,共通部門,152,売掛金,14,株式会社花咲商事,00,,2823042,0,,010,札幌営業所,511,売上高,,,B5,,2823042,256640,12月1日～12月31日分売上,,,,,,,,,,,,,,,,,,,,,,,,,,,,,,,,,,,,,,,,,,,,,,,,,,,,,,
20211231,121,,,,000,共通部門,152,売掛金,25,株式会社ほのかマート,00,,6207618,0,,010,札幌営業所,511,売上高,,,B5,,6207618,564328,12月1日～12月31日分売上,,,,,,,,,,,,,,,,,,,,,,,,,,,,,,,,,,,,,,,,,,,,,,,,,,,,,,
20211231,121,,,,000,共通部門,152,売掛金,5,東雲商会株式会社,00,,1585172,0,,010,札幌営業所,511,売上高,,,B5,,1585172,144106,12月1日～12月31日分売上,,,,,,,,,,,,,,,,,,,,,,,,,,,,,,,,,,,,,,,,,,,,,,,,,,,,,,
20211231,122,,,,000,共通部門,152,売掛金,2,株式会社桜丘百貨店,00,,20467436,0,,020,東京支店,511,売上高,,,B5,,20467436,1860676,12月1日～12月31日分売上,,,,,,,,,,,,,,,,,,,,,,,,,,,,,,,,,,,,,,,,,,,,,,,,,,,,,,
20211231,122,,,,000,共通部門,152,売掛金,12,株式会社緑野百貨店,00,,17510543,0,,020,東京支店,511,売上高,,,B5,,17510543,1591867,12月1日～12月31日分売上,,,,,,,,,,,,,,,,,,,,,,,,,,,,,,,,,,,,,,,,,,,,,,,,,,,,,,
20211231,122,,,,000,共通部門,152,売掛金,13,星川商事株式会社,00,,1632272,0,,020,東京支店,511,売上高,,,B5,,1632272,148388,12月1日～12月31日分売上,,,,,,,,,,,,,,,,,,,,,,,,,,,,,,,,,,,,,,,,,,,,,,,,,,,,,,
20211231,122,,,,000,共通部門,152,売掛金,30,株式会社彩雲トレーディング,00,,2107935,0,,020,東京支店,511,売上高,,,B5,,2107935,191630,12月1日～12月31日分売上,,,,,,,,,,,,,,,,,,,,,,,,,,,,,,,,,,,,,,,,,,,,,,,,,,,,,,
20211231,122,,,,000,共通部門,152,売掛金,14,株式会社花咲商事,00,,3452470,0,,020,東京支店,511,売上高,,,B5,,3452470,313860,12月1日～12月31日分売上,,,,,,,,,,,,,,,,,,,,,,,,,,,,,,,,,,,,,,,,,,,,,,,,,,,,,,
20211231,122,,,,000,共通部門,152,売掛金,26,若松販売株式会社,00,,2366012,0,,020,東京支店,511,売上高,,,B5,,2366012,215092,12月1日～12月31日分売上,,,,,,,,,,,,,,,,,,,,,,,,,,,,,,,,,,,,,,,,,,,,,,,,,,,,,,
20211231,122,,,,000,共通部門,152,売掛金,11,株式会社楓屋,00,,1182012,0,,020,東京支店,511,売上高,,,B5,,1182012,107455,12月1日～12月31日分売上,,,,,,,,,,,,,,,,,,,,,,,,,,,,,,,,,,,,,,,,,,,,,,,,,,,,,,
20211231,122,,,,000,共通部門,152,売掛金,24,白峰商事株式会社,00,,600724,0,,020,東京支店,511,売上高,,,B5,,600724,54611,12月1日～12月31日分売上,,,,,,,,,,,,,,,,,,,,,,,,,,,,,,,,,,,,,,,,,,,,,,,,,,,,,,
20211231,122,,,,000,共通部門,152,売掛金,10,合同会社こもれび商事,00,,458172,0,,020,東京支店,511,売上高,,,B5,,458172,41652,12月1日～12月31日分売上,,,,,,,,,,,,,,,,,,,,,,,,,,,,,,,,,,,,,,,,,,,,,,,,,,,,,,
20211231,123,,,,000,共通部門,152,売掛金,14,株式会社花咲商事,00,,3544224,0,,030,名古屋支店,511,売上高,,,B5,,3544224,322202,12月1日～12月31日分売上,,,,,,,,,,,,,,,,,,,,,,,,,,,,,,,,,,,,,,,,,,,,,,,,,,,,,,
20211231,123,,,,000,共通部門,152,売掛金,7,株式会社光彩堂商事,00,,1478159,0,,030,名古屋支店,511,売上高,,,B5,,1478159,134378,12月1日～12月31日分売上,,,,,,,,,,,,,,,,,,,,,,,,,,,,,,,,,,,,,,,,,,,,,,,,,,,,,,
20211231,123,,,,000,共通部門,152,売掛金,27,晴海物産株式会社,00,,1655306,0,,030,名古屋支店,511,売上高,,,B5,,1655306,150482,12月1日～12月31日分売上,,,,,,,,,,,,,,,,,,,,,,,,,,,,,,,,,,,,,,,,,,,,,,,,,,,,,,
20211231,123,,,,000,共通部門,152,売掛金,6,株式会社瑞穂流通,00,,1852360,0,,030,名古屋支店,511,売上高,,,B5,,1852360,168396,12月1日～12月31日分売上,,,,,,,,,,,,,,,,,,,,,,,,,,,,,,,,,,,,,,,,,,,,,,,,,,,,,,
20211231,123,,,,000,共通部門,152,売掛金,19,株式会社南風商会,00,,906784,0,,030,名古屋支店,511,売上高,,,B5,,906784,82434,12月1日～12月31日分売上,,,,,,,,,,,,,,,,,,,,,,,,,,,,,,,,,,,,,,,,,,,,,,,,,,,,,,
20211231,123,,,,000,共通部門,152,売掛金,21,合同会社つばさ商店,00,,1839420,0,,030,名古屋支店,511,売上高,,,B5,,1839420,167220,12月1日～12月31日分売上,,,,,,,,,,,,,,,,,,,,,,,,,,,,,,,,,,,,,,,,,,,,,,,,,,,,,,
20211231,124,,,,000,共通部門,152,売掛金,8,株式会社高原マーケット,00,,1218968,0,,040,大阪支店,511,売上高,,,B5,,1218968,110815,12月1日～12月31日分売上,,,,,,,,,,,,,,,,,,,,,,,,,,,,,,,,,,,,,,,,,,,,,,,,,,,,,,
20211231,124,,,,000,共通部門,152,売掛金,9,朝凪物産株式会社,00,,1347272,0,,040,大阪支店,511,売上高,,,B5,,1347272,122479,12月1日～12月31日分売上,,,,,,,,,,,,,,,,,,,,,,,,,,,,,,,,,,,,,,,,,,,,,,,,,,,,,,
20211231,124,,,,000,共通部門,152,売掛金,14,株式会社花咲商事,00,,14867459,0,,040,大阪支店,511,売上高,,,B5,,14867459,1351587,12月1日～12月31日分売上,,,,,,,,,,,,,,,,,,,,,,,,,,,,,,,,,,,,,,,,,,,,,,,,,,,,,,
20211231,124,,,,000,共通部門,152,売掛金,28,株式会社青葉百貨店,00,,11930631,0,,040,大阪支店,511,売上高,,,B5,,11930631,1084602,12月1日～12月31日分売上,,,,,,,,,,,,,,,,,,,,,,,,,,,,,,,,,,,,,,,,,,,,,,,,,,,,,,
20211231,124,,,,000,共通部門,152,売掛金,23,株式会社杉の木商店,00,,1420364,0,,040,大阪支店,511,売上高,,,B5,,1420364,129124,12月1日～12月31日分売上,,,,,,,,,,,,,,,,,,,,,,,,,,,,,,,,,,,,,,,,,,,,,,,,,,,,,,
20211231,124,,,,000,共通部門,152,売掛金,3,青凪商事株式会社,00,,12141144,0,,040,大阪支店,511,売上高,,,B5,,12141144,1103740,12月1日～12月31日分売上,,,,,,,,,,,,,,,,,,,,,,,,,,,,,,,,,,,,,,,,,,,,,,,,,,,,,,
20211231,124,,,,000,共通部門,152,売掛金,20,清和商事株式会社,00,,2361484,0,,040,大阪支店,511,売上高,,,B5,,2361484,214680,12月1日～12月31日分売上,,,,,,,,,,,,,,,,,,,,,,,,,,,,,,,,,,,,,,,,,,,,,,,,,,,,,,
20211231,124,,,,000,共通部門,152,売掛金,4,株式会社ひなたマート,00,,1435084,0,,040,大阪支店,511,売上高,,,B5,,1435084,130462,12月1日～12月31日分売上,,,,,,,,,,,,,,,,,,,,,,,,,,,,,,,,,,,,,,,,,,,,,,,,,,,,,,
20211231,125,,,,000,共通部門,152,売掛金,14,株式会社花咲商事,00,,2089558,0,,050,九州営業所,511,売上高,,,B5,,2089558,189959,12月1日～12月31日分売上,,,,,,,,,,,,,,,,,,,,,,,,,,,,,,,,,,,,,,,,,,,,,,,,,,,,,,
20211231,125,,,,000,共通部門,152,売掛金,22,株式会社豊原産業,00,,2036596,0,,050,九州営業所,511,売上高,,,B5,,2036596,185145,12月1日～12月31日分売上,,,,,,,,,,,,,,,,,,,,,,,,,,,,,,,,,,,,,,,,,,,,,,,,,,,,,,
20211231,125,,,,000,共通部門,152,売掛金,1,株式会社若葉百貨店,00,,1949895,0,,050,九州営業所,511,売上高,,,B5,,1949895,177263,12月1日～12月31日分売上,,,,,,,,,,,,,,,,,,,,,,,,,,,,,,,,,,,,,,,,,,,,,,,,,,,,,,
20211231,125,,,,000,共通部門,152,売掛金,29,株式会社小春サービス,00,,1633676,0,,050,九州営業所,511,売上高,,,B5,,1633676,148516,12月1日～12月31日分売上,,,,,,,,,,,,,,,,,,,,,,,,,,,,,,,,,,,,,,,,,,,,,,,,,,,,,,
20211231,126,,,,000,共通部門,131,普通預金,40,JKL銀行 梅田,00,,1299992,0,,000,共通部門,152,売掛金,4,株式会社ひなたマート,00,,1299992,0,12月31日伝票No400株式会社ひなたマート,,,,,,,,,,,,,,,,,,,,,,,,,,,,,,,,,,,,,,,,,,,,,,,,,,,,,,
20211231,126,,,,040,大阪支店,741,支払手数料,,,Q5,,840,76,,000,共通部門,152,売掛金,4,株式会社ひなたマート,00,,840,0,12月31日伝票No400株式会社ひなたマート,,,,,,,,,,,,,,,,,,,,,,,,,,,,,,,,,,,,,,,,,,,,,,,,,,,,,,
20211231,127,,,,000,共通部門,131,普通預金,10,DEF銀行 駅前,00,,2041108,0,,000,共通部門,152,売掛金,5,東雲商会株式会社,00,,2041108,0,12月31日伝票No401東雲商会株式会社,,,,,,,,,,,,,,,,,,,,,,,,,,,,,,,,,,,,,,,,,,,,,,,,,,,,,,
20211231,127,,,,010,札幌営業所,741,支払手数料,,,Q5,,840,76,,000,共通部門,152,売掛金,5,東雲商会株式会社,00,,840,0,12月31日伝票No401東雲商会株式会社,,,,,,,,,,,,,,,,,,,,,,,,,,,,,,,,,,,,,,,,,,,,,,,,,,,,,,
20211231,128,,,,000,共通部門,111,現金,,,00,,320480,0,,000,共通部門,152,売掛金,10,合同会社こもれび商事,00,,320480,0,12月31日伝票No402合同会社こもれび商事,,,,,,,,,,,,,,,,,,,,,,,,,,,,,,,,,,,,,,,,,,,,,,,,,,,,,,
20211231,129,,,,000,共通部門,150,受取手形,,,00,,10629137,0,,000,共通部門,152,売掛金,12,株式会社緑野百貨店,00,,10629137,0,12月31日伝票No403株式会社緑野百貨店 | 売上伝票=20211130-112;手形番号=R20211231-129-12,,,,,,,,,,,,,,,,,,,,,,,,,,,,,,,,,,,,,,,,,,,,,,,,,,,,,,
20211231,130,,,,000,共通部門,131,普通預金,20,ABC銀行 本店,00,,458582,0,,000,共通部門,152,売掛金,24,白峰商事株式会社,00,,458582,0,12月31日伝票No404白峰商事株式会社,,,,,,,,,,,,,,,,,,,,,,,,,,,,,,,,,,,,,,,,,,,,,,,,,,,,,,
20211231,130,,,,020,東京支店,741,支払手数料,,,Q5,,630,57,,000,共通部門,152,売掛金,24,白峰商事株式会社,00,,630,0,12月31日伝票No404白峰商事株式会社,,,,,,,,,,,,,,,,,,,,,,,,,,,,,,,,,,,,,,,,,,,,,,,,,,,,,,
20211231,131,,,,000,共通部門,131,普通預金,50,MNO銀行 北九州,00,,488688,0,,000,共通部門,152,売掛金,29,株式会社小春サービス,00,,488688,0,12月31日伝票No405株式会社小春サービス,,,,,,,,,,,,,,,,,,,,,,,,,,,,,,,,,,,,,,,,,,,,,,,,,,,,,,
20211231,131,,,,050,九州営業所,741,支払手数料,,,Q5,,210,19,,000,共通部門,152,売掛金,29,株式会社小春サービス,00,,210,0,12月31日伝票No405株式会社小春サービス,,,,,,,,,,,,,,,,,,,,,,,,,,,,,,,,,,,,,,,,,,,,,,,,,,,,,,
20211231,132,,,,010,札幌営業所,541,商品仕入高,,,Q5,,102816,9346,,000,共通部門,312,買掛金,8,株式会社白樺商事,00,,102816,0,12月1日～12月31日分仕入,,,,,,,,,,,,,,,,,,,,,,,,,,,,,,,,,,,,,,,,,,,,,,,,,,,,,,
20211231,132,,,,010,札幌営業所,541,商品仕入高,,,Q5,,363331,33030,,000,共通部門,312,買掛金,2,株式会社双葉物産,00,,363331,0,12月1日～12月31日分仕入,,,,,,,,,,,,,,,,,,,,,,,,,,,,,,,,,,,,,,,,,,,,,,,,,,,,,,
20211231,133,,,,020,東京支店,541,商品仕入高,,,Q5,,4570569,415506,,000,共通部門,312,買掛金,14,合同会社あかね商会,00,,4570569,0,12月1日～12月31日分仕入,,,,,,,,,,,,,,,,,,,,,,,,,,,,,,,,,,,,,,,,,,,,,,,,,,,,,,
20211231,133,,,,020,東京支店,541,商品仕入高,,,Q5,,5031519,457410,,000,共通部門,312,買掛金,3,青凪商事株式会社,00,,5031519,0,12月1日～12月31日分仕入,,,,,,,,,,,,,,,,,,,,,,,,,,,,,,,,,,,,,,,,,,,,,,,,,,,,,,
20211231,133,,,,020,東京支店,541,商品仕入高,,,Q5,,2069835,188166,,000,共通部門,312,買掛金,13,朝日野産業株式会社,00,,2069835,0,12月1日～12月31日分仕入,,,,,,,,,,,,,,,,,,,,,,,,,,,,,,,,,,,,,,,,,,,,,,,,,,,,,,
20211231,133,,,,020,東京支店,541,商品仕入高,,,Q5,,10823612,983964,,000,共通部門,312,買掛金,1,株式会社北辰商事,00,,10823612,0,12月1日～12月31日分仕入,,,,,,,,,,,,,,,,,,,,,,,,,,,,,,,,,,,,,,,,,,,,,,,,,,,,,,
20211231,133,,,,020,東京支店,541,商品仕入高,,,Q5,,8378109,761646,,000,共通部門,312,買掛金,11,株式会社花園商会,00,,8378109,0,12月1日～12月31日分仕入,,,,,,,,,,,,,,,,,,,,,,,,,,,,,,,,,,,,,,,,,,,,,,,,,,,,,,
20211231,133,,,,020,東京支店,541,商品仕入高,,,Q5,,1085505,98682,,000,共通部門,312,買掛金,2,株式会社双葉物産,00,,1085505,0,12月1日～12月31日分仕入,,,,,,,,,,,,,,,,,,,,,,,,,,,,,,,,,,,,,,,,,,,,,,,,,,,,,,
20211231,133,,,,020,東京支店,541,商品仕入高,,,Q5,,658954,59904,,000,共通部門,312,買掛金,12,株式会社泉川商事,00,,658954,0,12月1日～12月31日分仕入,,,,,,,,,,,,,,,,,,,,,,,,,,,,,,,,,,,,,,,,,,,,,,,,,,,,,,
20211231,133,,,,020,東京支店,541,商品仕入高,,,Q5,,251899,22899,,000,共通部門,312,買掛金,8,株式会社白樺商事,00,,251899,0,12月1日～12月31日分仕入,,,,,,,,,,,,,,,,,,,,,,,,,,,,,,,,,,,,,,,,,,,,,,,,,,,,,,
20211231,134,,,,030,名古屋支店,541,商品仕入高,,,Q5,,2897127,263375,,000,共通部門,312,買掛金,9,東原産業株式会社,00,,2897127,0,12月1日～12月31日分仕入,,,,,,,,,,,,,,,,,,,,,,,,,,,,,,,,,,,,,,,,,,,,,,,,,,,,,,
20211231,134,,,,030,名古屋支店,541,商品仕入高,,,Q5,,1840617,167328,,000,共通部門,312,買掛金,15,株式会社麦穂商事,00,,1840617,0,12月1日～12月31日分仕入,,,,,,,,,,,,,,,,,,,,,,,,,,,,,,,,,,,,,,,,,,,,,,,,,,,,,,
20211231,134,,,,030,名古屋支店,541,商品仕入高,,,Q5,,6922413,629310,,000,共通部門,312,買掛金,7,株式会社夕凪商会,00,,6922413,0,12月1日～12月31日分仕入,,,,,,,,,,,,,,,,,,,,,,,,,,,,,,,,,,,,,,,,,,,,,,,,,,,,,,
20211231,134,,,,030,名古屋支店,541,商品仕入高,,,Q5,,183908,16718,,000,共通部門,312,買掛金,2,株式会社双葉物産,00,,183908,0,12月1日～12月31日分仕入,,,,,,,,,,,,,,,,,,,,,,,,,,,,,,,,,,,,,,,,,,,,,,,,,,,,,,
20211231,134,,,,030,名古屋支店,541,商品仕入高,,,Q5,,25704,2336,,000,共通部門,312,買掛金,8,株式会社白樺商事,00,,25704,0,12月1日～12月31日分仕入,,,,,,,,,,,,,,,,,,,,,,,,,,,,,,,,,,,,,,,,,,,,,,,,,,,,,,
20211231,135,,,,040,大阪支店,541,商品仕入高,,,Q5,,6301802,572891,,000,共通部門,312,買掛金,5,千草商事株式会社,00,,6301802,0,12月1日～12月31日分仕入,,,,,,,,,,,,,,,,,,,,,,,,,,,,,,,,,,,,,,,,,,,,,,,,,,,,,,
20211231,135,,,,040,大阪支店,541,商品仕入高,,,Q5,,1503036,136639,,000,共通部門,312,買掛金,4,株式会社和泉流通,00,,1503036,0,12月1日～12月31日分仕入,,,,,,,,,,,,,,,,,,,,,,,,,,,,,,,,,,,,,,,,,,,,,,,,,,,,,,
20211231,135,,,,040,大阪支店,541,商品仕入高,,,Q5,,5798593,527144,,000,共通部門,312,買掛金,10,光野販売株式会社,00,,5798593,0,12月1日～12月31日分仕入,,,,,,,,,,,,,,,,,,,,,,,,,,,,,,,,,,,,,,,,,,,,,,,,,,,,,,
20211231,135,,,,040,大阪支店,541,商品仕入高,,,Q5,,6893004,626636,,000,共通部門,312,買掛金,6,株式会社日向産業,00,,6893004,0,12月1日～12月31日分仕入,,,,,,,,,,,,,,,,,,,,,,,,,,,,,,,,,,,,,,,,,,,,,,,,,,,,,,
20211231,135,,,,040,大阪支店,541,商品仕入高,,,Q5,,102816,9346,,000,共通部門,312,買掛金,8,株式会社白樺商事,00,,102816,0,12月1日～12月31日分仕入,,,,,,,,,,,,,,,,,,,,,,,,,,,,,,,,,,,,,,,,,,,,,,,,,,,,,,
20211231,135,,,,040,大阪支店,541,商品仕入高,,,Q5,,183908,16718,,000,共通部門,312,買掛金,2,株式会社双葉物産,00,,183908,0,12月1日～12月31日分仕入,,,,,,,,,,,,,,,,,,,,,,,,,,,,,,,,,,,,,,,,,,,,,,,,,,,,,,
20211231,136,,,,050,九州営業所,541,商品仕入高,,,Q5,,77112,7010,,000,共通部門,312,買掛金,8,株式会社白樺商事,00,,77112,0,12月1日～12月31日分仕入,,,,,,,,,,,,,,,,,,,,,,,,,,,,,,,,,,,,,,,,,,,,,,,,,,,,,,
20211231,136,,,,050,九州営業所,541,商品仕入高,,,Q5,,80740,7340,,000,共通部門,312,買掛金,2,株式会社双葉物産,00,,80740,0,12月1日～12月31日分仕入,,,,,,,,,,,,,,,,,,,,,,,,,,,,,,,,,,,,,,,,,,,,,,,,,,,,,,
20211231,137,,,,000,共通部門,312,買掛金,2,株式会社双葉物産,00,,1314468,0,,000,共通部門,131,普通預金,20,ABC銀行 本店,00,,1314468,0,12月31日伝票No309株式会社双葉物産,,,,,,,,,,,,,,,,,,,,,,,,,,,,,,,,,,,,,,,,,,,,,,,,,,,,,,
20211231,138,,,,000,共通部門,312,買掛金,5,千草商事株式会社,00,,4897778,0,,000,共通部門,301,支払手形,,,00,,4897778,0,12月31日伝票No310千草商事株式会社,,,,,,,,,,,,,,,,,,,,,,,,,,,,,,,,,,,,,,,,,,,,,,,,,,,,,,
20211231,139,,,,000,共通部門,312,買掛金,7,株式会社夕凪商会,00,,4597303,0,,000,共通部門,131,普通預金,20,ABC銀行 本店,00,,4597303,0,12月31日伝票No311株式会社夕凪商会,,,,,,,,,,,,,,,,,,,,,,,,,,,,,,,,,,,,,,,,,,,,,,,,,,,,,,
20211231,140,,,,000,共通部門,312,買掛金,9,東原産業株式会社,00,,2224739,0,,000,共通部門,301,支払手形,,,00,,2224739,0,12月31日伝票No312東原産業株式会社,,,,,,,,,,,,,,,,,,,,,,,,,,,,,,,,,,,,,,,,,,,,,,,,,,,,,,
20211231,141,,,,000,共通部門,312,買掛金,10,光野販売株式会社,00,,3791833,0,,000,共通部門,301,支払手形,,,00,,3791833,0,12月31日伝票No313光野販売株式会社,,,,,,,,,,,,,,,,,,,,,,,,,,,,,,,,,,,,,,,,,,,,,,,,,,,,,,
20211231,141,,,,000,共通部門,121,当座預金,1,ABC銀行,00,,13866393,0,,000,共通部門,150,受取手形,,,00,,13866393,0,手形満期 株式会社桜丘百貨店 | 手形番号=R20210925-113-2;受取額に決済額を訂正,,,,,,,,,,,,,,,,,,,,,,,,,,,,,,,,,,,,,,,,,,,,,,,,,,,,,,
20211231,142,,,,000,共通部門,312,買掛金,12,株式会社泉川商事,00,,433742,0,,000,共通部門,131,普通預金,20,ABC銀行 本店,00,,433742,0,12月31日伝票No314株式会社泉川商事,,,,,,,,,,,,,,,,,,,,,,,,,,,,,,,,,,,,,,,,,,,,,,,,,,,,,,
20211231,143,,,,000,共通部門,312,買掛金,13,朝日野産業株式会社,00,,1345680,0,,000,共通部門,131,普通預金,20,ABC銀行 本店,00,,1345680,0,12月31日伝票No315朝日野産業株式会社,,,,,,,,,,,,,,,,,,,,,,,,,,,,,,,,,,,,,,,,,,,,,,,,,,,,,,
20211231,144,,,,000,共通部門,312,買掛金,14,合同会社あかね商会,00,,3875434,0,,000,共通部門,131,普通預金,20,ABC銀行 本店,00,,3875434,0,12月31日伝票No316合同会社あかね商会,,,,,,,,,,,,,,,,,,,,,,,,,,,,,,,,,,,,,,,,,,,,,,,,,,,,,,
20211231,145,,,,000,共通部門,312,買掛金,15,株式会社麦穂商事,00,,1543059,0,,000,共通部門,131,普通預金,20,ABC銀行 本店,00,,1543059,0,12月31日伝票No317株式会社麦穂商事,,,,,,,,,,,,,,,,,,,,,,,,,,,,,,,,,,,,,,,,,,,,,,,,,,,,,,
20211231,147,,,,000,共通部門,301,支払手形,,,00,,3841014,0,,000,共通部門,121,当座預金,1,ABC銀行,00,,3841014,0,手形期日落日 千草商事株式会社,,,,,,,,,,,,,,,,,,,,,,,,,,,,,,,,,,,,,,,,,,,,,,,,,,,,,,
20211231,147,,,,000,共通部門,301,支払手形,,,00,,1819272,0,,000,共通部門,121,当座預金,1,ABC銀行,00,,1819272,0,手形期日落日 東原産業株式会社,,,,,,,,,,,,,,,,,,,,,,,,,,,,,,,,,,,,,,,,,,,,,,,,,,,,,,
20211231,147,,,,000,共通部門,301,支払手形,,,00,,3148603,0,,000,共通部門,121,当座預金,1,ABC銀行,00,,3148603,0,手形期日落日 光野販売株式会社,,,,,,,,,,,,,,,,,,,,,,,,,,,,,,,,,,,,,,,,,,,,,,,,,,,,,,
20211231,152,,,,000,共通部門,131,普通預金,20,ABC銀行 本店,00,,40000,0,,000,共通部門,183,短期貸付金,,,00,,90000,0,貸付金返済,,,,,,,,,,,,,,,,,,,,,,,,,,,,,,,,,,,,,,,,,,,,,,,,,,,,,,
20211231,152,,,,000,共通部門,131,普通預金,20,ABC銀行 本店,00,,50000,0,,,,,,,,,,,,貸付金返済,,,,,,,,,,,,,,,,,,,,,,,,,,,,,,,,,,,,,,,,,,,,,,,,,,,,,,
20211231,153,,,,000,共通部門,148,定期積金,,,00,,500000,0,,000,共通部門,131,普通預金,20,ABC銀行 本店,00,,625000,0,定期積立金,,,,,,,,,,,,,,,,,,,,,,,,,,,,,,,,,,,,,,,,,,,,,,,,,,,,,,
20211231,153,,,,000,共通部門,248,保険積立金,,,00,,125000,0,,,,,,,,,,,,保険積立金,,,,,,,,,,,,,,,,,,,,,,,,,,,,,,,,,,,,,,,,,,,,,,,,,,,,,,
20211231,154,,,,000,共通部門,321,短期借入金,,,00,,653500,0,,000,共通部門,121,当座預金,1,ABC銀行,00,,686175,0,借入金返済,,,,,,,,,,,,,,,,,,,,,,,,,,,,,,,,,,,,,,,,,,,,,,,,,,,,,,
20211231,154,,,,020,東京支店,821,支払利息,,,P0,,32675,0,,,,,,,,,,,,利息,,,,,,,,,,,,,,,,,,,,,,,,,,,,,,,,,,,,,,,,,,,,,,,,,,,,,,
20220101,18,,,,010,札幌営業所,726,旅費交通費,,,Q5,,19500,1772,,000,共通部門,111,現金,,,00,,19500,0,旅費,,,,,,,,,,,,,,,,,,,,,,,,,,,,,,,,,,,,,,,,,,,,,,,,,,,,,,
20220102,19,,,,010,札幌営業所,726,旅費交通費,,,Q5,,11000,1000,,000,共通部門,111,現金,,,00,,11000,0,旅費,,,,,,,,,,,,,,,,,,,,,,,,,,,,,,,,,,,,,,,,,,,,,,,,,,,,,,
20220103,134,,,,040,大阪支店,754,事務用消耗品費,,,Q5,,8400,763,,000,共通部門,322,未払金,,,00,,8400,0,用紙,,,,,,,,,,,,,,,,,,,,,,,,,,,,,,,,,,,,,,,,,,,,,,,,,,,,,,
20220104,66,,,,020,東京支店,744,リース料,,,Q5,,209850,19077,,000,共通部門,131,普通預金,20,ABC銀行 本店,00,,209850,0,リース料,,,,,,,,,,,,,,,,,,,,,,,,,,,,,,,,,,,,,,,,,,,,,,,,,,,,,,
20220104,116,,,,040,大阪支店,744,リース料,,,Q5,,84000,7636,,000,共通部門,131,普通預金,40,JKL銀行 梅田,00,,84000,0,リース料,,,,,,,,,,,,,,,,,,,,,,,,,,,,,,,,,,,,,,,,,,,,,,,,,,,,,,
20220105,86,,,,000,共通部門,131,普通預金,50,MNO銀行 北九州,00,,2036124,0,,000,共通部門,152,売掛金,22,株式会社豊原産業,00,,2036124,0,1月5日伝票No406株式会社豊原産業,,,,,,,,,,,,,,,,,,,,,,,,,,,,,,,,,,,,,,,,,,,,,,,,,,,,,,
20220105,86,,,,050,九州営業所,741,支払手数料,,,Q5,,472,42,,000,共通部門,152,売掛金,22,株式会社豊原産業,00,,472,0,1月5日伝票No406株式会社豊原産業,,,,,,,,,,,,,,,,,,,,,,,,,,,,,,,,,,,,,,,,,,,,,,,,,,,,,,
20220105,87,,,,000,共通部門,131,普通預金,20,ABC銀行 本店,00,,2365540,0,,000,共通部門,152,売掛金,26,若松販売株式会社,00,,2365540,0,1月5日伝票No407若松販売株式会社,,,,,,,,,,,,,,,,,,,,,,,,,,,,,,,,,,,,,,,,,,,,,,,,,,,,,,
20220105,87,,,,020,東京支店,741,支払手数料,,,Q5,,472,42,,000,共通部門,152,売掛金,26,若松販売株式会社,00,,472,0,1月5日伝票No407若松販売株式会社,,,,,,,,,,,,,,,,,,,,,,,,,,,,,,,,,,,,,,,,,,,,,,,,,,,,,,
20220105,88,,,,000,共通部門,131,普通預金,30,GHI銀行 名古屋,00,,1655306,0,,000,共通部門,152,売掛金,27,晴海物産株式会社,00,,1655306,0,1月5日伝票No408晴海物産株式会社,,,,,,,,,,,,,,,,,,,,,,,,,,,,,,,,,,,,,,,,,,,,,,,,,,,,,,
20220105,143,,,,040,大阪支店,740,車両費,,,Q5,,31200,2836,,000,共通部門,111,現金,,,00,,31200,0,点検作業料,,,,,,,,,,,,,,,,,,,,,,,,,,,,,,,,,,,,,,,,,,,,,,,,,,,,,,
20220106,110,,,,040,大阪支店,726,旅費交通費,,,Q5,,2290,208,,000,共通部門,111,現金,,,00,,2290,0,タクシー代,,,,,,,,,,,,,,,,,,,,,,,,,,,,,,,,,,,,,,,,,,,,,,,,,,,,,,
20220106,123,,,,040,大阪支店,727,通信費,,,Q5,,8000,727,,000,共通部門,111,現金,,,00,,8000,0,切手代,,,,,,,,,,,,,,,,,,,,,,,,,,,,,,,,,,,,,,,,,,,,,,,,,,,,,,
20220106,124,,,,040,大阪支店,738,租税公課,,,00,,2000,0,,000,共通部門,111,現金,,,00,,2000,0,収入印紙,,,,,,,,,,,,,,,,,,,,,,,,,,,,,,,,,,,,,,,,,,,,,,,,,,,,,,
20220107,7,,,,010,札幌営業所,733,交際接待費,,,Q5,,10000,909,,000,共通部門,111,現金,,,00,,10000,0,新年会会費 合同会社こもれび商事,,,,,,,,,,,,,,,,,,,,,,,,,,,,,,,,,,,,,,,,,,,,,,,,,,,,,,
20220107,20,,,,010,札幌営業所,726,旅費交通費,,,Q5,,39000,3545,,000,共通部門,111,現金,,,00,,39000,0,旅費,,,,,,,,,,,,,,,,,,,,,,,,,,,,,,,,,,,,,,,,,,,,,,,,,,,,,,
20220107,21,,,,010,札幌営業所,726,旅費交通費,,,Q5,,69500,6318,,000,共通部門,111,現金,,,00,,69500,0,架空鉄道会社A代,,,,,,,,,,,,,,,,,,,,,,,,,,,,,,,,,,,,,,,,,,,,,,,,,,,,,,
20220107,22,,,,010,札幌営業所,726,旅費交通費,,,Q5,,50000,4545,,000,共通部門,111,現金,,,00,,50000,0,旅費,,,,,,,,,,,,,,,,,,,,,,,,,,,,,,,,,,,,,,,,,,,,,,,,,,,,,,
20220107,102,,,,040,大阪支店,733,交際接待費,,,Q5,,1050,95,,000,共通部門,111,現金,,,00,,1050,0,差し入れ,,,,,,,,,,,,,,,,,,,,,,,,,,,,,,,,,,,,,,,,,,,,,,,,,,,,,,
20220107,106,,,,040,大阪支店,733,交際接待費,,,Q5,,20000,1818,,000,共通部門,111,現金,,,00,,20000,0,新年会会費2名,,,,,,,,,,,,,,,,,,,,,,,,,,,,,,,,,,,,,,,,,,,,,,,,,,,,,,
20220107,133,,,,020,東京支店,746,支払報酬,,,Q5,,139710,12700,,000,共通部門,131,普通預金,20,ABC銀行 本店,00,,139710,0,税理士報酬,,,,,,,,,,,,,,,,,,,,,,,,,,,,,,,,,,,,,,,,,,,,,,,,,,,,,,
20220108,45,,,,020,東京支店,733,交際接待費,,,Q5,,12000,1090,,000,共通部門,111,現金,,,00,,12000,0,新年会会費,,,,,,,,,,,,,,,,,,,,,,,,,,,,,,,,,,,,,,,,,,,,,,,,,,,,,,
20220108,50,,,,020,東京支店,740,車両費,,,Q5,,1200,109,,000,共通部門,111,現金,,,00,,1200,0,高速代,,,,,,,,,,,,,,,,,,,,,,,,,,,,,,,,,,,,,,,,,,,,,,,,,,,,,,
20220108,75,,,,020,東京支店,733,交際接待費,,,Q5,,26480,2407,,000,共通部門,111,現金,,,00,,26480,0,飲食代 架空店舗020,,,,,,,,,,,,,,,,,,,,,,,,,,,,,,,,,,,,,,,,,,,,,,,,,,,,,,
20220108,79,,,,030,名古屋支店,724,福利厚生費,,,Q5,,39568,3597,,000,共通部門,111,現金,,,00,,39568,0,景品代,,,,,,,,,,,,,,,,,,,,,,,,,,,,,,,,,,,,,,,,,,,,,,,,,,,,,,
20220108,150,,,,050,九州営業所,733,交際接待費,,,Q5,,16000,1454,,000,共通部門,111,現金,,,00,,16000,0,新年会会費2名,,,,,,,,,,,,,,,,,,,,,,,,,,,,,,,,,,,,,,,,,,,,,,,,,,,,,,
20220109,85,,,,030,名古屋支店,727,通信費,,,Q5,,106577,9688,,000,共通部門,131,普通預金,30,GHI銀行 名古屋,00,,106577,0,電話代,,,,,,,,,,,,,,,,,,,,,,,,,,,,,,,,,,,,,,,,,,,,,,,,,,,,,,
20220109,112,,,,040,大阪支店,727,通信費,,,Q5,,171053,15550,,000,共通部門,131,普通預金,40,JKL銀行 梅田,00,,171053,0,電話代,,,,,,,,,,,,,,,,,,,,,,,,,,,,,,,,,,,,,,,,,,,,,,,,,,,,,,
20220110,16,,,,010,札幌営業所,740,車両費,,,Q5,,381,34,,000,共通部門,111,現金,,,00,,1143,0,高速代,,,,,,,,,,,,,,,,,,,,,,,,,,,,,,,,,,,,,,,,,,,,,,,,,,,,,,
20220110,16,,,,010,札幌営業所,740,車両費,,,Q5,,762,69,,,,,,,,,,,,駐車代,,,,,,,,,,,,,,,,,,,,,,,,,,,,,,,,,,,,,,,,,,,,,,,,,,,,,,
20220110,42,,,,020,東京支店,733,交際接待費,,,Q5,,24260,2205,,000,共通部門,111,現金,,,00,,24260,0,年始挨拶手土産品 架空店舗058,,,,,,,,,,,,,,,,,,,,,,,,,,,,,,,,,,,,,,,,,,,,,,,,,,,,,,
20220110,44,,,,020,東京支店,733,交際接待費,,,Q5,,12000,1090,,000,共通部門,111,現金,,,00,,12000,0,新年会会費,,,,,,,,,,,,,,,,,,,,,,,,,,,,,,,,,,,,,,,,,,,,,,,,,,,,,,
20220110,56,,,,020,東京支店,726,旅費交通費,,,Q5,,19800,1800,,000,共通部門,111,現金,,,00,,19800,0,旅費,,,,,,,,,,,,,,,,,,,,,,,,,,,,,,,,,,,,,,,,,,,,,,,,,,,,,,
20220110,62,,,,000,共通部門,111,現金,,,00,,1000000,0,,000,共通部門,121,当座預金,1,ABC銀行,00,,1000000,0,引き出し,,,,,,,,,,,,,,,,,,,,,,,,,,,,,,,,,,,,,,,,,,,,,,,,,,,,,,
20220110,64,,,,000,共通部門,326,預り金,3,源泉税,00,,436489,0,,000,共通部門,131,普通預金,20,ABC銀行 本店,00,,885989,0,源泉税支払,,,,,,,,,,,,,,,,,,,,,,,,,,,,,,,,,,,,,,,,,,,,,,,,,,,,,,
20220110,64,,,,000,共通部門,326,預り金,2,住民税,00,,449500,0,,,,,,,,,,,,住民税支払,,,,,,,,,,,,,,,,,,,,,,,,,,,,,,,,,,,,,,,,,,,,,,,,,,,,,,
20220110,67,,,,010,札幌営業所,791,雑費,,,Q5,,5000,454,,000,共通部門,322,未払金,,,00,,39286,0,有線,,,,,,,,,,,,,,,,,,,,,,,,,,,,,,,,,,,,,,,,,,,,,,,,,,,,,,
20220110,67,,,,010,札幌営業所,791,雑費,,,Q5,,34286,3116,,,,,,,,,,,,警備料,,,,,,,,,,,,,,,,,,,,,,,,,,,,,,,,,,,,,,,,,,,,,,,,,,,,,,
20220110,71,,,,040,大阪支店,791,雑費,,,Q5,,3155,286,,000,共通部門,111,現金,,,00,,3155,0,お茶他,,,,,,,,,,,,,,,,,,,,,,,,,,,,,,,,,,,,,,,,,,,,,,,,,,,,,,
20220110,89,,,,000,共通部門,312,買掛金,3,青凪商事株式会社,00,,5031519,0,,000,共通部門,152,売掛金,3,青凪商事株式会社,00,,5031519,0,1月10日伝票No409青凪商事株式会社,,,,,,,,,,,,,,,,,,,,,,,,,,,,,,,,,,,,,,,,,,,,,,,,,,,,,,
20220110,90,,,,000,共通部門,131,普通預金,20,ABC銀行 本店,00,,26776018,0,,000,共通部門,152,売掛金,14,株式会社花咲商事,00,,26776018,0,1月10日伝票No410株式会社花咲商事東京本社,,,,,,,,,,,,,,,,,,,,,,,,,,,,,,,,,,,,,,,,,,,,,,,,,,,,,,
20220110,90,,,,020,東京支店,741,支払手数料,,,Q5,,735,66,,000,共通部門,152,売掛金,14,株式会社花咲商事,00,,735,0,1月10日伝票No410株式会社花咲商事東京本社,,,,,,,,,,,,,,,,,,,,,,,,,,,,,,,,,,,,,,,,,,,,,,,,,,,,,,
20220110,91,,,,000,共通部門,131,普通預金,30,GHI銀行 名古屋,00,,906049,0,,000,共通部門,152,売掛金,19,株式会社南風商会,00,,906049,0,1月10日伝票No411株式会社南風商会,,,,,,,,,,,,,,,,,,,,,,,,,,,,,,,,,,,,,,,,,,,,,,,,,,,,,,
20220110,91,,,,030,名古屋支店,741,支払手数料,,,Q5,,735,66,,000,共通部門,152,売掛金,19,株式会社南風商会,00,,735,0,1月10日伝票No411株式会社南風商会,,,,,,,,,,,,,,,,,,,,,,,,,,,,,,,,,,,,,,,,,,,,,,,,,,,,,,
20220110,92,,,,000,共通部門,150,受取手形,,,00,,11930631,0,,000,共通部門,152,売掛金,28,株式会社青葉百貨店,00,,11930631,0,1月10日伝票No412株式会社青葉百貨店 | 売上伝票=20211231-124;手形番号=R20220110-92-28,,,,,,,,,,,,,,,,,,,,,,,,,,,,,,,,,,,,,,,,,,,,,,,,,,,,,,
20220110,93,,,,000,共通部門,150,受取手形,,,00,,7109625,0,,000,共通部門,152,売掛金,3,青凪商事株式会社,00,,7109625,0,1月10日伝票No318青凪商事株式会社 | 売上伝票=20211231-124;手形番号=R20220110-93-3;相殺後差額の手形受取,,,,,,,,,,,,,,,,,,,,,,,,,,,,,,,,,,,,,,,,,,,,,,,,,,,,,,
20220110,94,,,,000,共通部門,312,買掛金,8,株式会社白樺商事,00,,406123,0,,000,共通部門,131,普通預金,20,ABC銀行 本店,00,,406123,0,1月10日伝票No319株式会社白樺商事,,,,,,,,,,,,,,,,,,,,,,,,,,,,,,,,,,,,,,,,,,,,,,,,,,,,,,
20220110,138,,,,000,共通部門,301,支払手形,,,00,,2609859,0,,000,共通部門,121,当座預金,1,ABC銀行,00,,2609859,0,手形期日落日 青凪商事株式会社,,,,,,,,,,,,,,,,,,,,,,,,,,,,,,,,,,,,,,,,,,,,,,,,,,,,,,
20220110,142,,,,040,大阪支店,740,車両費,,,Q5,,3382,307,,000,共通部門,111,現金,,,00,,15683,0,高速代,,,,,,,,,,,,,,,,,,,,,,,,,,,,,,,,,,,,,,,,,,,,,,,,,,,,,,
20220110,142,,,,040,大阪支店,740,車両費,,,Q5,,5343,485,,,,,,,,,,,,駐車代,,,,,,,,,,,,,,,,,,,,,,,,,,,,,,,,,,,,,,,,,,,,,,,,,,,,,,
20220110,142,,,,040,大阪支店,740,車両費,,,Q5,,2223,202,,,,,,,,,,,,高速代,,,,,,,,,,,,,,,,,,,,,,,,,,,,,,,,,,,,,,,,,,,,,,,,,,,,,,
20220110,142,,,,040,大阪支店,740,車両費,,,Q5,,4306,391,,,,,,,,,,,,高速代,,,,,,,,,,,,,,,,,,,,,,,,,,,,,,,,,,,,,,,,,,,,,,,,,,,,,,
20220110,142,,,,040,大阪支店,740,車両費,,,Q5,,429,39,,,,,,,,,,,,高速代,,,,,,,,,,,,,,,,,,,,,,,,,,,,,,,,,,,,,,,,,,,,,,,,,,,,,,
20220110,149,,,,030,名古屋支店,733,交際接待費,,,Q5,,12000,1090,,000,共通部門,111,現金,,,00,,12000,0,新年会会費,,,,,,,,,,,,,,,,,,,,,,,,,,,,,,,,,,,,,,,,,,,,,,,,,,,,,,
20220110,152,,,,050,九州営業所,733,交際接待費,,,Q5,,10000,909,,000,共通部門,111,現金,,,00,,10000,0,新年会会費,,,,,,,,,,,,,,,,,,,,,,,,,,,,,,,,,,,,,,,,,,,,,,,,,,,,,,
20220110,159,,,,050,九州営業所,726,旅費交通費,,,Q5,,4200,381,,000,共通部門,111,現金,,,00,,4200,0,タクシー代,,,,,,,,,,,,,,,,,,,,,,,,,,,,,,,,,,,,,,,,,,,,,,,,,,,,,,
20220110,162,,,,020,東京支店,734,会議費,,,Q5,,24995,2272,,000,共通部門,111,現金,,,00,,24995,0,会議　食事代,,,,,,,,,,,,,,,,,,,,,,,,,,,,,,,,,,,,,,,,,,,,,,,,,,,,,,
20220110,168,,,,050,九州営業所,791,雑費,,,Q5,,6000,545,,000,共通部門,322,未払金,,,00,,48858,0,有線,,,,,,,,,,,,,,,,,,,,,,,,,,,,,,,,,,,,,,,,,,,,,,,,,,,,,,
20220110,168,,,,050,九州営業所,791,雑費,,,Q5,,42858,3896,,,,,,,,,,,,警備料,,,,,,,,,,,,,,,,,,,,,,,,,,,,,,,,,,,,,,,,,,,,,,,,,,,,,,
20220111,33,,,,010,札幌営業所,747,地代家賃,,,Q5,,320000,29090,,000,共通部門,131,普通預金,10,DEF銀行 駅前,00,,320000,0,家賃支払い,,,,,,,,,,,,,,,,,,,,,,,,,,,,,,,,,,,,,,,,,,,,,,,,,,,,,,
20220111,33,,,,010,札幌営業所,727,通信費,,,Q5,,176983,16089,,000,共通部門,131,普通預金,10,DEF銀行 駅前,00,,176983,0,電話代,,,,,,,,,,,,,,,,,,,,,,,,,,,,,,,,,,,,,,,,,,,,,,,,,,,,,,
20220111,65,,,,020,東京支店,747,地代家賃,,,Q5,,1260000,114545,,000,共通部門,131,普通預金,20,ABC銀行 本店,00,,1260000,0,家賃支払,,,,,,,,,,,,,,,,,,,,,,,,,,,,,,,,,,,,,,,,,,,,,,,,,,,,,,
20220111,66,,,,040,大阪支店,747,地代家賃,,,Q5,,840000,76363,,000,共通部門,131,普通預金,40,JKL銀行 梅田,00,,840000,0,家賃支払,,,,,,,,,,,,,,,,,,,,,,,,,,,,,,,,,,,,,,,,,,,,,,,,,,,,,,
20220111,73,,,,020,東京支店,733,交際接待費,,,Q5,,16000,1454,,000,共通部門,111,現金,,,00,,16000,0,新年会会費2名,,,,,,,,,,,,,,,,,,,,,,,,,,,,,,,,,,,,,,,,,,,,,,,,,,,,,,
20220111,76,,,,020,東京支店,724,福利厚生費,,,Q5,,28910,2628,,000,共通部門,322,未払金,,,00,,28910,0,社員食事代,,,,,,,,,,,,,,,,,,,,,,,,,,,,,,,,,,,,,,,,,,,,,,,,,,,,,,
20220111,94,,,,030,名古屋支店,791,雑費,,,Q5,,2036,185,,000,共通部門,111,現金,,,00,,2036,0,お茶代他,,,,,,,,,,,,,,,,,,,,,,,,,,,,,,,,,,,,,,,,,,,,,,,,,,,,,,
20220111,129,,,,030,名古屋支店,747,地代家賃,,,Q5,,399000,36272,,000,共通部門,131,普通預金,30,GHI銀行 名古屋,00,,399000,0,家賃支払い,,,,,,,,,,,,,,,,,,,,,,,,,,,,,,,,,,,,,,,,,,,,,,,,,,,,,,
20220111,147,,,,050,九州営業所,740,車両費,,,Q5,,6578,598,,000,共通部門,322,未払金,,,00,,6578,0,ガソリン代,,,,,,,,,,,,,,,,,,,,,,,,,,,,,,,,,,,,,,,,,,,,,,,,,,,,,,
20220111,167,,,,050,九州営業所,747,地代家賃,,,Q5,,630000,57272,,000,共通部門,131,普通預金,50,MNO銀行 北九州,00,,630000,0,家賃支払い,,,,,,,,,,,,,,,,,,,,,,,,,,,,,,,,,,,,,,,,,,,,,,,,,,,,,,
20220111,167,,,,050,九州営業所,727,通信費,,,Q5,,121564,11051,,000,共通部門,131,普通預金,50,MNO銀行 北九州,00,,121564,0,電話代,,,,,,,,,,,,,,,,,,,,,,,,,,,,,,,,,,,,,,,,,,,,,,,,,,,,,,
20220112,9,,,,010,札幌営業所,733,交際接待費,,,Q5,,7000,636,,000,共通部門,111,現金,,,00,,7000,0,新年会会費 合同会社つばさ商店,,,,,,,,,,,,,,,,,,,,,,,,,,,,,,,,,,,,,,,,,,,,,,,,,,,,,,
20220112,43,,,,020,東京支店,733,交際接待費,,,Q5,,1575,143,,000,共通部門,111,現金,,,00,,1575,0,コーヒー代3名,,,,,,,,,,,,,,,,,,,,,,,,,,,,,,,,,,,,,,,,,,,,,,,,,,,,,,
20220112,57,,,,020,東京支店,726,旅費交通費,,,Q5,,105670,9606,,000,共通部門,111,現金,,,00,,105670,0,架空鉄道会社A代,,,,,,,,,,,,,,,,,,,,,,,,,,,,,,,,,,,,,,,,,,,,,,,,,,,,,,
20220112,151,,,,040,大阪支店,733,交際接待費,,,Q5,,18642,1694,,000,共通部門,111,現金,,,00,,18642,0,飲食代 架空店舗076 4名,,,,,,,,,,,,,,,,,,,,,,,,,,,,,,,,,,,,,,,,,,,,,,,,,,,,,,
20220112,153,,,,030,名古屋支店,733,交際接待費,,,Q5,,16000,1454,,000,共通部門,111,現金,,,00,,16000,0,新年会会費2名,,,,,,,,,,,,,,,,,,,,,,,,,,,,,,,,,,,,,,,,,,,,,,,,,,,,,,
20220113,11,,,,010,札幌営業所,740,車両費,,,Q5,,3210,291,,000,共通部門,111,現金,,,00,,3210,0,ガソリン代,,,,,,,,,,,,,,,,,,,,,,,,,,,,,,,,,,,,,,,,,,,,,,,,,,,,,,
20220113,17,,,,010,札幌営業所,740,車両費,,,Q5,,286,26,,000,共通部門,111,現金,,,00,,1048,0,駐車代,,,,,,,,,,,,,,,,,,,,,,,,,,,,,,,,,,,,,,,,,,,,,,,,,,,,,,
20220113,17,,,,010,札幌営業所,740,車両費,,,Q5,,762,69,,,,,,,,,,,,駐車代,,,,,,,,,,,,,,,,,,,,,,,,,,,,,,,,,,,,,,,,,,,,,,,,,,,,,,
20220114,23,,,,010,札幌営業所,726,旅費交通費,,,Q5,,26667,2424,,000,共通部門,111,現金,,,00,,92858,0,旅費,,,,,,,,,,,,,,,,,,,,,,,,,,,,,,,,,,,,,,,,,,,,,,,,,,,,,,
20220114,23,,,,010,札幌営業所,726,旅費交通費,,,Q5,,29524,2684,,,,,,,,,,,,旅費,,,,,,,,,,,,,,,,,,,,,,,,,,,,,,,,,,,,,,,,,,,,,,,,,,,,,,
20220114,23,,,,010,札幌営業所,726,旅費交通費,,,Q5,,36667,3333,,,,,,,,,,,,旅費,,,,,,,,,,,,,,,,,,,,,,,,,,,,,,,,,,,,,,,,,,,,,,,,,,,,,,
20220114,46,,,,020,東京支店,740,車両費,,,Q5,,2341,212,,000,共通部門,111,現金,,,00,,11988,0,ガソリン代,,,,,,,,,,,,,,,,,,,,,,,,,,,,,,,,,,,,,,,,,,,,,,,,,,,,,,
20220114,46,,,,020,東京支店,740,車両費,,,Q5,,4767,433,,,,,,,,,,,,ガソリン代,,,,,,,,,,,,,,,,,,,,,,,,,,,,,,,,,,,,,,,,,,,,,,,,,,,,,,
20220114,46,,,,020,東京支店,740,車両費,,,Q5,,4880,443,,,,,,,,,,,,ガソリン代,,,,,,,,,,,,,,,,,,,,,,,,,,,,,,,,,,,,,,,,,,,,,,,,,,,,,,
20220114,51,,,,020,東京支店,740,車両費,,,Q5,,1505,136,,000,共通部門,111,現金,,,00,,7176,0,高速代,,,,,,,,,,,,,,,,,,,,,,,,,,,,,,,,,,,,,,,,,,,,,,,,,,,,,,
20220114,51,,,,020,東京支店,740,車両費,,,Q5,,620,56,,,,,,,,,,,,高速代,,,,,,,,,,,,,,,,,,,,,,,,,,,,,,,,,,,,,,,,,,,,,,,,,,,,,,
20220114,51,,,,020,東京支店,740,車両費,,,Q5,,810,73,,,,,,,,,,,,高速代,,,,,,,,,,,,,,,,,,,,,,,,,,,,,,,,,,,,,,,,,,,,,,,,,,,,,,
20220114,51,,,,020,東京支店,740,車両費,,,Q5,,1096,99,,,,,,,,,,,,高速代,,,,,,,,,,,,,,,,,,,,,,,,,,,,,,,,,,,,,,,,,,,,,,,,,,,,,,
20220114,51,,,,020,東京支店,740,車両費,,,Q5,,1096,99,,,,,,,,,,,,高速代,,,,,,,,,,,,,,,,,,,,,,,,,,,,,,,,,,,,,,,,,,,,,,,,,,,,,,
20220114,51,,,,020,東京支店,740,車両費,,,Q5,,1096,99,,,,,,,,,,,,高速代,,,,,,,,,,,,,,,,,,,,,,,,,,,,,,,,,,,,,,,,,,,,,,,,,,,,,,
20220114,51,,,,020,東京支店,740,車両費,,,Q5,,953,86,,,,,,,,,,,,高速代,,,,,,,,,,,,,,,,,,,,,,,,,,,,,,,,,,,,,,,,,,,,,,,,,,,,,,
20220114,61,,,,020,東京支店,727,通信費,,,Q5,,121642,11058,,000,共通部門,131,普通預金,20,ABC銀行 本店,00,,121642,0,電話代,,,,,,,,,,,,,,,,,,,,,,,,,,,,,,,,,,,,,,,,,,,,,,,,,,,,,,
20220115,4,,,,010,札幌営業所,732,広告宣伝費,,,Q5,,31500,2863,,000,共通部門,322,未払金,,,00,,31500,0,広告費,,,,,,,,,,,,,,,,,,,,,,,,,,,,,,,,,,,,,,,,,,,,,,,,,,,,,,
20220115,58,,,,020,東京支店,726,旅費交通費,,,Q5,,86000,7818,,000,共通部門,111,現金,,,00,,86000,0,旅費,,,,,,,,,,,,,,,,,,,,,,,,,,,,,,,,,,,,,,,,,,,,,,,,,,,,,,
20220115,81,,,,030,名古屋支店,726,旅費交通費,,,Q5,,12000,1090,,000,共通部門,111,現金,,,00,,12000,0,架空鉄道会社A代,,,,,,,,,,,,,,,,,,,,,,,,,,,,,,,,,,,,,,,,,,,,,,,,,,,,,,
20220115,84,,,,020,東京支店,721,雑給,,,00,,313425,0,,000,共通部門,111,現金,,,00,,303937,0,1月給与その他 0060 パート･アルバイト,,,,,,,,,,,,,,,,,,,,,,,,,,,,,,,,,,,,,,,,,,,,,,,,,,,,,,
20220115,84,,,,,,,,,,,,,,,000,共通部門,326,預り金,3,源泉税,00,,860,0,1月給与その他 0060 パート･アルバイト,,,,,,,,,,,,,,,,,,,,,,,,,,,,,,,,,,,,,,,,,,,,,,,,,,,,,,
20220115,84,,,,,,,,,,,,,,,000,共通部門,326,預り金,9,その他,00,,8628,0,1月給与その他 0060 パート･アルバイト,,,,,,,,,,,,,,,,,,,,,,,,,,,,,,,,,,,,,,,,,,,,,,,,,,,,,,
20220115,95,,,,000,共通部門,131,普通預金,50,MNO銀行 北九州,00,,1949055,0,,000,共通部門,152,売掛金,1,株式会社若葉百貨店,00,,1949055,0,1月15日伝票No413株式会社若葉百貨店,,,,,,,,,,,,,,,,,,,,,,,,,,,,,,,,,,,,,,,,,,,,,,,,,,,,,,
20220115,95,,,,050,九州営業所,741,支払手数料,,,Q5,,840,76,,000,共通部門,152,売掛金,1,株式会社若葉百貨店,00,,840,0,1月15日伝票No413株式会社若葉百貨店,,,,,,,,,,,,,,,,,,,,,,,,,,,,,,,,,,,,,,,,,,,,,,,,,,,,,,
20220115,96,,,,000,共通部門,131,普通預金,30,GHI銀行 名古屋,00,,1851520,0,,000,共通部門,152,売掛金,6,株式会社瑞穂流通,00,,1851520,0,1月15日伝票No414株式会社瑞穂流通,,,,,,,,,,,,,,,,,,,,,,,,,,,,,,,,,,,,,,,,,,,,,,,,,,,,,,
20220115,96,,,,030,名古屋支店,741,支払手数料,,,Q5,,840,76,,000,共通部門,152,売掛金,6,株式会社瑞穂流通,00,,840,0,1月15日伝票No414株式会社瑞穂流通,,,,,,,,,,,,,,,,,,,,,,,,,,,,,,,,,,,,,,,,,,,,,,,,,,,,,,
20220115,97,,,,000,共通部門,131,普通預金,40,JKL銀行 梅田,00,,1218128,0,,000,共通部門,152,売掛金,8,株式会社高原マーケット,00,,1218128,0,1月15日伝票No415株式会社高原マーケット,,,,,,,,,,,,,,,,,,,,,,,,,,,,,,,,,,,,,,,,,,,,,,,,,,,,,,
20220115,97,,,,040,大阪支店,741,支払手数料,,,Q5,,840,76,,000,共通部門,152,売掛金,8,株式会社高原マーケット,00,,840,0,1月15日伝票No415株式会社高原マーケット,,,,,,,,,,,,,,,,,,,,,,,,,,,,,,,,,,,,,,,,,,,,,,,,,,,,,,
20220115,98,,,,000,共通部門,131,普通預金,40,JKL銀行 梅田,00,,1346432,0,,000,共通部門,152,売掛金,9,朝凪物産株式会社,00,,1346432,0,1月15日伝票No416朝凪物産株式会社,,,,,,,,,,,,,,,,,,,,,,,,,,,,,,,,,,,,,,,,,,,,,,,,,,,,,,
20220115,98,,,,040,大阪支店,741,支払手数料,,,Q5,,840,76,,000,共通部門,152,売掛金,9,朝凪物産株式会社,00,,840,0,1月15日伝票No416朝凪物産株式会社,,,,,,,,,,,,,,,,,,,,,,,,,,,,,,,,,,,,,,,,,,,,,,,,,,,,,,
20220115,99,,,,000,共通部門,131,普通預金,20,ABC銀行 本店,00,,1632272,0,,000,共通部門,152,売掛金,13,星川商事株式会社,00,,1632272,0,1月15日伝票No417星川商事株式会社,,,,,,,,,,,,,,,,,,,,,,,,,,,,,,,,,,,,,,,,,,,,,,,,,,,,,,
20220115,100,,,,000,共通部門,131,普通預金,40,JKL銀行 梅田,00,,2361169,0,,000,共通部門,152,売掛金,20,清和商事株式会社,00,,2361169,0,1月15日伝票No418清和商事株式会社,,,,,,,,,,,,,,,,,,,,,,,,,,,,,,,,,,,,,,,,,,,,,,,,,,,,,,
20220115,100,,,,040,大阪支店,741,支払手数料,,,Q5,,315,28,,000,共通部門,152,売掛金,20,清和商事株式会社,00,,315,0,1月15日伝票No418清和商事株式会社,,,,,,,,,,,,,,,,,,,,,,,,,,,,,,,,,,,,,,,,,,,,,,,,,,,,,,
20220115,101,,,,000,共通部門,312,買掛金,1,株式会社北辰商事,00,,7285614,0,,000,共通部門,131,普通預金,20,ABC銀行 本店,00,,7285614,0,1月15日伝票No320株式会社北辰商事,,,,,,,,,,,,,,,,,,,,,,,,,,,,,,,,,,,,,,,,,,,,,,,,,,,,,,
20220115,103,,,,040,大阪支店,733,交際接待費,,,Q5,,1260,114,,000,共通部門,111,現金,,,00,,1260,0,コーヒー代2名,,,,,,,,,,,,,,,,,,,,,,,,,,,,,,,,,,,,,,,,,,,,,,,,,,,,,,
20220115,109,,,,040,大阪支店,740,車両費,,,Q5,,50400,4581,,000,共通部門,322,未払金,,,00,,50400,0,ガソリン代,,,,,,,,,,,,,,,,,,,,,,,,,,,,,,,,,,,,,,,,,,,,,,,,,,,,,,
20220115,130,,,,040,大阪支店,742,諸会費,,,00,,24000,0,,000,共通部門,131,普通預金,40,JKL銀行 梅田,00,,24000,0,会費,,,,,,,,,,,,,,,,,,,,,,,,,,,,,,,,,,,,,,,,,,,,,,,,,,,,,,
20220115,156,,,,050,九州営業所,726,旅費交通費,,,Q5,,7700,700,,000,共通部門,111,現金,,,00,,7700,0,出張旅費,,,,,,,,,,,,,,,,,,,,,,,,,,,,,,,,,,,,,,,,,,,,,,,,,,,,,,
20220115,165,,,,050,九州営業所,791,雑費,,,Q5,,1007,91,,000,共通部門,111,現金,,,00,,1007,0,電池代他,,,,,,,,,,,,,,,,,,,,,,,,,,,,,,,,,,,,,,,,,,,,,,,,,,,,,,
20220116,73,,,,020,東京支店,733,交際接待費,,,Q5,,28000,2545,,000,共通部門,111,現金,,,00,,28000,0,ゴルフプレー代2名,,,,,,,,,,,,,,,,,,,,,,,,,,,,,,,,,,,,,,,,,,,,,,,,,,,,,,
20220116,74,,,,020,東京支店,733,交際接待費,,,Q5,,10000,909,,000,共通部門,111,現金,,,00,,10000,0,新年会会費,,,,,,,,,,,,,,,,,,,,,,,,,,,,,,,,,,,,,,,,,,,,,,,,,,,,,,
20220116,117,,,,040,大阪支店,742,諸会費,,,00,,20000,0,,000,共通部門,111,現金,,,00,,20000,0,会費,,,,,,,,,,,,,,,,,,,,,,,,,,,,,,,,,,,,,,,,,,,,,,,,,,,,,,
20220116,136,,,,040,大阪支店,791,雑費,,,Q5,,16500,1500,,000,共通部門,111,現金,,,00,,16500,0,架空清掃会社A代,,,,,,,,,,,,,,,,,,,,,,,,,,,,,,,,,,,,,,,,,,,,,,,,,,,,,,
20220116,157,,,,050,九州営業所,726,旅費交通費,,,Q5,,38700,3518,,000,共通部門,131,普通預金,50,MNO銀行 北九州,00,,38700,0,航空券代,,,,,,,,,,,,,,,,,,,,,,,,,,,,,,,,,,,,,,,,,,,,,,,,,,,,,,
20220117,47,,,,020,東京支店,740,車両費,,,Q5,,2540,230,,000,共通部門,111,現金,,,00,,2540,0,ガソリン代,,,,,,,,,,,,,,,,,,,,,,,,,,,,,,,,,,,,,,,,,,,,,,,,,,,,,,
20220117,52,,,,020,東京支店,740,車両費,,,Q5,,1096,99,,000,共通部門,111,現金,,,00,,3621,0,高速代,,,,,,,,,,,,,,,,,,,,,,,,,,,,,,,,,,,,,,,,,,,,,,,,,,,,,,
20220117,52,,,,020,東京支店,740,車両費,,,Q5,,1096,99,,,,,,,,,,,,高速代,,,,,,,,,,,,,,,,,,,,,,,,,,,,,,,,,,,,,,,,,,,,,,,,,,,,,,
20220117,52,,,,020,東京支店,740,車両費,,,Q5,,1429,129,,,,,,,,,,,,高速代,,,,,,,,,,,,,,,,,,,,,,,,,,,,,,,,,,,,,,,,,,,,,,,,,,,,,,
20220117,104,,,,040,大阪支店,733,交際接待費,,,Q5,,2100,190,,000,共通部門,111,現金,,,00,,2100,0,手土産代 架空店舗089,,,,,,,,,,,,,,,,,,,,,,,,,,,,,,,,,,,,,,,,,,,,,,,,,,,,,,
20220118,68,,,,030,名古屋支店,733,交際接待費,,,Q5,,11684,1062,,000,共通部門,111,現金,,,00,,11684,0,飲食代 架空店舗082 3名,,,,,,,,,,,,,,,,,,,,,,,,,,,,,,,,,,,,,,,,,,,,,,,,,,,,,,
20220118,82,,,,030,名古屋支店,726,旅費交通費,,,Q5,,5000,454,,000,共通部門,111,現金,,,00,,5000,0,タクシー代,,,,,,,,,,,,,,,,,,,,,,,,,,,,,,,,,,,,,,,,,,,,,,,,,,,,,,
20220118,148,,,,050,九州営業所,740,車両費,,,Q5,,6613,601,,000,共通部門,111,現金,,,00,,7233,0,ガソリン代,,,,,,,,,,,,,,,,,,,,,,,,,,,,,,,,,,,,,,,,,,,,,,,,,,,,,,
20220118,148,,,,050,九州営業所,740,車両費,,,Q5,,620,56,,,,,,,,,,,,高速代,,,,,,,,,,,,,,,,,,,,,,,,,,,,,,,,,,,,,,,,,,,,,,,,,,,,,,
20220119,69,,,,020,東京支店,791,雑費,,,Q5,,2746,249,,000,共通部門,111,現金,,,00,,2746,0,お茶代他,,,,,,,,,,,,,,,,,,,,,,,,,,,,,,,,,,,,,,,,,,,,,,,,,,,,,,
20220119,105,,,,040,大阪支店,733,交際接待費,,,Q5,,23372,2124,,000,共通部門,111,現金,,,00,,83802,0,飲食代 架空店舗063 6名,,,,,,,,,,,,,,,,,,,,,,,,,,,,,,,,,,,,,,,,,,,,,,,,,,,,,,
20220119,105,,,,040,大阪支店,733,交際接待費,,,Q5,,39096,3554,,,,,,,,,,,,飲食代 架空店舗022,,,,,,,,,,,,,,,,,,,,,,,,,,,,,,,,,,,,,,,,,,,,,,,,,,,,,,
20220119,105,,,,040,大阪支店,733,交際接待費,,,Q5,,21334,1939,,,,,,,,,,,,飲食代 架空店舗023,,,,,,,,,,,,,,,,,,,,,,,,,,,,,,,,,,,,,,,,,,,,,,,,,,,,,,
20220120,1,,,,000,共通部門,724,福利厚生費,,,Q6,,21600,1600,,000,共通部門,111,現金,,,00,,21600,0,残業夜食　軽減税率,,,,,,,,,,,,,,,,,,,,,,,,,,,,,,,,,,,,,,,,,,,,,,,,,,,,,,
20220120,6,,,,010,札幌営業所,732,広告宣伝費,,,Q5,,5000,454,,000,共通部門,111,現金,,,00,,5000,0,広告料,,,,,,,,,,,,,,,,,,,,,,,,,,,,,,,,,,,,,,,,,,,,,,,,,,,,,,
20220120,12,,,,010,札幌営業所,740,車両費,,,Q5,,4762,432,,000,共通部門,111,現金,,,00,,9193,0,ガソリン代,,,,,,,,,,,,,,,,,,,,,,,,,,,,,,,,,,,,,,,,,,,,,,,,,,,,,,
20220120,12,,,,010,札幌営業所,740,車両費,,,Q5,,4431,402,,,,,,,,,,,,ガソリン代,,,,,,,,,,,,,,,,,,,,,,,,,,,,,,,,,,,,,,,,,,,,,,,,,,,,,,
20220120,24,,,,010,札幌営業所,726,旅費交通費,,,Q5,,82620,7510,,000,共通部門,111,現金,,,00,,82620,0,架空鉄道会社A回数券,,,,,,,,,,,,,,,,,,,,,,,,,,,,,,,,,,,,,,,,,,,,,,,,,,,,,,
20220120,31,,,,010,札幌営業所,754,事務用消耗品費,,,Q5,,3152,286,,000,共通部門,322,未払金,,,00,,3152,0,コピー代,,,,,,,,,,,,,,,,,,,,,,,,,,,,,,,,,,,,,,,,,,,,,,,,,,,,,,
20220120,34,,,,010,札幌営業所,736,水道光熱費,,,Q5,,69196,6290,,000,共通部門,131,普通預金,10,DEF銀行 駅前,00,,72921,0,電気代,,,,,,,,,,,,,,,,,,,,,,,,,,,,,,,,,,,,,,,,,,,,,,,,,,,,,,
20220120,34,,,,010,札幌営業所,736,水道光熱費,,,Q5,,3725,338,,,,,,,,,,,,水道代,,,,,,,,,,,,,,,,,,,,,,,,,,,,,,,,,,,,,,,,,,,,,,,,,,,,,,
20220120,48,,,,020,東京支店,740,車両費,,,Q5,,4303,391,,000,共通部門,111,現金,,,00,,4303,0,ガソリン代,,,,,,,,,,,,,,,,,,,,,,,,,,,,,,,,,,,,,,,,,,,,,,,,,,,,,,
20220120,53,,,,020,東京支店,740,車両費,,,Q5,,381,34,,000,共通部門,111,現金,,,00,,2381,0,高速代,,,,,,,,,,,,,,,,,,,,,,,,,,,,,,,,,,,,,,,,,,,,,,,,,,,,,,
20220120,53,,,,020,東京支店,740,車両費,,,Q5,,1000,90,,,,,,,,,,,,高速代,,,,,,,,,,,,,,,,,,,,,,,,,,,,,,,,,,,,,,,,,,,,,,,,,,,,,,
20220120,53,,,,020,東京支店,740,車両費,,,Q5,,1000,90,,,,,,,,,,,,高速代,,,,,,,,,,,,,,,,,,,,,,,,,,,,,,,,,,,,,,,,,,,,,,,,,,,,,,
20220120,63,,,,050,九州営業所,724,福利厚生費,,,Q5,,10100,918,,000,共通部門,322,未払金,,,00,,10100,0,お茶代,,,,,,,,,,,,,,,,,,,,,,,,,,,,,,,,,,,,,,,,,,,,,,,,,,,,,,
20220120,64,,,,020,東京支店,736,水道光熱費,,,Q5,,168910,15355,,000,共通部門,131,普通預金,20,ABC銀行 本店,00,,176650,0,電気料,,,,,,,,,,,,,,,,,,,,,,,,,,,,,,,,,,,,,,,,,,,,,,,,,,,,,,
20220120,64,,,,020,東京支店,736,水道光熱費,,,Q5,,7740,703,,,,,,,,,,,,水道料,,,,,,,,,,,,,,,,,,,,,,,,,,,,,,,,,,,,,,,,,,,,,,,,,,,,,,
20220120,70,,,,030,名古屋支店,791,雑費,,,Q5,,5000,454,,000,共通部門,322,未払金,,,00,,5000,0,有線,,,,,,,,,,,,,,,,,,,,,,,,,,,,,,,,,,,,,,,,,,,,,,,,,,,,,,
20220120,71,,,,020,東京支店,754,事務用消耗品費,,,Q5,,3509,319,,000,共通部門,322,未払金,,,00,,38646,0,事務用品,,,,,,,,,,,,,,,,,,,,,,,,,,,,,,,,,,,,,,,,,,,,,,,,,,,,,,
20220120,71,,,,020,東京支店,754,事務用消耗品費,,,Q5,,35137,3194,,,,,,,,,,,,カウンター料金,,,,,,,,,,,,,,,,,,,,,,,,,,,,,,,,,,,,,,,,,,,,,,,,,,,,,,
20220120,72,,,,050,九州営業所,754,事務用消耗品費,,,Q5,,6300,572,,000,共通部門,322,未払金,,,00,,6300,0,カウンター料金,,,,,,,,,,,,,,,,,,,,,,,,,,,,,,,,,,,,,,,,,,,,,,,,,,,,,,
20220120,76,,,,000,共通部門,737,消耗品費,,,Q5,,10147,922,,000,共通部門,322,未払金,,,00,,275968,0,ファイル等,,,,,,,,,,,,,,,,,,,,,,,,,,,,,,,,,,,,,,,,,,,,,,,,,,,,,,
20220120,76,,,,000,共通部門,737,消耗品費,,,Q5,,222011,20182,,,,,,,,,,,,飲料水,,,,,,,,,,,,,,,,,,,,,,,,,,,,,,,,,,,,,,,,,,,,,,,,,,,,,,
20220120,76,,,,000,共通部門,737,消耗品費,,,Q5,,43810,3982,,,,,,,,,,,,名刺代,,,,,,,,,,,,,,,,,,,,,,,,,,,,,,,,,,,,,,,,,,,,,,,,,,,,,,
20220120,89,,,,030,名古屋支店,736,水道光熱費,,,Q5,,89831,8166,,000,共通部門,131,普通預金,30,GHI銀行 名古屋,00,,98372,0,電気料,,,,,,,,,,,,,,,,,,,,,,,,,,,,,,,,,,,,,,,,,,,,,,,,,,,,,,
20220120,89,,,,030,名古屋支店,736,水道光熱費,,,Q5,,4038,367,,,,,,,,,,,,水道料,,,,,,,,,,,,,,,,,,,,,,,,,,,,,,,,,,,,,,,,,,,,,,,,,,,,,,
20220120,89,,,,030,名古屋支店,736,水道光熱費,,,Q5,,4503,409,,,,,,,,,,,,ガス代,,,,,,,,,,,,,,,,,,,,,,,,,,,,,,,,,,,,,,,,,,,,,,,,,,,,,,
20220120,97,,,,030,名古屋支店,754,事務用消耗品費,,,Q5,,39887,3626,,000,共通部門,322,未払金,,,00,,39887,0,コピー代,,,,,,,,,,,,,,,,,,,,,,,,,,,,,,,,,,,,,,,,,,,,,,,,,,,,,,
20220120,98,,,,030,名古屋支店,754,事務用消耗品費,,,Q5,,7063,642,,000,共通部門,322,未払金,,,00,,7063,0,事務用品,,,,,,,,,,,,,,,,,,,,,,,,,,,,,,,,,,,,,,,,,,,,,,,,,,,,,,
20220120,101,,,,040,大阪支店,732,広告宣伝費,,,Q5,,52500,4772,,000,共通部門,322,未払金,,,00,,52500,0,広告料,,,,,,,,,,,,,,,,,,,,,,,,,,,,,,,,,,,,,,,,,,,,,,,,,,,,,,
20220120,102,,,,000,共通部門,111,現金,,,00,,1182012,0,,000,共通部門,152,売掛金,11,株式会社楓屋,00,,1182012,0,1月20日伝票No419株式会社楓屋,,,,,,,,,,,,,,,,,,,,,,,,,,,,,,,,,,,,,,,,,,,,,,,,,,,,,,
20220120,103,,,,000,共通部門,131,普通預金,30,GHI銀行 名古屋,00,,1838948,0,,000,共通部門,152,売掛金,21,合同会社つばさ商店,00,,1838948,0,1月20日伝票No420合同会社つばさ商店,,,,,,,,,,,,,,,,,,,,,,,,,,,,,,,,,,,,,,,,,,,,,,,,,,,,,,
20220120,103,,,,030,名古屋支店,741,支払手数料,,,Q5,,472,42,,000,共通部門,152,売掛金,21,合同会社つばさ商店,00,,472,0,1月20日伝票No420合同会社つばさ商店,,,,,,,,,,,,,,,,,,,,,,,,,,,,,,,,,,,,,,,,,,,,,,,,,,,,,,
20220120,104,,,,000,共通部門,131,普通預金,20,ABC銀行 本店,00,,2107200,0,,000,共通部門,152,売掛金,30,株式会社彩雲トレーディング,00,,2107200,0,1月20日伝票No421株式会社彩雲トレーディング,,,,,,,,,,,,,,,,,,,,,,,,,,,,,,,,,,,,,,,,,,,,,,,,,,,,,,
20220120,104,,,,020,東京支店,741,支払手数料,,,Q5,,735,66,,000,共通部門,152,売掛金,30,株式会社彩雲トレーディング,00,,735,0,1月20日伝票No421株式会社彩雲トレーディング,,,,,,,,,,,,,,,,,,,,,,,,,,,,,,,,,,,,,,,,,,,,,,,,,,,,,,
20220120,105,,,,000,共通部門,312,買掛金,4,株式会社和泉流通,00,,1503036,0,,000,共通部門,121,当座預金,1,ABC銀行,00,,1503036,0,1月20日伝票No321株式会社和泉流通,,,,,,,,,,,,,,,,,,,,,,,,,,,,,,,,,,,,,,,,,,,,,,,,,,,,,,
20220120,106,,,,000,共通部門,312,買掛金,6,株式会社日向産業,00,,4043244,0,,000,共通部門,131,普通預金,20,ABC銀行 本店,00,,4043244,0,1月20日伝票No322株式会社日向産業,,,,,,,,,,,,,,,,,,,,,,,,,,,,,,,,,,,,,,,,,,,,,,,,,,,,,,
20220120,107,,,,000,共通部門,312,買掛金,11,株式会社花園商会,00,,8378109,0,,000,共通部門,301,支払手形,,,00,,8378109,0,1月20日伝票No323株式会社花園商会,,,,,,,,,,,,,,,,,,,,,,,,,,,,,,,,,,,,,,,,,,,,,,,,,,,,,,
20220120,118,,,,040,大阪支店,754,事務用消耗品費,,,Q5,,7980,725,,000,共通部門,322,未払金,,,00,,7980,0,コピー代,,,,,,,,,,,,,,,,,,,,,,,,,,,,,,,,,,,,,,,,,,,,,,,,,,,,,,
20220120,119,,,,040,大阪支店,754,事務用消耗品費,,,Q5,,3778,343,,000,共通部門,322,未払金,,,00,,3778,0,事務用品,,,,,,,,,,,,,,,,,,,,,,,,,,,,,,,,,,,,,,,,,,,,,,,,,,,,,,
20220120,132,,,,040,大阪支店,736,水道光熱費,,,Q5,,106066,9642,,000,共通部門,131,普通預金,40,JKL銀行 梅田,00,,111948,0,電気代,,,,,,,,,,,,,,,,,,,,,,,,,,,,,,,,,,,,,,,,,,,,,,,,,,,,,,
20220120,132,,,,040,大阪支店,736,水道光熱費,,,Q5,,5882,534,,,,,,,,,,,,水道代,,,,,,,,,,,,,,,,,,,,,,,,,,,,,,,,,,,,,,,,,,,,,,,,,,,,,,
20220120,139,,,,000,共通部門,121,当座預金,1,ABC銀行,00,,5950364,0,,000,共通部門,150,受取手形,,,00,,6004022,0,手形割引 株式会社青葉百貨店 | 手形番号=R20211210-101-28;受取額に決済額を訂正,,,,,,,,,,,,,,,,,,,,,,,,,,,,,,,,,,,,,,,,,,,,,,,,,,,,,,
20220120,139,,,,020,東京支店,821,支払利息,,,P0,,53658,0,,,,,,,,,,,,手形割引料 | 手形番号=R20211210-101-28,,,,,,,,,,,,,,,,,,,,,,,,,,,,,,,,,,,,,,,,,,,,,,,,,,,,,,
20220120,144,,,,040,大阪支店,740,車両費,,,Q5,,4351,395,,000,共通部門,111,現金,,,00,,11818,0,ガソリン代,,,,,,,,,,,,,,,,,,,,,,,,,,,,,,,,,,,,,,,,,,,,,,,,,,,,,,
20220120,144,,,,040,大阪支店,740,車両費,,,Q5,,7162,651,,,,,,,,,,,,ガソリン代,,,,,,,,,,,,,,,,,,,,,,,,,,,,,,,,,,,,,,,,,,,,,,,,,,,,,,
20220120,144,,,,040,大阪支店,740,車両費,,,Q5,,305,27,,,,,,,,,,,,ガソリン代,,,,,,,,,,,,,,,,,,,,,,,,,,,,,,,,,,,,,,,,,,,,,,,,,,,,,,
20220120,169,,,,050,九州営業所,736,水道光熱費,,,Q5,,94520,8592,,000,共通部門,131,普通預金,50,MNO銀行 北九州,00,,100601,0,電気料,,,,,,,,,,,,,,,,,,,,,,,,,,,,,,,,,,,,,,,,,,,,,,,,,,,,,,
20220120,169,,,,050,九州営業所,736,水道光熱費,,,Q5,,6081,552,,,,,,,,,,,,水道料,,,,,,,,,,,,,,,,,,,,,,,,,,,,,,,,,,,,,,,,,,,,,,,,,,,,,,
20220121,8,,,,010,札幌営業所,733,交際接待費,,,Q5,,20000,1818,,000,共通部門,111,現金,,,00,,20000,0,定例ミーティング会費,,,,,,,,,,,,,,,,,,,,,,,,,,,,,,,,,,,,,,,,,,,,,,,,,,,,,,
20220121,25,,,,010,札幌営業所,726,旅費交通費,,,Q5,,56000,5090,,000,共通部門,111,現金,,,00,,56000,0,旅費,,,,,,,,,,,,,,,,,,,,,,,,,,,,,,,,,,,,,,,,,,,,,,,,,,,,,,
20220121,69,,,,010,札幌営業所,791,雑費,,,Q5,,2388,217,,000,共通部門,111,現金,,,00,,2388,0,お茶代他,,,,,,,,,,,,,,,,,,,,,,,,,,,,,,,,,,,,,,,,,,,,,,,,,,,,,,
20220121,82,,,,030,名古屋支店,740,車両費,,,Q5,,21324,1938,,000,共通部門,322,未払金,,,00,,21324,0,ガソリン代,,,,,,,,,,,,,,,,,,,,,,,,,,,,,,,,,,,,,,,,,,,,,,,,,,,,,,
20220121,126,,,,020,東京支店,738,租税公課,,,00,,2000,0,,000,共通部門,111,現金,,,00,,2000,0,収入印紙,,,,,,,,,,,,,,,,,,,,,,,,,,,,,,,,,,,,,,,,,,,,,,,,,,,,,,
20220121,160,,,,020,東京支店,726,旅費交通費,,,Q5,,70000,6363,,000,共通部門,111,現金,,,00,,70000,0,出張旅費,,,,,,,,,,,,,,,,,,,,,,,,,,,,,,,,,,,,,,,,,,,,,,,,,,,,,,
20220121,163,,,,050,九州営業所,742,諸会費,,,00,,18000,0,,000,共通部門,111,現金,,,00,,18000,0,会費,,,,,,,,,,,,,,,,,,,,,,,,,,,,,,,,,,,,,,,,,,,,,,,,,,,,,,
20220122,3,,,,010,札幌営業所,724,福利厚生費,,,Q5,,25450,2313,,000,共通部門,322,未払金,,,00,,25450,0,宿泊代,,,,,,,,,,,,,,,,,,,,,,,,,,,,,,,,,,,,,,,,,,,,,,,,,,,,,,
20220122,90,,,,030,名古屋支店,791,雑費,,,Q5,,10500,954,,000,共通部門,111,現金,,,00,,10500,0,架空清掃会社A代,,,,,,,,,,,,,,,,,,,,,,,,,,,,,,,,,,,,,,,,,,,,,,,,,,,,,,
20220122,95,,,,030,名古屋支店,791,雑費,,,Q5,,71675,6515,,000,共通部門,322,未払金,,,00,,71675,0,清掃料,,,,,,,,,,,,,,,,,,,,,,,,,,,,,,,,,,,,,,,,,,,,,,,,,,,,,,
20220122,138,,,,040,大阪支店,740,車両費,,,Q5,,4430,402,,000,共通部門,111,現金,,,00,,31140,0,駐車代,,,,,,,,,,,,,,,,,,,,,,,,,,,,,,,,,,,,,,,,,,,,,,,,,,,,,,
20220122,138,,,,040,大阪支店,740,車両費,,,Q5,,8115,737,,,,,,,,,,,,高速代,,,,,,,,,,,,,,,,,,,,,,,,,,,,,,,,,,,,,,,,,,,,,,,,,,,,,,
20220122,138,,,,040,大阪支店,740,車両費,,,Q5,,1166,106,,,,,,,,,,,,高速代,,,,,,,,,,,,,,,,,,,,,,,,,,,,,,,,,,,,,,,,,,,,,,,,,,,,,,
20220122,138,,,,040,大阪支店,740,車両費,,,Q5,,6230,566,,,,,,,,,,,,高速代,,,,,,,,,,,,,,,,,,,,,,,,,,,,,,,,,,,,,,,,,,,,,,,,,,,,,,
20220122,138,,,,040,大阪支店,740,車両費,,,Q5,,2140,194,,,,,,,,,,,,高速代,,,,,,,,,,,,,,,,,,,,,,,,,,,,,,,,,,,,,,,,,,,,,,,,,,,,,,
20220122,138,,,,040,大阪支店,740,車両費,,,Q5,,9059,823,,,,,,,,,,,,ガソリン代,,,,,,,,,,,,,,,,,,,,,,,,,,,,,,,,,,,,,,,,,,,,,,,,,,,,,,
20220122,161,,,,050,九州営業所,726,旅費交通費,,,Q5,,7260,660,,000,共通部門,111,現金,,,00,,7260,0,旅費,,,,,,,,,,,,,,,,,,,,,,,,,,,,,,,,,,,,,,,,,,,,,,,,,,,,,,
20220122,166,,,,050,九州営業所,791,雑費,,,Q5,,1890,171,,000,共通部門,111,現金,,,00,,1890,0,架空清掃会社A代,,,,,,,,,,,,,,,,,,,,,,,,,,,,,,,,,,,,,,,,,,,,,,,,,,,,,,
20220123,26,,,,010,札幌営業所,726,旅費交通費,,,Q5,,11000,1000,,000,共通部門,111,現金,,,00,,11000,0,旅費,,,,,,,,,,,,,,,,,,,,,,,,,,,,,,,,,,,,,,,,,,,,,,,,,,,,,,
20220123,28,,,,010,札幌営業所,726,旅費交通費,,,Q5,,2420,220,,000,共通部門,322,未払金,,,00,,2420,0,タクシー代,,,,,,,,,,,,,,,,,,,,,,,,,,,,,,,,,,,,,,,,,,,,,,,,,,,,,,
20220123,54,,,,020,東京支店,740,車両費,,,Q5,,1810,164,,000,共通部門,111,現金,,,00,,4382,0,高速代,,,,,,,,,,,,,,,,,,,,,,,,,,,,,,,,,,,,,,,,,,,,,,,,,,,,,,
20220123,54,,,,020,東京支店,740,車両費,,,Q5,,2572,233,,,,,,,,,,,,高速代,,,,,,,,,,,,,,,,,,,,,,,,,,,,,,,,,,,,,,,,,,,,,,,,,,,,,,
20220123,140,,,,040,大阪支店,726,旅費交通費,,,Q5,,4970,451,,000,共通部門,111,現金,,,00,,4970,0,旅費,,,,,,,,,,,,,,,,,,,,,,,,,,,,,,,,,,,,,,,,,,,,,,,,,,,,,,
20220123,158,,,,040,大阪支店,726,旅費交通費,,,Q5,,9500,863,,000,共通部門,111,現金,,,00,,9500,0,出張旅費,,,,,,,,,,,,,,,,,,,,,,,,,,,,,,,,,,,,,,,,,,,,,,,,,,,,,,
20220124,108,,,,040,大阪支店,733,交際接待費,,,Q5,,1360,123,,000,共通部門,111,現金,,,00,,1360,0,コーヒー代2名,,,,,,,,,,,,,,,,,,,,,,,,,,,,,,,,,,,,,,,,,,,,,,,,,,,,,,
20220124,114,,,,040,大阪支店,739,新聞図書費,,,Q5,,2540,230,,000,共通部門,111,現金,,,00,,5404,0,新聞代,,,,,,,,,,,,,,,,,,,,,,,,,,,,,,,,,,,,,,,,,,,,,,,,,,,,,,
20220124,114,,,,040,大阪支店,739,新聞図書費,,,Q5,,2864,260,,,,,,,,,,,,新聞代,,,,,,,,,,,,,,,,,,,,,,,,,,,,,,,,,,,,,,,,,,,,,,,,,,,,,,
20220124,120,,,,040,大阪支店,728,販売手数料,,,Q5,,651000,59181,,000,共通部門,322,未払金,,,00,,651000,0,業務委託費,,,,,,,,,,,,,,,,,,,,,,,,,,,,,,,,,,,,,,,,,,,,,,,,,,,,,,
20220124,137,,,,040,大阪支店,791,雑費,,,Q5,,6000,545,,000,共通部門,322,未払金,,,00,,48858,0,有線,,,,,,,,,,,,,,,,,,,,,,,,,,,,,,,,,,,,,,,,,,,,,,,,,,,,,,
20220124,137,,,,040,大阪支店,791,雑費,,,Q5,,42858,3896,,,,,,,,,,,,警備料,,,,,,,,,,,,,,,,,,,,,,,,,,,,,,,,,,,,,,,,,,,,,,,,,,,,,,
20220124,137,,,,040,大阪支店,740,車両費,,,Q5,,23547,2140,,000,共通部門,131,普通預金,40,JKL銀行 梅田,00,,23547,0,高速料,,,,,,,,,,,,,,,,,,,,,,,,,,,,,,,,,,,,,,,,,,,,,,,,,,,,,,
20220124,137,,,,040,大阪支店,791,雑費,,,Q5,,65540,5958,,000,共通部門,322,未払金,,,00,,65540,0,清掃料,,,,,,,,,,,,,,,,,,,,,,,,,,,,,,,,,,,,,,,,,,,,,,,,,,,,,,
20220124,137,,,,040,大阪支店,740,車両費,,,Q5,,13211,1201,,000,共通部門,111,現金,,,00,,13211,0,ガソリン代,,,,,,,,,,,,,,,,,,,,,,,,,,,,,,,,,,,,,,,,,,,,,,,,,,,,,,
20220124,146,,,,050,九州営業所,728,販売手数料,,,Q5,,168000,15272,,000,共通部門,322,未払金,,,00,,168000,0,業務委託費,,,,,,,,,,,,,,,,,,,,,,,,,,,,,,,,,,,,,,,,,,,,,,,,,,,,,,
20220124,155,,,,050,九州営業所,740,車両費,,,Q5,,7099,645,,000,共通部門,111,現金,,,00,,7099,0,ガソリン代,,,,,,,,,,,,,,,,,,,,,,,,,,,,,,,,,,,,,,,,,,,,,,,,,,,,,,
20220125,62,,,,020,東京支店,727,通信費,,,Q5,,79525,7229,,000,共通部門,131,普通預金,20,ABC銀行 本店,00,,79525,0,携帯代,,,,,,,,,,,,,,,,,,,,,,,,,,,,,,,,,,,,,,,,,,,,,,,,,,,,,,
20220125,72,,,,020,東京支店,739,新聞図書費,,,Q5,,2864,260,,000,共通部門,111,現金,,,00,,9078,0,新聞代,,,,,,,,,,,,,,,,,,,,,,,,,,,,,,,,,,,,,,,,,,,,,,,,,,,,,,
20220125,72,,,,020,東京支店,739,新聞図書費,,,Q5,,2815,255,,,,,,,,,,,,新聞代,,,,,,,,,,,,,,,,,,,,,,,,,,,,,,,,,,,,,,,,,,,,,,,,,,,,,,
20220125,72,,,,020,東京支店,739,新聞図書費,,,Q5,,3399,309,,,,,,,,,,,,新聞代,,,,,,,,,,,,,,,,,,,,,,,,,,,,,,,,,,,,,,,,,,,,,,,,,,,,,,
20220125,85,,,,020,東京支店,711,役員報酬,,,00,,1720000,0,,000,共通部門,131,普通預金,20,ABC銀行 本店,00,,1124255,0,1月給与その他 0001 役員,,,,,,,,,,,,,,,,,,,,,,,,,,,,,,,,,,,,,,,,,,,,,,,,,,,,,,
20220125,85,,,,,,,,,,,,,,,000,共通部門,326,預り金,1,保険料,00,,120411,0,1月給与その他 0001 役員,,,,,,,,,,,,,,,,,,,,,,,,,,,,,,,,,,,,,,,,,,,,,,,,,,,,,,
20220125,85,,,,,,,,,,,,,,,000,共通部門,326,預り金,2,住民税,00,,171200,0,1月給与その他 0001 役員,,,,,,,,,,,,,,,,,,,,,,,,,,,,,,,,,,,,,,,,,,,,,,,,,,,,,,
20220125,85,,,,,,,,,,,,,,,000,共通部門,326,預り金,3,源泉税,00,,164442,0,1月給与その他 0001 役員,,,,,,,,,,,,,,,,,,,,,,,,,,,,,,,,,,,,,,,,,,,,,,,,,,,,,,
20220125,85,,,,,,,,,,,,,,,000,共通部門,326,預り金,4,貯蓄・保険,00,,133972,0,1月給与その他 0001 役員,,,,,,,,,,,,,,,,,,,,,,,,,,,,,,,,,,,,,,,,,,,,,,,,,,,,,,
20220125,85,,,,,,,,,,,,,,,000,共通部門,326,預り金,9,その他,00,,5720,0,1月給与その他 0001 役員,,,,,,,,,,,,,,,,,,,,,,,,,,,,,,,,,,,,,,,,,,,,,,,,,,,,,,
20220125,85,,,,020,東京支店,712,給与手当,,,00,,1820930,0,,000,共通部門,131,普通預金,20,ABC銀行 本店,00,,1349186,0,1月給与その他 0020 営業部,,,,,,,,,,,,,,,,,,,,,,,,,,,,,,,,,,,,,,,,,,,,,,,,,,,,,,
20220125,85,,,,,,,,,,,,,,,000,共通部門,326,預り金,1,保険料,00,,236045,0,1月給与その他 0020 営業部,,,,,,,,,,,,,,,,,,,,,,,,,,,,,,,,,,,,,,,,,,,,,,,,,,,,,,
20220125,85,,,,,,,,,,,,,,,000,共通部門,326,預り金,2,住民税,00,,104300,0,1月給与その他 0020 営業部,,,,,,,,,,,,,,,,,,,,,,,,,,,,,,,,,,,,,,,,,,,,,,,,,,,,,,
20220125,85,,,,,,,,,,,,,,,000,共通部門,326,預り金,3,源泉税,00,,28970,0,1月給与その他 0020 営業部,,,,,,,,,,,,,,,,,,,,,,,,,,,,,,,,,,,,,,,,,,,,,,,,,,,,,,
20220125,85,,,,,,,,,,,,,,,000,共通部門,326,預り金,4,貯蓄・保険,00,,43305,0,1月給与その他 0020 営業部,,,,,,,,,,,,,,,,,,,,,,,,,,,,,,,,,,,,,,,,,,,,,,,,,,,,,,
20220125,85,,,,,,,,,,,,,,,000,共通部門,326,預り金,9,その他,00,,59124,0,1月給与その他 0020 営業部,,,,,,,,,,,,,,,,,,,,,,,,,,,,,,,,,,,,,,,,,,,,,,,,,,,,,,
20220125,85,,,,010,札幌営業所,712,給与手当,,,00,,790713,0,,000,共通部門,131,普通預金,20,ABC銀行 本店,00,,543137,0,1月給与その他 1000 札幌営業所,,,,,,,,,,,,,,,,,,,,,,,,,,,,,,,,,,,,,,,,,,,,,,,,,,,,,,
20220125,85,,,,,,,,,,,,,,,000,共通部門,326,預り金,1,保険料,00,,103424,0,1月給与その他 1000 札幌営業所,,,,,,,,,,,,,,,,,,,,,,,,,,,,,,,,,,,,,,,,,,,,,,,,,,,,,,
20220125,85,,,,,,,,,,,,,,,000,共通部門,326,預り金,2,住民税,00,,46300,0,1月給与その他 1000 札幌営業所,,,,,,,,,,,,,,,,,,,,,,,,,,,,,,,,,,,,,,,,,,,,,,,,,,,,,,
20220125,85,,,,,,,,,,,,,,,000,共通部門,326,預り金,3,源泉税,00,,11060,0,1月給与その他 1000 札幌営業所,,,,,,,,,,,,,,,,,,,,,,,,,,,,,,,,,,,,,,,,,,,,,,,,,,,,,,
20220125,85,,,,,,,,,,,,,,,000,共通部門,326,預り金,4,貯蓄・保険,00,,50648,0,1月給与その他 1000 札幌営業所,,,,,,,,,,,,,,,,,,,,,,,,,,,,,,,,,,,,,,,,,,,,,,,,,,,,,,
20220125,85,,,,,,,,,,,,,,,000,共通部門,326,預り金,9,その他,00,,36144,0,1月給与その他 1000 札幌営業所,,,,,,,,,,,,,,,,,,,,,,,,,,,,,,,,,,,,,,,,,,,,,,,,,,,,,,
20220125,85,,,,030,名古屋支店,712,給与手当,,,00,,735510,0,,000,共通部門,131,普通預金,20,ABC銀行 本店,00,,514007,0,1月給与その他 3000 名古屋営業所,,,,,,,,,,,,,,,,,,,,,,,,,,,,,,,,,,,,,,,,,,,,,,,,,,,,,,
20220125,85,,,,,,,,,,,,,,,000,共通部門,326,預り金,1,保険料,00,,96352,0,1月給与その他 3000 名古屋営業所,,,,,,,,,,,,,,,,,,,,,,,,,,,,,,,,,,,,,,,,,,,,,,,,,,,,,,
20220125,85,,,,,,,,,,,,,,,000,共通部門,326,預り金,2,住民税,00,,42600,0,1月給与その他 3000 名古屋営業所,,,,,,,,,,,,,,,,,,,,,,,,,,,,,,,,,,,,,,,,,,,,,,,,,,,,,,
20220125,85,,,,,,,,,,,,,,,000,共通部門,326,預り金,3,源泉税,00,,6380,0,1月給与その他 3000 名古屋営業所,,,,,,,,,,,,,,,,,,,,,,,,,,,,,,,,,,,,,,,,,,,,,,,,,,,,,,
20220125,85,,,,,,,,,,,,,,,000,共通部門,326,預り金,4,貯蓄・保険,00,,40759,0,1月給与その他 3000 名古屋営業所,,,,,,,,,,,,,,,,,,,,,,,,,,,,,,,,,,,,,,,,,,,,,,,,,,,,,,
20220125,85,,,,,,,,,,,,,,,000,共通部門,326,預り金,9,その他,00,,35412,0,1月給与その他 3000 名古屋営業所,,,,,,,,,,,,,,,,,,,,,,,,,,,,,,,,,,,,,,,,,,,,,,,,,,,,,,
20220125,85,,,,040,大阪支店,712,給与手当,,,00,,917200,0,,000,共通部門,131,普通預金,20,ABC銀行 本店,00,,698220,0,1月給与その他 4000 大阪支店,,,,,,,,,,,,,,,,,,,,,,,,,,,,,,,,,,,,,,,,,,,,,,,,,,,,,,
20220125,85,,,,,,,,,,,,,,,000,共通部門,326,預り金,1,保険料,00,,119477,0,1月給与その他 4000 大阪支店,,,,,,,,,,,,,,,,,,,,,,,,,,,,,,,,,,,,,,,,,,,,,,,,,,,,,,
20220125,85,,,,,,,,,,,,,,,000,共通部門,326,預り金,2,住民税,00,,53400,0,1月給与その他 4000 大阪支店,,,,,,,,,,,,,,,,,,,,,,,,,,,,,,,,,,,,,,,,,,,,,,,,,,,,,,
20220125,85,,,,,,,,,,,,,,,000,共通部門,326,預り金,3,源泉税,00,,14030,0,1月給与その他 4000 大阪支店,,,,,,,,,,,,,,,,,,,,,,,,,,,,,,,,,,,,,,,,,,,,,,,,,,,,,,
20220125,85,,,,,,,,,,,,,,,000,共通部門,326,預り金,4,貯蓄・保険,00,,13570,0,1月給与その他 4000 大阪支店,,,,,,,,,,,,,,,,,,,,,,,,,,,,,,,,,,,,,,,,,,,,,,,,,,,,,,
20220125,85,,,,,,,,,,,,,,,000,共通部門,326,預り金,9,その他,00,,18503,0,1月給与その他 4000 大阪支店,,,,,,,,,,,,,,,,,,,,,,,,,,,,,,,,,,,,,,,,,,,,,,,,,,,,,,
20220125,85,,,,050,九州営業所,712,給与手当,,,00,,549500,0,,000,共通部門,131,普通預金,20,ABC銀行 本店,00,,412755,0,1月給与その他 5000 九州営業所,,,,,,,,,,,,,,,,,,,,,,,,,,,,,,,,,,,,,,,,,,,,,,,,,,,,,,
20220125,85,,,,,,,,,,,,,,,000,共通部門,326,預り金,1,保険料,00,,67268,0,1月給与その他 5000 九州営業所,,,,,,,,,,,,,,,,,,,,,,,,,,,,,,,,,,,,,,,,,,,,,,,,,,,,,,
20220125,85,,,,,,,,,,,,,,,000,共通部門,326,預り金,2,住民税,00,,31700,0,1月給与その他 5000 九州営業所,,,,,,,,,,,,,,,,,,,,,,,,,,,,,,,,,,,,,,,,,,,,,,,,,,,,,,
20220125,85,,,,,,,,,,,,,,,000,共通部門,326,預り金,3,源泉税,00,,6740,0,1月給与その他 5000 九州営業所,,,,,,,,,,,,,,,,,,,,,,,,,,,,,,,,,,,,,,,,,,,,,,,,,,,,,,
20220125,85,,,,,,,,,,,,,,,000,共通部門,326,預り金,4,貯蓄・保険,00,,18540,0,1月給与その他 5000 九州営業所,,,,,,,,,,,,,,,,,,,,,,,,,,,,,,,,,,,,,,,,,,,,,,,,,,,,,,
20220125,85,,,,,,,,,,,,,,,000,共通部門,326,預り金,9,その他,00,,12497,0,1月給与その他 5000 九州営業所,,,,,,,,,,,,,,,,,,,,,,,,,,,,,,,,,,,,,,,,,,,,,,,,,,,,,,
20220125,88,,,,030,名古屋支店,739,新聞図書費,,,Q5,,3568,324,,000,共通部門,111,現金,,,00,,3568,0,新聞代,,,,,,,,,,,,,,,,,,,,,,,,,,,,,,,,,,,,,,,,,,,,,,,,,,,,,,
20220125,108,,,,000,共通部門,150,受取手形,,,00,,20467436,0,,000,共通部門,152,売掛金,2,株式会社桜丘百貨店,00,,20467436,0,1月25日伝票No422株式会社桜丘百貨店 | 売上伝票=20211231-122;手形番号=R20220125-108-2,,,,,,,,,,,,,,,,,,,,,,,,,,,,,,,,,,,,,,,,,,,,,,,,,,,,,,
20220125,109,,,,000,共通部門,131,普通預金,30,GHI銀行 名古屋,00,,1477424,0,,000,共通部門,152,売掛金,7,株式会社光彩堂商事,00,,1477424,0,1月25日伝票No423株式会社光彩堂商事,,,,,,,,,,,,,,,,,,,,,,,,,,,,,,,,,,,,,,,,,,,,,,,,,,,,,,
20220125,109,,,,030,名古屋支店,741,支払手数料,,,Q5,,735,66,,000,共通部門,152,売掛金,7,株式会社光彩堂商事,00,,735,0,1月25日伝票No423株式会社光彩堂商事,,,,,,,,,,,,,,,,,,,,,,,,,,,,,,,,,,,,,,,,,,,,,,,,,,,,,,
20220125,110,,,,000,共通部門,131,普通預金,40,JKL銀行 梅田,00,,1419734,0,,000,共通部門,152,売掛金,23,株式会社杉の木商店,00,,1419734,0,1月25日伝票No424株式会社杉の木商店,,,,,,,,,,,,,,,,,,,,,,,,,,,,,,,,,,,,,,,,,,,,,,,,,,,,,,
20220125,110,,,,040,大阪支店,741,支払手数料,,,Q5,,630,57,,000,共通部門,152,売掛金,23,株式会社杉の木商店,00,,630,0,1月25日伝票No424株式会社杉の木商店,,,,,,,,,,,,,,,,,,,,,,,,,,,,,,,,,,,,,,,,,,,,,,,,,,,,,,
20220125,111,,,,040,大阪支店,726,旅費交通費,,,Q5,,13570,1233,,000,共通部門,322,未払金,,,00,,13570,0,タクシー代,,,,,,,,,,,,,,,,,,,,,,,,,,,,,,,,,,,,,,,,,,,,,,,,,,,,,,
20220125,111,,,,000,共通部門,131,普通預金,10,DEF銀行 駅前,00,,6206778,0,,000,共通部門,152,売掛金,25,株式会社ほのかマート,00,,6206778,0,1月25日伝票No425株式会社ほのかマート,,,,,,,,,,,,,,,,,,,,,,,,,,,,,,,,,,,,,,,,,,,,,,,,,,,,,,
20220125,111,,,,010,札幌営業所,741,支払手数料,,,Q5,,840,76,,000,共通部門,152,売掛金,25,株式会社ほのかマート,00,,840,0,1月25日伝票No425株式会社ほのかマート,,,,,,,,,,,,,,,,,,,,,,,,,,,,,,,,,,,,,,,,,,,,,,,,,,,,,,
20220125,131,,,,040,大阪支店,742,諸会費,,,00,,24000,0,,000,共通部門,131,普通預金,40,JKL銀行 梅田,00,,24000,0,会費,,,,,,,,,,,,,,,,,,,,,,,,,,,,,,,,,,,,,,,,,,,,,,,,,,,,,,
20220125,171,,,,050,九州営業所,727,通信費,,,Q5,,93574,8506,,000,共通部門,131,普通預金,50,MNO銀行 北九州,00,,93574,0,携帯代,,,,,,,,,,,,,,,,,,,,,,,,,,,,,,,,,,,,,,,,,,,,,,,,,,,,,,
20220125,172,,,,010,札幌営業所,728,販売手数料,,,Q5,,144000,13090,,000,共通部門,322,未払金,,,00,,144000,0,業務委託費支払い,,,,,,,,,,,,,,,,,,,,,,,,,,,,,,,,,,,,,,,,,,,,,,,,,,,,,,
20220126,29,,,,010,札幌営業所,727,通信費,,,Q5,,77698,7063,,000,共通部門,131,普通預金,10,DEF銀行 駅前,00,,77698,0,携帯電話代,,,,,,,,,,,,,,,,,,,,,,,,,,,,,,,,,,,,,,,,,,,,,,,,,,,,,,
20220126,37,,,,020,東京支店,728,販売手数料,,,Q5,,1357900,123445,,000,共通部門,322,未払金,,,00,,1357900,0,業務委託費,,,,,,,,,,,,,,,,,,,,,,,,,,,,,,,,,,,,,,,,,,,,,,,,,,,,,,
20220126,59,,,,020,東京支店,726,旅費交通費,,,Q5,,42000,3818,,000,共通部門,111,現金,,,00,,42000,0,旅費,,,,,,,,,,,,,,,,,,,,,,,,,,,,,,,,,,,,,,,,,,,,,,,,,,,,,,
20220126,78,,,,030,名古屋支店,728,販売手数料,,,Q5,,189000,17181,,000,共通部門,322,未払金,,,00,,189000,0,業務委託費支払い,,,,,,,,,,,,,,,,,,,,,,,,,,,,,,,,,,,,,,,,,,,,,,,,,,,,,,
20220126,87,,,,030,名古屋支店,727,通信費,,,Q5,,57592,5235,,000,共通部門,131,普通預金,30,GHI銀行 名古屋,00,,57592,0,携帯代,,,,,,,,,,,,,,,,,,,,,,,,,,,,,,,,,,,,,,,,,,,,,,,,,,,,,,
20220126,107,,,,040,大阪支店,733,交際接待費,,,Q5,,10000,909,,000,共通部門,111,現金,,,00,,10000,0,出産祝い,,,,,,,,,,,,,,,,,,,,,,,,,,,,,,,,,,,,,,,,,,,,,,,,,,,,,,
20220126,113,,,,040,大阪支店,727,通信費,,,Q5,,100364,9124,,000,共通部門,131,普通預金,40,JKL銀行 梅田,00,,100364,0,携帯代,,,,,,,,,,,,,,,,,,,,,,,,,,,,,,,,,,,,,,,,,,,,,,,,,,,,,,
20220127,14,,,,010,札幌営業所,740,車両費,,,Q5,,3000,272,,000,共通部門,111,現金,,,00,,3000,0,ガソリン代,,,,,,,,,,,,,,,,,,,,,,,,,,,,,,,,,,,,,,,,,,,,,,,,,,,,,,
20220127,30,,,,010,札幌営業所,752,保険料,,,P0,,54320,0,,000,共通部門,131,普通預金,10,DEF銀行 駅前,00,,54320,0,保険料支払,,,,,,,,,,,,,,,,,,,,,,,,,,,,,,,,,,,,,,,,,,,,,,,,,,,,,,
20220127,38,,,,020,東京支店,724,福利厚生費,,,Q5,,48164,4378,,000,共通部門,322,未払金,,,00,,48164,0,宿泊費,,,,,,,,,,,,,,,,,,,,,,,,,,,,,,,,,,,,,,,,,,,,,,,,,,,,,,
20220127,39,,,,020,東京支店,724,福利厚生費,,,Q5,,9000,818,,000,共通部門,111,現金,,,00,,9000,0,会費,,,,,,,,,,,,,,,,,,,,,,,,,,,,,,,,,,,,,,,,,,,,,,,,,,,,,,
20220127,121,,,,040,大阪支店,724,福利厚生費,,,Q5,,11100,1009,,000,共通部門,111,現金,,,00,,11100,0,お茶代,,,,,,,,,,,,,,,,,,,,,,,,,,,,,,,,,,,,,,,,,,,,,,,,,,,,,,
20220127,170,,,,050,九州営業所,739,新聞図書費,,,Q5,,3007,273,,000,共通部門,111,現金,,,00,,3007,0,新聞代,,,,,,,,,,,,,,,,,,,,,,,,,,,,,,,,,,,,,,,,,,,,,,,,,,,,,,
20220128,13,,,,010,札幌営業所,740,車両費,,,Q5,,2520,229,,000,共通部門,111,現金,,,00,,2520,0,タイヤ交換代,,,,,,,,,,,,,,,,,,,,,,,,,,,,,,,,,,,,,,,,,,,,,,,,,,,,,,
20220128,27,,,,010,札幌営業所,726,旅費交通費,,,Q5,,26667,2424,,000,共通部門,111,現金,,,00,,77620,0,旅費,,,,,,,,,,,,,,,,,,,,,,,,,,,,,,,,,,,,,,,,,,,,,,,,,,,,,,
20220128,27,,,,010,札幌営業所,726,旅費交通費,,,Q5,,29524,2684,,,,,,,,,,,,旅費,,,,,,,,,,,,,,,,,,,,,,,,,,,,,,,,,,,,,,,,,,,,,,,,,,,,,,
20220128,27,,,,010,札幌営業所,726,旅費交通費,,,Q5,,21429,1948,,,,,,,,,,,,旅費,,,,,,,,,,,,,,,,,,,,,,,,,,,,,,,,,,,,,,,,,,,,,,,,,,,,,,
20220128,35,,,,010,札幌営業所,739,新聞図書費,,,Q5,,3925,356,,000,共通部門,111,現金,,,00,,3925,0,新聞代,,,,,,,,,,,,,,,,,,,,,,,,,,,,,,,,,,,,,,,,,,,,,,,,,,,,,,
20220128,81,,,,030,名古屋支店,724,福利厚生費,,,Q5,,20200,1836,,000,共通部門,322,未払金,,,00,,20200,0,お茶代,,,,,,,,,,,,,,,,,,,,,,,,,,,,,,,,,,,,,,,,,,,,,,,,,,,,,,
20220128,83,,,,030,名古屋支店,740,車両費,,,Q5,,45000,4090,,000,共通部門,111,現金,,,00,,45000,0,車両管理費,,,,,,,,,,,,,,,,,,,,,,,,,,,,,,,,,,,,,,,,,,,,,,,,,,,,,,
20220129,32,,,,010,札幌営業所,754,事務用消耗品費,,,Q5,,2570,233,,000,共通部門,322,未払金,,,00,,2570,0,事務用品費,,,,,,,,,,,,,,,,,,,,,,,,,,,,,,,,,,,,,,,,,,,,,,,,,,,,,,
20220130,49,,,,020,東京支店,740,車両費,,,Q5,,163470,14860,,000,共通部門,322,未払金,,,00,,163470,0,ガソリン代,,,,,,,,,,,,,,,,,,,,,,,,,,,,,,,,,,,,,,,,,,,,,,,,,,,,,,
20220130,49,,,,020,東京支店,740,車両費,,,Q5,,2626,238,,000,共通部門,111,現金,,,00,,8355,0,ガソリン代,,,,,,,,,,,,,,,,,,,,,,,,,,,,,,,,,,,,,,,,,,,,,,,,,,,,,,
20220130,49,,,,020,東京支店,740,車両費,,,Q5,,5729,520,,,,,,,,,,,,ガソリン代,,,,,,,,,,,,,,,,,,,,,,,,,,,,,,,,,,,,,,,,,,,,,,,,,,,,,,
20220130,55,,,,020,東京支店,740,車両費,,,Q5,,23810,2164,,000,共通部門,111,現金,,,00,,58144,0,車両管理費,,,,,,,,,,,,,,,,,,,,,,,,,,,,,,,,,,,,,,,,,,,,,,,,,,,,,,
20220130,55,,,,020,東京支店,740,車両費,,,Q5,,26667,2424,,,,,,,,,,,,車両管理費,,,,,,,,,,,,,,,,,,,,,,,,,,,,,,,,,,,,,,,,,,,,,,,,,,,,,,
20220130,55,,,,020,東京支店,740,車両費,,,Q5,,7667,697,,,,,,,,,,,,高速代,,,,,,,,,,,,,,,,,,,,,,,,,,,,,,,,,,,,,,,,,,,,,,,,,,,,,,
20220130,70,,,,020,東京支店,791,雑費,,,Q5,,6000,545,,000,共通部門,322,未払金,,,00,,58381,0,有線,,,,,,,,,,,,,,,,,,,,,,,,,,,,,,,,,,,,,,,,,,,,,,,,,,,,,,
20220130,70,,,,020,東京支店,791,雑費,,,Q5,,52381,4761,,,,,,,,,,,,警備料,,,,,,,,,,,,,,,,,,,,,,,,,,,,,,,,,,,,,,,,,,,,,,,,,,,,,,
20220130,70,,,,020,東京支店,740,車両費,,,Q5,,73315,6665,,000,共通部門,131,普通預金,20,ABC銀行 本店,00,,73315,0,高速料,,,,,,,,,,,,,,,,,,,,,,,,,,,,,,,,,,,,,,,,,,,,,,,,,,,,,,
20220130,70,,,,020,東京支店,791,雑費,,,Q5,,73500,6681,,000,共通部門,322,未払金,,,00,,73500,0,清掃料,,,,,,,,,,,,,,,,,,,,,,,,,,,,,,,,,,,,,,,,,,,,,,,,,,,,,,
20220130,80,,,,050,九州営業所,740,車両費,,,Q5,,6125,556,,000,共通部門,111,現金,,,00,,6125,0,ガソリン代,,,,,,,,,,,,,,,,,,,,,,,,,,,,,,,,,,,,,,,,,,,,,,,,,,,,,,
20220130,83,,,,030,名古屋支店,726,旅費交通費,,,Q5,,9000,818,,000,共通部門,111,現金,,,00,,9000,0,架空鉄道会社A代,,,,,,,,,,,,,,,,,,,,,,,,,,,,,,,,,,,,,,,,,,,,,,,,,,,,,,
20220130,96,,,,030,名古屋支店,791,雑費,,,Q5,,22470,2042,,000,共通部門,131,普通預金,30,GHI銀行 名古屋,00,,22470,0,警備料,,,,,,,,,,,,,,,,,,,,,,,,,,,,,,,,,,,,,,,,,,,,,,,,,,,,,,
20220130,100,,,,040,大阪支店,724,福利厚生費,,,Q5,,6000,545,,000,共通部門,111,現金,,,00,,6000,0,会費,,,,,,,,,,,,,,,,,,,,,,,,,,,,,,,,,,,,,,,,,,,,,,,,,,,,,,
20220130,115,,,,040,大阪支店,752,保険料,,,P0,,64500,0,,000,共通部門,131,普通預金,40,JKL銀行 梅田,00,,64500,0,保険料,,,,,,,,,,,,,,,,,,,,,,,,,,,,,,,,,,,,,,,,,,,,,,,,,,,,,,
20220130,116,,,,040,大阪支店,744,リース料,,,Q5,,84000,7636,,000,共通部門,131,普通預金,40,JKL銀行 梅田,00,,84000,0,リース料,,,,,,,,,,,,,,,,,,,,,,,,,,,,,,,,,,,,,,,,,,,,,,,,,,,,,,
20220130,143,,,,000,共通部門,131,普通預金,20,ABC銀行 本店,00,,22500000,0,,000,共通部門,131,普通預金,10,DEF銀行 駅前,00,,8000000,0,資金移動,,,,,,,,,,,,,,,,,,,,,,,,,,,,,,,,,,,,,,,,,,,,,,,,,,,,,,
20220130,143,,,,,,,,,,,,,,,000,共通部門,131,普通預金,30,GHI銀行 名古屋,00,,6000000,0,資金移動,,,,,,,,,,,,,,,,,,,,,,,,,,,,,,,,,,,,,,,,,,,,,,,,,,,,,,
20220130,143,,,,,,,,,,,,,,,000,共通部門,131,普通預金,40,JKL銀行 梅田,00,,6000000,0,資金移動,,,,,,,,,,,,,,,,,,,,,,,,,,,,,,,,,,,,,,,,,,,,,,,,,,,,,,
20220130,143,,,,,,,,,,,,,,,000,共通部門,131,普通預金,50,MNO銀行 北九州,00,,2500000,0,資金移動,,,,,,,,,,,,,,,,,,,,,,,,,,,,,,,,,,,,,,,,,,,,,,,,,,,,,,
20220130,154,,,,050,九州営業所,733,交際接待費,,,Q5,,10000,909,,000,共通部門,322,未払金,,,00,,20000,0,お花代,,,,,,,,,,,,,,,,,,,,,,,,,,,,,,,,,,,,,,,,,,,,,,,,,,,,,,
20220130,154,,,,050,九州営業所,733,交際接待費,,,Q5,,10000,909,,,,,,,,,,,,香典代,,,,,,,,,,,,,,,,,,,,,,,,,,,,,,,,,,,,,,,,,,,,,,,,,,,,,,
20220131,1,,,,010,札幌営業所,731,運賃,,,Q5,,532550,48413,,000,共通部門,322,未払金,,,00,,532550,0,運賃 架空運送会社B,,,,,,,,,,,,,,,,,,,,,,,,,,,,,,,,,,,,,,,,,,,,,,,,,,,,,,
20220131,5,,,,010,札幌営業所,732,広告宣伝費,,,Q5,,52500,4772,,000,共通部門,131,普通預金,10,DEF銀行 駅前,00,,52500,0,広告費,,,,,,,,,,,,,,,,,,,,,,,,,,,,,,,,,,,,,,,,,,,,,,,,,,,,,,
20220131,36,,,,020,東京支店,731,運賃,,,Q5,,2709067,246278,,000,共通部門,322,未払金,,,00,,3912439,0,運賃 架空運送会社A,,,,,,,,,,,,,,,,,,,,,,,,,,,,,,,,,,,,,,,,,,,,,,,,,,,,,,
20220131,36,,,,020,東京支店,731,運賃,,,Q5,,1203372,109397,,,,,,,,,,,,運賃 架空運送会社B,,,,,,,,,,,,,,,,,,,,,,,,,,,,,,,,,,,,,,,,,,,,,,,,,,,,,,
20220131,40,,,,020,東京支店,732,広告宣伝費,,,Q5,,50000,4545,,000,共通部門,322,未払金,,,00,,50000,0,広告掲載,,,,,,,,,,,,,,,,,,,,,,,,,,,,,,,,,,,,,,,,,,,,,,,,,,,,,,
20220131,63,,,,020,東京支店,752,保険料,,,P0,,81000,0,,000,共通部門,131,普通預金,20,ABC銀行 本店,00,,81000,0,保険料,,,,,,,,,,,,,,,,,,,,,,,,,,,,,,,,,,,,,,,,,,,,,,,,,,,,,,
20220131,66,,,,020,東京支店,744,リース料,,,Q5,,209850,19077,,000,共通部門,131,普通預金,20,ABC銀行 本店,00,,209850,0,リース料,,,,,,,,,,,,,,,,,,,,,,,,,,,,,,,,,,,,,,,,,,,,,,,,,,,,,,
20220131,67,,,,020,東京支店,742,諸会費,,,00,,30000,0,,000,共通部門,111,現金,,,00,,30000,0,会費支払い,,,,,,,,,,,,,,,,,,,,,,,,,,,,,,,,,,,,,,,,,,,,,,,,,,,,,,
20220131,74,,,,030,名古屋支店,752,保険料,,,P0,,62000,0,,000,共通部門,131,普通預金,30,GHI銀行 名古屋,00,,62000,0,保険料,,,,,,,,,,,,,,,,,,,,,,,,,,,,,,,,,,,,,,,,,,,,,,,,,,,,,,
20220131,75,,,,050,九州営業所,752,保険料,,,P0,,57000,0,,000,共通部門,131,普通預金,50,MNO銀行 北九州,00,,57000,0,保険料支払い,,,,,,,,,,,,,,,,,,,,,,,,,,,,,,,,,,,,,,,,,,,,,,,,,,,,,,
20220131,77,,,,,,,,,,,,,,,000,共通部門,737,消耗品費,,,00,,275968,0,消耗品費　部門配賦,,,,,,,,,,,,,,,,,,,,,,,,,,,,,,,,,,,,,,,,,,,,,,,,,,,,,,
20220131,77,,,,010,札幌営業所,737,消耗品費,,,00,,30356,0,,,,,,,,,,,,,,,,,,,,,,,,,,,,,,,,,,,,,,,,,,,,,,,,,,,,,,,,,,,,,,,,,,
20220131,77,,,,020,東京支店,737,消耗品費,,,00,,132467,0,,,,,,,,,,,,,,,,,,,,,,,,,,,,,,,,,,,,,,,,,,,,,,,,,,,,,,,,,,,,,,,,,,
20220131,77,,,,030,名古屋支店,737,消耗品費,,,00,,27596,0,,,,,,,,,,,,,,,,,,,,,,,,,,,,,,,,,,,,,,,,,,,,,,,,,,,,,,,,,,,,,,,,,,
20220131,77,,,,040,大阪支店,737,消耗品費,,,00,,66232,0,,,,,,,,,,,,,,,,,,,,,,,,,,,,,,,,,,,,,,,,,,,,,,,,,,,,,,,,,,,,,,,,,,
20220131,77,,,,050,九州営業所,737,消耗品費,,,00,,19317,0,,,,,,,,,,,,,,,,,,,,,,,,,,,,,,,,,,,,,,,,,,,,,,,,,,,,,,,,,,,,,,,,,,
20220131,77,,,,030,名古屋支店,731,運賃,,,Q5,,219670,19970,,000,共通部門,322,未払金,,,00,,219670,0,運賃,,,,,,,,,,,,,,,,,,,,,,,,,,,,,,,,,,,,,,,,,,,,,,,,,,,,,,
20220131,99,,,,040,大阪支店,731,運賃,,,Q5,,1426410,129673,,000,共通部門,322,未払金,,,00,,1426410,0,運賃,,,,,,,,,,,,,,,,,,,,,,,,,,,,,,,,,,,,,,,,,,,,,,,,,,,,,,
20220131,105,,,,000,共通部門,326,預り金,1,保険料,00,,1580448,0,,000,共通部門,131,普通預金,20,ABC銀行 本店,00,,3171952,0,保険料預かり分,,,,,,,,,,,,,,,,,,,,,,,,,,,,,,,,,,,,,,,,,,,,,,,,,,,,,,
20220131,105,,,,020,東京支店,723,法定福利費,,,P0,,120411,0,,,,,,,,,,,,保険料　事業主負担分,,,,,,,,,,,,,,,,,,,,,,,,,,,,,,,,,,,,,,,,,,,,,,,,,,,,,,
20220131,105,,,,020,東京支店,723,法定福利費,,,P0,,560376,0,,,,,,,,,,,,保険料　事業主負担分,,,,,,,,,,,,,,,,,,,,,,,,,,,,,,,,,,,,,,,,,,,,,,,,,,,,,,
20220131,105,,,,010,札幌営業所,723,法定福利費,,,P0,,238593,0,,,,,,,,,,,,保険料　事業主負担分,,,,,,,,,,,,,,,,,,,,,,,,,,,,,,,,,,,,,,,,,,,,,,,,,,,,,,
20220131,105,,,,030,名古屋支店,723,法定福利費,,,P0,,225063,0,,,,,,,,,,,,保険料　事業主負担分,,,,,,,,,,,,,,,,,,,,,,,,,,,,,,,,,,,,,,,,,,,,,,,,,,,,,,
20220131,105,,,,040,大阪支店,723,法定福利費,,,P0,,273633,0,,,,,,,,,,,,保険料　事業主負担分,,,,,,,,,,,,,,,,,,,,,,,,,,,,,,,,,,,,,,,,,,,,,,,,,,,,,,
20220131,105,,,,050,九州営業所,723,法定福利費,,,P0,,162372,0,,,,,,,,,,,,保険料　事業主負担分,,,,,,,,,,,,,,,,,,,,,,,,,,,,,,,,,,,,,,,,,,,,,,,,,,,,,,
20220131,105,,,,020,東京支店,723,法定福利費,,,P0,,11056,0,,,,,,,,,,,,児童拠出金　事業主負担分,,,,,,,,,,,,,,,,,,,,,,,,,,,,,,,,,,,,,,,,,,,,,,,,,,,,,,
20220131,112,,,,000,共通部門,152,売掛金,5,東雲商会株式会社,00,,1625694,0,,010,札幌営業所,511,売上高,,,B5,,1625694,147790,1月1日～1月31日分売上,,,,,,,,,,,,,,,,,,,,,,,,,,,,,,,,,,,,,,,,,,,,,,,,,,,,,,
20220131,112,,,,000,共通部門,152,売掛金,14,株式会社花咲商事,00,,2366508,0,,010,札幌営業所,511,売上高,,,B5,,2366508,215137,1月1日～1月31日分売上,,,,,,,,,,,,,,,,,,,,,,,,,,,,,,,,,,,,,,,,,,,,,,,,,,,,,,
20220131,112,,,,000,共通部門,152,売掛金,25,株式会社ほのかマート,00,,4782758,0,,010,札幌営業所,511,売上高,,,B5,,4782758,434796,1月1日～1月31日分売上,,,,,,,,,,,,,,,,,,,,,,,,,,,,,,,,,,,,,,,,,,,,,,,,,,,,,,
20220131,113,,,,000,共通部門,152,売掛金,30,株式会社彩雲トレーディング,00,,2291872,0,,020,東京支店,511,売上高,,,B5,,2291872,208352,1月1日～1月31日分売上,,,,,,,,,,,,,,,,,,,,,,,,,,,,,,,,,,,,,,,,,,,,,,,,,,,,,,
20220131,113,,,,000,共通部門,152,売掛金,2,株式会社桜丘百貨店,00,,17480828,0,,020,東京支店,511,売上高,,,B5,,17480828,1589166,1月1日～1月31日分売上,,,,,,,,,,,,,,,,,,,,,,,,,,,,,,,,,,,,,,,,,,,,,,,,,,,,,,
20220131,113,,,,000,共通部門,152,売掛金,11,株式会社楓屋,00,,1325236,0,,020,東京支店,511,売上高,,,B5,,1325236,120476,1月1日～1月31日分売上,,,,,,,,,,,,,,,,,,,,,,,,,,,,,,,,,,,,,,,,,,,,,,,,,,,,,,
20220131,113,,,,000,共通部門,152,売掛金,12,株式会社緑野百貨店,00,,11583188,0,,020,東京支店,511,売上高,,,B5,,11583188,1053017,1月1日～1月31日分売上,,,,,,,,,,,,,,,,,,,,,,,,,,,,,,,,,,,,,,,,,,,,,,,,,,,,,,
20220131,113,,,,000,共通部門,152,売掛金,14,株式会社花咲商事,00,,3579712,0,,020,東京支店,511,売上高,,,B5,,3579712,325428,1月1日～1月31日分売上,,,,,,,,,,,,,,,,,,,,,,,,,,,,,,,,,,,,,,,,,,,,,,,,,,,,,,
20220131,113,,,,000,共通部門,152,売掛金,26,若松販売株式会社,00,,1442475,0,,020,東京支店,511,売上高,,,B5,,1442475,131134,1月1日～1月31日分売上,,,,,,,,,,,,,,,,,,,,,,,,,,,,,,,,,,,,,,,,,,,,,,,,,,,,,,
20220131,113,,,,000,共通部門,152,売掛金,13,星川商事株式会社,00,,1280304,0,,020,東京支店,511,売上高,,,B5,,1280304,116391,1月1日～1月31日分売上,,,,,,,,,,,,,,,,,,,,,,,,,,,,,,,,,,,,,,,,,,,,,,,,,,,,,,
20220131,113,,,,000,共通部門,152,売掛金,10,合同会社こもれび商事,00,,357664,0,,020,東京支店,511,売上高,,,B5,,357664,32514,1月1日～1月31日分売上,,,,,,,,,,,,,,,,,,,,,,,,,,,,,,,,,,,,,,,,,,,,,,,,,,,,,,
20220131,113,,,,000,共通部門,152,売掛金,24,白峰商事株式会社,00,,536040,0,,020,東京支店,511,売上高,,,B5,,536040,48730,1月1日～1月31日分売上,,,,,,,,,,,,,,,,,,,,,,,,,,,,,,,,,,,,,,,,,,,,,,,,,,,,,,
20220131,114,,,,000,共通部門,152,売掛金,6,株式会社瑞穂流通,00,,1298020,0,,030,名古屋支店,511,売上高,,,B5,,1298020,118001,1月1日～1月31日分売上,,,,,,,,,,,,,,,,,,,,,,,,,,,,,,,,,,,,,,,,,,,,,,,,,,,,,,
20220131,114,,,,000,共通部門,152,売掛金,7,株式会社光彩堂商事,00,,1734092,0,,030,名古屋支店,511,売上高,,,B5,,1734092,157644,1月1日～1月31日分売上,,,,,,,,,,,,,,,,,,,,,,,,,,,,,,,,,,,,,,,,,,,,,,,,,,,,,,
20220131,114,,,,000,共通部門,152,売掛金,19,株式会社南風商会,00,,664590,0,,030,名古屋支店,511,売上高,,,B5,,664590,60417,1月1日～1月31日分売上,,,,,,,,,,,,,,,,,,,,,,,,,,,,,,,,,,,,,,,,,,,,,,,,,,,,,,
20220131,114,,,,000,共通部門,152,売掛金,21,合同会社つばさ商店,00,,526938,0,,030,名古屋支店,511,売上高,,,B5,,526938,47903,1月1日～1月31日分売上,,,,,,,,,,,,,,,,,,,,,,,,,,,,,,,,,,,,,,,,,,,,,,,,,,,,,,
20220131,114,,,,000,共通部門,152,売掛金,27,晴海物産株式会社,00,,1918584,0,,030,名古屋支店,511,売上高,,,B5,,1918584,174416,1月1日～1月31日分売上,,,,,,,,,,,,,,,,,,,,,,,,,,,,,,,,,,,,,,,,,,,,,,,,,,,,,,
20220131,114,,,,000,共通部門,152,売掛金,14,株式会社花咲商事,00,,2765300,0,,030,名古屋支店,511,売上高,,,B5,,2765300,251390,1月1日～1月31日分売上,,,,,,,,,,,,,,,,,,,,,,,,,,,,,,,,,,,,,,,,,,,,,,,,,,,,,,
20220131,115,,,,000,共通部門,152,売掛金,4,株式会社ひなたマート,00,,1025820,0,,040,大阪支店,511,売上高,,,B5,,1025820,93256,1月1日～1月31日分売上,,,,,,,,,,,,,,,,,,,,,,,,,,,,,,,,,,,,,,,,,,,,,,,,,,,,,,
20220131,115,,,,000,共通部門,152,売掛金,9,朝凪物産株式会社,00,,1668144,0,,040,大阪支店,511,売上高,,,B5,,1668144,151649,1月1日～1月31日分売上,,,,,,,,,,,,,,,,,,,,,,,,,,,,,,,,,,,,,,,,,,,,,,,,,,,,,,
20220131,115,,,,000,共通部門,152,売掛金,14,株式会社花咲商事,00,,5786774,0,,040,大阪支店,511,売上高,,,B5,,5786774,526070,1月1日～1月31日分売上,,,,,,,,,,,,,,,,,,,,,,,,,,,,,,,,,,,,,,,,,,,,,,,,,,,,,,
20220131,115,,,,000,共通部門,152,売掛金,20,清和商事株式会社,00,,2217906,0,,040,大阪支店,511,売上高,,,B5,,2217906,201627,1月1日～1月31日分売上,,,,,,,,,,,,,,,,,,,,,,,,,,,,,,,,,,,,,,,,,,,,,,,,,,,,,,
20220131,115,,,,000,共通部門,152,売掛金,23,株式会社杉の木商店,00,,3999128,0,,040,大阪支店,511,売上高,,,B5,,3999128,363557,1月1日～1月31日分売上,,,,,,,,,,,,,,,,,,,,,,,,,,,,,,,,,,,,,,,,,,,,,,,,,,,,,,
20220131,115,,,,000,共通部門,152,売掛金,28,株式会社青葉百貨店,00,,8918449,0,,040,大阪支店,511,売上高,,,B5,,8918449,810768,1月1日～1月31日分売上,,,,,,,,,,,,,,,,,,,,,,,,,,,,,,,,,,,,,,,,,,,,,,,,,,,,,,
20220131,115,,,,000,共通部門,152,売掛金,8,株式会社高原マーケット,00,,1241068,0,,040,大阪支店,511,売上高,,,B5,,1241068,112824,1月1日～1月31日分売上,,,,,,,,,,,,,,,,,,,,,,,,,,,,,,,,,,,,,,,,,,,,,,,,,,,,,,
20220131,115,,,,000,共通部門,152,売掛金,3,青凪商事株式会社,00,,4318710,0,,040,大阪支店,511,売上高,,,B5,,4318710,392610,1月1日～1月31日分売上,,,,,,,,,,,,,,,,,,,,,,,,,,,,,,,,,,,,,,,,,,,,,,,,,,,,,,
20220131,116,,,,000,共通部門,152,売掛金,1,株式会社若葉百貨店,00,,1438024,0,,050,九州営業所,511,売上高,,,B5,,1438024,130729,1月1日～1月31日分売上,,,,,,,,,,,,,,,,,,,,,,,,,,,,,,,,,,,,,,,,,,,,,,,,,,,,,,
20220131,116,,,,000,共通部門,152,売掛金,22,株式会社豊原産業,00,,1508744,0,,050,九州営業所,511,売上高,,,B5,,1508744,137158,1月1日～1月31日分売上,,,,,,,,,,,,,,,,,,,,,,,,,,,,,,,,,,,,,,,,,,,,,,,,,,,,,,
20220131,116,,,,000,共通部門,152,売掛金,14,株式会社花咲商事,00,,1431596,0,,050,九州営業所,511,売上高,,,B5,,1431596,130145,1月1日～1月31日分売上,,,,,,,,,,,,,,,,,,,,,,,,,,,,,,,,,,,,,,,,,,,,,,,,,,,,,,
20220131,116,,,,000,共通部門,152,売掛金,29,株式会社小春サービス,00,,362450,0,,050,九州営業所,511,売上高,,,B5,,362450,32950,1月1日～1月31日分売上,,,,,,,,,,,,,,,,,,,,,,,,,,,,,,,,,,,,,,,,,,,,,,,,,,,,,,
20220131,117,,,,000,共通部門,131,普通預金,40,JKL銀行 梅田,00,,1434244,0,,000,共通部門,152,売掛金,4,株式会社ひなたマート,00,,1434244,0,1月31日伝票No426株式会社ひなたマート,,,,,,,,,,,,,,,,,,,,,,,,,,,,,,,,,,,,,,,,,,,,,,,,,,,,,,
20220131,117,,,,040,大阪支店,741,支払手数料,,,Q5,,840,76,,000,共通部門,152,売掛金,4,株式会社ひなたマート,00,,840,0,1月31日伝票No426株式会社ひなたマート,,,,,,,,,,,,,,,,,,,,,,,,,,,,,,,,,,,,,,,,,,,,,,,,,,,,,,
20220131,118,,,,000,共通部門,131,普通預金,10,DEF銀行 駅前,00,,1584332,0,,000,共通部門,152,売掛金,5,東雲商会株式会社,00,,1584332,0,1月31日伝票No427東雲商会株式会社,,,,,,,,,,,,,,,,,,,,,,,,,,,,,,,,,,,,,,,,,,,,,,,,,,,,,,
20220131,118,,,,010,札幌営業所,741,支払手数料,,,Q5,,840,76,,000,共通部門,152,売掛金,5,東雲商会株式会社,00,,840,0,1月31日伝票No427東雲商会株式会社,,,,,,,,,,,,,,,,,,,,,,,,,,,,,,,,,,,,,,,,,,,,,,,,,,,,,,
20220131,119,,,,000,共通部門,111,現金,,,00,,458172,0,,000,共通部門,152,売掛金,10,合同会社こもれび商事,00,,458172,0,1月31日伝票No428合同会社こもれび商事,,,,,,,,,,,,,,,,,,,,,,,,,,,,,,,,,,,,,,,,,,,,,,,,,,,,,,
20220131,120,,,,000,共通部門,150,受取手形,,,00,,17510543,0,,000,共通部門,152,売掛金,12,株式会社緑野百貨店,00,,17510543,0,1月31日伝票No429株式会社緑野百貨店 | 売上伝票=20211231-122;手形番号=R20220131-120-12,,,,,,,,,,,,,,,,,,,,,,,,,,,,,,,,,,,,,,,,,,,,,,,,,,,,,,
20220131,121,,,,000,共通部門,131,普通預金,20,ABC銀行 本店,00,,600094,0,,000,共通部門,152,売掛金,24,白峰商事株式会社,00,,600094,0,1月31日伝票No430白峰商事株式会社,,,,,,,,,,,,,,,,,,,,,,,,,,,,,,,,,,,,,,,,,,,,,,,,,,,,,,
20220131,121,,,,020,東京支店,741,支払手数料,,,Q5,,630,57,,000,共通部門,152,売掛金,24,白峰商事株式会社,00,,630,0,1月31日伝票No430白峰商事株式会社,,,,,,,,,,,,,,,,,,,,,,,,,,,,,,,,,,,,,,,,,,,,,,,,,,,,,,
20220131,122,,,,000,共通部門,131,普通預金,50,MNO銀行 北九州,00,,1633466,0,,000,共通部門,152,売掛金,29,株式会社小春サービス,00,,1633466,0,1月31日伝票No431株式会社小春サービス,,,,,,,,,,,,,,,,,,,,,,,,,,,,,,,,,,,,,,,,,,,,,,,,,,,,,,
20220131,122,,,,050,九州営業所,741,支払手数料,,,Q5,,210,19,,000,共通部門,152,売掛金,29,株式会社小春サービス,00,,210,0,1月31日伝票No431株式会社小春サービス,,,,,,,,,,,,,,,,,,,,,,,,,,,,,,,,,,,,,,,,,,,,,,,,,,,,,,
20220131,123,,,,010,札幌営業所,541,商品仕入高,,,Q5,,77112,7010,,000,共通部門,312,買掛金,8,株式会社白樺商事,00,,77112,0,1月1日～1月31日分仕入,,,,,,,,,,,,,,,,,,,,,,,,,,,,,,,,,,,,,,,,,,,,,,,,,,,,,,
20220131,123,,,,010,札幌営業所,541,商品仕入高,,,Q5,,17942,1631,,000,共通部門,312,買掛金,2,株式会社双葉物産,00,,17942,0,1月1日～1月31日分仕入,,,,,,,,,,,,,,,,,,,,,,,,,,,,,,,,,,,,,,,,,,,,,,,,,,,,,,
20220131,124,,,,020,東京支店,541,商品仕入高,,,Q5,,4344303,394936,,000,共通部門,312,買掛金,14,合同会社あかね商会,00,,4344303,0,1月1日～1月31日分仕入,,,,,,,,,,,,,,,,,,,,,,,,,,,,,,,,,,,,,,,,,,,,,,,,,,,,,,
20220131,124,,,,020,東京支店,541,商品仕入高,,,Q5,,4775976,434179,,000,共通部門,312,買掛金,3,青凪商事株式会社,00,,4775976,0,1月1日～1月31日分仕入,,,,,,,,,,,,,,,,,,,,,,,,,,,,,,,,,,,,,,,,,,,,,,,,,,,,,,
20220131,124,,,,020,東京支店,541,商品仕入高,,,Q5,,1909347,173577,,000,共通部門,312,買掛金,13,朝日野産業株式会社,00,,1909347,0,1月1日～1月31日分仕入,,,,,,,,,,,,,,,,,,,,,,,,,,,,,,,,,,,,,,,,,,,,,,,,,,,,,,
20220131,124,,,,020,東京支店,541,商品仕入高,,,Q5,,8427411,766128,,000,共通部門,312,買掛金,1,株式会社北辰商事,00,,8427411,0,1月1日～1月31日分仕入,,,,,,,,,,,,,,,,,,,,,,,,,,,,,,,,,,,,,,,,,,,,,,,,,,,,,,
20220131,124,,,,020,東京支店,541,商品仕入高,,,Q5,,6049943,549994,,000,共通部門,312,買掛金,11,株式会社花園商会,00,,6049943,0,1月1日～1月31日分仕入,,,,,,,,,,,,,,,,,,,,,,,,,,,,,,,,,,,,,,,,,,,,,,,,,,,,,,
20220131,124,,,,020,東京支店,541,商品仕入高,,,Q5,,1072048,97458,,000,共通部門,312,買掛金,2,株式会社双葉物産,00,,1072048,0,1月1日～1月31日分仕入,,,,,,,,,,,,,,,,,,,,,,,,,,,,,,,,,,,,,,,,,,,,,,,,,,,,,,
20220131,124,,,,020,東京支店,541,商品仕入高,,,Q5,,128520,11683,,000,共通部門,312,買掛金,8,株式会社白樺商事,00,,128520,0,1月1日～1月31日分仕入,,,,,,,,,,,,,,,,,,,,,,,,,,,,,,,,,,,,,,,,,,,,,,,,,,,,,,
20220131,124,,,,020,東京支店,541,商品仕入高,,,Q5,,517154,47014,,000,共通部門,312,買掛金,12,株式会社泉川商事,00,,517154,0,1月1日～1月31日分仕入,,,,,,,,,,,,,,,,,,,,,,,,,,,,,,,,,,,,,,,,,,,,,,,,,,,,,,
20220131,125,,,,030,名古屋支店,541,商品仕入高,,,Q5,,2620813,238255,,000,共通部門,312,買掛金,9,東原産業株式会社,00,,2620813,0,1月1日～1月31日分仕入,,,,,,,,,,,,,,,,,,,,,,,,,,,,,,,,,,,,,,,,,,,,,,,,,,,,,,
20220131,125,,,,030,名古屋支店,541,商品仕入高,,,Q5,,1692895,153899,,000,共通部門,312,買掛金,15,株式会社麦穂商事,00,,1692895,0,1月1日～1月31日分仕入,,,,,,,,,,,,,,,,,,,,,,,,,,,,,,,,,,,,,,,,,,,,,,,,,,,,,,
20220131,125,,,,030,名古屋支店,541,商品仕入高,,,Q5,,5256041,477821,,000,共通部門,312,買掛金,7,株式会社夕凪商会,00,,5256041,0,1月1日～1月31日分仕入,,,,,,,,,,,,,,,,,,,,,,,,,,,,,,,,,,,,,,,,,,,,,,,,,,,,,,
20220131,125,,,,030,名古屋支店,541,商品仕入高,,,Q5,,77112,7010,,000,共通部門,312,買掛金,8,株式会社白樺商事,00,,77112,0,1月1日～1月31日分仕入,,,,,,,,,,,,,,,,,,,,,,,,,,,,,,,,,,,,,,,,,,,,,,,,,,,,,,
20220131,126,,,,040,大阪支店,541,商品仕入高,,,Q5,,5649316,513574,,000,共通部門,312,買掛金,5,千草商事株式会社,00,,5649316,0,1月1日～1月31日分仕入,,,,,,,,,,,,,,,,,,,,,,,,,,,,,,,,,,,,,,,,,,,,,,,,,,,,,,
20220131,126,,,,040,大阪支店,541,商品仕入高,,,Q5,,1466688,133335,,000,共通部門,312,買掛金,4,株式会社和泉流通,00,,1466688,0,1月1日～1月31日分仕入,,,,,,,,,,,,,,,,,,,,,,,,,,,,,,,,,,,,,,,,,,,,,,,,,,,,,,
20220131,126,,,,040,大阪支店,541,商品仕入高,,,Q5,,4760408,432764,,000,共通部門,312,買掛金,10,光野販売株式会社,00,,4760408,0,1月1日～1月31日分仕入,,,,,,,,,,,,,,,,,,,,,,,,,,,,,,,,,,,,,,,,,,,,,,,,,,,,,,
20220131,126,,,,040,大阪支店,541,商品仕入高,,,Q5,,5017707,456155,,000,共通部門,312,買掛金,6,株式会社日向産業,00,,5017707,0,1月1日～1月31日分仕入,,,,,,,,,,,,,,,,,,,,,,,,,,,,,,,,,,,,,,,,,,,,,,,,,,,,,,
20220131,126,,,,040,大阪支店,541,商品仕入高,,,Q5,,269134,24466,,000,共通部門,312,買掛金,2,株式会社双葉物産,00,,269134,0,1月1日～1月31日分仕入,,,,,,,,,,,,,,,,,,,,,,,,,,,,,,,,,,,,,,,,,,,,,,,,,,,,,,
20220131,126,,,,040,大阪支店,541,商品仕入高,,,Q5,,123379,11216,,000,共通部門,312,買掛金,8,株式会社白樺商事,00,,123379,0,1月1日～1月31日分仕入,,,,,,,,,,,,,,,,,,,,,,,,,,,,,,,,,,,,,,,,,,,,,,,,,,,,,,
20220131,127,,,,050,九州営業所,541,商品仕入高,,,Q5,,17942,1631,,000,共通部門,312,買掛金,2,株式会社双葉物産,00,,17942,0,1月1日～1月31日分仕入,,,,,,,,,,,,,,,,,,,,,,,,,,,,,,,,,,,,,,,,,,,,,,,,,,,,,,
20220131,127,,,,050,九州営業所,541,商品仕入高,,,Q5,,25704,2336,,000,共通部門,312,買掛金,8,株式会社白樺商事,00,,25704,0,1月1日～1月31日分仕入,,,,,,,,,,,,,,,,,,,,,,,,,,,,,,,,,,,,,,,,,,,,,,,,,,,,,,
20220131,128,,,,000,共通部門,312,買掛金,2,株式会社双葉物産,00,,1897392,0,,000,共通部門,131,普通預金,20,ABC銀行 本店,00,,1897392,0,1月31日伝票No324株式会社双葉物産,,,,,,,,,,,,,,,,,,,,,,,,,,,,,,,,,,,,,,,,,,,,,,,,,,,,,,
20220131,129,,,,000,共通部門,312,買掛金,5,千草商事株式会社,00,,6301802,0,,000,共通部門,301,支払手形,,,00,,6301802,0,1月31日伝票No325千草商事株式会社,,,,,,,,,,,,,,,,,,,,,,,,,,,,,,,,,,,,,,,,,,,,,,,,,,,,,,
20220131,129,,,,000,共通部門,131,普通預金,20,ABC銀行 本店,00,,12000000,0,,000,共通部門,121,当座預金,1,ABC銀行,00,,12000000,0,資金移動,,,,,,,,,,,,,,,,,,,,,,,,,,,,,,,,,,,,,,,,,,,,,,,,,,,,,,
20220131,130,,,,000,共通部門,312,買掛金,7,株式会社夕凪商会,00,,6922413,0,,000,共通部門,131,普通預金,20,ABC銀行 本店,00,,6922413,0,1月31日伝票No326株式会社夕凪商会,,,,,,,,,,,,,,,,,,,,,,,,,,,,,,,,,,,,,,,,,,,,,,,,,,,,,,
20220131,131,,,,000,共通部門,312,買掛金,9,東原産業株式会社,00,,2897127,0,,000,共通部門,301,支払手形,,,00,,2897127,0,1月31日伝票No327東原産業株式会社,,,,,,,,,,,,,,,,,,,,,,,,,,,,,,,,,,,,,,,,,,,,,,,,,,,,,,
20220131,132,,,,000,共通部門,312,買掛金,10,光野販売株式会社,00,,5798593,0,,000,共通部門,301,支払手形,,,00,,5798593,0,1月31日伝票No328光野販売株式会社,,,,,,,,,,,,,,,,,,,,,,,,,,,,,,,,,,,,,,,,,,,,,,,,,,,,,,
20220131,133,,,,000,共通部門,312,買掛金,12,株式会社泉川商事,00,,658954,0,,000,共通部門,131,普通預金,20,ABC銀行 本店,00,,658954,0,1月31日伝票No329株式会社泉川商事,,,,,,,,,,,,,,,,,,,,,,,,,,,,,,,,,,,,,,,,,,,,,,,,,,,,,,
20220131,134,,,,000,共通部門,312,買掛金,13,朝日野産業株式会社,00,,1802651,0,,000,共通部門,131,普通預金,20,ABC銀行 本店,00,,1802651,0,1月31日伝票No330朝日野産業株式会社,,,,,,,,,,,,,,,,,,,,,,,,,,,,,,,,,,,,,,,,,,,,,,,,,,,,,,
20220131,135,,,,000,共通部門,312,買掛金,14,合同会社あかね商会,00,,4570569,0,,000,共通部門,131,普通預金,20,ABC銀行 本店,00,,4570569,0,1月31日伝票No331合同会社あかね商会,,,,,,,,,,,,,,,,,,,,,,,,,,,,,,,,,,,,,,,,,,,,,,,,,,,,,,
20220131,136,,,,000,共通部門,312,買掛金,15,株式会社麦穂商事,00,,1840617,0,,000,共通部門,131,普通預金,20,ABC銀行 本店,00,,1840617,0,1月31日伝票No332株式会社麦穂商事,,,,,,,,,,,,,,,,,,,,,,,,,,,,,,,,,,,,,,,,,,,,,,,,,,,,,,
20220131,137,,,,000,共通部門,322,未払金,,,00,,12199043,0,,000,共通部門,131,普通預金,20,ABC銀行 本店,00,,12199043,0,12月分支払,,,,,,,,,,,,,,,,,,,,,,,,,,,,,,,,,,,,,,,,,,,,,,,,,,,,,,
20220131,138,,,,000,共通部門,121,当座預金,1,ABC銀行,00,,16028828,0,,000,共通部門,150,受取手形,,,00,,16028828,0,手形満期 株式会社桜丘百貨店 | 手形番号=R20211025-105-2;受取額に決済額を訂正,,,,,,,,,,,,,,,,,,,,,,,,,,,,,,,,,,,,,,,,,,,,,,,,,,,,,,
20220131,139,,,,000,共通部門,301,支払手形,,,00,,3730512,0,,000,共通部門,121,当座預金,1,ABC銀行,00,,3730512,0,手形期日落日 千草商事株式会社,,,,,,,,,,,,,,,,,,,,,,,,,,,,,,,,,,,,,,,,,,,,,,,,,,,,,,
20220131,139,,,,000,共通部門,301,支払手形,,,00,,1819272,0,,000,共通部門,121,当座預金,1,ABC銀行,00,,1819272,0,手形期日落日 東原産業株式会社,,,,,,,,,,,,,,,,,,,,,,,,,,,,,,,,,,,,,,,,,,,,,,,,,,,,,,
20220131,139,,,,000,共通部門,301,支払手形,,,00,,3051222,0,,000,共通部門,121,当座預金,1,ABC銀行,00,,3051222,0,手形期日落日 光野販売株式会社,,,,,,,,,,,,,,,,,,,,,,,,,,,,,,,,,,,,,,,,,,,,,,,,,,,,,,
20220131,141,,,,040,大阪支店,726,旅費交通費,,,Q5,,10500,954,,000,共通部門,111,現金,,,00,,10500,0,架空鉄道会社A代,,,,,,,,,,,,,,,,,,,,,,,,,,,,,,,,,,,,,,,,,,,,,,,,,,,,,,
20220131,142,,,,000,共通部門,121,当座預金,1,ABC銀行,00,,10808171,0,,000,共通部門,150,受取手形,,,00,,10808171,0,手形満期 株式会社緑野百貨店 | 手形番号=R20211130-119-12;受取額に決済額を訂正,,,,,,,,,,,,,,,,,,,,,,,,,,,,,,,,,,,,,,,,,,,,,,,,,,,,,,
20220131,145,,,,000,共通部門,131,普通預金,20,ABC銀行 本店,00,,40000,0,,000,共通部門,183,短期貸付金,,,00,,90000,0,貸付金返済,,,,,,,,,,,,,,,,,,,,,,,,,,,,,,,,,,,,,,,,,,,,,,,,,,,,,,
20220131,145,,,,000,共通部門,131,普通預金,20,ABC銀行 本店,00,,50000,0,,,,,,,,,,,,貸付金返済,,,,,,,,,,,,,,,,,,,,,,,,,,,,,,,,,,,,,,,,,,,,,,,,,,,,,,
20220131,145,,,,050,九州営業所,731,運賃,,,Q5,,169580,15416,,000,共通部門,322,未払金,,,00,,169580,0,運賃,,,,,,,,,,,,,,,,,,,,,,,,,,,,,,,,,,,,,,,,,,,,,,,,,,,,,,
20220131,146,,,,000,共通部門,148,定期積金,,,00,,500000,0,,000,共通部門,131,普通預金,20,ABC銀行 本店,00,,865000,0,定期積立金,,,,,,,,,,,,,,,,,,,,,,,,,,,,,,,,,,,,,,,,,,,,,,,,,,,,,,
20220131,146,,,,000,共通部門,148,定期積金,,,00,,240000,0,,,,,,,,,,,,新規定期積立金,,,,,,,,,,,,,,,,,,,,,,,,,,,,,,,,,,,,,,,,,,,,,,,,,,,,,,
20220131,146,,,,000,共通部門,248,保険積立金,,,00,,125000,0,,,,,,,,,,,,保険積立金,,,,,,,,,,,,,,,,,,,,,,,,,,,,,,,,,,,,,,,,,,,,,,,,,,,,,,
20220131,147,,,,000,共通部門,321,短期借入金,,,00,,653500,0,,000,共通部門,121,当座預金,1,ABC銀行,00,,686175,0,借入金返済,,,,,,,,,,,,,,,,,,,,,,,,,,,,,,,,,,,,,,,,,,,,,,,,,,,,,,
20220131,147,,,,020,東京支店,821,支払利息,,,P0,,32675,0,,,,,,,,,,,,利息,,,,,,,,,,,,,,,,,,,,,,,,,,,,,,,,,,,,,,,,,,,,,,,,,,,,,,
20220131,164,,,,050,九州営業所,754,事務用消耗品費,,,Q5,,1307,118,,000,共通部門,111,現金,,,00,,1307,0,事務用品,,,,,,,,,,,,,,,,,,,,,,,,,,,,,,,,,,,,,,,,,,,,,,,,,,,,,,
20220131,990010,,,,010,札幌営業所,713,賞与,,,00,,110000,0,,010,札幌営業所,337,賞与引当金,,,00,,110000,0,サンプル定義：賞与半年均等引当 202201 部門010,,,,,,,,,,,,,,,,,,,,,,,,,,,,,,,,,,,,,,,,,,,,,,,,,,,,,,
20220131,990010,,,,020,東京支店,713,賞与,,,00,,261667,0,,020,東京支店,337,賞与引当金,,,00,,261667,0,サンプル定義：賞与半年均等引当 202201 部門020,,,,,,,,,,,,,,,,,,,,,,,,,,,,,,,,,,,,,,,,,,,,,,,,,,,,,,
20220131,990010,,,,030,名古屋支店,713,賞与,,,00,,102667,0,,030,名古屋支店,337,賞与引当金,,,00,,102667,0,サンプル定義：賞与半年均等引当 202201 部門030,,,,,,,,,,,,,,,,,,,,,,,,,,,,,,,,,,,,,,,,,,,,,,,,,,,,,,
20220131,990010,,,,040,大阪支店,713,賞与,,,00,,120333,0,,040,大阪支店,337,賞与引当金,,,00,,120333,0,サンプル定義：賞与半年均等引当 202201 部門040,,,,,,,,,,,,,,,,,,,,,,,,,,,,,,,,,,,,,,,,,,,,,,,,,,,,,,
20220131,990010,,,,050,九州営業所,713,賞与,,,00,,79000,0,,050,九州営業所,337,賞与引当金,,,00,,79000,0,サンプル定義：賞与半年均等引当 202201 部門050,,,,,,,,,,,,,,,,,,,,,,,,,,,,,,,,,,,,,,,,,,,,,,,,,,,,,,
20220201,67,,,,040,大阪支店,791,雑費,,,Q5,,1029,93,,000,共通部門,111,現金,,,00,,1029,0,ティッシュ他,,,,,,,,,,,,,,,,,,,,,,,,,,,,,,,,,,,,,,,,,,,,,,,,,,,,,,
20220202,18,,,,010,札幌営業所,726,旅費交通費,,,Q5,,14500,1318,,000,共通部門,111,現金,,,00,,14500,0,旅費,,,,,,,,,,,,,,,,,,,,,,,,,,,,,,,,,,,,,,,,,,,,,,,,,,,,,,
20220202,94,,,,030,名古屋支店,791,雑費,,,Q5,,1012,92,,000,共通部門,111,現金,,,00,,1012,0,台所用品他,,,,,,,,,,,,,,,,,,,,,,,,,,,,,,,,,,,,,,,,,,,,,,,,,,,,,,
20220202,102,,,,040,大阪支店,733,交際接待費,,,Q5,,5250,477,,000,共通部門,111,現金,,,00,,5250,0,ゴルフ景品代 架空店舗089,,,,,,,,,,,,,,,,,,,,,,,,,,,,,,,,,,,,,,,,,,,,,,,,,,,,,,
20220202,150,,,,050,九州営業所,733,交際接待費,,,Q5,,14172,1288,,000,共通部門,111,現金,,,00,,29639,0,飲食代 架空店舗084 4名,,,,,,,,,,,,,,,,,,,,,,,,,,,,,,,,,,,,,,,,,,,,,,,,,,,,,,
20220202,150,,,,050,九州営業所,733,交際接待費,,,Q5,,15467,1406,,,,,,,,,,,,飲食代 架空店舗034 4名,,,,,,,,,,,,,,,,,,,,,,,,,,,,,,,,,,,,,,,,,,,,,,,,,,,,,,
20220203,41,,,,020,東京支店,733,交際接待費,,,Q5,,10000,909,,000,共通部門,111,現金,,,00,,10000,0,香典代,,,,,,,,,,,,,,,,,,,,,,,,,,,,,,,,,,,,,,,,,,,,,,,,,,,,,,
20220203,134,,,,050,九州営業所,754,事務用消耗品費,,,Q5,,10500,954,,000,共通部門,322,未払金,,,00,,10500,0,用紙,,,,,,,,,,,,,,,,,,,,,,,,,,,,,,,,,,,,,,,,,,,,,,,,,,,,,,
20220204,19,,,,010,札幌営業所,726,旅費交通費,,,Q5,,8500,772,,000,共通部門,111,現金,,,00,,8500,0,旅費,,,,,,,,,,,,,,,,,,,,,,,,,,,,,,,,,,,,,,,,,,,,,,,,,,,,,,
20220204,147,,,,050,九州営業所,740,車両費,,,Q5,,6693,608,,000,共通部門,322,未払金,,,00,,6693,0,ガソリン代,,,,,,,,,,,,,,,,,,,,,,,,,,,,,,,,,,,,,,,,,,,,,,,,,,,,,,
20220205,20,,,,010,札幌営業所,726,旅費交通費,,,Q5,,42000,3818,,000,共通部門,111,現金,,,00,,42000,0,旅費,,,,,,,,,,,,,,,,,,,,,,,,,,,,,,,,,,,,,,,,,,,,,,,,,,,,,,
20220205,76,,,,020,東京支店,724,福利厚生費,,,Q5,,15608,1418,,000,共通部門,322,未払金,,,00,,15608,0,社員食事代,,,,,,,,,,,,,,,,,,,,,,,,,,,,,,,,,,,,,,,,,,,,,,,,,,,,,,
20220205,85,,,,000,共通部門,131,普通預金,50,MNO銀行 北九州,00,,1508272,0,,000,共通部門,152,売掛金,22,株式会社豊原産業,00,,1508272,0,2月5日伝票No432株式会社豊原産業,,,,,,,,,,,,,,,,,,,,,,,,,,,,,,,,,,,,,,,,,,,,,,,,,,,,,,
20220205,85,,,,050,九州営業所,741,支払手数料,,,Q5,,472,42,,000,共通部門,152,売掛金,22,株式会社豊原産業,00,,472,0,2月5日伝票No432株式会社豊原産業,,,,,,,,,,,,,,,,,,,,,,,,,,,,,,,,,,,,,,,,,,,,,,,,,,,,,,
20220205,86,,,,000,共通部門,131,普通預金,20,ABC銀行 本店,00,,1442003,0,,000,共通部門,152,売掛金,26,若松販売株式会社,00,,1442003,0,2月5日伝票No433若松販売株式会社,,,,,,,,,,,,,,,,,,,,,,,,,,,,,,,,,,,,,,,,,,,,,,,,,,,,,,
20220205,86,,,,020,東京支店,741,支払手数料,,,Q5,,472,42,,000,共通部門,152,売掛金,26,若松販売株式会社,00,,472,0,2月5日伝票No433若松販売株式会社,,,,,,,,,,,,,,,,,,,,,,,,,,,,,,,,,,,,,,,,,,,,,,,,,,,,,,
20220205,87,,,,000,共通部門,131,普通預金,30,GHI銀行 名古屋,00,,1918584,0,,000,共通部門,152,売掛金,27,晴海物産株式会社,00,,1918584,0,2月5日伝票No434晴海物産株式会社,,,,,,,,,,,,,,,,,,,,,,,,,,,,,,,,,,,,,,,,,,,,,,,,,,,,,,
20220205,133,,,,020,東京支店,746,支払報酬,,,Q5,,139710,12700,,000,共通部門,131,普通預金,20,ABC銀行 本店,00,,139710,0,税理士報酬,,,,,,,,,,,,,,,,,,,,,,,,,,,,,,,,,,,,,,,,,,,,,,,,,,,,,,
20220205,142,,,,040,大阪支店,740,車両費,,,Q5,,4991,453,,000,共通部門,111,現金,,,00,,12556,0,高速代,,,,,,,,,,,,,,,,,,,,,,,,,,,,,,,,,,,,,,,,,,,,,,,,,,,,,,
20220205,142,,,,040,大阪支店,740,車両費,,,Q5,,3004,273,,,,,,,,,,,,高速代,,,,,,,,,,,,,,,,,,,,,,,,,,,,,,,,,,,,,,,,,,,,,,,,,,,,,,
20220205,142,,,,040,大阪支店,740,車両費,,,Q5,,4561,414,,,,,,,,,,,,高速代,,,,,,,,,,,,,,,,,,,,,,,,,,,,,,,,,,,,,,,,,,,,,,,,,,,,,,
20220205,161,,,,050,九州営業所,726,旅費交通費,,,Q5,,6980,634,,000,共通部門,111,現金,,,00,,6980,0,旅費,,,,,,,,,,,,,,,,,,,,,,,,,,,,,,,,,,,,,,,,,,,,,,,,,,,,,,
20220206,21,,,,010,札幌営業所,726,旅費交通費,,,Q5,,59600,5418,,000,共通部門,111,現金,,,00,,59600,0,架空鉄道会社A代,,,,,,,,,,,,,,,,,,,,,,,,,,,,,,,,,,,,,,,,,,,,,,,,,,,,,,
20220206,106,,,,040,大阪支店,733,交際接待費,,,Q5,,18600,1690,,000,共通部門,111,現金,,,00,,18600,0,ゴルフプレー代,,,,,,,,,,,,,,,,,,,,,,,,,,,,,,,,,,,,,,,,,,,,,,,,,,,,,,
20220206,110,,,,040,大阪支店,726,旅費交通費,,,Q5,,2290,208,,000,共通部門,111,現金,,,00,,2290,0,タクシー代,,,,,,,,,,,,,,,,,,,,,,,,,,,,,,,,,,,,,,,,,,,,,,,,,,,,,,
20220206,149,,,,030,名古屋支店,733,交際接待費,,,Q5,,1260,114,,000,共通部門,111,現金,,,00,,1260,0,コーヒー代2名,,,,,,,,,,,,,,,,,,,,,,,,,,,,,,,,,,,,,,,,,,,,,,,,,,,,,,
20220207,43,,,,020,東京支店,733,交際接待費,,,Q5,,2210,200,,000,共通部門,111,現金,,,00,,2210,0,コーヒー代他2名,,,,,,,,,,,,,,,,,,,,,,,,,,,,,,,,,,,,,,,,,,,,,,,,,,,,,,
20220207,58,,,,020,東京支店,726,旅費交通費,,,Q5,,70000,6363,,000,共通部門,111,現金,,,00,,70000,0,旅費,,,,,,,,,,,,,,,,,,,,,,,,,,,,,,,,,,,,,,,,,,,,,,,,,,,,,,
20220207,143,,,,040,大阪支店,740,車両費,,,Q5,,23200,2109,,000,共通部門,111,現金,,,00,,23200,0,車両管理料,,,,,,,,,,,,,,,,,,,,,,,,,,,,,,,,,,,,,,,,,,,,,,,,,,,,,,
20220208,50,,,,020,東京支店,740,車両費,,,Q5,,1200,109,,000,共通部門,111,現金,,,00,,1200,0,高速代,,,,,,,,,,,,,,,,,,,,,,,,,,,,,,,,,,,,,,,,,,,,,,,,,,,,,,
20220208,75,,,,050,九州営業所,740,車両費,,,Q5,,6630,602,,000,共通部門,111,現金,,,00,,9678,0,ガソリン代,,,,,,,,,,,,,,,,,,,,,,,,,,,,,,,,,,,,,,,,,,,,,,,,,,,,,,
20220208,75,,,,050,九州営業所,740,車両費,,,Q5,,2286,207,,,,,,,,,,,,高速代,,,,,,,,,,,,,,,,,,,,,,,,,,,,,,,,,,,,,,,,,,,,,,,,,,,,,,
20220208,75,,,,050,九州営業所,740,車両費,,,Q5,,762,69,,,,,,,,,,,,駐車代,,,,,,,,,,,,,,,,,,,,,,,,,,,,,,,,,,,,,,,,,,,,,,,,,,,,,,
20220208,164,,,,050,九州営業所,754,事務用消耗品費,,,Q5,,898,81,,000,共通部門,111,現金,,,00,,898,0,事務用品,,,,,,,,,,,,,,,,,,,,,,,,,,,,,,,,,,,,,,,,,,,,,,,,,,,,,,
20220209,152,,,,050,九州営業所,733,交際接待費,,,Q5,,12000,1090,,000,共通部門,111,現金,,,00,,12000,0,ゴルフプレー代,,,,,,,,,,,,,,,,,,,,,,,,,,,,,,,,,,,,,,,,,,,,,,,,,,,,,,
20220210,10,,,,010,札幌営業所,740,車両費,,,Q5,,3000,272,,000,共通部門,111,現金,,,00,,3000,0,ガソリン代,,,,,,,,,,,,,,,,,,,,,,,,,,,,,,,,,,,,,,,,,,,,,,,,,,,,,,
20220210,60,,,,000,共通部門,111,現金,,,00,,500000,0,,000,共通部門,121,当座預金,1,ABC銀行,00,,500000,0,引き出し,,,,,,,,,,,,,,,,,,,,,,,,,,,,,,,,,,,,,,,,,,,,,,,,,,,,,,
20220210,62,,,,000,共通部門,326,預り金,3,源泉税,00,,232482,0,,000,共通部門,131,普通預金,20,ABC銀行 本店,00,,681982,0,源泉税支払,,,,,,,,,,,,,,,,,,,,,,,,,,,,,,,,,,,,,,,,,,,,,,,,,,,,,,
20220210,62,,,,000,共通部門,326,預り金,2,住民税,00,,449500,0,,,,,,,,,,,,住民税支払,,,,,,,,,,,,,,,,,,,,,,,,,,,,,,,,,,,,,,,,,,,,,,,,,,,,,,
20220210,65,,,,010,札幌営業所,791,雑費,,,Q5,,5000,454,,000,共通部門,322,未払金,,,00,,39286,0,有線,,,,,,,,,,,,,,,,,,,,,,,,,,,,,,,,,,,,,,,,,,,,,,,,,,,,,,
20220210,65,,,,010,札幌営業所,791,雑費,,,Q5,,34286,3116,,,,,,,,,,,,警備料,,,,,,,,,,,,,,,,,,,,,,,,,,,,,,,,,,,,,,,,,,,,,,,,,,,,,,
20220210,76,,,,050,九州営業所,740,車両費,,,Q5,,6012,546,,000,共通部門,111,現金,,,00,,6012,0,ガソリン代,,,,,,,,,,,,,,,,,,,,,,,,,,,,,,,,,,,,,,,,,,,,,,,,,,,,,,
20220210,79,,,,030,名古屋支店,726,旅費交通費,,,Q5,,22000,2000,,000,共通部門,111,現金,,,00,,22000,0,旅費,,,,,,,,,,,,,,,,,,,,,,,,,,,,,,,,,,,,,,,,,,,,,,,,,,,,,,
20220210,88,,,,000,共通部門,312,買掛金,3,青凪商事株式会社,00,,4318710,0,,000,共通部門,152,売掛金,3,青凪商事株式会社,00,,4318710,0,2月10日伝票No435青凪商事株式会社,,,,,,,,,,,,,,,,,,,,,,,,,,,,,,,,,,,,,,,,,,,,,,,,,,,,,,
20220210,89,,,,000,共通部門,131,普通預金,20,ABC銀行 本店,00,,15929155,0,,000,共通部門,152,売掛金,14,株式会社花咲商事,00,,15929155,0,2月10日伝票No436株式会社花咲商事東京本社,,,,,,,,,,,,,,,,,,,,,,,,,,,,,,,,,,,,,,,,,,,,,,,,,,,,,,
20220210,89,,,,020,東京支店,741,支払手数料,,,Q5,,735,66,,000,共通部門,152,売掛金,14,株式会社花咲商事,00,,735,0,2月10日伝票No436株式会社花咲商事東京本社,,,,,,,,,,,,,,,,,,,,,,,,,,,,,,,,,,,,,,,,,,,,,,,,,,,,,,
20220210,90,,,,000,共通部門,131,普通預金,30,GHI銀行 名古屋,00,,663855,0,,000,共通部門,152,売掛金,19,株式会社南風商会,00,,663855,0,2月10日伝票No437株式会社南風商会,,,,,,,,,,,,,,,,,,,,,,,,,,,,,,,,,,,,,,,,,,,,,,,,,,,,,,
20220210,90,,,,030,名古屋支店,741,支払手数料,,,Q5,,735,66,,000,共通部門,152,売掛金,19,株式会社南風商会,00,,735,0,2月10日伝票No437株式会社南風商会,,,,,,,,,,,,,,,,,,,,,,,,,,,,,,,,,,,,,,,,,,,,,,,,,,,,,,
20220210,91,,,,000,共通部門,150,受取手形,,,00,,8918449,0,,000,共通部門,152,売掛金,28,株式会社青葉百貨店,00,,8918449,0,2月10日伝票No438株式会社青葉百貨店 | 売上伝票=20220131-115;手形番号=R20220210-91-28,,,,,,,,,,,,,,,,,,,,,,,,,,,,,,,,,,,,,,,,,,,,,,,,,,,,,,
20220210,92,,,,000,共通部門,312,買掛金,3,青凪商事株式会社,00,,457266,0,,000,共通部門,301,支払手形,,,00,,457266,0,2月10日伝票No333青凪商事株式会社,,,,,,,,,,,,,,,,,,,,,,,,,,,,,,,,,,,,,,,,,,,,,,,,,,,,,,
20220210,93,,,,000,共通部門,312,買掛金,8,株式会社白樺商事,00,,560347,0,,000,共通部門,131,普通預金,20,ABC銀行 本店,00,,560347,0,2月10日伝票No334株式会社白樺商事,,,,,,,,,,,,,,,,,,,,,,,,,,,,,,,,,,,,,,,,,,,,,,,,,,,,,,
20220210,137,,,,000,共通部門,301,支払手形,,,00,,2953678,0,,000,共通部門,121,当座預金,1,ABC銀行,00,,2953678,0,手形期日落日 青凪商事株式会社,,,,,,,,,,,,,,,,,,,,,,,,,,,,,,,,,,,,,,,,,,,,,,,,,,,,,,
20220210,162,,,,020,東京支店,734,会議費,,,Q5,,24995,2272,,000,共通部門,111,現金,,,00,,24995,0,会議　食事代,,,,,,,,,,,,,,,,,,,,,,,,,,,,,,,,,,,,,,,,,,,,,,,,,,,,,,
20220210,168,,,,050,九州営業所,791,雑費,,,Q5,,6000,545,,000,共通部門,322,未払金,,,00,,48858,0,有線,,,,,,,,,,,,,,,,,,,,,,,,,,,,,,,,,,,,,,,,,,,,,,,,,,,,,,
20220210,168,,,,050,九州営業所,791,雑費,,,Q5,,42858,3896,,,,,,,,,,,,警備料,,,,,,,,,,,,,,,,,,,,,,,,,,,,,,,,,,,,,,,,,,,,,,,,,,,,,,
20220211,22,,,,010,札幌営業所,726,旅費交通費,,,Q5,,23000,2090,,000,共通部門,111,現金,,,00,,23000,0,旅費,,,,,,,,,,,,,,,,,,,,,,,,,,,,,,,,,,,,,,,,,,,,,,,,,,,,,,
20220211,33,,,,010,札幌営業所,747,地代家賃,,,Q5,,320000,29090,,000,共通部門,131,普通預金,10,DEF銀行 駅前,00,,320000,0,家賃支払い,,,,,,,,,,,,,,,,,,,,,,,,,,,,,,,,,,,,,,,,,,,,,,,,,,,,,,
20220211,33,,,,010,札幌営業所,727,通信費,,,Q5,,171286,15571,,000,共通部門,131,普通預金,10,DEF銀行 駅前,00,,171286,0,電話代,,,,,,,,,,,,,,,,,,,,,,,,,,,,,,,,,,,,,,,,,,,,,,,,,,,,,,
20220211,63,,,,020,東京支店,747,地代家賃,,,Q5,,1260000,114545,,000,共通部門,131,普通預金,20,ABC銀行 本店,00,,1260000,0,家賃支払,,,,,,,,,,,,,,,,,,,,,,,,,,,,,,,,,,,,,,,,,,,,,,,,,,,,,,
20220211,64,,,,040,大阪支店,747,地代家賃,,,Q5,,840000,76363,,000,共通部門,131,普通預金,40,JKL銀行 梅田,00,,840000,0,家賃支払,,,,,,,,,,,,,,,,,,,,,,,,,,,,,,,,,,,,,,,,,,,,,,,,,,,,,,
20220211,73,,,,020,東京支店,733,交際接待費,,,Q5,,26530,2411,,000,共通部門,111,現金,,,00,,26530,0,食事代,,,,,,,,,,,,,,,,,,,,,,,,,,,,,,,,,,,,,,,,,,,,,,,,,,,,,,
20220211,80,,,,030,名古屋支店,726,旅費交通費,,,Q5,,10000,909,,000,共通部門,111,現金,,,00,,10000,0,架空鉄道会社A代,,,,,,,,,,,,,,,,,,,,,,,,,,,,,,,,,,,,,,,,,,,,,,,,,,,,,,
20220211,85,,,,030,名古屋支店,727,通信費,,,Q5,,83240,7567,,000,共通部門,131,普通預金,30,GHI銀行 名古屋,00,,83240,0,電話代,,,,,,,,,,,,,,,,,,,,,,,,,,,,,,,,,,,,,,,,,,,,,,,,,,,,,,
20220211,112,,,,040,大阪支店,727,通信費,,,Q5,,159346,14486,,000,共通部門,131,普通預金,40,JKL銀行 梅田,00,,159346,0,電話代,,,,,,,,,,,,,,,,,,,,,,,,,,,,,,,,,,,,,,,,,,,,,,,,,,,,,,
20220211,129,,,,030,名古屋支店,747,地代家賃,,,Q5,,399000,36272,,000,共通部門,131,普通預金,30,GHI銀行 名古屋,00,,399000,0,家賃支払い,,,,,,,,,,,,,,,,,,,,,,,,,,,,,,,,,,,,,,,,,,,,,,,,,,,,,,
20220211,141,,,,040,大阪支店,726,旅費交通費,,,Q5,,21500,1954,,000,共通部門,111,現金,,,00,,21500,0,架空鉄道会社A代,,,,,,,,,,,,,,,,,,,,,,,,,,,,,,,,,,,,,,,,,,,,,,,,,,,,,,
20220211,165,,,,050,九州営業所,791,雑費,,,Q5,,1335,121,,000,共通部門,111,現金,,,00,,1335,0,ティッシュ代他,,,,,,,,,,,,,,,,,,,,,,,,,,,,,,,,,,,,,,,,,,,,,,,,,,,,,,
20220211,167,,,,050,九州営業所,747,地代家賃,,,Q5,,630000,57272,,000,共通部門,131,普通預金,50,MNO銀行 北九州,00,,630000,0,家賃支払い,,,,,,,,,,,,,,,,,,,,,,,,,,,,,,,,,,,,,,,,,,,,,,,,,,,,,,
20220211,167,,,,050,九州営業所,727,通信費,,,Q5,,130648,11877,,000,共通部門,131,普通預金,50,MNO銀行 北九州,00,,130648,0,電話代,,,,,,,,,,,,,,,,,,,,,,,,,,,,,,,,,,,,,,,,,,,,,,,,,,,,,,
20220212,44,,,,020,東京支店,733,交際接待費,,,Q5,,33690,3062,,000,共通部門,111,現金,,,00,,33690,0,飲食代 架空店舗020 5名,,,,,,,,,,,,,,,,,,,,,,,,,,,,,,,,,,,,,,,,,,,,,,,,,,,,,,
20220212,69,,,,020,東京支店,733,交際接待費,,,Q5,,12600,1145,,000,共通部門,111,現金,,,00,,12600,0,ゴルフプレー代,,,,,,,,,,,,,,,,,,,,,,,,,,,,,,,,,,,,,,,,,,,,,,,,,,,,,,
20220212,71,,,,040,大阪支店,733,交際接待費,,,Q5,,13650,1240,,000,共通部門,111,現金,,,00,,13650,0,ゴルフプレー代,,,,,,,,,,,,,,,,,,,,,,,,,,,,,,,,,,,,,,,,,,,,,,,,,,,,,,
20220213,17,,,,010,札幌営業所,740,車両費,,,Q5,,381,34,,000,共通部門,111,現金,,,00,,2381,0,駐車代,,,,,,,,,,,,,,,,,,,,,,,,,,,,,,,,,,,,,,,,,,,,,,,,,,,,,,
20220213,17,,,,010,札幌営業所,740,車両費,,,Q5,,2000,181,,,,,,,,,,,,高速代,,,,,,,,,,,,,,,,,,,,,,,,,,,,,,,,,,,,,,,,,,,,,,,,,,,,,,
20220213,23,,,,010,札幌営業所,726,旅費交通費,,,Q5,,381,34,,000,共通部門,111,現金,,,00,,2381,0,旅費,,,,,,,,,,,,,,,,,,,,,,,,,,,,,,,,,,,,,,,,,,,,,,,,,,,,,,
20220213,23,,,,010,札幌営業所,726,旅費交通費,,,Q5,,2000,181,,,,,,,,,,,,旅費,,,,,,,,,,,,,,,,,,,,,,,,,,,,,,,,,,,,,,,,,,,,,,,,,,,,,,
20220213,82,,,,030,名古屋支店,740,車両費,,,Q5,,31529,2866,,000,共通部門,322,未払金,,,00,,31529,0,ガソリン代,,,,,,,,,,,,,,,,,,,,,,,,,,,,,,,,,,,,,,,,,,,,,,,,,,,,,,
20220214,46,,,,020,東京支店,740,車両費,,,Q5,,2341,212,,000,共通部門,111,現金,,,00,,11988,0,ガソリン代,,,,,,,,,,,,,,,,,,,,,,,,,,,,,,,,,,,,,,,,,,,,,,,,,,,,,,
20220214,46,,,,020,東京支店,740,車両費,,,Q5,,4767,433,,,,,,,,,,,,ガソリン代,,,,,,,,,,,,,,,,,,,,,,,,,,,,,,,,,,,,,,,,,,,,,,,,,,,,,,
20220214,46,,,,020,東京支店,740,車両費,,,Q5,,4880,443,,,,,,,,,,,,ガソリン代,,,,,,,,,,,,,,,,,,,,,,,,,,,,,,,,,,,,,,,,,,,,,,,,,,,,,,
20220214,51,,,,020,東京支店,740,車両費,,,Q5,,1505,136,,000,共通部門,111,現金,,,00,,7176,0,高速代,,,,,,,,,,,,,,,,,,,,,,,,,,,,,,,,,,,,,,,,,,,,,,,,,,,,,,
20220214,51,,,,020,東京支店,740,車両費,,,Q5,,620,56,,,,,,,,,,,,高速代,,,,,,,,,,,,,,,,,,,,,,,,,,,,,,,,,,,,,,,,,,,,,,,,,,,,,,
20220214,51,,,,020,東京支店,740,車両費,,,Q5,,810,73,,,,,,,,,,,,高速代,,,,,,,,,,,,,,,,,,,,,,,,,,,,,,,,,,,,,,,,,,,,,,,,,,,,,,
20220214,51,,,,020,東京支店,740,車両費,,,Q5,,1096,99,,,,,,,,,,,,高速代,,,,,,,,,,,,,,,,,,,,,,,,,,,,,,,,,,,,,,,,,,,,,,,,,,,,,,
20220214,51,,,,020,東京支店,740,車両費,,,Q5,,1096,99,,,,,,,,,,,,高速代,,,,,,,,,,,,,,,,,,,,,,,,,,,,,,,,,,,,,,,,,,,,,,,,,,,,,,
20220214,51,,,,020,東京支店,740,車両費,,,Q5,,1096,99,,,,,,,,,,,,高速代,,,,,,,,,,,,,,,,,,,,,,,,,,,,,,,,,,,,,,,,,,,,,,,,,,,,,,
20220214,51,,,,020,東京支店,740,車両費,,,Q5,,953,86,,,,,,,,,,,,高速代,,,,,,,,,,,,,,,,,,,,,,,,,,,,,,,,,,,,,,,,,,,,,,,,,,,,,,
20220214,70,,,,030,名古屋支店,733,交際接待費,,,Q5,,8600,781,,000,共通部門,111,現金,,,00,,8600,0,ゴルフプレー代,,,,,,,,,,,,,,,,,,,,,,,,,,,,,,,,,,,,,,,,,,,,,,,,,,,,,,
20220215,4,,,,010,札幌営業所,732,広告宣伝費,,,Q5,,31500,2863,,000,共通部門,322,未払金,,,00,,31500,0,広告費,,,,,,,,,,,,,,,,,,,,,,,,,,,,,,,,,,,,,,,,,,,,,,,,,,,,,,
20220215,57,,,,020,東京支店,726,旅費交通費,,,Q5,,68700,6245,,000,共通部門,111,現金,,,00,,68700,0,架空鉄道会社A代,,,,,,,,,,,,,,,,,,,,,,,,,,,,,,,,,,,,,,,,,,,,,,,,,,,,,,
20220215,83,,,,020,東京支店,721,雑給,,,00,,210240,0,,000,共通部門,111,現金,,,00,,205380,0,2月給与その他 0060 パート･アルバイト,,,,,,,,,,,,,,,,,,,,,,,,,,,,,,,,,,,,,,,,,,,,,,,,,,,,,,
20220215,83,,,,,,,,,,,,,,,000,共通部門,326,預り金,9,その他,00,,4860,0,2月給与その他 0060 パート･アルバイト,,,,,,,,,,,,,,,,,,,,,,,,,,,,,,,,,,,,,,,,,,,,,,,,,,,,,,
20220215,94,,,,000,共通部門,131,普通預金,50,MNO銀行 北九州,00,,1437184,0,,000,共通部門,152,売掛金,1,株式会社若葉百貨店,00,,1437184,0,2月15日伝票No439株式会社若葉百貨店,,,,,,,,,,,,,,,,,,,,,,,,,,,,,,,,,,,,,,,,,,,,,,,,,,,,,,
20220215,94,,,,050,九州営業所,741,支払手数料,,,Q5,,840,76,,000,共通部門,152,売掛金,1,株式会社若葉百貨店,00,,840,0,2月15日伝票No439株式会社若葉百貨店,,,,,,,,,,,,,,,,,,,,,,,,,,,,,,,,,,,,,,,,,,,,,,,,,,,,,,
20220215,95,,,,000,共通部門,131,普通預金,30,GHI銀行 名古屋,00,,1297180,0,,000,共通部門,152,売掛金,6,株式会社瑞穂流通,00,,1297180,0,2月15日伝票No440株式会社瑞穂流通,,,,,,,,,,,,,,,,,,,,,,,,,,,,,,,,,,,,,,,,,,,,,,,,,,,,,,
20220215,95,,,,030,名古屋支店,741,支払手数料,,,Q5,,840,76,,000,共通部門,152,売掛金,6,株式会社瑞穂流通,00,,840,0,2月15日伝票No440株式会社瑞穂流通,,,,,,,,,,,,,,,,,,,,,,,,,,,,,,,,,,,,,,,,,,,,,,,,,,,,,,
20220215,96,,,,000,共通部門,131,普通預金,40,JKL銀行 梅田,00,,1240228,0,,000,共通部門,152,売掛金,8,株式会社高原マーケット,00,,1240228,0,2月15日伝票No441株式会社高原マーケット,,,,,,,,,,,,,,,,,,,,,,,,,,,,,,,,,,,,,,,,,,,,,,,,,,,,,,
20220215,96,,,,040,大阪支店,741,支払手数料,,,Q5,,840,76,,000,共通部門,152,売掛金,8,株式会社高原マーケット,00,,840,0,2月15日伝票No441株式会社高原マーケット,,,,,,,,,,,,,,,,,,,,,,,,,,,,,,,,,,,,,,,,,,,,,,,,,,,,,,
20220215,97,,,,000,共通部門,131,普通預金,40,JKL銀行 梅田,00,,1667304,0,,000,共通部門,152,売掛金,9,朝凪物産株式会社,00,,1667304,0,2月15日伝票No442朝凪物産株式会社,,,,,,,,,,,,,,,,,,,,,,,,,,,,,,,,,,,,,,,,,,,,,,,,,,,,,,
20220215,97,,,,040,大阪支店,741,支払手数料,,,Q5,,840,76,,000,共通部門,152,売掛金,9,朝凪物産株式会社,00,,840,0,2月15日伝票No442朝凪物産株式会社,,,,,,,,,,,,,,,,,,,,,,,,,,,,,,,,,,,,,,,,,,,,,,,,,,,,,,
20220215,98,,,,000,共通部門,131,普通預金,20,ABC銀行 本店,00,,1280304,0,,000,共通部門,152,売掛金,13,星川商事株式会社,00,,1280304,0,2月15日伝票No443星川商事株式会社,,,,,,,,,,,,,,,,,,,,,,,,,,,,,,,,,,,,,,,,,,,,,,,,,,,,,,
20220215,99,,,,000,共通部門,131,普通預金,40,JKL銀行 梅田,00,,2217591,0,,000,共通部門,152,売掛金,20,清和商事株式会社,00,,2217591,0,2月15日伝票No444清和商事株式会社,,,,,,,,,,,,,,,,,,,,,,,,,,,,,,,,,,,,,,,,,,,,,,,,,,,,,,
20220215,99,,,,040,大阪支店,741,支払手数料,,,Q5,,315,28,,000,共通部門,152,売掛金,20,清和商事株式会社,00,,315,0,2月15日伝票No444清和商事株式会社,,,,,,,,,,,,,,,,,,,,,,,,,,,,,,,,,,,,,,,,,,,,,,,,,,,,,,
20220215,100,,,,000,共通部門,312,買掛金,1,株式会社北辰商事,00,,10823612,0,,000,共通部門,301,支払手形,,,00,,10823612,0,2月15日伝票No335株式会社北辰商事,,,,,,,,,,,,,,,,,,,,,,,,,,,,,,,,,,,,,,,,,,,,,,,,,,,,,,
20220215,117,,,,040,大阪支店,742,諸会費,,,00,,20000,0,,000,共通部門,111,現金,,,00,,20000,0,会費,,,,,,,,,,,,,,,,,,,,,,,,,,,,,,,,,,,,,,,,,,,,,,,,,,,,,,
20220215,130,,,,040,大阪支店,742,諸会費,,,00,,24000,0,,000,共通部門,131,普通預金,40,JKL銀行 梅田,00,,24000,0,会費,,,,,,,,,,,,,,,,,,,,,,,,,,,,,,,,,,,,,,,,,,,,,,,,,,,,,,
20220215,151,,,,040,大阪支店,733,交際接待費,,,Q5,,12750,1159,,000,共通部門,111,現金,,,00,,12750,0,飲食代 架空店舗075,,,,,,,,,,,,,,,,,,,,,,,,,,,,,,,,,,,,,,,,,,,,,,,,,,,,,,
20220215,158,,,,040,大阪支店,726,旅費交通費,,,Q5,,14000,1272,,000,共通部門,111,現金,,,00,,14000,0,出張旅費,,,,,,,,,,,,,,,,,,,,,,,,,,,,,,,,,,,,,,,,,,,,,,,,,,,,,,
20220216,7,,,,010,札幌営業所,733,交際接待費,,,Q5,,3750,340,,000,共通部門,111,現金,,,00,,3750,0,昼食代 架空店舗004 2名,,,,,,,,,,,,,,,,,,,,,,,,,,,,,,,,,,,,,,,,,,,,,,,,,,,,,,
20220216,11,,,,010,札幌営業所,740,車両費,,,Q5,,3210,291,,000,共通部門,111,現金,,,00,,3210,0,ガソリン代,,,,,,,,,,,,,,,,,,,,,,,,,,,,,,,,,,,,,,,,,,,,,,,,,,,,,,
20220216,61,,,,020,東京支店,727,通信費,,,Q5,,176510,16046,,000,共通部門,131,普通預金,20,ABC銀行 本店,00,,176510,0,電話代,,,,,,,,,,,,,,,,,,,,,,,,,,,,,,,,,,,,,,,,,,,,,,,,,,,,,,
20220216,79,,,,030,名古屋支店,724,福利厚生費,,,Q5,,39415,3583,,000,共通部門,111,現金,,,00,,39415,0,景品代,,,,,,,,,,,,,,,,,,,,,,,,,,,,,,,,,,,,,,,,,,,,,,,,,,,,,,
20220216,136,,,,040,大阪支店,791,雑費,,,Q5,,16500,1500,,000,共通部門,111,現金,,,00,,16500,0,架空清掃会社A代,,,,,,,,,,,,,,,,,,,,,,,,,,,,,,,,,,,,,,,,,,,,,,,,,,,,,,
20220216,148,,,,050,九州営業所,740,車両費,,,Q5,,3570,324,,000,共通部門,111,現金,,,00,,3570,0,ガソリン代,,,,,,,,,,,,,,,,,,,,,,,,,,,,,,,,,,,,,,,,,,,,,,,,,,,,,,
20220216,154,,,,050,九州営業所,733,交際接待費,,,Q5,,6229,566,,000,共通部門,322,未払金,,,00,,25068,0,手土産代 架空店舗067,,,,,,,,,,,,,,,,,,,,,,,,,,,,,,,,,,,,,,,,,,,,,,,,,,,,,,
20220216,154,,,,050,九州営業所,733,交際接待費,,,Q5,,18839,1712,,,,,,,,,,,,飲食代 架空店舗024 4名,,,,,,,,,,,,,,,,,,,,,,,,,,,,,,,,,,,,,,,,,,,,,,,,,,,,,,
20220217,47,,,,020,東京支店,740,車両費,,,Q5,,2540,230,,000,共通部門,111,現金,,,00,,2540,0,ガソリン代,,,,,,,,,,,,,,,,,,,,,,,,,,,,,,,,,,,,,,,,,,,,,,,,,,,,,,
20220217,52,,,,020,東京支店,740,車両費,,,Q5,,1096,99,,000,共通部門,111,現金,,,00,,3621,0,高速代,,,,,,,,,,,,,,,,,,,,,,,,,,,,,,,,,,,,,,,,,,,,,,,,,,,,,,
20220217,52,,,,020,東京支店,740,車両費,,,Q5,,1096,99,,,,,,,,,,,,高速代,,,,,,,,,,,,,,,,,,,,,,,,,,,,,,,,,,,,,,,,,,,,,,,,,,,,,,
20220217,52,,,,020,東京支店,740,車両費,,,Q5,,1429,129,,,,,,,,,,,,高速代,,,,,,,,,,,,,,,,,,,,,,,,,,,,,,,,,,,,,,,,,,,,,,,,,,,,,,
20220217,74,,,,020,東京支店,733,交際接待費,,,Q5,,8630,784,,000,共通部門,111,現金,,,00,,8630,0,食事代 架空店舗049 5名,,,,,,,,,,,,,,,,,,,,,,,,,,,,,,,,,,,,,,,,,,,,,,,,,,,,,,
20220218,159,,,,050,九州営業所,726,旅費交通費,,,Q5,,7600,690,,000,共通部門,111,現金,,,00,,7600,0,タクシー代,,,,,,,,,,,,,,,,,,,,,,,,,,,,,,,,,,,,,,,,,,,,,,,,,,,,,,
20220219,45,,,,020,東京支店,733,交際接待費,,,Q5,,19991,1817,,000,共通部門,111,現金,,,00,,48353,0,飲食代 架空店舗079 5名,,,,,,,,,,,,,,,,,,,,,,,,,,,,,,,,,,,,,,,,,,,,,,,,,,,,,,
20220219,45,,,,020,東京支店,733,交際接待費,,,Q5,,28362,2578,,,,,,,,,,,,飲食代 架空店舗025,,,,,,,,,,,,,,,,,,,,,,,,,,,,,,,,,,,,,,,,,,,,,,,,,,,,,,
20220219,59,,,,020,東京支店,726,旅費交通費,,,Q5,,45600,4145,,000,共通部門,111,現金,,,00,,45600,0,旅費,,,,,,,,,,,,,,,,,,,,,,,,,,,,,,,,,,,,,,,,,,,,,,,,,,,,,,
20220219,103,,,,040,大阪支店,733,交際接待費,,,Q5,,2150,195,,000,共通部門,111,現金,,,00,,2150,0,食事代 弁当差し入れ 架空店舗037,,,,,,,,,,,,,,,,,,,,,,,,,,,,,,,,,,,,,,,,,,,,,,,,,,,,,,
20220219,138,,,,040,大阪支店,740,車両費,,,Q5,,7187,653,,000,共通部門,111,現金,,,00,,24088,0,高速代,,,,,,,,,,,,,,,,,,,,,,,,,,,,,,,,,,,,,,,,,,,,,,,,,,,,,,
20220219,138,,,,040,大阪支店,740,車両費,,,Q5,,3086,280,,,,,,,,,,,,駐車代,,,,,,,,,,,,,,,,,,,,,,,,,,,,,,,,,,,,,,,,,,,,,,,,,,,,,,
20220219,138,,,,040,大阪支店,740,車両費,,,Q5,,305,27,,,,,,,,,,,,高速代,,,,,,,,,,,,,,,,,,,,,,,,,,,,,,,,,,,,,,,,,,,,,,,,,,,,,,
20220219,138,,,,040,大阪支店,740,車両費,,,Q5,,8329,757,,,,,,,,,,,,高速代,,,,,,,,,,,,,,,,,,,,,,,,,,,,,,,,,,,,,,,,,,,,,,,,,,,,,,
20220219,138,,,,040,大阪支店,740,車両費,,,Q5,,5181,471,,,,,,,,,,,,高速代,,,,,,,,,,,,,,,,,,,,,,,,,,,,,,,,,,,,,,,,,,,,,,,,,,,,,,
20220219,160,,,,020,東京支店,726,旅費交通費,,,Q5,,69700,6336,,000,共通部門,111,現金,,,00,,69700,0,出張旅費,,,,,,,,,,,,,,,,,,,,,,,,,,,,,,,,,,,,,,,,,,,,,,,,,,,,,,
20220220,1,,,,000,共通部門,724,福利厚生費,,,Q6,,21600,1600,,000,共通部門,111,現金,,,00,,21600,0,残業夜食　軽減税率,,,,,,,,,,,,,,,,,,,,,,,,,,,,,,,,,,,,,,,,,,,,,,,,,,,,,,
20220220,31,,,,010,札幌営業所,754,事務用消耗品費,,,Q5,,3118,283,,000,共通部門,322,未払金,,,00,,3118,0,コピー代,,,,,,,,,,,,,,,,,,,,,,,,,,,,,,,,,,,,,,,,,,,,,,,,,,,,,,
20220220,34,,,,010,札幌営業所,736,水道光熱費,,,Q5,,65379,5943,,000,共通部門,131,普通預金,10,DEF銀行 駅前,00,,69013,0,電気代,,,,,,,,,,,,,,,,,,,,,,,,,,,,,,,,,,,,,,,,,,,,,,,,,,,,,,
20220220,34,,,,010,札幌営業所,736,水道光熱費,,,Q5,,3634,330,,,,,,,,,,,,水道代,,,,,,,,,,,,,,,,,,,,,,,,,,,,,,,,,,,,,,,,,,,,,,,,,,,,,,
20220220,38,,,,020,東京支店,724,福利厚生費,,,Q5,,48164,4378,,000,共通部門,322,未払金,,,00,,48164,0,宿泊費,,,,,,,,,,,,,,,,,,,,,,,,,,,,,,,,,,,,,,,,,,,,,,,,,,,,,,
20220220,48,,,,020,東京支店,740,車両費,,,Q5,,4303,391,,000,共通部門,111,現金,,,00,,4303,0,ガソリン代,,,,,,,,,,,,,,,,,,,,,,,,,,,,,,,,,,,,,,,,,,,,,,,,,,,,,,
20220220,53,,,,020,東京支店,740,車両費,,,Q5,,381,34,,000,共通部門,111,現金,,,00,,2381,0,高速代,,,,,,,,,,,,,,,,,,,,,,,,,,,,,,,,,,,,,,,,,,,,,,,,,,,,,,
20220220,53,,,,020,東京支店,740,車両費,,,Q5,,1000,90,,,,,,,,,,,,高速代,,,,,,,,,,,,,,,,,,,,,,,,,,,,,,,,,,,,,,,,,,,,,,,,,,,,,,
20220220,53,,,,020,東京支店,740,車両費,,,Q5,,1000,90,,,,,,,,,,,,高速代,,,,,,,,,,,,,,,,,,,,,,,,,,,,,,,,,,,,,,,,,,,,,,,,,,,,,,
20220220,64,,,,020,東京支店,736,水道光熱費,,,Q5,,156878,14261,,000,共通部門,131,普通預金,20,ABC銀行 本店,00,,164068,0,電気料,,,,,,,,,,,,,,,,,,,,,,,,,,,,,,,,,,,,,,,,,,,,,,,,,,,,,,
20220220,64,,,,020,東京支店,736,水道光熱費,,,Q5,,7190,653,,,,,,,,,,,,水道料,,,,,,,,,,,,,,,,,,,,,,,,,,,,,,,,,,,,,,,,,,,,,,,,,,,,,,
20220220,66,,,,030,名古屋支店,791,雑費,,,Q5,,5000,454,,000,共通部門,322,未払金,,,00,,5000,0,有線,,,,,,,,,,,,,,,,,,,,,,,,,,,,,,,,,,,,,,,,,,,,,,,,,,,,,,
20220220,68,,,,050,九州営業所,754,事務用消耗品費,,,Q5,,6300,572,,000,共通部門,322,未払金,,,00,,6300,0,カウンター料金,,,,,,,,,,,,,,,,,,,,,,,,,,,,,,,,,,,,,,,,,,,,,,,,,,,,,,
20220220,71,,,,020,東京支店,754,事務用消耗品費,,,Q5,,1505,136,,000,共通部門,322,未払金,,,00,,35604,0,事務用品,,,,,,,,,,,,,,,,,,,,,,,,,,,,,,,,,,,,,,,,,,,,,,,,,,,,,,
20220220,71,,,,020,東京支店,754,事務用消耗品費,,,Q5,,34099,3099,,,,,,,,,,,,カウンター料金,,,,,,,,,,,,,,,,,,,,,,,,,,,,,,,,,,,,,,,,,,,,,,,,,,,,,,
20220220,74,,,,000,共通部門,737,消耗品費,,,Q5,,19396,1763,,000,共通部門,322,未払金,,,00,,304407,0,ファイル等,,,,,,,,,,,,,,,,,,,,,,,,,,,,,,,,,,,,,,,,,,,,,,,,,,,,,,
20220220,74,,,,000,共通部門,737,消耗品費,,,Q5,,232915,21174,,,,,,,,,,,,飲料水,,,,,,,,,,,,,,,,,,,,,,,,,,,,,,,,,,,,,,,,,,,,,,,,,,,,,,
20220220,74,,,,000,共通部門,737,消耗品費,,,Q5,,52096,4736,,,,,,,,,,,,名刺代,,,,,,,,,,,,,,,,,,,,,,,,,,,,,,,,,,,,,,,,,,,,,,,,,,,,,,
20220220,89,,,,030,名古屋支店,736,水道光熱費,,,Q5,,64140,5830,,000,共通部門,131,普通預金,30,GHI銀行 名古屋,00,,70740,0,電気料,,,,,,,,,,,,,,,,,,,,,,,,,,,,,,,,,,,,,,,,,,,,,,,,,,,,,,
20220220,89,,,,030,名古屋支店,736,水道光熱費,,,Q5,,3072,279,,,,,,,,,,,,水道料,,,,,,,,,,,,,,,,,,,,,,,,,,,,,,,,,,,,,,,,,,,,,,,,,,,,,,
20220220,89,,,,030,名古屋支店,736,水道光熱費,,,Q5,,3528,320,,,,,,,,,,,,ガス代,,,,,,,,,,,,,,,,,,,,,,,,,,,,,,,,,,,,,,,,,,,,,,,,,,,,,,
20220220,97,,,,030,名古屋支店,754,事務用消耗品費,,,Q5,,40023,3638,,000,共通部門,322,未払金,,,00,,40023,0,コピー代,,,,,,,,,,,,,,,,,,,,,,,,,,,,,,,,,,,,,,,,,,,,,,,,,,,,,,
20220220,98,,,,030,名古屋支店,754,事務用消耗品費,,,Q5,,3156,286,,000,共通部門,322,未払金,,,00,,3156,0,事務用品,,,,,,,,,,,,,,,,,,,,,,,,,,,,,,,,,,,,,,,,,,,,,,,,,,,,,,
20220220,101,,,,040,大阪支店,732,広告宣伝費,,,Q5,,52500,4772,,000,共通部門,322,未払金,,,00,,52500,0,広告料,,,,,,,,,,,,,,,,,,,,,,,,,,,,,,,,,,,,,,,,,,,,,,,,,,,,,,
20220220,101,,,,000,共通部門,111,現金,,,00,,1325236,0,,000,共通部門,152,売掛金,11,株式会社楓屋,00,,1325236,0,2月20日伝票No445株式会社楓屋,,,,,,,,,,,,,,,,,,,,,,,,,,,,,,,,,,,,,,,,,,,,,,,,,,,,,,
20220220,102,,,,000,共通部門,131,普通預金,30,GHI銀行 名古屋,00,,526466,0,,000,共通部門,152,売掛金,21,合同会社つばさ商店,00,,526466,0,2月20日伝票No446合同会社つばさ商店,,,,,,,,,,,,,,,,,,,,,,,,,,,,,,,,,,,,,,,,,,,,,,,,,,,,,,
20220220,102,,,,030,名古屋支店,741,支払手数料,,,Q5,,472,42,,000,共通部門,152,売掛金,21,合同会社つばさ商店,00,,472,0,2月20日伝票No446合同会社つばさ商店,,,,,,,,,,,,,,,,,,,,,,,,,,,,,,,,,,,,,,,,,,,,,,,,,,,,,,
20220220,103,,,,000,共通部門,131,普通預金,20,ABC銀行 本店,00,,2291137,0,,000,共通部門,152,売掛金,30,株式会社彩雲トレーディング,00,,2291137,0,2月20日伝票No447株式会社彩雲トレーディング,,,,,,,,,,,,,,,,,,,,,,,,,,,,,,,,,,,,,,,,,,,,,,,,,,,,,,
20220220,103,,,,020,東京支店,741,支払手数料,,,Q5,,735,66,,000,共通部門,152,売掛金,30,株式会社彩雲トレーディング,00,,735,0,2月20日伝票No447株式会社彩雲トレーディング,,,,,,,,,,,,,,,,,,,,,,,,,,,,,,,,,,,,,,,,,,,,,,,,,,,,,,
20220220,104,,,,000,共通部門,312,買掛金,4,株式会社和泉流通,00,,1466688,0,,000,共通部門,121,当座預金,1,ABC銀行,00,,1466688,0,2月20日伝票No336株式会社和泉流通,,,,,,,,,,,,,,,,,,,,,,,,,,,,,,,,,,,,,,,,,,,,,,,,,,,,,,
20220220,105,,,,000,共通部門,312,買掛金,6,株式会社日向産業,00,,6893004,0,,000,共通部門,131,普通預金,20,ABC銀行 本店,00,,6893004,0,2月20日伝票No337株式会社日向産業,,,,,,,,,,,,,,,,,,,,,,,,,,,,,,,,,,,,,,,,,,,,,,,,,,,,,,
20220220,106,,,,000,共通部門,312,買掛金,11,株式会社花園商会,00,,6049943,0,,000,共通部門,301,支払手形,,,00,,6049943,0,2月20日伝票No338株式会社花園商会,,,,,,,,,,,,,,,,,,,,,,,,,,,,,,,,,,,,,,,,,,,,,,,,,,,,,,
20220220,118,,,,040,大阪支店,754,事務用消耗品費,,,Q5,,8012,728,,000,共通部門,322,未払金,,,00,,8012,0,コピー代,,,,,,,,,,,,,,,,,,,,,,,,,,,,,,,,,,,,,,,,,,,,,,,,,,,,,,
20220220,132,,,,040,大阪支店,736,水道光熱費,,,Q5,,83296,7572,,000,共通部門,131,普通預金,40,JKL銀行 梅田,00,,88946,0,電気代,,,,,,,,,,,,,,,,,,,,,,,,,,,,,,,,,,,,,,,,,,,,,,,,,,,,,,
20220220,132,,,,040,大阪支店,736,水道光熱費,,,Q5,,5650,513,,,,,,,,,,,,水道代,,,,,,,,,,,,,,,,,,,,,,,,,,,,,,,,,,,,,,,,,,,,,,,,,,,,,,
20220220,135,,,,040,大阪支店,754,事務用消耗品費,,,Q5,,2389,217,,000,共通部門,322,未払金,,,00,,2389,0,事務用品,,,,,,,,,,,,,,,,,,,,,,,,,,,,,,,,,,,,,,,,,,,,,,,,,,,,,,
20220220,144,,,,040,大阪支店,740,車両費,,,Q5,,4286,389,,000,共通部門,111,現金,,,00,,10205,0,ガソリン代,,,,,,,,,,,,,,,,,,,,,,,,,,,,,,,,,,,,,,,,,,,,,,,,,,,,,,
20220220,144,,,,040,大阪支店,740,車両費,,,Q5,,5919,538,,,,,,,,,,,,ガソリン代,,,,,,,,,,,,,,,,,,,,,,,,,,,,,,,,,,,,,,,,,,,,,,,,,,,,,,
20220220,153,,,,030,名古屋支店,733,交際接待費,,,Q5,,9960,905,,000,共通部門,111,現金,,,00,,9960,0,食事代 架空店舗064 2名,,,,,,,,,,,,,,,,,,,,,,,,,,,,,,,,,,,,,,,,,,,,,,,,,,,,,,
20220220,163,,,,050,九州営業所,742,諸会費,,,00,,18000,0,,000,共通部門,111,現金,,,00,,18000,0,会費,,,,,,,,,,,,,,,,,,,,,,,,,,,,,,,,,,,,,,,,,,,,,,,,,,,,,,
20220220,169,,,,050,九州営業所,736,水道光熱費,,,Q5,,4286,389,,000,共通部門,131,普通預金,50,MNO銀行 北九州,00,,10205,0,電気料,,,,,,,,,,,,,,,,,,,,,,,,,,,,,,,,,,,,,,,,,,,,,,,,,,,,,,
20220220,169,,,,050,九州営業所,736,水道光熱費,,,Q5,,5919,538,,,,,,,,,,,,水道料,,,,,,,,,,,,,,,,,,,,,,,,,,,,,,,,,,,,,,,,,,,,,,,,,,,,,,
20220221,6,,,,010,札幌営業所,732,広告宣伝費,,,Q5,,5000,454,,000,共通部門,111,現金,,,00,,5000,0,広告料,,,,,,,,,,,,,,,,,,,,,,,,,,,,,,,,,,,,,,,,,,,,,,,,,,,,,,
20220221,8,,,,010,札幌営業所,733,交際接待費,,,Q5,,20000,1818,,000,共通部門,111,現金,,,00,,20000,0,定例ミーティング会費,,,,,,,,,,,,,,,,,,,,,,,,,,,,,,,,,,,,,,,,,,,,,,,,,,,,,,
20220221,25,,,,010,札幌営業所,726,旅費交通費,,,Q5,,56000,5090,,000,共通部門,111,現金,,,00,,56000,0,旅費,,,,,,,,,,,,,,,,,,,,,,,,,,,,,,,,,,,,,,,,,,,,,,,,,,,,,,
20220221,27,,,,010,札幌営業所,726,旅費交通費,,,Q5,,41905,3809,,000,共通部門,111,現金,,,00,,100363,0,旅費,,,,,,,,,,,,,,,,,,,,,,,,,,,,,,,,,,,,,,,,,,,,,,,,,,,,,,
20220221,27,,,,010,札幌営業所,726,旅費交通費,,,Q5,,28381,2580,,,,,,,,,,,,旅費,,,,,,,,,,,,,,,,,,,,,,,,,,,,,,,,,,,,,,,,,,,,,,,,,,,,,,
20220221,27,,,,010,札幌営業所,726,旅費交通費,,,Q5,,30077,2734,,,,,,,,,,,,旅費,,,,,,,,,,,,,,,,,,,,,,,,,,,,,,,,,,,,,,,,,,,,,,,,,,,,,,
20220221,80,,,,030,名古屋支店,724,福利厚生費,,,Q5,,417375,37943,,000,共通部門,322,未払金,,,00,,417375,0,会費支払い,,,,,,,,,,,,,,,,,,,,,,,,,,,,,,,,,,,,,,,,,,,,,,,,,,,,,,
20220221,137,,,,040,大阪支店,791,雑費,,,Q5,,6000,545,,000,共通部門,322,未払金,,,00,,48858,0,有線,,,,,,,,,,,,,,,,,,,,,,,,,,,,,,,,,,,,,,,,,,,,,,,,,,,,,,
20220221,137,,,,040,大阪支店,791,雑費,,,Q5,,42858,3896,,,,,,,,,,,,警備料,,,,,,,,,,,,,,,,,,,,,,,,,,,,,,,,,,,,,,,,,,,,,,,,,,,,,,
20220221,137,,,,040,大阪支店,740,車両費,,,Q5,,13541,1231,,000,共通部門,131,普通預金,40,JKL銀行 梅田,00,,13541,0,高速料,,,,,,,,,,,,,,,,,,,,,,,,,,,,,,,,,,,,,,,,,,,,,,,,,,,,,,
20220221,137,,,,040,大阪支店,791,雑費,,,Q5,,56421,5129,,000,共通部門,322,未払金,,,00,,56421,0,清掃料,,,,,,,,,,,,,,,,,,,,,,,,,,,,,,,,,,,,,,,,,,,,,,,,,,,,,,
20220222,12,,,,010,札幌営業所,740,車両費,,,Q5,,3810,346,,000,共通部門,111,現金,,,00,,9525,0,ガソリン代,,,,,,,,,,,,,,,,,,,,,,,,,,,,,,,,,,,,,,,,,,,,,,,,,,,,,,
20220222,12,,,,010,札幌営業所,740,車両費,,,Q5,,5715,519,,,,,,,,,,,,ガソリン代,,,,,,,,,,,,,,,,,,,,,,,,,,,,,,,,,,,,,,,,,,,,,,,,,,,,,,
20220222,90,,,,030,名古屋支店,791,雑費,,,Q5,,10500,954,,000,共通部門,111,現金,,,00,,10500,0,架空清掃会社A代,,,,,,,,,,,,,,,,,,,,,,,,,,,,,,,,,,,,,,,,,,,,,,,,,,,,,,
20220222,95,,,,030,名古屋支店,791,雑費,,,Q5,,71675,6515,,000,共通部門,322,未払金,,,00,,71675,0,清掃料,,,,,,,,,,,,,,,,,,,,,,,,,,,,,,,,,,,,,,,,,,,,,,,,,,,,,,
20220222,155,,,,050,九州営業所,740,車両費,,,Q5,,6222,565,,000,共通部門,111,現金,,,00,,6222,0,ガソリン代,,,,,,,,,,,,,,,,,,,,,,,,,,,,,,,,,,,,,,,,,,,,,,,,,,,,,,
20220222,166,,,,050,九州営業所,791,雑費,,,Q5,,1890,171,,000,共通部門,111,現金,,,00,,1890,0,架空清掃会社A代,,,,,,,,,,,,,,,,,,,,,,,,,,,,,,,,,,,,,,,,,,,,,,,,,,,,,,
20220223,3,,,,010,札幌営業所,724,福利厚生費,,,Q5,,28815,2619,,000,共通部門,322,未払金,,,00,,28815,0,宿泊代,,,,,,,,,,,,,,,,,,,,,,,,,,,,,,,,,,,,,,,,,,,,,,,,,,,,,,
20220223,9,,,,010,札幌営業所,733,交際接待費,,,Q5,,10000,909,,000,共通部門,111,現金,,,00,,22000,0,香典代,,,,,,,,,,,,,,,,,,,,,,,,,,,,,,,,,,,,,,,,,,,,,,,,,,,,,,
20220223,9,,,,010,札幌営業所,733,交際接待費,,,Q5,,12000,1090,,,,,,,,,,,,花代,,,,,,,,,,,,,,,,,,,,,,,,,,,,,,,,,,,,,,,,,,,,,,,,,,,,,,
20220223,26,,,,010,札幌営業所,726,旅費交通費,,,Q5,,11000,1000,,000,共通部門,111,現金,,,00,,11000,0,旅費,,,,,,,,,,,,,,,,,,,,,,,,,,,,,,,,,,,,,,,,,,,,,,,,,,,,,,
20220223,28,,,,010,札幌営業所,726,旅費交通費,,,Q5,,2420,220,,000,共通部門,322,未払金,,,00,,2420,0,タクシー代,,,,,,,,,,,,,,,,,,,,,,,,,,,,,,,,,,,,,,,,,,,,,,,,,,,,,,
20220223,54,,,,020,東京支店,740,車両費,,,Q5,,1810,164,,000,共通部門,111,現金,,,00,,4382,0,高速代,,,,,,,,,,,,,,,,,,,,,,,,,,,,,,,,,,,,,,,,,,,,,,,,,,,,,,
20220223,54,,,,020,東京支店,740,車両費,,,Q5,,2572,233,,,,,,,,,,,,高速代,,,,,,,,,,,,,,,,,,,,,,,,,,,,,,,,,,,,,,,,,,,,,,,,,,,,,,
20220223,61,,,,050,九州営業所,724,福利厚生費,,,Q5,,11080,1007,,000,共通部門,322,未払金,,,00,,11080,0,お茶代,,,,,,,,,,,,,,,,,,,,,,,,,,,,,,,,,,,,,,,,,,,,,,,,,,,,,,
20220223,84,,,,020,東京支店,711,役員報酬,,,00,,1720000,0,,000,共通部門,131,普通預金,20,ABC銀行 本店,00,,1124255,0,2月給与その他 0001 役員,,,,,,,,,,,,,,,,,,,,,,,,,,,,,,,,,,,,,,,,,,,,,,,,,,,,,,
20220223,84,,,,,,,,,,,,,,,000,共通部門,326,預り金,1,保険料,00,,120411,0,2月給与その他 0001 役員,,,,,,,,,,,,,,,,,,,,,,,,,,,,,,,,,,,,,,,,,,,,,,,,,,,,,,
20220223,84,,,,,,,,,,,,,,,000,共通部門,326,預り金,2,住民税,00,,171200,0,2月給与その他 0001 役員,,,,,,,,,,,,,,,,,,,,,,,,,,,,,,,,,,,,,,,,,,,,,,,,,,,,,,
20220223,84,,,,,,,,,,,,,,,000,共通部門,326,預り金,3,源泉税,00,,164442,0,2月給与その他 0001 役員,,,,,,,,,,,,,,,,,,,,,,,,,,,,,,,,,,,,,,,,,,,,,,,,,,,,,,
20220223,84,,,,,,,,,,,,,,,000,共通部門,326,預り金,4,貯蓄・保険,00,,133972,0,2月給与その他 0001 役員,,,,,,,,,,,,,,,,,,,,,,,,,,,,,,,,,,,,,,,,,,,,,,,,,,,,,,
20220223,84,,,,,,,,,,,,,,,000,共通部門,326,預り金,9,その他,00,,5720,0,2月給与その他 0001 役員,,,,,,,,,,,,,,,,,,,,,,,,,,,,,,,,,,,,,,,,,,,,,,,,,,,,,,
20220223,84,,,,020,東京支店,712,給与手当,,,00,,1943331,0,,000,共通部門,131,普通預金,20,ABC銀行 本店,00,,1459122,0,2月給与その他 0020 営業部,,,,,,,,,,,,,,,,,,,,,,,,,,,,,,,,,,,,,,,,,,,,,,,,,,,,,,
20220223,84,,,,,,,,,,,,,,,000,共通部門,326,預り金,1,保険料,00,,236045,0,2月給与その他 0020 営業部,,,,,,,,,,,,,,,,,,,,,,,,,,,,,,,,,,,,,,,,,,,,,,,,,,,,,,
20220223,84,,,,,,,,,,,,,,,000,共通部門,326,預り金,2,住民税,00,,104300,0,2月給与その他 0020 営業部,,,,,,,,,,,,,,,,,,,,,,,,,,,,,,,,,,,,,,,,,,,,,,,,,,,,,,
20220223,84,,,,,,,,,,,,,,,000,共通部門,326,預り金,3,源泉税,00,,35300,0,2月給与その他 0020 営業部,,,,,,,,,,,,,,,,,,,,,,,,,,,,,,,,,,,,,,,,,,,,,,,,,,,,,,
20220223,84,,,,,,,,,,,,,,,000,共通部門,326,預り金,4,貯蓄・保険,00,,43305,0,2月給与その他 0020 営業部,,,,,,,,,,,,,,,,,,,,,,,,,,,,,,,,,,,,,,,,,,,,,,,,,,,,,,
20220223,84,,,,,,,,,,,,,,,000,共通部門,326,預り金,9,その他,00,,65259,0,2月給与その他 0020 営業部,,,,,,,,,,,,,,,,,,,,,,,,,,,,,,,,,,,,,,,,,,,,,,,,,,,,,,
20220223,84,,,,010,札幌営業所,712,給与手当,,,00,,872472,0,,000,共通部門,131,普通預金,20,ABC銀行 本店,00,,615966,0,2月給与その他 1000 札幌営業所,,,,,,,,,,,,,,,,,,,,,,,,,,,,,,,,,,,,,,,,,,,,,,,,,,,,,,
20220223,84,,,,,,,,,,,,,,,000,共通部門,326,預り金,1,保険料,00,,103424,0,2月給与その他 1000 札幌営業所,,,,,,,,,,,,,,,,,,,,,,,,,,,,,,,,,,,,,,,,,,,,,,,,,,,,,,
20220223,84,,,,,,,,,,,,,,,000,共通部門,326,預り金,2,住民税,00,,46300,0,2月給与その他 1000 札幌営業所,,,,,,,,,,,,,,,,,,,,,,,,,,,,,,,,,,,,,,,,,,,,,,,,,,,,,,
20220223,84,,,,,,,,,,,,,,,000,共通部門,326,預り金,3,源泉税,00,,14100,0,2月給与その他 1000 札幌営業所,,,,,,,,,,,,,,,,,,,,,,,,,,,,,,,,,,,,,,,,,,,,,,,,,,,,,,
20220223,84,,,,,,,,,,,,,,,000,共通部門,326,預り金,4,貯蓄・保険,00,,50648,0,2月給与その他 1000 札幌営業所,,,,,,,,,,,,,,,,,,,,,,,,,,,,,,,,,,,,,,,,,,,,,,,,,,,,,,
20220223,84,,,,,,,,,,,,,,,000,共通部門,326,預り金,9,その他,00,,42034,0,2月給与その他 1000 札幌営業所,,,,,,,,,,,,,,,,,,,,,,,,,,,,,,,,,,,,,,,,,,,,,,,,,,,,,,
20220223,84,,,,030,名古屋支店,712,給与手当,,,00,,782039,0,,000,共通部門,131,普通預金,20,ABC銀行 本店,00,,557677,0,2月給与その他 3000 名古屋営業所,,,,,,,,,,,,,,,,,,,,,,,,,,,,,,,,,,,,,,,,,,,,,,,,,,,,,,
20220223,84,,,,,,,,,,,,,,,000,共通部門,326,預り金,1,保険料,00,,96352,0,2月給与その他 3000 名古屋営業所,,,,,,,,,,,,,,,,,,,,,,,,,,,,,,,,,,,,,,,,,,,,,,,,,,,,,,
20220223,84,,,,,,,,,,,,,,,000,共通部門,326,預り金,2,住民税,00,,42600,0,2月給与その他 3000 名古屋営業所,,,,,,,,,,,,,,,,,,,,,,,,,,,,,,,,,,,,,,,,,,,,,,,,,,,,,,
20220223,84,,,,,,,,,,,,,,,000,共通部門,326,預り金,3,源泉税,00,,7960,0,2月給与その他 3000 名古屋営業所,,,,,,,,,,,,,,,,,,,,,,,,,,,,,,,,,,,,,,,,,,,,,,,,,,,,,,
20220223,84,,,,,,,,,,,,,,,000,共通部門,326,預り金,4,貯蓄・保険,00,,40759,0,2月給与その他 3000 名古屋営業所,,,,,,,,,,,,,,,,,,,,,,,,,,,,,,,,,,,,,,,,,,,,,,,,,,,,,,
20220223,84,,,,,,,,,,,,,,,000,共通部門,326,預り金,9,その他,00,,36691,0,2月給与その他 3000 名古屋営業所,,,,,,,,,,,,,,,,,,,,,,,,,,,,,,,,,,,,,,,,,,,,,,,,,,,,,,
20220223,84,,,,040,大阪支店,712,給与手当,,,00,,998253,0,,000,共通部門,131,普通預金,20,ABC銀行 本店,00,,776468,0,2月給与その他 4000 大阪支店,,,,,,,,,,,,,,,,,,,,,,,,,,,,,,,,,,,,,,,,,,,,,,,,,,,,,,
20220223,84,,,,,,,,,,,,,,,000,共通部門,326,預り金,1,保険料,00,,119477,0,2月給与その他 4000 大阪支店,,,,,,,,,,,,,,,,,,,,,,,,,,,,,,,,,,,,,,,,,,,,,,,,,,,,,,
20220223,84,,,,,,,,,,,,,,,000,共通部門,326,預り金,2,住民税,00,,53400,0,2月給与その他 4000 大阪支店,,,,,,,,,,,,,,,,,,,,,,,,,,,,,,,,,,,,,,,,,,,,,,,,,,,,,,
20220223,84,,,,,,,,,,,,,,,000,共通部門,326,預り金,3,源泉税,00,,16950,0,2月給与その他 4000 大阪支店,,,,,,,,,,,,,,,,,,,,,,,,,,,,,,,,,,,,,,,,,,,,,,,,,,,,,,
20220223,84,,,,,,,,,,,,,,,000,共通部門,326,預り金,4,貯蓄・保険,00,,13570,0,2月給与その他 4000 大阪支店,,,,,,,,,,,,,,,,,,,,,,,,,,,,,,,,,,,,,,,,,,,,,,,,,,,,,,
20220223,84,,,,,,,,,,,,,,,000,共通部門,326,預り金,9,その他,00,,18388,0,2月給与その他 4000 大阪支店,,,,,,,,,,,,,,,,,,,,,,,,,,,,,,,,,,,,,,,,,,,,,,,,,,,,,,
20220223,84,,,,050,九州営業所,712,給与手当,,,00,,590589,0,,000,共通部門,131,普通預金,20,ABC銀行 本店,00,,448558,0,2月給与その他 5000 九州営業所,,,,,,,,,,,,,,,,,,,,,,,,,,,,,,,,,,,,,,,,,,,,,,,,,,,,,,
20220223,84,,,,,,,,,,,,,,,000,共通部門,326,預り金,1,保険料,00,,67268,0,2月給与その他 5000 九州営業所,,,,,,,,,,,,,,,,,,,,,,,,,,,,,,,,,,,,,,,,,,,,,,,,,,,,,,
20220223,84,,,,,,,,,,,,,,,000,共通部門,326,預り金,2,住民税,00,,31700,0,2月給与その他 5000 九州営業所,,,,,,,,,,,,,,,,,,,,,,,,,,,,,,,,,,,,,,,,,,,,,,,,,,,,,,
20220223,84,,,,,,,,,,,,,,,000,共通部門,326,預り金,3,源泉税,00,,8180,0,2月給与その他 5000 九州営業所,,,,,,,,,,,,,,,,,,,,,,,,,,,,,,,,,,,,,,,,,,,,,,,,,,,,,,
20220223,84,,,,,,,,,,,,,,,000,共通部門,326,預り金,4,貯蓄・保険,00,,18540,0,2月給与その他 5000 九州営業所,,,,,,,,,,,,,,,,,,,,,,,,,,,,,,,,,,,,,,,,,,,,,,,,,,,,,,
20220223,84,,,,,,,,,,,,,,,000,共通部門,326,預り金,9,その他,00,,16343,0,2月給与その他 5000 九州営業所,,,,,,,,,,,,,,,,,,,,,,,,,,,,,,,,,,,,,,,,,,,,,,,,,,,,,,
20220223,140,,,,040,大阪支店,726,旅費交通費,,,Q5,,7400,672,,000,共通部門,111,現金,,,00,,7400,0,旅費,,,,,,,,,,,,,,,,,,,,,,,,,,,,,,,,,,,,,,,,,,,,,,,,,,,,,,
20220223,156,,,,050,九州営業所,726,旅費交通費,,,Q5,,9500,863,,000,共通部門,111,現金,,,00,,9500,0,出張旅費,,,,,,,,,,,,,,,,,,,,,,,,,,,,,,,,,,,,,,,,,,,,,,,,,,,,,,
20220224,75,,,,020,東京支店,733,交際接待費,,,Q5,,1260,114,,000,共通部門,111,現金,,,00,,1260,0,コーヒー代2名,,,,,,,,,,,,,,,,,,,,,,,,,,,,,,,,,,,,,,,,,,,,,,,,,,,,,,
20220224,78,,,,030,名古屋支店,728,販売手数料,,,Q5,,189000,17181,,000,共通部門,322,未払金,,,00,,189000,0,業務委託費支払い,,,,,,,,,,,,,,,,,,,,,,,,,,,,,,,,,,,,,,,,,,,,,,,,,,,,,,
20220224,83,,,,030,名古屋支店,740,車両費,,,Q5,,38700,3518,,000,共通部門,111,現金,,,00,,38700,0,車両管理費,,,,,,,,,,,,,,,,,,,,,,,,,,,,,,,,,,,,,,,,,,,,,,,,,,,,,,
20220224,87,,,,030,名古屋支店,727,通信費,,,Q5,,71567,6506,,000,共通部門,131,普通預金,30,GHI銀行 名古屋,00,,71567,0,携帯代,,,,,,,,,,,,,,,,,,,,,,,,,,,,,,,,,,,,,,,,,,,,,,,,,,,,,,
20220224,104,,,,040,大阪支店,733,交際接待費,,,Q5,,1890,171,,000,共通部門,111,現金,,,00,,1890,0,コーヒー代3名,,,,,,,,,,,,,,,,,,,,,,,,,,,,,,,,,,,,,,,,,,,,,,,,,,,,,,
20220224,120,,,,040,大阪支店,728,販売手数料,,,Q5,,315000,28636,,000,共通部門,322,未払金,,,00,,315000,0,業務委託費,,,,,,,,,,,,,,,,,,,,,,,,,,,,,,,,,,,,,,,,,,,,,,,,,,,,,,
20220224,157,,,,050,九州営業所,726,旅費交通費,,,Q5,,44000,4000,,000,共通部門,131,普通預金,50,MNO銀行 北九州,00,,44000,0,航空券代,,,,,,,,,,,,,,,,,,,,,,,,,,,,,,,,,,,,,,,,,,,,,,,,,,,,,,
20220224,172,,,,010,札幌営業所,728,販売手数料,,,Q5,,122000,11090,,000,共通部門,322,未払金,,,00,,122000,0,業務委託費支払い,,,,,,,,,,,,,,,,,,,,,,,,,,,,,,,,,,,,,,,,,,,,,,,,,,,,,,
20220225,24,,,,010,札幌営業所,726,旅費交通費,,,Q5,,55850,5077,,000,共通部門,111,現金,,,00,,55850,0,架空鉄道会社A回数券,,,,,,,,,,,,,,,,,,,,,,,,,,,,,,,,,,,,,,,,,,,,,,,,,,,,,,
20220225,35,,,,010,札幌営業所,739,新聞図書費,,,Q5,,3925,356,,000,共通部門,111,現金,,,00,,3925,0,新聞代,,,,,,,,,,,,,,,,,,,,,,,,,,,,,,,,,,,,,,,,,,,,,,,,,,,,,,
20220225,37,,,,020,東京支店,728,販売手数料,,,Q5,,754100,68554,,000,共通部門,322,未払金,,,00,,754100,0,業務委託費,,,,,,,,,,,,,,,,,,,,,,,,,,,,,,,,,,,,,,,,,,,,,,,,,,,,,,
20220225,60,,,,020,東京支店,726,旅費交通費,,,Q5,,10500,954,,000,共通部門,111,現金,,,00,,10500,0,旅費,,,,,,,,,,,,,,,,,,,,,,,,,,,,,,,,,,,,,,,,,,,,,,,,,,,,,,
20220225,107,,,,000,共通部門,150,受取手形,,,00,,17480828,0,,000,共通部門,152,売掛金,2,株式会社桜丘百貨店,00,,17480828,0,2月25日伝票No448株式会社桜丘百貨店 | 売上伝票=20220131-113;手形番号=R20220225-107-2,,,,,,,,,,,,,,,,,,,,,,,,,,,,,,,,,,,,,,,,,,,,,,,,,,,,,,
20220225,108,,,,000,共通部門,131,普通預金,30,GHI銀行 名古屋,00,,1733357,0,,000,共通部門,152,売掛金,7,株式会社光彩堂商事,00,,1733357,0,2月25日伝票No449株式会社光彩堂商事,,,,,,,,,,,,,,,,,,,,,,,,,,,,,,,,,,,,,,,,,,,,,,,,,,,,,,
20220225,108,,,,030,名古屋支店,741,支払手数料,,,Q5,,735,66,,000,共通部門,152,売掛金,7,株式会社光彩堂商事,00,,735,0,2月25日伝票No449株式会社光彩堂商事,,,,,,,,,,,,,,,,,,,,,,,,,,,,,,,,,,,,,,,,,,,,,,,,,,,,,,
20220225,109,,,,000,共通部門,131,普通預金,40,JKL銀行 梅田,00,,3998498,0,,000,共通部門,152,売掛金,23,株式会社杉の木商店,00,,3998498,0,2月25日伝票No450株式会社杉の木商店,,,,,,,,,,,,,,,,,,,,,,,,,,,,,,,,,,,,,,,,,,,,,,,,,,,,,,
20220225,109,,,,040,大阪支店,741,支払手数料,,,Q5,,630,57,,000,共通部門,152,売掛金,23,株式会社杉の木商店,00,,630,0,2月25日伝票No450株式会社杉の木商店,,,,,,,,,,,,,,,,,,,,,,,,,,,,,,,,,,,,,,,,,,,,,,,,,,,,,,
20220225,110,,,,000,共通部門,131,普通預金,10,DEF銀行 駅前,00,,4781918,0,,000,共通部門,152,売掛金,25,株式会社ほのかマート,00,,4781918,0,2月25日伝票No451株式会社ほのかマート,,,,,,,,,,,,,,,,,,,,,,,,,,,,,,,,,,,,,,,,,,,,,,,,,,,,,,
20220225,110,,,,010,札幌営業所,741,支払手数料,,,Q5,,840,76,,000,共通部門,152,売掛金,25,株式会社ほのかマート,00,,840,0,2月25日伝票No451株式会社ほのかマート,,,,,,,,,,,,,,,,,,,,,,,,,,,,,,,,,,,,,,,,,,,,,,,,,,,,,,
20220225,111,,,,040,大阪支店,726,旅費交通費,,,Q5,,14750,1340,,000,共通部門,322,未払金,,,00,,14750,0,タクシー代,,,,,,,,,,,,,,,,,,,,,,,,,,,,,,,,,,,,,,,,,,,,,,,,,,,,,,
20220225,121,,,,040,大阪支店,724,福利厚生費,,,Q5,,9500,863,,000,共通部門,111,現金,,,00,,9500,0,お茶代,,,,,,,,,,,,,,,,,,,,,,,,,,,,,,,,,,,,,,,,,,,,,,,,,,,,,,
20220226,29,,,,010,札幌営業所,727,通信費,,,Q5,,66751,6068,,000,共通部門,131,普通預金,10,DEF銀行 駅前,00,,66751,0,携帯電話代,,,,,,,,,,,,,,,,,,,,,,,,,,,,,,,,,,,,,,,,,,,,,,,,,,,,,,
20220226,62,,,,020,東京支店,727,通信費,,,Q5,,72648,6604,,000,共通部門,131,普通預金,20,ABC銀行 本店,00,,72648,0,携帯代,,,,,,,,,,,,,,,,,,,,,,,,,,,,,,,,,,,,,,,,,,,,,,,,,,,,,,
20220226,72,,,,020,東京支店,739,新聞図書費,,,Q5,,2864,260,,000,共通部門,111,現金,,,00,,9078,0,新聞代,,,,,,,,,,,,,,,,,,,,,,,,,,,,,,,,,,,,,,,,,,,,,,,,,,,,,,
20220226,72,,,,020,東京支店,739,新聞図書費,,,Q5,,2815,255,,,,,,,,,,,,新聞代,,,,,,,,,,,,,,,,,,,,,,,,,,,,,,,,,,,,,,,,,,,,,,,,,,,,,,
20220226,72,,,,020,東京支店,739,新聞図書費,,,Q5,,3399,309,,,,,,,,,,,,新聞代,,,,,,,,,,,,,,,,,,,,,,,,,,,,,,,,,,,,,,,,,,,,,,,,,,,,,,
20220226,82,,,,030,名古屋支店,726,旅費交通費,,,Q5,,4500,409,,000,共通部門,111,現金,,,00,,4500,0,タクシー代,,,,,,,,,,,,,,,,,,,,,,,,,,,,,,,,,,,,,,,,,,,,,,,,,,,,,,
20220226,88,,,,030,名古屋支店,739,新聞図書費,,,Q5,,3568,324,,000,共通部門,111,現金,,,00,,3568,0,新聞代,,,,,,,,,,,,,,,,,,,,,,,,,,,,,,,,,,,,,,,,,,,,,,,,,,,,,,
20220226,109,,,,040,大阪支店,740,車両費,,,Q5,,46487,4226,,000,共通部門,322,未払金,,,00,,46487,0,ガソリン代,,,,,,,,,,,,,,,,,,,,,,,,,,,,,,,,,,,,,,,,,,,,,,,,,,,,,,
20220226,113,,,,040,大阪支店,727,通信費,,,Q5,,59831,5439,,000,共通部門,131,普通預金,40,JKL銀行 梅田,00,,59831,0,携帯代,,,,,,,,,,,,,,,,,,,,,,,,,,,,,,,,,,,,,,,,,,,,,,,,,,,,,,
20220226,114,,,,040,大阪支店,739,新聞図書費,,,Q5,,2540,230,,000,共通部門,111,現金,,,00,,5404,0,新聞代,,,,,,,,,,,,,,,,,,,,,,,,,,,,,,,,,,,,,,,,,,,,,,,,,,,,,,
20220226,114,,,,040,大阪支店,739,新聞図書費,,,Q5,,2864,260,,,,,,,,,,,,新聞代,,,,,,,,,,,,,,,,,,,,,,,,,,,,,,,,,,,,,,,,,,,,,,,,,,,,,,
20220226,131,,,,040,大阪支店,742,諸会費,,,00,,24000,0,,000,共通部門,131,普通預金,40,JKL銀行 梅田,00,,24000,0,会費,,,,,,,,,,,,,,,,,,,,,,,,,,,,,,,,,,,,,,,,,,,,,,,,,,,,,,
20220226,146,,,,050,九州営業所,728,販売手数料,,,Q5,,168000,15272,,000,共通部門,322,未払金,,,00,,168000,0,業務委託費,,,,,,,,,,,,,,,,,,,,,,,,,,,,,,,,,,,,,,,,,,,,,,,,,,,,,,
20220226,170,,,,050,九州営業所,739,新聞図書費,,,Q5,,3007,273,,000,共通部門,111,現金,,,00,,3007,0,新聞代,,,,,,,,,,,,,,,,,,,,,,,,,,,,,,,,,,,,,,,,,,,,,,,,,,,,,,
20220227,15,,,,010,札幌営業所,740,車両費,,,Q5,,2100,190,,000,共通部門,111,現金,,,00,,2100,0,高速代,,,,,,,,,,,,,,,,,,,,,,,,,,,,,,,,,,,,,,,,,,,,,,,,,,,,,,
20220227,30,,,,010,札幌営業所,752,保険料,,,P0,,54320,0,,000,共通部門,131,普通預金,10,DEF銀行 駅前,00,,54320,0,保険料支払,,,,,,,,,,,,,,,,,,,,,,,,,,,,,,,,,,,,,,,,,,,,,,,,,,,,,,
20220227,39,,,,020,東京支店,724,福利厚生費,,,Q5,,9000,818,,000,共通部門,111,現金,,,00,,9000,0,会費,,,,,,,,,,,,,,,,,,,,,,,,,,,,,,,,,,,,,,,,,,,,,,,,,,,,,,
20220227,77,,,,050,九州営業所,740,車両費,,,Q5,,4893,444,,000,共通部門,111,現金,,,00,,6036,0,ガソリン代,,,,,,,,,,,,,,,,,,,,,,,,,,,,,,,,,,,,,,,,,,,,,,,,,,,,,,
20220227,77,,,,050,九州営業所,740,車両費,,,Q5,,1143,103,,,,,,,,,,,,洗車代,,,,,,,,,,,,,,,,,,,,,,,,,,,,,,,,,,,,,,,,,,,,,,,,,,,,,,
20220227,171,,,,050,九州営業所,727,通信費,,,Q5,,51396,4672,,000,共通部門,131,普通預金,50,MNO銀行 北九州,00,,51396,0,携帯代,,,,,,,,,,,,,,,,,,,,,,,,,,,,,,,,,,,,,,,,,,,,,,,,,,,,,,
20220228,1,,,,010,札幌営業所,731,運賃,,,Q5,,129830,11802,,000,共通部門,322,未払金,,,00,,129830,0,運賃 架空運送会社B,,,,,,,,,,,,,,,,,,,,,,,,,,,,,,,,,,,,,,,,,,,,,,,,,,,,,,
20220228,5,,,,010,札幌営業所,732,広告宣伝費,,,Q5,,52500,4772,,000,共通部門,131,普通預金,10,DEF銀行 駅前,00,,52500,0,広告費,,,,,,,,,,,,,,,,,,,,,,,,,,,,,,,,,,,,,,,,,,,,,,,,,,,,,,
20220228,36,,,,020,東京支店,731,運賃,,,Q5,,1568981,142634,,000,共通部門,322,未払金,,,00,,2302153,0,運賃 架空運送会社A,,,,,,,,,,,,,,,,,,,,,,,,,,,,,,,,,,,,,,,,,,,,,,,,,,,,,,
20220228,36,,,,020,東京支店,731,運賃,,,Q5,,733172,66652,,,,,,,,,,,,運賃 架空運送会社B,,,,,,,,,,,,,,,,,,,,,,,,,,,,,,,,,,,,,,,,,,,,,,,,,,,,,,
20220228,40,,,,020,東京支店,732,広告宣伝費,,,Q5,,50000,4545,,000,共通部門,322,未払金,,,00,,50000,0,広告掲載,,,,,,,,,,,,,,,,,,,,,,,,,,,,,,,,,,,,,,,,,,,,,,,,,,,,,,
20220228,49,,,,020,東京支店,740,車両費,,,Q5,,163470,14860,,000,共通部門,322,未払金,,,00,,163470,0,ガソリン代,,,,,,,,,,,,,,,,,,,,,,,,,,,,,,,,,,,,,,,,,,,,,,,,,,,,,,
20220228,49,,,,020,東京支店,740,車両費,,,Q5,,2626,238,,000,共通部門,111,現金,,,00,,8355,0,ガソリン代,,,,,,,,,,,,,,,,,,,,,,,,,,,,,,,,,,,,,,,,,,,,,,,,,,,,,,
20220228,49,,,,020,東京支店,740,車両費,,,Q5,,5729,520,,,,,,,,,,,,ガソリン代,,,,,,,,,,,,,,,,,,,,,,,,,,,,,,,,,,,,,,,,,,,,,,,,,,,,,,
20220228,55,,,,020,東京支店,740,車両費,,,Q5,,23810,2164,,000,共通部門,111,現金,,,00,,58144,0,車両管理費,,,,,,,,,,,,,,,,,,,,,,,,,,,,,,,,,,,,,,,,,,,,,,,,,,,,,,
20220228,55,,,,020,東京支店,740,車両費,,,Q5,,26667,2424,,,,,,,,,,,,車両管理費,,,,,,,,,,,,,,,,,,,,,,,,,,,,,,,,,,,,,,,,,,,,,,,,,,,,,,
20220228,55,,,,020,東京支店,740,車両費,,,Q5,,7667,697,,,,,,,,,,,,高速代,,,,,,,,,,,,,,,,,,,,,,,,,,,,,,,,,,,,,,,,,,,,,,,,,,,,,,
20220228,63,,,,020,東京支店,752,保険料,,,P0,,81000,0,,000,共通部門,131,普通預金,20,ABC銀行 本店,00,,81000,0,保険料,,,,,,,,,,,,,,,,,,,,,,,,,,,,,,,,,,,,,,,,,,,,,,,,,,,,,,
20220228,66,,,,020,東京支店,744,リース料,,,Q5,,209850,19077,,000,共通部門,131,普通預金,20,ABC銀行 本店,00,,209850,0,リース料,,,,,,,,,,,,,,,,,,,,,,,,,,,,,,,,,,,,,,,,,,,,,,,,,,,,,,
20220228,67,,,,020,東京支店,742,諸会費,,,00,,30000,0,,000,共通部門,111,現金,,,00,,30000,0,会費支払い,,,,,,,,,,,,,,,,,,,,,,,,,,,,,,,,,,,,,,,,,,,,,,,,,,,,,,
20220228,70,,,,020,東京支店,791,雑費,,,Q5,,6000,545,,000,共通部門,322,未払金,,,00,,58381,0,有線,,,,,,,,,,,,,,,,,,,,,,,,,,,,,,,,,,,,,,,,,,,,,,,,,,,,,,
20220228,70,,,,020,東京支店,791,雑費,,,Q5,,52381,4761,,,,,,,,,,,,警備料,,,,,,,,,,,,,,,,,,,,,,,,,,,,,,,,,,,,,,,,,,,,,,,,,,,,,,
20220228,70,,,,020,東京支店,740,車両費,,,Q5,,73315,6665,,000,共通部門,131,普通預金,20,ABC銀行 本店,00,,73315,0,高速料,,,,,,,,,,,,,,,,,,,,,,,,,,,,,,,,,,,,,,,,,,,,,,,,,,,,,,
20220228,70,,,,020,東京支店,791,雑費,,,Q5,,73500,6681,,000,共通部門,322,未払金,,,00,,73500,0,清掃料,,,,,,,,,,,,,,,,,,,,,,,,,,,,,,,,,,,,,,,,,,,,,,,,,,,,,,
20220228,72,,,,030,名古屋支店,752,保険料,,,P0,,62000,0,,000,共通部門,131,普通預金,30,GHI銀行 名古屋,00,,62000,0,保険料,,,,,,,,,,,,,,,,,,,,,,,,,,,,,,,,,,,,,,,,,,,,,,,,,,,,,,
20220228,73,,,,050,九州営業所,752,保険料,,,P0,,57000,0,,000,共通部門,131,普通預金,50,MNO銀行 北九州,00,,57000,0,保険料支払い,,,,,,,,,,,,,,,,,,,,,,,,,,,,,,,,,,,,,,,,,,,,,,,,,,,,,,
20220228,77,,,,030,名古屋支店,731,運賃,,,Q5,,141620,12874,,000,共通部門,322,未払金,,,00,,141620,0,運賃,,,,,,,,,,,,,,,,,,,,,,,,,,,,,,,,,,,,,,,,,,,,,,,,,,,,,,
20220228,78,,,,,,,,,,,,,,,000,共通部門,737,消耗品費,,,00,,304407,0,消耗品費　部門配賦,,,,,,,,,,,,,,,,,,,,,,,,,,,,,,,,,,,,,,,,,,,,,,,,,,,,,,
20220228,78,,,,010,札幌営業所,737,消耗品費,,,00,,33484,0,,,,,,,,,,,,,,,,,,,,,,,,,,,,,,,,,,,,,,,,,,,,,,,,,,,,,,,,,,,,,,,,,,
20220228,78,,,,020,東京支店,737,消耗品費,,,00,,146118,0,,,,,,,,,,,,,,,,,,,,,,,,,,,,,,,,,,,,,,,,,,,,,,,,,,,,,,,,,,,,,,,,,,
20220228,78,,,,030,名古屋支店,737,消耗品費,,,00,,30440,0,,,,,,,,,,,,,,,,,,,,,,,,,,,,,,,,,,,,,,,,,,,,,,,,,,,,,,,,,,,,,,,,,,
20220228,78,,,,040,大阪支店,737,消耗品費,,,00,,73057,0,,,,,,,,,,,,,,,,,,,,,,,,,,,,,,,,,,,,,,,,,,,,,,,,,,,,,,,,,,,,,,,,,,
20220228,78,,,,050,九州営業所,737,消耗品費,,,00,,21308,0,,,,,,,,,,,,,,,,,,,,,,,,,,,,,,,,,,,,,,,,,,,,,,,,,,,,,,,,,,,,,,,,,,
20220228,81,,,,030,名古屋支店,724,福利厚生費,,,Q5,,19900,1809,,000,共通部門,322,未払金,,,00,,19900,0,お茶代,,,,,,,,,,,,,,,,,,,,,,,,,,,,,,,,,,,,,,,,,,,,,,,,,,,,,,
20220228,93,,,,010,札幌営業所,753,修繕維持費,,,Q5,,17850,1622,,000,共通部門,322,未払金,,,00,,17850,0,修繕費,,,,,,,,,,,,,,,,,,,,,,,,,,,,,,,,,,,,,,,,,,,,,,,,,,,,,,
20220228,96,,,,030,名古屋支店,791,雑費,,,Q5,,22470,2042,,000,共通部門,131,普通預金,30,GHI銀行 名古屋,00,,22470,0,警備料,,,,,,,,,,,,,,,,,,,,,,,,,,,,,,,,,,,,,,,,,,,,,,,,,,,,,,
20220228,99,,,,040,大阪支店,731,運賃,,,Q5,,798630,72602,,000,共通部門,322,未払金,,,00,,798630,0,運賃,,,,,,,,,,,,,,,,,,,,,,,,,,,,,,,,,,,,,,,,,,,,,,,,,,,,,,
20220228,100,,,,040,大阪支店,724,福利厚生費,,,Q5,,6000,545,,000,共通部門,111,現金,,,00,,6000,0,会費,,,,,,,,,,,,,,,,,,,,,,,,,,,,,,,,,,,,,,,,,,,,,,,,,,,,,,
20220228,102,,,,000,共通部門,326,預り金,1,保険料,00,,742977,0,,000,共通部門,131,普通預金,20,ABC銀行 本店,00,,1497010,0,保険料預かり分,,,,,,,,,,,,,,,,,,,,,,,,,,,,,,,,,,,,,,,,,,,,,,,,,,,,,,
20220228,102,,,,020,東京支店,723,法定福利費,,,P0,,120411,0,,,,,,,,,,,,保険料　事業主負担分,,,,,,,,,,,,,,,,,,,,,,,,,,,,,,,,,,,,,,,,,,,,,,,,,,,,,,
20220228,102,,,,020,東京支店,723,法定福利費,,,P0,,236045,0,,,,,,,,,,,,保険料　事業主負担分,,,,,,,,,,,,,,,,,,,,,,,,,,,,,,,,,,,,,,,,,,,,,,,,,,,,,,
20220228,102,,,,010,札幌営業所,723,法定福利費,,,P0,,103424,0,,,,,,,,,,,,保険料　事業主負担分,,,,,,,,,,,,,,,,,,,,,,,,,,,,,,,,,,,,,,,,,,,,,,,,,,,,,,
20220228,102,,,,030,名古屋支店,723,法定福利費,,,P0,,96352,0,,,,,,,,,,,,保険料　事業主負担分,,,,,,,,,,,,,,,,,,,,,,,,,,,,,,,,,,,,,,,,,,,,,,,,,,,,,,
20220228,102,,,,040,大阪支店,723,法定福利費,,,P0,,119477,0,,,,,,,,,,,,保険料　事業主負担分,,,,,,,,,,,,,,,,,,,,,,,,,,,,,,,,,,,,,,,,,,,,,,,,,,,,,,
20220228,102,,,,050,九州営業所,723,法定福利費,,,P0,,67268,0,,,,,,,,,,,,保険料　事業主負担分,,,,,,,,,,,,,,,,,,,,,,,,,,,,,,,,,,,,,,,,,,,,,,,,,,,,,,
20220228,102,,,,020,東京支店,723,法定福利費,,,P0,,11056,0,,,,,,,,,,,,児童拠出金　事業主負担分,,,,,,,,,,,,,,,,,,,,,,,,,,,,,,,,,,,,,,,,,,,,,,,,,,,,,,
20220228,108,,,,040,大阪支店,733,交際接待費,,,Q5,,21330,1939,,000,共通部門,111,現金,,,00,,21330,0,飲食代 架空店舗044 3名,,,,,,,,,,,,,,,,,,,,,,,,,,,,,,,,,,,,,,,,,,,,,,,,,,,,,,
20220228,111,,,,000,共通部門,152,売掛金,14,株式会社花咲商事,00,,1492021,0,,010,札幌営業所,511,売上高,,,B5,,1492021,135638,2月1日～2月28日分売上,,,,,,,,,,,,,,,,,,,,,,,,,,,,,,,,,,,,,,,,,,,,,,,,,,,,,,
20220228,111,,,,000,共通部門,152,売掛金,25,株式会社ほのかマート,00,,3741296,0,,010,札幌営業所,511,売上高,,,B5,,3741296,340117,2月1日～2月28日分売上,,,,,,,,,,,,,,,,,,,,,,,,,,,,,,,,,,,,,,,,,,,,,,,,,,,,,,
20220228,111,,,,000,共通部門,152,売掛金,5,東雲商会株式会社,00,,1394098,0,,010,札幌営業所,511,売上高,,,B5,,1394098,126736,2月1日～2月28日分売上,,,,,,,,,,,,,,,,,,,,,,,,,,,,,,,,,,,,,,,,,,,,,,,,,,,,,,
20220228,112,,,,000,共通部門,152,売掛金,12,株式会社緑野百貨店,00,,7423367,0,,020,東京支店,511,売上高,,,B5,,7423367,674851,2月1日～2月28日分売上,,,,,,,,,,,,,,,,,,,,,,,,,,,,,,,,,,,,,,,,,,,,,,,,,,,,,,
20220228,112,,,,000,共通部門,152,売掛金,26,若松販売株式会社,00,,1096632,0,,020,東京支店,511,売上高,,,B5,,1096632,99693,2月1日～2月28日分売上,,,,,,,,,,,,,,,,,,,,,,,,,,,,,,,,,,,,,,,,,,,,,,,,,,,,,,
20220228,112,,,,000,共通部門,152,売掛金,30,株式会社彩雲トレーディング,00,,1425220,0,,020,東京支店,511,売上高,,,B5,,1425220,129565,2月1日～2月28日分売上,,,,,,,,,,,,,,,,,,,,,,,,,,,,,,,,,,,,,,,,,,,,,,,,,,,,,,
20220228,112,,,,000,共通部門,152,売掛金,2,株式会社桜丘百貨店,00,,13269523,0,,020,東京支店,511,売上高,,,B5,,13269523,1206320,2月1日～2月28日分売上,,,,,,,,,,,,,,,,,,,,,,,,,,,,,,,,,,,,,,,,,,,,,,,,,,,,,,
20220228,112,,,,000,共通部門,152,売掛金,24,白峰商事株式会社,00,,226620,0,,020,東京支店,511,売上高,,,B5,,226620,20601,2月1日～2月28日分売上,,,,,,,,,,,,,,,,,,,,,,,,,,,,,,,,,,,,,,,,,,,,,,,,,,,,,,
20220228,112,,,,000,共通部門,152,売掛金,11,株式会社楓屋,00,,806985,0,,020,東京支店,511,売上高,,,B5,,806985,73362,2月1日～2月28日分売上,,,,,,,,,,,,,,,,,,,,,,,,,,,,,,,,,,,,,,,,,,,,,,,,,,,,,,
20220228,112,,,,000,共通部門,152,売掛金,13,星川商事株式会社,00,,1024020,0,,020,東京支店,511,売上高,,,B5,,1024020,93092,2月1日～2月28日分売上,,,,,,,,,,,,,,,,,,,,,,,,,,,,,,,,,,,,,,,,,,,,,,,,,,,,,,
20220228,112,,,,000,共通部門,152,売掛金,14,株式会社花咲商事,00,,1540024,0,,020,東京支店,511,売上高,,,B5,,1540024,140002,2月1日～2月28日分売上,,,,,,,,,,,,,,,,,,,,,,,,,,,,,,,,,,,,,,,,,,,,,,,,,,,,,,
20220228,112,,,,000,共通部門,152,売掛金,10,合同会社こもれび商事,00,,140000,0,,020,東京支店,511,売上高,,,B5,,140000,12727,2月1日～2月28日分売上,,,,,,,,,,,,,,,,,,,,,,,,,,,,,,,,,,,,,,,,,,,,,,,,,,,,,,
20220228,113,,,,000,共通部門,152,売掛金,21,合同会社つばさ商店,00,,482866,0,,030,名古屋支店,511,売上高,,,B5,,482866,43896,2月1日～2月28日分売上,,,,,,,,,,,,,,,,,,,,,,,,,,,,,,,,,,,,,,,,,,,,,,,,,,,,,,
20220228,113,,,,000,共通部門,152,売掛金,6,株式会社瑞穂流通,00,,1033750,0,,030,名古屋支店,511,売上高,,,B5,,1033750,93977,2月1日～2月28日分売上,,,,,,,,,,,,,,,,,,,,,,,,,,,,,,,,,,,,,,,,,,,,,,,,,,,,,,
20220228,113,,,,000,共通部門,152,売掛金,7,株式会社光彩堂商事,00,,1323972,0,,030,名古屋支店,511,売上高,,,B5,,1323972,120361,2月1日～2月28日分売上,,,,,,,,,,,,,,,,,,,,,,,,,,,,,,,,,,,,,,,,,,,,,,,,,,,,,,
20220228,113,,,,000,共通部門,152,売掛金,14,株式会社花咲商事,00,,1256285,0,,030,名古屋支店,511,売上高,,,B5,,1256285,114207,2月1日～2月28日分売上,,,,,,,,,,,,,,,,,,,,,,,,,,,,,,,,,,,,,,,,,,,,,,,,,,,,,,
20220228,113,,,,000,共通部門,152,売掛金,27,晴海物産株式会社,00,,919584,0,,030,名古屋支店,511,売上高,,,B5,,919584,83598,2月1日～2月28日分売上,,,,,,,,,,,,,,,,,,,,,,,,,,,,,,,,,,,,,,,,,,,,,,,,,,,,,,
20220228,113,,,,000,共通部門,152,売掛金,19,株式会社南風商会,00,,352450,0,,030,名古屋支店,511,売上高,,,B5,,352450,32040,2月1日～2月28日分売上,,,,,,,,,,,,,,,,,,,,,,,,,,,,,,,,,,,,,,,,,,,,,,,,,,,,,,
20220228,114,,,,000,共通部門,152,売掛金,28,株式会社青葉百貨店,00,,6175852,0,,040,大阪支店,511,売上高,,,B5,,6175852,561441,2月1日～2月28日分売上,,,,,,,,,,,,,,,,,,,,,,,,,,,,,,,,,,,,,,,,,,,,,,,,,,,,,,
20220228,114,,,,000,共通部門,152,売掛金,14,株式会社花咲商事,00,,2468352,0,,040,大阪支店,511,売上高,,,B5,,2468352,224395,2月1日～2月28日分売上,,,,,,,,,,,,,,,,,,,,,,,,,,,,,,,,,,,,,,,,,,,,,,,,,,,,,,
20220228,114,,,,000,共通部門,152,売掛金,4,株式会社ひなたマート,00,,1290240,0,,040,大阪支店,511,売上高,,,B5,,1290240,117294,2月1日～2月28日分売上,,,,,,,,,,,,,,,,,,,,,,,,,,,,,,,,,,,,,,,,,,,,,,,,,,,,,,
20220228,114,,,,000,共通部門,152,売掛金,9,朝凪物産株式会社,00,,1713160,0,,040,大阪支店,511,売上高,,,B5,,1713160,155741,2月1日～2月28日分売上,,,,,,,,,,,,,,,,,,,,,,,,,,,,,,,,,,,,,,,,,,,,,,,,,,,,,,
20220228,114,,,,000,共通部門,152,売掛金,20,清和商事株式会社,00,,794114,0,,040,大阪支店,511,売上高,,,B5,,794114,72192,2月1日～2月28日分売上,,,,,,,,,,,,,,,,,,,,,,,,,,,,,,,,,,,,,,,,,,,,,,,,,,,,,,
20220228,114,,,,000,共通部門,152,売掛金,3,青凪商事株式会社,00,,828232,0,,040,大阪支店,511,売上高,,,B5,,828232,75293,2月1日～2月28日分売上,,,,,,,,,,,,,,,,,,,,,,,,,,,,,,,,,,,,,,,,,,,,,,,,,,,,,,
20220228,114,,,,000,共通部門,152,売掛金,8,株式会社高原マーケット,00,,649800,0,,040,大阪支店,511,売上高,,,B5,,649800,59072,2月1日～2月28日分売上,,,,,,,,,,,,,,,,,,,,,,,,,,,,,,,,,,,,,,,,,,,,,,,,,,,,,,
20220228,114,,,,000,共通部門,152,売掛金,23,株式会社杉の木商店,00,,534144,0,,040,大阪支店,511,売上高,,,B5,,534144,48558,2月1日～2月28日分売上,,,,,,,,,,,,,,,,,,,,,,,,,,,,,,,,,,,,,,,,,,,,,,,,,,,,,,
20220228,115,,,,000,共通部門,152,売掛金,14,株式会社花咲商事,00,,1202181,0,,050,九州営業所,511,売上高,,,B5,,1202181,109289,2月1日～2月28日分売上,,,,,,,,,,,,,,,,,,,,,,,,,,,,,,,,,,,,,,,,,,,,,,,,,,,,,,
20220228,115,,,,000,共通部門,152,売掛金,22,株式会社豊原産業,00,,1056168,0,,050,九州営業所,511,売上高,,,B5,,1056168,96015,2月1日～2月28日分売上,,,,,,,,,,,,,,,,,,,,,,,,,,,,,,,,,,,,,,,,,,,,,,,,,,,,,,
20220228,115,,,,000,共通部門,152,売掛金,1,株式会社若葉百貨店,00,,1608844,0,,050,九州営業所,511,売上高,,,B5,,1608844,146258,2月1日～2月28日分売上,,,,,,,,,,,,,,,,,,,,,,,,,,,,,,,,,,,,,,,,,,,,,,,,,,,,,,
20220228,115,,,,000,共通部門,152,売掛金,29,株式会社小春サービス,00,,486020,0,,050,九州営業所,511,売上高,,,B5,,486020,44183,2月1日～2月28日分売上,,,,,,,,,,,,,,,,,,,,,,,,,,,,,,,,,,,,,,,,,,,,,,,,,,,,,,
20220228,115,,,,040,大阪支店,752,保険料,,,P0,,64500,0,,000,共通部門,131,普通預金,40,JKL銀行 梅田,00,,64500,0,保険料,,,,,,,,,,,,,,,,,,,,,,,,,,,,,,,,,,,,,,,,,,,,,,,,,,,,,,
20220228,116,,,,040,大阪支店,744,リース料,,,Q5,,84000,7636,,000,共通部門,131,普通預金,40,JKL銀行 梅田,00,,84000,0,リース料,,,,,,,,,,,,,,,,,,,,,,,,,,,,,,,,,,,,,,,,,,,,,,,,,,,,,,
20220228,116,,,,000,共通部門,131,普通預金,40,JKL銀行 梅田,00,,1024980,0,,000,共通部門,152,売掛金,4,株式会社ひなたマート,00,,1024980,0,2月28日伝票No452株式会社ひなたマート,,,,,,,,,,,,,,,,,,,,,,,,,,,,,,,,,,,,,,,,,,,,,,,,,,,,,,
20220228,116,,,,040,大阪支店,741,支払手数料,,,Q5,,840,76,,000,共通部門,152,売掛金,4,株式会社ひなたマート,00,,840,0,2月28日伝票No452株式会社ひなたマート,,,,,,,,,,,,,,,,,,,,,,,,,,,,,,,,,,,,,,,,,,,,,,,,,,,,,,
20220228,117,,,,000,共通部門,131,普通預金,10,DEF銀行 駅前,00,,1624854,0,,000,共通部門,152,売掛金,5,東雲商会株式会社,00,,1624854,0,2月28日伝票No453東雲商会株式会社,,,,,,,,,,,,,,,,,,,,,,,,,,,,,,,,,,,,,,,,,,,,,,,,,,,,,,
20220228,117,,,,010,札幌営業所,741,支払手数料,,,Q5,,840,76,,000,共通部門,152,売掛金,5,東雲商会株式会社,00,,840,0,2月28日伝票No453東雲商会株式会社,,,,,,,,,,,,,,,,,,,,,,,,,,,,,,,,,,,,,,,,,,,,,,,,,,,,,,
20220228,118,,,,000,共通部門,111,現金,,,00,,357664,0,,000,共通部門,152,売掛金,10,合同会社こもれび商事,00,,357664,0,2月28日伝票No454合同会社こもれび商事,,,,,,,,,,,,,,,,,,,,,,,,,,,,,,,,,,,,,,,,,,,,,,,,,,,,,,
20220228,119,,,,000,共通部門,150,受取手形,,,00,,11583188,0,,000,共通部門,152,売掛金,12,株式会社緑野百貨店,00,,11583188,0,2月28日伝票No455株式会社緑野百貨店 | 売上伝票=20220131-113;手形番号=R20220228-119-12,,,,,,,,,,,,,,,,,,,,,,,,,,,,,,,,,,,,,,,,,,,,,,,,,,,,,,
20220228,120,,,,000,共通部門,131,普通預金,20,ABC銀行 本店,00,,535410,0,,000,共通部門,152,売掛金,24,白峰商事株式会社,00,,535410,0,2月28日伝票No456白峰商事株式会社,,,,,,,,,,,,,,,,,,,,,,,,,,,,,,,,,,,,,,,,,,,,,,,,,,,,,,
20220228,120,,,,020,東京支店,741,支払手数料,,,Q5,,630,57,,000,共通部門,152,売掛金,24,白峰商事株式会社,00,,630,0,2月28日伝票No456白峰商事株式会社,,,,,,,,,,,,,,,,,,,,,,,,,,,,,,,,,,,,,,,,,,,,,,,,,,,,,,
20220228,121,,,,000,共通部門,131,普通預金,50,MNO銀行 北九州,00,,362240,0,,000,共通部門,152,売掛金,29,株式会社小春サービス,00,,362240,0,2月28日伝票No457株式会社小春サービス,,,,,,,,,,,,,,,,,,,,,,,,,,,,,,,,,,,,,,,,,,,,,,,,,,,,,,
20220228,121,,,,050,九州営業所,741,支払手数料,,,Q5,,210,19,,000,共通部門,152,売掛金,29,株式会社小春サービス,00,,210,0,2月28日伝票No457株式会社小春サービス,,,,,,,,,,,,,,,,,,,,,,,,,,,,,,,,,,,,,,,,,,,,,,,,,,,,,,
20220228,122,,,,010,札幌営業所,541,商品仕入高,,,Q5,,224733,20430,,000,共通部門,312,買掛金,2,株式会社双葉物産,00,,224733,0,2月1日～2月28日分仕入,,,,,,,,,,,,,,,,,,,,,,,,,,,,,,,,,,,,,,,,,,,,,,,,,,,,,,
20220228,122,,,,010,札幌営業所,541,商品仕入高,,,Q5,,26208,2382,,000,共通部門,312,買掛金,8,株式会社白樺商事,00,,26208,0,2月1日～2月28日分仕入,,,,,,,,,,,,,,,,,,,,,,,,,,,,,,,,,,,,,,,,,,,,,,,,,,,,,,
20220228,123,,,,020,東京支店,541,商品仕入高,,,Q5,,3385746,307795,,000,共通部門,312,買掛金,14,合同会社あかね商会,00,,3385746,0,2月1日～2月28日分仕入,,,,,,,,,,,,,,,,,,,,,,,,,,,,,,,,,,,,,,,,,,,,,,,,,,,,,,
20220228,123,,,,020,東京支店,541,商品仕入高,,,Q5,,3726253,338750,,000,共通部門,312,買掛金,3,青凪商事株式会社,00,,3726253,0,2月1日～2月28日分仕入,,,,,,,,,,,,,,,,,,,,,,,,,,,,,,,,,,,,,,,,,,,,,,,,,,,,,,
20220228,123,,,,020,東京支店,541,商品仕入高,,,Q5,,1292036,117457,,000,共通部門,312,買掛金,13,朝日野産業株式会社,00,,1292036,0,2月1日～2月28日分仕入,,,,,,,,,,,,,,,,,,,,,,,,,,,,,,,,,,,,,,,,,,,,,,,,,,,,,,
20220228,123,,,,020,東京支店,541,商品仕入高,,,Q5,,4705170,427742,,000,共通部門,312,買掛金,1,株式会社北辰商事,00,,4705170,0,2月1日～2月28日分仕入,,,,,,,,,,,,,,,,,,,,,,,,,,,,,,,,,,,,,,,,,,,,,,,,,,,,,,
20220228,123,,,,020,東京支店,541,商品仕入高,,,Q5,,3661476,332861,,000,共通部門,312,買掛金,11,株式会社花園商会,00,,3661476,0,2月1日～2月28日分仕入,,,,,,,,,,,,,,,,,,,,,,,,,,,,,,,,,,,,,,,,,,,,,,,,,,,,,,
20220228,123,,,,020,東京支店,541,商品仕入高,,,Q5,,255528,23229,,000,共通部門,312,買掛金,12,株式会社泉川商事,00,,255528,0,2月1日～2月28日分仕入,,,,,,,,,,,,,,,,,,,,,,,,,,,,,,,,,,,,,,,,,,,,,,,,,,,,,,
20220228,123,,,,020,東京支店,541,商品仕入高,,,Q5,,361670,32879,,000,共通部門,312,買掛金,8,株式会社白樺商事,00,,361670,0,2月1日～2月28日分仕入,,,,,,,,,,,,,,,,,,,,,,,,,,,,,,,,,,,,,,,,,,,,,,,,,,,,,,
20220228,123,,,,020,東京支店,541,商品仕入高,,,Q5,,554953,50450,,000,共通部門,312,買掛金,2,株式会社双葉物産,00,,554953,0,2月1日～2月28日分仕入,,,,,,,,,,,,,,,,,,,,,,,,,,,,,,,,,,,,,,,,,,,,,,,,,,,,,,
20220228,124,,,,030,名古屋支店,541,商品仕入高,,,Q5,,2042022,185638,,000,共通部門,312,買掛金,9,東原産業株式会社,00,,2042022,0,2月1日～2月28日分仕入,,,,,,,,,,,,,,,,,,,,,,,,,,,,,,,,,,,,,,,,,,,,,,,,,,,,,,
20220228,124,,,,030,名古屋支店,541,商品仕入高,,,Q5,,1144940,104085,,000,共通部門,312,買掛金,15,株式会社麦穂商事,00,,1144940,0,2月1日～2月28日分仕入,,,,,,,,,,,,,,,,,,,,,,,,,,,,,,,,,,,,,,,,,,,,,,,,,,,,,,
20220228,124,,,,030,名古屋支店,541,商品仕入高,,,Q5,,3221820,292892,,000,共通部門,312,買掛金,7,株式会社夕凪商会,00,,3221820,0,2月1日～2月28日分仕入,,,,,,,,,,,,,,,,,,,,,,,,,,,,,,,,,,,,,,,,,,,,,,,,,,,,,,
20220228,124,,,,030,名古屋支店,541,商品仕入高,,,Q5,,105486,9589,,000,共通部門,312,買掛金,2,株式会社双葉物産,00,,105486,0,2月1日～2月28日分仕入,,,,,,,,,,,,,,,,,,,,,,,,,,,,,,,,,,,,,,,,,,,,,,,,,,,,,,
20220228,124,,,,030,名古屋支店,541,商品仕入高,,,Q5,,52416,4765,,000,共通部門,312,買掛金,8,株式会社白樺商事,00,,52416,0,2月1日～2月28日分仕入,,,,,,,,,,,,,,,,,,,,,,,,,,,,,,,,,,,,,,,,,,,,,,,,,,,,,,
20220228,125,,,,040,大阪支店,541,商品仕入高,,,Q5,,4236496,385136,,000,共通部門,312,買掛金,5,千草商事株式会社,00,,4236496,0,2月1日～2月28日分仕入,,,,,,,,,,,,,,,,,,,,,,,,,,,,,,,,,,,,,,,,,,,,,,,,,,,,,,
20220228,125,,,,040,大阪支店,541,商品仕入高,,,Q5,,1046118,95101,,000,共通部門,312,買掛金,4,株式会社和泉流通,00,,1046118,0,2月1日～2月28日分仕入,,,,,,,,,,,,,,,,,,,,,,,,,,,,,,,,,,,,,,,,,,,,,,,,,,,,,,
20220228,125,,,,040,大阪支店,541,商品仕入高,,,Q5,,2656388,241489,,000,共通部門,312,買掛金,10,光野販売株式会社,00,,2656388,0,2月1日～2月28日分仕入,,,,,,,,,,,,,,,,,,,,,,,,,,,,,,,,,,,,,,,,,,,,,,,,,,,,,,
20220228,125,,,,040,大阪支店,541,商品仕入高,,,Q5,,3218877,292625,,000,共通部門,312,買掛金,6,株式会社日向産業,00,,3218877,0,2月1日～2月28日分仕入,,,,,,,,,,,,,,,,,,,,,,,,,,,,,,,,,,,,,,,,,,,,,,,,,,,,,,
20220228,125,,,,040,大阪支店,541,商品仕入高,,,Q5,,536607,48782,,000,共通部門,312,買掛金,2,株式会社双葉物産,00,,536607,0,2月1日～2月28日分仕入,,,,,,,,,,,,,,,,,,,,,,,,,,,,,,,,,,,,,,,,,,,,,,,,,,,,,,
20220228,125,,,,040,大阪支店,541,商品仕入高,,,Q5,,52416,4765,,000,共通部門,312,買掛金,8,株式会社白樺商事,00,,52416,0,2月1日～2月28日分仕入,,,,,,,,,,,,,,,,,,,,,,,,,,,,,,,,,,,,,,,,,,,,,,,,,,,,,,
20220228,126,,,,050,九州営業所,541,商品仕入高,,,Q5,,26208,2382,,000,共通部門,312,買掛金,8,株式会社白樺商事,00,,26208,0,2月1日～2月28日分仕入,,,,,,,,,,,,,,,,,,,,,,,,,,,,,,,,,,,,,,,,,,,,,,,,,,,,,,
20220228,126,,,,050,九州営業所,541,商品仕入高,,,Q5,,165109,15009,,000,共通部門,312,買掛金,2,株式会社双葉物産,00,,165109,0,2月1日～2月28日分仕入,,,,,,,,,,,,,,,,,,,,,,,,,,,,,,,,,,,,,,,,,,,,,,,,,,,,,,
20220228,127,,,,000,共通部門,312,買掛金,2,株式会社双葉物産,00,,1377066,0,,000,共通部門,131,普通預金,20,ABC銀行 本店,00,,1377066,0,2月28日伝票No339株式会社双葉物産,,,,,,,,,,,,,,,,,,,,,,,,,,,,,,,,,,,,,,,,,,,,,,,,,,,,,,
20220228,128,,,,000,共通部門,312,買掛金,5,千草商事株式会社,00,,5649316,0,,000,共通部門,301,支払手形,,,00,,5649316,0,2月28日伝票No340千草商事株式会社,,,,,,,,,,,,,,,,,,,,,,,,,,,,,,,,,,,,,,,,,,,,,,,,,,,,,,
20220228,129,,,,000,共通部門,312,買掛金,7,株式会社夕凪商会,00,,5256041,0,,000,共通部門,131,普通預金,20,ABC銀行 本店,00,,5256041,0,2月28日伝票No341株式会社夕凪商会,,,,,,,,,,,,,,,,,,,,,,,,,,,,,,,,,,,,,,,,,,,,,,,,,,,,,,
20220228,130,,,,000,共通部門,312,買掛金,9,東原産業株式会社,00,,2620813,0,,000,共通部門,301,支払手形,,,00,,2620813,0,2月28日伝票No342東原産業株式会社,,,,,,,,,,,,,,,,,,,,,,,,,,,,,,,,,,,,,,,,,,,,,,,,,,,,,,
20220228,131,,,,000,共通部門,312,買掛金,10,光野販売株式会社,00,,4760408,0,,000,共通部門,301,支払手形,,,00,,4760408,0,2月28日伝票No343光野販売株式会社,,,,,,,,,,,,,,,,,,,,,,,,,,,,,,,,,,,,,,,,,,,,,,,,,,,,,,
20220228,132,,,,000,共通部門,312,買掛金,12,株式会社泉川商事,00,,517154,0,,000,共通部門,131,普通預金,20,ABC銀行 本店,00,,517154,0,2月28日伝票No344株式会社泉川商事,,,,,,,,,,,,,,,,,,,,,,,,,,,,,,,,,,,,,,,,,,,,,,,,,,,,,,
20220228,133,,,,000,共通部門,312,買掛金,13,朝日野産業株式会社,00,,2069835,0,,000,共通部門,131,普通預金,20,ABC銀行 本店,00,,2069835,0,2月28日伝票No345朝日野産業株式会社,,,,,,,,,,,,,,,,,,,,,,,,,,,,,,,,,,,,,,,,,,,,,,,,,,,,,,
20220228,134,,,,000,共通部門,312,買掛金,14,合同会社あかね商会,00,,4344303,0,,000,共通部門,131,普通預金,20,ABC銀行 本店,00,,4344303,0,2月28日伝票No346合同会社あかね商会,,,,,,,,,,,,,,,,,,,,,,,,,,,,,,,,,,,,,,,,,,,,,,,,,,,,,,
20220228,135,,,,000,共通部門,312,買掛金,15,株式会社麦穂商事,00,,1692895,0,,000,共通部門,131,普通預金,20,ABC銀行 本店,00,,1692895,0,2月28日伝票No347株式会社麦穂商事,,,,,,,,,,,,,,,,,,,,,,,,,,,,,,,,,,,,,,,,,,,,,,,,,,,,,,
20220228,136,,,,000,共通部門,322,未払金,,,00,,10119977,0,,000,共通部門,131,普通預金,20,ABC銀行 本店,00,,10119977,0,1月分支払,,,,,,,,,,,,,,,,,,,,,,,,,,,,,,,,,,,,,,,,,,,,,,,,,,,,,,
20220228,138,,,,000,共通部門,301,支払手形,,,00,,3923430,0,,000,共通部門,121,当座預金,1,ABC銀行,00,,3923430,0,手形期日落日 千草商事株式会社,,,,,,,,,,,,,,,,,,,,,,,,,,,,,,,,,,,,,,,,,,,,,,,,,,,,,,
20220228,138,,,,000,共通部門,301,支払手形,,,00,,1859340,0,,000,共通部門,121,当座預金,1,ABC銀行,00,,1859340,0,手形期日落日 東原産業株式会社,,,,,,,,,,,,,,,,,,,,,,,,,,,,,,,,,,,,,,,,,,,,,,,,,,,,,,
20220228,138,,,,000,共通部門,301,支払手形,,,00,,3215415,0,,000,共通部門,121,当座預金,1,ABC銀行,00,,3215415,0,手形期日落日 光野販売株式会社,,,,,,,,,,,,,,,,,,,,,,,,,,,,,,,,,,,,,,,,,,,,,,,,,,,,,,
20220228,140,,,,000,共通部門,121,当座預金,1,ABC銀行,00,,14382264,0,,000,共通部門,150,受取手形,,,00,,14382264,0,手形満期 株式会社桜丘百貨店 | 手形番号=R20211125-107-2;受取額に決済額を訂正,,,,,,,,,,,,,,,,,,,,,,,,,,,,,,,,,,,,,,,,,,,,,,,,,,,,,,
20220228,141,,,,000,共通部門,121,当座預金,1,ABC銀行,00,,10629137,0,,000,共通部門,150,受取手形,,,00,,10629137,0,手形満期 株式会社緑野百貨店 | 手形番号=R20211231-129-12;受取額に決済額を訂正,,,,,,,,,,,,,,,,,,,,,,,,,,,,,,,,,,,,,,,,,,,,,,,,,,,,,,
20220228,143,,,,000,共通部門,131,普通預金,20,ABC銀行 本店,00,,24000000,0,,000,共通部門,131,普通預金,10,DEF銀行 駅前,00,,6500000,0,資金移動,,,,,,,,,,,,,,,,,,,,,,,,,,,,,,,,,,,,,,,,,,,,,,,,,,,,,,
20220228,143,,,,,,,,,,,,,,,000,共通部門,131,普通預金,30,GHI銀行 名古屋,00,,7000000,0,資金移動,,,,,,,,,,,,,,,,,,,,,,,,,,,,,,,,,,,,,,,,,,,,,,,,,,,,,,
20220228,143,,,,,,,,,,,,,,,000,共通部門,131,普通預金,40,JKL銀行 梅田,00,,6500000,0,資金移動,,,,,,,,,,,,,,,,,,,,,,,,,,,,,,,,,,,,,,,,,,,,,,,,,,,,,,
20220228,143,,,,,,,,,,,,,,,000,共通部門,131,普通預金,50,MNO銀行 北九州,00,,4000000,0,資金移動,,,,,,,,,,,,,,,,,,,,,,,,,,,,,,,,,,,,,,,,,,,,,,,,,,,,,,
20220228,144,,,,000,共通部門,131,普通預金,20,ABC銀行 本店,00,,40000,0,,000,共通部門,183,短期貸付金,,,00,,90000,0,貸付金返済,,,,,,,,,,,,,,,,,,,,,,,,,,,,,,,,,,,,,,,,,,,,,,,,,,,,,,
20220228,144,,,,000,共通部門,131,普通預金,20,ABC銀行 本店,00,,50000,0,,,,,,,,,,,,貸付金返済,,,,,,,,,,,,,,,,,,,,,,,,,,,,,,,,,,,,,,,,,,,,,,,,,,,,,,
20220228,145,,,,050,九州営業所,731,運賃,,,Q5,,168150,15286,,000,共通部門,322,未払金,,,00,,168150,0,運賃,,,,,,,,,,,,,,,,,,,,,,,,,,,,,,,,,,,,,,,,,,,,,,,,,,,,,,
20220228,145,,,,000,共通部門,148,定期積金,,,00,,500000,0,,000,共通部門,131,普通預金,20,ABC銀行 本店,00,,865000,0,定期積立金,,,,,,,,,,,,,,,,,,,,,,,,,,,,,,,,,,,,,,,,,,,,,,,,,,,,,,
20220228,145,,,,000,共通部門,148,定期積金,,,00,,240000,0,,,,,,,,,,,,新規定期積立金,,,,,,,,,,,,,,,,,,,,,,,,,,,,,,,,,,,,,,,,,,,,,,,,,,,,,,
20220228,145,,,,000,共通部門,248,保険積立金,,,00,,125000,0,,,,,,,,,,,,保険積立金,,,,,,,,,,,,,,,,,,,,,,,,,,,,,,,,,,,,,,,,,,,,,,,,,,,,,,
20220228,146,,,,000,共通部門,321,短期借入金,,,00,,653500,0,,000,共通部門,121,当座預金,1,ABC銀行,00,,686175,0,借入金返済,,,,,,,,,,,,,,,,,,,,,,,,,,,,,,,,,,,,,,,,,,,,,,,,,,,,,,
20220228,146,,,,020,東京支店,821,支払利息,,,P0,,32675,0,,,,,,,,,,,,利息,,,,,,,,,,,,,,,,,,,,,,,,,,,,,,,,,,,,,,,,,,,,,,,,,,,,,,
20220228,990011,,,,010,札幌営業所,713,賞与,,,00,,110000,0,,010,札幌営業所,337,賞与引当金,,,00,,110000,0,サンプル定義：賞与半年均等引当 202202 部門010,,,,,,,,,,,,,,,,,,,,,,,,,,,,,,,,,,,,,,,,,,,,,,,,,,,,,,
20220228,990011,,,,020,東京支店,713,賞与,,,00,,261666,0,,020,東京支店,337,賞与引当金,,,00,,261666,0,サンプル定義：賞与半年均等引当 202202 部門020,,,,,,,,,,,,,,,,,,,,,,,,,,,,,,,,,,,,,,,,,,,,,,,,,,,,,,
20220228,990011,,,,030,名古屋支店,713,賞与,,,00,,102666,0,,030,名古屋支店,337,賞与引当金,,,00,,102666,0,サンプル定義：賞与半年均等引当 202202 部門030,,,,,,,,,,,,,,,,,,,,,,,,,,,,,,,,,,,,,,,,,,,,,,,,,,,,,,
20220228,990011,,,,040,大阪支店,713,賞与,,,00,,120334,0,,040,大阪支店,337,賞与引当金,,,00,,120334,0,サンプル定義：賞与半年均等引当 202202 部門040,,,,,,,,,,,,,,,,,,,,,,,,,,,,,,,,,,,,,,,,,,,,,,,,,,,,,,
20220228,990011,,,,050,九州営業所,713,賞与,,,00,,79000,0,,050,九州営業所,337,賞与引当金,,,00,,79000,0,サンプル定義：賞与半年均等引当 202202 部門050,,,,,,,,,,,,,,,,,,,,,,,,,,,,,,,,,,,,,,,,,,,,,,,,,,,,,,
20220301,66,,,,010,札幌営業所,791,雑費,,,Q5,,4298,390,,000,共通部門,111,現金,,,00,,4298,0,ティッシュ他,,,,,,,,,,,,,,,,,,,,,,,,,,,,,,,,,,,,,,,,,,,,,,,,,,,,,,
20220302,164,,,,050,九州営業所,754,事務用消耗品費,,,Q5,,7350,668,,000,共通部門,111,現金,,,00,,7350,0,事務用品,,,,,,,,,,,,,,,,,,,,,,,,,,,,,,,,,,,,,,,,,,,,,,,,,,,,,,
20220303,19,,,,010,札幌営業所,726,旅費交通費,,,Q5,,38400,3490,,000,共通部門,111,現金,,,00,,38400,0,旅費,,,,,,,,,,,,,,,,,,,,,,,,,,,,,,,,,,,,,,,,,,,,,,,,,,,,,,
20220303,41,,,,020,東京支店,733,交際接待費,,,Q5,,14286,1298,,000,共通部門,111,現金,,,00,,23810,0,結婚式会費,,,,,,,,,,,,,,,,,,,,,,,,,,,,,,,,,,,,,,,,,,,,,,,,,,,,,,
20220303,41,,,,020,東京支店,733,交際接待費,,,Q5,,9524,865,,,,,,,,,,,,祝い金,,,,,,,,,,,,,,,,,,,,,,,,,,,,,,,,,,,,,,,,,,,,,,,,,,,,,,
20220303,56,,,,020,東京支店,726,旅費交通費,,,Q5,,42640,3876,,000,共通部門,111,現金,,,00,,42640,0,旅費,,,,,,,,,,,,,,,,,,,,,,,,,,,,,,,,,,,,,,,,,,,,,,,,,,,,,,
20220303,134,,,,020,東京支店,754,事務用消耗品費,,,Q5,,31500,2863,,000,共通部門,322,未払金,,,00,,31500,0,用紙,,,,,,,,,,,,,,,,,,,,,,,,,,,,,,,,,,,,,,,,,,,,,,,,,,,,,,
20220303,142,,,,040,大阪支店,740,車両費,,,Q5,,220,20,,000,共通部門,111,現金,,,00,,22725,0,高速代,,,,,,,,,,,,,,,,,,,,,,,,,,,,,,,,,,,,,,,,,,,,,,,,,,,,,,
20220303,142,,,,040,大阪支店,740,車両費,,,Q5,,3338,303,,,,,,,,,,,,ガソリン代,,,,,,,,,,,,,,,,,,,,,,,,,,,,,,,,,,,,,,,,,,,,,,,,,,,,,,
20220303,142,,,,040,大阪支店,740,車両費,,,Q5,,5228,475,,,,,,,,,,,,高速代,,,,,,,,,,,,,,,,,,,,,,,,,,,,,,,,,,,,,,,,,,,,,,,,,,,,,,
20220303,142,,,,040,大阪支店,740,車両費,,,Q5,,2461,223,,,,,,,,,,,,高速代,,,,,,,,,,,,,,,,,,,,,,,,,,,,,,,,,,,,,,,,,,,,,,,,,,,,,,
20220303,142,,,,040,大阪支店,740,車両費,,,Q5,,3373,306,,,,,,,,,,,,高速代,,,,,,,,,,,,,,,,,,,,,,,,,,,,,,,,,,,,,,,,,,,,,,,,,,,,,,
20220303,142,,,,040,大阪支店,740,車両費,,,Q5,,8105,736,,,,,,,,,,,,高速代,,,,,,,,,,,,,,,,,,,,,,,,,,,,,,,,,,,,,,,,,,,,,,,,,,,,,,
20220305,42,,,,020,東京支店,733,交際接待費,,,Q5,,4510,410,,000,共通部門,111,現金,,,00,,4510,0,食事代 架空店舗030 2名,,,,,,,,,,,,,,,,,,,,,,,,,,,,,,,,,,,,,,,,,,,,,,,,,,,,,,
20220305,43,,,,020,東京支店,733,交際接待費,,,Q5,,7630,693,,000,共通部門,111,現金,,,00,,7630,0,手土産代 架空店舗058,,,,,,,,,,,,,,,,,,,,,,,,,,,,,,,,,,,,,,,,,,,,,,,,,,,,,,
20220305,58,,,,020,東京支店,726,旅費交通費,,,Q5,,69800,6345,,000,共通部門,111,現金,,,00,,69800,0,旅費,,,,,,,,,,,,,,,,,,,,,,,,,,,,,,,,,,,,,,,,,,,,,,,,,,,,,,
20220305,84,,,,000,共通部門,131,普通預金,50,MNO銀行 北九州,00,,1055696,0,,000,共通部門,152,売掛金,22,株式会社豊原産業,00,,1055696,0,3月5日伝票No458株式会社豊原産業,,,,,,,,,,,,,,,,,,,,,,,,,,,,,,,,,,,,,,,,,,,,,,,,,,,,,,
20220305,84,,,,050,九州営業所,741,支払手数料,,,Q5,,472,42,,000,共通部門,152,売掛金,22,株式会社豊原産業,00,,472,0,3月5日伝票No458株式会社豊原産業,,,,,,,,,,,,,,,,,,,,,,,,,,,,,,,,,,,,,,,,,,,,,,,,,,,,,,
20220305,85,,,,000,共通部門,131,普通預金,20,ABC銀行 本店,00,,1096160,0,,000,共通部門,152,売掛金,26,若松販売株式会社,00,,1096160,0,3月5日伝票No459若松販売株式会社,,,,,,,,,,,,,,,,,,,,,,,,,,,,,,,,,,,,,,,,,,,,,,,,,,,,,,
20220305,85,,,,020,東京支店,741,支払手数料,,,Q5,,472,42,,000,共通部門,152,売掛金,26,若松販売株式会社,00,,472,0,3月5日伝票No459若松販売株式会社,,,,,,,,,,,,,,,,,,,,,,,,,,,,,,,,,,,,,,,,,,,,,,,,,,,,,,
20220305,86,,,,000,共通部門,131,普通預金,30,GHI銀行 名古屋,00,,919584,0,,000,共通部門,152,売掛金,27,晴海物産株式会社,00,,919584,0,3月5日伝票No460晴海物産株式会社,,,,,,,,,,,,,,,,,,,,,,,,,,,,,,,,,,,,,,,,,,,,,,,,,,,,,,
20220305,133,,,,020,東京支店,746,支払報酬,,,Q5,,139710,12700,,000,共通部門,131,普通預金,20,ABC銀行 本店,00,,139710,0,税理士報酬,,,,,,,,,,,,,,,,,,,,,,,,,,,,,,,,,,,,,,,,,,,,,,,,,,,,,,
20220306,7,,,,010,札幌営業所,733,交際接待費,,,Q5,,21840,1985,,000,共通部門,111,現金,,,00,,21840,0,飲食代 架空店舗068 7名,,,,,,,,,,,,,,,,,,,,,,,,,,,,,,,,,,,,,,,,,,,,,,,,,,,,,,
20220306,22,,,,010,札幌営業所,726,旅費交通費,,,Q5,,32900,2990,,000,共通部門,111,現金,,,00,,32900,0,旅費,,,,,,,,,,,,,,,,,,,,,,,,,,,,,,,,,,,,,,,,,,,,,,,,,,,,,,
20220306,110,,,,040,大阪支店,726,旅費交通費,,,Q5,,2290,208,,000,共通部門,111,現金,,,00,,2290,0,タクシー代,,,,,,,,,,,,,,,,,,,,,,,,,,,,,,,,,,,,,,,,,,,,,,,,,,,,,,
20220306,147,,,,050,九州営業所,740,車両費,,,Q5,,6334,575,,000,共通部門,322,未払金,,,00,,6334,0,ガソリン代,,,,,,,,,,,,,,,,,,,,,,,,,,,,,,,,,,,,,,,,,,,,,,,,,,,,,,
20220307,10,,,,010,札幌営業所,740,車両費,,,Q5,,300,27,,000,共通部門,111,現金,,,00,,300,0,駐車代,,,,,,,,,,,,,,,,,,,,,,,,,,,,,,,,,,,,,,,,,,,,,,,,,,,,,,
20220307,69,,,,020,東京支店,791,雑費,,,Q5,,1398,127,,000,共通部門,111,現金,,,00,,1398,0,トイレットペーパー代,,,,,,,,,,,,,,,,,,,,,,,,,,,,,,,,,,,,,,,,,,,,,,,,,,,,,,
20220307,77,,,,030,名古屋支店,726,旅費交通費,,,Q5,,35000,3181,,000,共通部門,111,現金,,,00,,35000,0,旅費,,,,,,,,,,,,,,,,,,,,,,,,,,,,,,,,,,,,,,,,,,,,,,,,,,,,,,
20220307,78,,,,030,名古屋支店,726,旅費交通費,,,Q5,,7500,681,,000,共通部門,111,現金,,,00,,7500,0,架空鉄道会社A代,,,,,,,,,,,,,,,,,,,,,,,,,,,,,,,,,,,,,,,,,,,,,,,,,,,,,,
20220307,79,,,,030,名古屋支店,726,旅費交通費,,,Q5,,2300,209,,000,共通部門,111,現金,,,00,,2300,0,タクシー代,,,,,,,,,,,,,,,,,,,,,,,,,,,,,,,,,,,,,,,,,,,,,,,,,,,,,,
20220307,102,,,,040,大阪支店,733,交際接待費,,,Q5,,2100,190,,000,共通部門,111,現金,,,00,,2100,0,手土産代 架空店舗089,,,,,,,,,,,,,,,,,,,,,,,,,,,,,,,,,,,,,,,,,,,,,,,,,,,,,,
20220307,161,,,,050,九州営業所,726,旅費交通費,,,Q5,,5530,502,,000,共通部門,111,現金,,,00,,5530,0,旅費,,,,,,,,,,,,,,,,,,,,,,,,,,,,,,,,,,,,,,,,,,,,,,,,,,,,,,
20220308,50,,,,020,東京支店,740,車両費,,,Q5,,1200,109,,000,共通部門,111,現金,,,00,,1200,0,高速代,,,,,,,,,,,,,,,,,,,,,,,,,,,,,,,,,,,,,,,,,,,,,,,,,,,,,,
20220308,151,,,,040,大阪支店,733,交際接待費,,,Q5,,8400,763,,000,共通部門,111,現金,,,00,,8400,0,ゴルフプレー代,,,,,,,,,,,,,,,,,,,,,,,,,,,,,,,,,,,,,,,,,,,,,,,,,,,,,,
20220309,20,,,,010,札幌営業所,726,旅費交通費,,,Q5,,51200,4654,,000,共通部門,111,現金,,,00,,51200,0,旅費,,,,,,,,,,,,,,,,,,,,,,,,,,,,,,,,,,,,,,,,,,,,,,,,,,,,,,
20220310,11,,,,010,札幌営業所,740,車両費,,,Q5,,4632,421,,000,共通部門,111,現金,,,00,,4632,0,ガソリン代,,,,,,,,,,,,,,,,,,,,,,,,,,,,,,,,,,,,,,,,,,,,,,,,,,,,,,
20220310,33,,,,010,札幌営業所,747,地代家賃,,,Q5,,320000,29090,,000,共通部門,131,普通預金,10,DEF銀行 駅前,00,,320000,0,家賃支払い,,,,,,,,,,,,,,,,,,,,,,,,,,,,,,,,,,,,,,,,,,,,,,,,,,,,,,
20220310,33,,,,010,札幌営業所,727,通信費,,,Q5,,142365,12942,,000,共通部門,131,普通預金,10,DEF銀行 駅前,00,,142365,0,電話代,,,,,,,,,,,,,,,,,,,,,,,,,,,,,,,,,,,,,,,,,,,,,,,,,,,,,,
20220310,57,,,,020,東京支店,726,旅費交通費,,,Q5,,101000,9181,,000,共通部門,111,現金,,,00,,101000,0,架空鉄道会社A代,,,,,,,,,,,,,,,,,,,,,,,,,,,,,,,,,,,,,,,,,,,,,,,,,,,,,,
20220310,61,,,,000,共通部門,326,預り金,3,源泉税,00,,246932,0,,000,共通部門,131,普通預金,20,ABC銀行 本店,00,,696432,0,源泉税支払,,,,,,,,,,,,,,,,,,,,,,,,,,,,,,,,,,,,,,,,,,,,,,,,,,,,,,
20220310,61,,,,000,共通部門,326,預り金,2,住民税,00,,449500,0,,,,,,,,,,,,住民税支払,,,,,,,,,,,,,,,,,,,,,,,,,,,,,,,,,,,,,,,,,,,,,,,,,,,,,,
20220310,63,,,,020,東京支店,747,地代家賃,,,Q5,,1260000,114545,,000,共通部門,131,普通預金,20,ABC銀行 本店,00,,1260000,0,家賃支払,,,,,,,,,,,,,,,,,,,,,,,,,,,,,,,,,,,,,,,,,,,,,,,,,,,,,,
20220310,64,,,,040,大阪支店,747,地代家賃,,,Q5,,840000,76363,,000,共通部門,131,普通預金,40,JKL銀行 梅田,00,,840000,0,家賃支払,,,,,,,,,,,,,,,,,,,,,,,,,,,,,,,,,,,,,,,,,,,,,,,,,,,,,,
20220310,65,,,,010,札幌営業所,791,雑費,,,Q5,,5000,454,,000,共通部門,322,未払金,,,00,,39286,0,有線,,,,,,,,,,,,,,,,,,,,,,,,,,,,,,,,,,,,,,,,,,,,,,,,,,,,,,
20220310,65,,,,010,札幌営業所,791,雑費,,,Q5,,34286,3116,,,,,,,,,,,,警備料,,,,,,,,,,,,,,,,,,,,,,,,,,,,,,,,,,,,,,,,,,,,,,,,,,,,,,
20220310,76,,,,020,東京支店,724,福利厚生費,,,Q5,,75460,6860,,000,共通部門,322,未払金,,,00,,75460,0,社員夜食代,,,,,,,,,,,,,,,,,,,,,,,,,,,,,,,,,,,,,,,,,,,,,,,,,,,,,,
20220310,78,,,,050,九州営業所,740,車両費,,,Q5,,5623,511,,000,共通部門,111,現金,,,00,,7338,0,ガソリン代,,,,,,,,,,,,,,,,,,,,,,,,,,,,,,,,,,,,,,,,,,,,,,,,,,,,,,
20220310,78,,,,050,九州営業所,740,車両費,,,Q5,,1715,155,,,,,,,,,,,,高速代,,,,,,,,,,,,,,,,,,,,,,,,,,,,,,,,,,,,,,,,,,,,,,,,,,,,,,
20220310,87,,,,000,共通部門,312,買掛金,3,青凪商事株式会社,00,,828232,0,,000,共通部門,152,売掛金,3,青凪商事株式会社,00,,828232,0,3月10日伝票No461青凪商事株式会社,,,,,,,,,,,,,,,,,,,,,,,,,,,,,,,,,,,,,,,,,,,,,,,,,,,,,,
20220310,88,,,,000,共通部門,131,普通預金,20,ABC銀行 本店,00,,7958128,0,,000,共通部門,152,売掛金,14,株式会社花咲商事,00,,7958128,0,3月10日伝票No462株式会社花咲商事東京本社,,,,,,,,,,,,,,,,,,,,,,,,,,,,,,,,,,,,,,,,,,,,,,,,,,,,,,
20220310,88,,,,020,東京支店,741,支払手数料,,,Q5,,735,66,,000,共通部門,152,売掛金,14,株式会社花咲商事,00,,735,0,3月10日伝票No462株式会社花咲商事東京本社,,,,,,,,,,,,,,,,,,,,,,,,,,,,,,,,,,,,,,,,,,,,,,,,,,,,,,
20220310,89,,,,000,共通部門,131,普通預金,30,GHI銀行 名古屋,00,,351715,0,,000,共通部門,152,売掛金,19,株式会社南風商会,00,,351715,0,3月10日伝票No463株式会社南風商会,,,,,,,,,,,,,,,,,,,,,,,,,,,,,,,,,,,,,,,,,,,,,,,,,,,,,,
20220310,89,,,,030,名古屋支店,741,支払手数料,,,Q5,,735,66,,000,共通部門,152,売掛金,19,株式会社南風商会,00,,735,0,3月10日伝票No463株式会社南風商会,,,,,,,,,,,,,,,,,,,,,,,,,,,,,,,,,,,,,,,,,,,,,,,,,,,,,,
20220310,90,,,,000,共通部門,150,受取手形,,,00,,6175852,0,,000,共通部門,152,売掛金,28,株式会社青葉百貨店,00,,6175852,0,3月10日伝票No464株式会社青葉百貨店 | 売上伝票=20220228-114;手形番号=R20220310-90-28,,,,,,,,,,,,,,,,,,,,,,,,,,,,,,,,,,,,,,,,,,,,,,,,,,,,,,
20220310,91,,,,000,共通部門,312,買掛金,3,青凪商事株式会社,00,,2898021,0,,000,共通部門,301,支払手形,,,00,,2898021,0,3月10日伝票No348青凪商事株式会社,,,,,,,,,,,,,,,,,,,,,,,,,,,,,,,,,,,,,,,,,,,,,,,,,,,,,,
20220310,92,,,,000,共通部門,312,買掛金,8,株式会社白樺商事,00,,431827,0,,000,共通部門,131,普通預金,20,ABC銀行 本店,00,,431827,0,3月10日伝票No349株式会社白樺商事,,,,,,,,,,,,,,,,,,,,,,,,,,,,,,,,,,,,,,,,,,,,,,,,,,,,,,
20220310,129,,,,030,名古屋支店,747,地代家賃,,,Q5,,399000,36272,,000,共通部門,131,普通預金,30,GHI銀行 名古屋,00,,399000,0,家賃支払い,,,,,,,,,,,,,,,,,,,,,,,,,,,,,,,,,,,,,,,,,,,,,,,,,,,,,,
20220310,136,,,,000,共通部門,301,支払手形,,,00,,2823907,0,,000,共通部門,121,当座預金,1,ABC銀行,00,,2823907,0,手形期日落日 青凪商事株式会社,,,,,,,,,,,,,,,,,,,,,,,,,,,,,,,,,,,,,,,,,,,,,,,,,,,,,,
20220310,143,,,,040,大阪支店,740,車両費,,,Q5,,12500,1136,,000,共通部門,111,現金,,,00,,12500,0,点検作業料,,,,,,,,,,,,,,,,,,,,,,,,,,,,,,,,,,,,,,,,,,,,,,,,,,,,,,
20220310,150,,,,050,九州営業所,733,交際接待費,,,Q5,,8400,763,,000,共通部門,111,現金,,,00,,8400,0,ゴルフプレー代,,,,,,,,,,,,,,,,,,,,,,,,,,,,,,,,,,,,,,,,,,,,,,,,,,,,,,
20220310,162,,,,020,東京支店,734,会議費,,,Q5,,24995,2272,,000,共通部門,111,現金,,,00,,24995,0,会議　食事代,,,,,,,,,,,,,,,,,,,,,,,,,,,,,,,,,,,,,,,,,,,,,,,,,,,,,,
20220310,167,,,,050,九州営業所,747,地代家賃,,,Q5,,630000,57272,,000,共通部門,131,普通預金,50,MNO銀行 北九州,00,,630000,0,家賃支払い,,,,,,,,,,,,,,,,,,,,,,,,,,,,,,,,,,,,,,,,,,,,,,,,,,,,,,
20220310,167,,,,050,九州営業所,727,通信費,,,Q5,,175229,15929,,000,共通部門,131,普通預金,50,MNO銀行 北九州,00,,175229,0,電話代,,,,,,,,,,,,,,,,,,,,,,,,,,,,,,,,,,,,,,,,,,,,,,,,,,,,,,
20220310,168,,,,050,九州営業所,791,雑費,,,Q5,,6000,545,,000,共通部門,322,未払金,,,00,,48858,0,有線,,,,,,,,,,,,,,,,,,,,,,,,,,,,,,,,,,,,,,,,,,,,,,,,,,,,,,
20220310,168,,,,050,九州営業所,791,雑費,,,Q5,,42858,3896,,,,,,,,,,,,警備料,,,,,,,,,,,,,,,,,,,,,,,,,,,,,,,,,,,,,,,,,,,,,,,,,,,,,,
20220311,85,,,,030,名古屋支店,727,通信費,,,Q5,,56347,5122,,000,共通部門,131,普通預金,30,GHI銀行 名古屋,00,,56347,0,電話代,,,,,,,,,,,,,,,,,,,,,,,,,,,,,,,,,,,,,,,,,,,,,,,,,,,,,,
20220311,112,,,,040,大阪支店,727,通信費,,,Q5,,268243,24385,,000,共通部門,131,普通預金,40,JKL銀行 梅田,00,,268243,0,電話代,,,,,,,,,,,,,,,,,,,,,,,,,,,,,,,,,,,,,,,,,,,,,,,,,,,,,,
20220312,68,,,,040,大阪支店,791,雑費,,,Q5,,630,57,,000,共通部門,111,現金,,,00,,630,0,電池代,,,,,,,,,,,,,,,,,,,,,,,,,,,,,,,,,,,,,,,,,,,,,,,,,,,,,,
20220312,73,,,,020,東京支店,733,交際接待費,,,Q5,,9750,886,,000,共通部門,111,現金,,,00,,9750,0,飲食代 架空店舗080 2名,,,,,,,,,,,,,,,,,,,,,,,,,,,,,,,,,,,,,,,,,,,,,,,,,,,,,,
20220312,86,,,,030,名古屋支店,727,通信費,,,Q5,,8000,727,,000,共通部門,111,現金,,,00,,8000,0,切手代,,,,,,,,,,,,,,,,,,,,,,,,,,,,,,,,,,,,,,,,,,,,,,,,,,,,,,
20220313,21,,,,010,札幌営業所,726,旅費交通費,,,Q5,,89505,8136,,000,共通部門,111,現金,,,00,,89505,0,架空鉄道会社A代,,,,,,,,,,,,,,,,,,,,,,,,,,,,,,,,,,,,,,,,,,,,,,,,,,,,,,
20220313,144,,,,040,大阪支店,740,車両費,,,Q5,,2382,216,,000,共通部門,111,現金,,,00,,17531,0,ガソリン代,,,,,,,,,,,,,,,,,,,,,,,,,,,,,,,,,,,,,,,,,,,,,,,,,,,,,,
20220313,144,,,,040,大阪支店,740,車両費,,,Q5,,7487,680,,,,,,,,,,,,ガソリン代,,,,,,,,,,,,,,,,,,,,,,,,,,,,,,,,,,,,,,,,,,,,,,,,,,,,,,
20220313,144,,,,040,大阪支店,740,車両費,,,Q5,,7662,696,,,,,,,,,,,,高速代,,,,,,,,,,,,,,,,,,,,,,,,,,,,,,,,,,,,,,,,,,,,,,,,,,,,,,
20220313,158,,,,040,大阪支店,726,旅費交通費,,,Q5,,57000,5181,,000,共通部門,111,現金,,,00,,57000,0,航空券,,,,,,,,,,,,,,,,,,,,,,,,,,,,,,,,,,,,,,,,,,,,,,,,,,,,,,
20220314,17,,,,010,札幌営業所,740,車両費,,,Q5,,368,33,,000,共通部門,111,現金,,,00,,368,0,ウォッシャー液,,,,,,,,,,,,,,,,,,,,,,,,,,,,,,,,,,,,,,,,,,,,,,,,,,,,,,
20220314,46,,,,020,東京支店,740,車両費,,,Q5,,2341,212,,000,共通部門,111,現金,,,00,,11988,0,ガソリン代,,,,,,,,,,,,,,,,,,,,,,,,,,,,,,,,,,,,,,,,,,,,,,,,,,,,,,
20220314,46,,,,020,東京支店,740,車両費,,,Q5,,4767,433,,,,,,,,,,,,ガソリン代,,,,,,,,,,,,,,,,,,,,,,,,,,,,,,,,,,,,,,,,,,,,,,,,,,,,,,
20220314,46,,,,020,東京支店,740,車両費,,,Q5,,4880,443,,,,,,,,,,,,ガソリン代,,,,,,,,,,,,,,,,,,,,,,,,,,,,,,,,,,,,,,,,,,,,,,,,,,,,,,
20220314,51,,,,020,東京支店,740,車両費,,,Q5,,1505,136,,000,共通部門,111,現金,,,00,,7176,0,高速代,,,,,,,,,,,,,,,,,,,,,,,,,,,,,,,,,,,,,,,,,,,,,,,,,,,,,,
20220314,51,,,,020,東京支店,740,車両費,,,Q5,,620,56,,,,,,,,,,,,高速代,,,,,,,,,,,,,,,,,,,,,,,,,,,,,,,,,,,,,,,,,,,,,,,,,,,,,,
20220314,51,,,,020,東京支店,740,車両費,,,Q5,,810,73,,,,,,,,,,,,高速代,,,,,,,,,,,,,,,,,,,,,,,,,,,,,,,,,,,,,,,,,,,,,,,,,,,,,,
20220314,51,,,,020,東京支店,740,車両費,,,Q5,,1096,99,,,,,,,,,,,,高速代,,,,,,,,,,,,,,,,,,,,,,,,,,,,,,,,,,,,,,,,,,,,,,,,,,,,,,
20220314,51,,,,020,東京支店,740,車両費,,,Q5,,1096,99,,,,,,,,,,,,高速代,,,,,,,,,,,,,,,,,,,,,,,,,,,,,,,,,,,,,,,,,,,,,,,,,,,,,,
20220314,51,,,,020,東京支店,740,車両費,,,Q5,,1096,99,,,,,,,,,,,,高速代,,,,,,,,,,,,,,,,,,,,,,,,,,,,,,,,,,,,,,,,,,,,,,,,,,,,,,
20220314,51,,,,020,東京支店,740,車両費,,,Q5,,953,86,,,,,,,,,,,,高速代,,,,,,,,,,,,,,,,,,,,,,,,,,,,,,,,,,,,,,,,,,,,,,,,,,,,,,
20220314,61,,,,020,東京支店,727,通信費,,,Q5,,134697,12245,,000,共通部門,131,普通預金,20,ABC銀行 本店,00,,134697,0,電話代,,,,,,,,,,,,,,,,,,,,,,,,,,,,,,,,,,,,,,,,,,,,,,,,,,,,,,
20220314,82,,,,030,名古屋支店,740,車両費,,,Q5,,31405,2855,,000,共通部門,322,未払金,,,00,,31405,0,ガソリン代,,,,,,,,,,,,,,,,,,,,,,,,,,,,,,,,,,,,,,,,,,,,,,,,,,,,,,
20220315,4,,,,010,札幌営業所,732,広告宣伝費,,,Q5,,31500,2863,,000,共通部門,322,未払金,,,00,,31500,0,広告費,,,,,,,,,,,,,,,,,,,,,,,,,,,,,,,,,,,,,,,,,,,,,,,,,,,,,,
20220315,59,,,,020,東京支店,726,旅費交通費,,,Q5,,42858,3896,,000,共通部門,111,現金,,,00,,73335,0,旅費,,,,,,,,,,,,,,,,,,,,,,,,,,,,,,,,,,,,,,,,,,,,,,,,,,,,,,
20220315,59,,,,020,東京支店,726,旅費交通費,,,Q5,,30477,2770,,,,,,,,,,,,架空鉄道会社A代,,,,,,,,,,,,,,,,,,,,,,,,,,,,,,,,,,,,,,,,,,,,,,,,,,,,,,
20220315,74,,,,020,東京支店,733,交際接待費,,,Q5,,21650,1968,,000,共通部門,111,現金,,,00,,21650,0,飲食代 架空店舗013,,,,,,,,,,,,,,,,,,,,,,,,,,,,,,,,,,,,,,,,,,,,,,,,,,,,,,
20220315,82,,,,020,東京支店,721,雑給,,,00,,268960,0,,000,共通部門,111,現金,,,00,,258617,0,3月給与その他 0060 パート･アルバイト,,,,,,,,,,,,,,,,,,,,,,,,,,,,,,,,,,,,,,,,,,,,,,,,,,,,,,
20220315,82,,,,,,,,,,,,,,,000,共通部門,326,預り金,3,源泉税,00,,630,0,3月給与その他 0060 パート･アルバイト,,,,,,,,,,,,,,,,,,,,,,,,,,,,,,,,,,,,,,,,,,,,,,,,,,,,,,
20220315,82,,,,,,,,,,,,,,,000,共通部門,326,預り金,9,その他,00,,9713,0,3月給与その他 0060 パート･アルバイト,,,,,,,,,,,,,,,,,,,,,,,,,,,,,,,,,,,,,,,,,,,,,,,,,,,,,,
20220315,93,,,,000,共通部門,131,普通預金,50,MNO銀行 北九州,00,,1608004,0,,000,共通部門,152,売掛金,1,株式会社若葉百貨店,00,,1608004,0,3月15日伝票No465株式会社若葉百貨店,,,,,,,,,,,,,,,,,,,,,,,,,,,,,,,,,,,,,,,,,,,,,,,,,,,,,,
20220315,93,,,,050,九州営業所,741,支払手数料,,,Q5,,840,76,,000,共通部門,152,売掛金,1,株式会社若葉百貨店,00,,840,0,3月15日伝票No465株式会社若葉百貨店,,,,,,,,,,,,,,,,,,,,,,,,,,,,,,,,,,,,,,,,,,,,,,,,,,,,,,
20220315,94,,,,000,共通部門,131,普通預金,30,GHI銀行 名古屋,00,,1032910,0,,000,共通部門,152,売掛金,6,株式会社瑞穂流通,00,,1032910,0,3月15日伝票No466株式会社瑞穂流通,,,,,,,,,,,,,,,,,,,,,,,,,,,,,,,,,,,,,,,,,,,,,,,,,,,,,,
20220315,94,,,,030,名古屋支店,741,支払手数料,,,Q5,,840,76,,000,共通部門,152,売掛金,6,株式会社瑞穂流通,00,,840,0,3月15日伝票No466株式会社瑞穂流通,,,,,,,,,,,,,,,,,,,,,,,,,,,,,,,,,,,,,,,,,,,,,,,,,,,,,,
20220315,95,,,,000,共通部門,131,普通預金,40,JKL銀行 梅田,00,,648960,0,,000,共通部門,152,売掛金,8,株式会社高原マーケット,00,,648960,0,3月15日伝票No467株式会社高原マーケット,,,,,,,,,,,,,,,,,,,,,,,,,,,,,,,,,,,,,,,,,,,,,,,,,,,,,,
20220315,95,,,,040,大阪支店,741,支払手数料,,,Q5,,840,76,,000,共通部門,152,売掛金,8,株式会社高原マーケット,00,,840,0,3月15日伝票No467株式会社高原マーケット,,,,,,,,,,,,,,,,,,,,,,,,,,,,,,,,,,,,,,,,,,,,,,,,,,,,,,
20220315,96,,,,000,共通部門,131,普通預金,40,JKL銀行 梅田,00,,1712320,0,,000,共通部門,152,売掛金,9,朝凪物産株式会社,00,,1712320,0,3月15日伝票No468朝凪物産株式会社,,,,,,,,,,,,,,,,,,,,,,,,,,,,,,,,,,,,,,,,,,,,,,,,,,,,,,
20220315,96,,,,040,大阪支店,741,支払手数料,,,Q5,,840,76,,000,共通部門,152,売掛金,9,朝凪物産株式会社,00,,840,0,3月15日伝票No468朝凪物産株式会社,,,,,,,,,,,,,,,,,,,,,,,,,,,,,,,,,,,,,,,,,,,,,,,,,,,,,,
20220315,97,,,,000,共通部門,131,普通預金,20,ABC銀行 本店,00,,1024020,0,,000,共通部門,152,売掛金,13,星川商事株式会社,00,,1024020,0,3月15日伝票No469星川商事株式会社,,,,,,,,,,,,,,,,,,,,,,,,,,,,,,,,,,,,,,,,,,,,,,,,,,,,,,
20220315,98,,,,000,共通部門,131,普通預金,40,JKL銀行 梅田,00,,793799,0,,000,共通部門,152,売掛金,20,清和商事株式会社,00,,793799,0,3月15日伝票No470清和商事株式会社,,,,,,,,,,,,,,,,,,,,,,,,,,,,,,,,,,,,,,,,,,,,,,,,,,,,,,
20220315,98,,,,040,大阪支店,741,支払手数料,,,Q5,,315,28,,000,共通部門,152,売掛金,20,清和商事株式会社,00,,315,0,3月15日伝票No470清和商事株式会社,,,,,,,,,,,,,,,,,,,,,,,,,,,,,,,,,,,,,,,,,,,,,,,,,,,,,,
20220315,99,,,,000,共通部門,312,買掛金,1,株式会社北辰商事,00,,8427411,0,,000,共通部門,131,普通預金,20,ABC銀行 本店,00,,8427411,0,3月15日伝票No350株式会社北辰商事,,,,,,,,,,,,,,,,,,,,,,,,,,,,,,,,,,,,,,,,,,,,,,,,,,,,,,
20220315,130,,,,040,大阪支店,742,諸会費,,,00,,24000,0,,000,共通部門,131,普通預金,40,JKL銀行 梅田,00,,24000,0,会費,,,,,,,,,,,,,,,,,,,,,,,,,,,,,,,,,,,,,,,,,,,,,,,,,,,,,,
20220316,103,,,,040,大阪支店,733,交際接待費,,,Q5,,5680,516,,000,共通部門,111,現金,,,00,,5680,0,食事代 架空店舗056 2名,,,,,,,,,,,,,,,,,,,,,,,,,,,,,,,,,,,,,,,,,,,,,,,,,,,,,,
20220316,117,,,,040,大阪支店,742,諸会費,,,00,,20000,0,,000,共通部門,111,現金,,,00,,20000,0,会費,,,,,,,,,,,,,,,,,,,,,,,,,,,,,,,,,,,,,,,,,,,,,,,,,,,,,,
20220316,136,,,,040,大阪支店,791,雑費,,,Q5,,16500,1500,,000,共通部門,111,現金,,,00,,16500,0,架空清掃会社A代,,,,,,,,,,,,,,,,,,,,,,,,,,,,,,,,,,,,,,,,,,,,,,,,,,,,,,
20220316,148,,,,050,九州営業所,740,車両費,,,Q5,,5584,507,,000,共通部門,111,現金,,,00,,5584,0,ガソリン代,,,,,,,,,,,,,,,,,,,,,,,,,,,,,,,,,,,,,,,,,,,,,,,,,,,,,,
20220316,149,,,,030,名古屋支店,733,交際接待費,,,Q5,,3496,317,,000,共通部門,111,現金,,,00,,5820,0,手土産代 架空店舗058,,,,,,,,,,,,,,,,,,,,,,,,,,,,,,,,,,,,,,,,,,,,,,,,,,,,,,
20220316,149,,,,030,名古屋支店,733,交際接待費,,,Q5,,2324,211,,,,,,,,,,,,コーヒー代他2名,,,,,,,,,,,,,,,,,,,,,,,,,,,,,,,,,,,,,,,,,,,,,,,,,,,,,,
20220317,23,,,,010,札幌営業所,726,旅費交通費,,,Q5,,54096,4917,,000,共通部門,111,現金,,,00,,151049,0,旅費,,,,,,,,,,,,,,,,,,,,,,,,,,,,,,,,,,,,,,,,,,,,,,,,,,,,,,
20220317,23,,,,010,札幌営業所,726,旅費交通費,,,Q5,,40000,3636,,,,,,,,,,,,旅費,,,,,,,,,,,,,,,,,,,,,,,,,,,,,,,,,,,,,,,,,,,,,,,,,,,,,,
20220317,23,,,,010,札幌営業所,726,旅費交通費,,,Q5,,56953,5177,,,,,,,,,,,,旅費,,,,,,,,,,,,,,,,,,,,,,,,,,,,,,,,,,,,,,,,,,,,,,,,,,,,,,
20220317,47,,,,020,東京支店,740,車両費,,,Q5,,2540,230,,000,共通部門,111,現金,,,00,,2540,0,ガソリン代,,,,,,,,,,,,,,,,,,,,,,,,,,,,,,,,,,,,,,,,,,,,,,,,,,,,,,
20220317,52,,,,020,東京支店,740,車両費,,,Q5,,1096,99,,000,共通部門,111,現金,,,00,,3621,0,高速代,,,,,,,,,,,,,,,,,,,,,,,,,,,,,,,,,,,,,,,,,,,,,,,,,,,,,,
20220317,52,,,,020,東京支店,740,車両費,,,Q5,,1096,99,,,,,,,,,,,,高速代,,,,,,,,,,,,,,,,,,,,,,,,,,,,,,,,,,,,,,,,,,,,,,,,,,,,,,
20220317,52,,,,020,東京支店,740,車両費,,,Q5,,1429,129,,,,,,,,,,,,高速代,,,,,,,,,,,,,,,,,,,,,,,,,,,,,,,,,,,,,,,,,,,,,,,,,,,,,,
20220317,94,,,,030,名古屋支店,791,雑費,,,Q5,,3128,284,,000,共通部門,111,現金,,,00,,3128,0,トイレットペーパー他,,,,,,,,,,,,,,,,,,,,,,,,,,,,,,,,,,,,,,,,,,,,,,,,,,,,,,
20220318,152,,,,050,九州営業所,733,交際接待費,,,Q5,,9450,859,,000,共通部門,111,現金,,,00,,9450,0,飲食代 架空店舗033 2名,,,,,,,,,,,,,,,,,,,,,,,,,,,,,,,,,,,,,,,,,,,,,,,,,,,,,,
20220318,153,,,,030,名古屋支店,733,交際接待費,,,Q5,,10000,909,,000,共通部門,111,現金,,,00,,10000,0,香典代,,,,,,,,,,,,,,,,,,,,,,,,,,,,,,,,,,,,,,,,,,,,,,,,,,,,,,
20220319,8,,,,010,札幌営業所,733,交際接待費,,,Q5,,20000,1818,,000,共通部門,111,現金,,,00,,20000,0,定例ミーティング会費,,,,,,,,,,,,,,,,,,,,,,,,,,,,,,,,,,,,,,,,,,,,,,,,,,,,,,
20220319,71,,,,020,東京支店,733,交際接待費,,,Q5,,28000,2545,,000,共通部門,111,現金,,,00,,28000,0,ゴルフプレー代2名,,,,,,,,,,,,,,,,,,,,,,,,,,,,,,,,,,,,,,,,,,,,,,,,,,,,,,
20220319,80,,,,030,名古屋支店,726,旅費交通費,,,Q5,,12000,1090,,000,共通部門,111,現金,,,00,,12000,0,旅費,,,,,,,,,,,,,,,,,,,,,,,,,,,,,,,,,,,,,,,,,,,,,,,,,,,,,,
20220319,160,,,,020,東京支店,726,旅費交通費,,,Q5,,59700,5427,,000,共通部門,111,現金,,,00,,59700,0,出張旅費,,,,,,,,,,,,,,,,,,,,,,,,,,,,,,,,,,,,,,,,,,,,,,,,,,,,,,
20220320,1,,,,000,共通部門,724,福利厚生費,,,Q6,,21600,1600,,000,共通部門,111,現金,,,00,,21600,0,残業夜食　軽減税率,,,,,,,,,,,,,,,,,,,,,,,,,,,,,,,,,,,,,,,,,,,,,,,,,,,,,,
20220320,31,,,,010,札幌営業所,754,事務用消耗品費,,,Q5,,3504,318,,000,共通部門,322,未払金,,,00,,3504,0,コピー代,,,,,,,,,,,,,,,,,,,,,,,,,,,,,,,,,,,,,,,,,,,,,,,,,,,,,,
20220320,45,,,,020,東京支店,733,交際接待費,,,Q5,,1260,114,,000,共通部門,111,現金,,,00,,1260,0,コーヒー代2名,,,,,,,,,,,,,,,,,,,,,,,,,,,,,,,,,,,,,,,,,,,,,,,,,,,,,,
20220320,48,,,,020,東京支店,740,車両費,,,Q5,,4303,391,,000,共通部門,111,現金,,,00,,4303,0,ガソリン代,,,,,,,,,,,,,,,,,,,,,,,,,,,,,,,,,,,,,,,,,,,,,,,,,,,,,,
20220320,53,,,,020,東京支店,740,車両費,,,Q5,,381,34,,000,共通部門,111,現金,,,00,,2381,0,高速代,,,,,,,,,,,,,,,,,,,,,,,,,,,,,,,,,,,,,,,,,,,,,,,,,,,,,,
20220320,53,,,,020,東京支店,740,車両費,,,Q5,,1000,90,,,,,,,,,,,,高速代,,,,,,,,,,,,,,,,,,,,,,,,,,,,,,,,,,,,,,,,,,,,,,,,,,,,,,
20220320,53,,,,020,東京支店,740,車両費,,,Q5,,1000,90,,,,,,,,,,,,高速代,,,,,,,,,,,,,,,,,,,,,,,,,,,,,,,,,,,,,,,,,,,,,,,,,,,,,,
20220320,67,,,,030,名古屋支店,791,雑費,,,Q5,,5000,454,,000,共通部門,322,未払金,,,00,,5000,0,有線,,,,,,,,,,,,,,,,,,,,,,,,,,,,,,,,,,,,,,,,,,,,,,,,,,,,,,
20220320,69,,,,050,九州営業所,754,事務用消耗品費,,,Q5,,6300,572,,000,共通部門,322,未払金,,,00,,6300,0,カウンター料金,,,,,,,,,,,,,,,,,,,,,,,,,,,,,,,,,,,,,,,,,,,,,,,,,,,,,,
20220320,71,,,,020,東京支店,754,事務用消耗品費,,,Q5,,3453,313,,000,共通部門,322,未払金,,,00,,41556,0,事務用品,,,,,,,,,,,,,,,,,,,,,,,,,,,,,,,,,,,,,,,,,,,,,,,,,,,,,,
20220320,71,,,,020,東京支店,754,事務用消耗品費,,,Q5,,38103,3463,,,,,,,,,,,,カウンター料金,,,,,,,,,,,,,,,,,,,,,,,,,,,,,,,,,,,,,,,,,,,,,,,,,,,,,,
20220320,73,,,,000,共通部門,737,消耗品費,,,Q5,,39271,3570,,000,共通部門,322,未払金,,,00,,347843,0,ファイル等,,,,,,,,,,,,,,,,,,,,,,,,,,,,,,,,,,,,,,,,,,,,,,,,,,,,,,
20220320,73,,,,000,共通部門,737,消耗品費,,,Q5,,243810,22164,,,,,,,,,,,,飲料水,,,,,,,,,,,,,,,,,,,,,,,,,,,,,,,,,,,,,,,,,,,,,,,,,,,,,,
20220320,73,,,,000,共通部門,737,消耗品費,,,Q5,,64762,5887,,,,,,,,,,,,名刺代,,,,,,,,,,,,,,,,,,,,,,,,,,,,,,,,,,,,,,,,,,,,,,,,,,,,,,
20220320,79,,,,030,名古屋支店,724,福利厚生費,,,Q5,,98513,8955,,000,共通部門,111,現金,,,00,,98513,0,景品代,,,,,,,,,,,,,,,,,,,,,,,,,,,,,,,,,,,,,,,,,,,,,,,,,,,,,,
20220320,97,,,,030,名古屋支店,754,事務用消耗品費,,,Q5,,41123,3738,,000,共通部門,322,未払金,,,00,,41123,0,コピー代,,,,,,,,,,,,,,,,,,,,,,,,,,,,,,,,,,,,,,,,,,,,,,,,,,,,,,
20220320,98,,,,030,名古屋支店,754,事務用消耗品費,,,Q5,,6475,588,,000,共通部門,322,未払金,,,00,,6475,0,事務用品,,,,,,,,,,,,,,,,,,,,,,,,,,,,,,,,,,,,,,,,,,,,,,,,,,,,,,
20220320,100,,,,000,共通部門,111,現金,,,00,,806985,0,,000,共通部門,152,売掛金,11,株式会社楓屋,00,,806985,0,3月20日伝票No471株式会社楓屋,,,,,,,,,,,,,,,,,,,,,,,,,,,,,,,,,,,,,,,,,,,,,,,,,,,,,,
20220320,101,,,,040,大阪支店,732,広告宣伝費,,,Q5,,52500,4772,,000,共通部門,322,未払金,,,00,,52500,0,広告料,,,,,,,,,,,,,,,,,,,,,,,,,,,,,,,,,,,,,,,,,,,,,,,,,,,,,,
20220320,101,,,,000,共通部門,131,普通預金,30,GHI銀行 名古屋,00,,482394,0,,000,共通部門,152,売掛金,21,合同会社つばさ商店,00,,482394,0,3月20日伝票No472合同会社つばさ商店,,,,,,,,,,,,,,,,,,,,,,,,,,,,,,,,,,,,,,,,,,,,,,,,,,,,,,
20220320,101,,,,030,名古屋支店,741,支払手数料,,,Q5,,472,42,,000,共通部門,152,売掛金,21,合同会社つばさ商店,00,,472,0,3月20日伝票No472合同会社つばさ商店,,,,,,,,,,,,,,,,,,,,,,,,,,,,,,,,,,,,,,,,,,,,,,,,,,,,,,
20220320,102,,,,000,共通部門,131,普通預金,20,ABC銀行 本店,00,,1424485,0,,000,共通部門,152,売掛金,30,株式会社彩雲トレーディング,00,,1424485,0,3月20日伝票No473株式会社彩雲トレーディング,,,,,,,,,,,,,,,,,,,,,,,,,,,,,,,,,,,,,,,,,,,,,,,,,,,,,,
20220320,102,,,,020,東京支店,741,支払手数料,,,Q5,,735,66,,000,共通部門,152,売掛金,30,株式会社彩雲トレーディング,00,,735,0,3月20日伝票No473株式会社彩雲トレーディング,,,,,,,,,,,,,,,,,,,,,,,,,,,,,,,,,,,,,,,,,,,,,,,,,,,,,,
20220320,103,,,,000,共通部門,312,買掛金,4,株式会社和泉流通,00,,1046118,0,,000,共通部門,121,当座預金,1,ABC銀行,00,,1046118,0,3月20日伝票No351株式会社和泉流通,,,,,,,,,,,,,,,,,,,,,,,,,,,,,,,,,,,,,,,,,,,,,,,,,,,,,,
20220320,104,,,,000,共通部門,312,買掛金,6,株式会社日向産業,00,,5017707,0,,000,共通部門,131,普通預金,20,ABC銀行 本店,00,,5017707,0,3月20日伝票No352株式会社日向産業,,,,,,,,,,,,,,,,,,,,,,,,,,,,,,,,,,,,,,,,,,,,,,,,,,,,,,
20220320,105,,,,000,共通部門,312,買掛金,11,株式会社花園商会,00,,3661476,0,,000,共通部門,131,普通預金,20,ABC銀行 本店,00,,3661476,0,3月20日伝票No353株式会社花園商会,,,,,,,,,,,,,,,,,,,,,,,,,,,,,,,,,,,,,,,,,,,,,,,,,,,,,,
20220320,109,,,,040,大阪支店,740,車両費,,,Q5,,78987,7180,,000,共通部門,322,未払金,,,00,,78987,0,ガソリン代,,,,,,,,,,,,,,,,,,,,,,,,,,,,,,,,,,,,,,,,,,,,,,,,,,,,,,
20220320,118,,,,040,大阪支店,754,事務用消耗品費,,,Q5,,8499,772,,000,共通部門,322,未払金,,,00,,8499,0,コピー代,,,,,,,,,,,,,,,,,,,,,,,,,,,,,,,,,,,,,,,,,,,,,,,,,,,,,,
20220320,135,,,,040,大阪支店,754,事務用消耗品費,,,Q5,,2713,246,,000,共通部門,322,未払金,,,00,,2713,0,事務用品,,,,,,,,,,,,,,,,,,,,,,,,,,,,,,,,,,,,,,,,,,,,,,,,,,,,,,
20220320,139,,,,000,共通部門,121,当座預金,1,ABC銀行,00,,17254140,0,,000,共通部門,150,受取手形,,,00,,17254140,0,手形満期 株式会社桜丘百貨店 | 手形番号=R20211225-117-2;受取額に決済額を訂正,,,,,,,,,,,,,,,,,,,,,,,,,,,,,,,,,,,,,,,,,,,,,,,,,,,,,,
20220320,140,,,,000,共通部門,121,当座預金,1,ABC銀行,00,,11930631,0,,000,共通部門,150,受取手形,,,00,,11930631,0,手形満期 株式会社青葉百貨店 | 手形番号=R20220110-92-28;受取額に決済額を訂正,,,,,,,,,,,,,,,,,,,,,,,,,,,,,,,,,,,,,,,,,,,,,,,,,,,,,,
20220320,141,,,,040,大阪支店,726,旅費交通費,,,Q5,,53000,4818,,000,共通部門,111,現金,,,00,,53000,0,架空鉄道会社A代,,,,,,,,,,,,,,,,,,,,,,,,,,,,,,,,,,,,,,,,,,,,,,,,,,,,,,
20220320,147,,,,000,共通部門,131,普通預金,20,ABC銀行 本店,00,,10000000,0,,000,共通部門,121,当座預金,1,ABC銀行,00,,10000000,0,資金移動,,,,,,,,,,,,,,,,,,,,,,,,,,,,,,,,,,,,,,,,,,,,,,,,,,,,,,
20220320,156,,,,050,九州営業所,726,旅費交通費,,,Q5,,16000,1454,,000,共通部門,111,現金,,,00,,16000,0,出張旅費,,,,,,,,,,,,,,,,,,,,,,,,,,,,,,,,,,,,,,,,,,,,,,,,,,,,,,
20220320,159,,,,050,九州営業所,726,旅費交通費,,,Q5,,8800,800,,000,共通部門,111,現金,,,00,,8800,0,タクシー代,,,,,,,,,,,,,,,,,,,,,,,,,,,,,,,,,,,,,,,,,,,,,,,,,,,,,,
20220320,165,,,,050,九州営業所,791,雑費,,,Q5,,10000,909,,000,共通部門,111,現金,,,00,,10000,0,懇親会会費,,,,,,,,,,,,,,,,,,,,,,,,,,,,,,,,,,,,,,,,,,,,,,,,,,,,,,
20220321,6,,,,010,札幌営業所,732,広告宣伝費,,,Q5,,5000,454,,000,共通部門,111,現金,,,00,,5000,0,広告料,,,,,,,,,,,,,,,,,,,,,,,,,,,,,,,,,,,,,,,,,,,,,,,,,,,,,,
20220321,25,,,,010,札幌営業所,726,旅費交通費,,,Q5,,56000,5090,,000,共通部門,111,現金,,,00,,56000,0,旅費,,,,,,,,,,,,,,,,,,,,,,,,,,,,,,,,,,,,,,,,,,,,,,,,,,,,,,
20220321,34,,,,010,札幌営業所,736,水道光熱費,,,Q5,,107190,9744,,000,共通部門,131,普通預金,10,DEF銀行 駅前,00,,112918,0,電気代,,,,,,,,,,,,,,,,,,,,,,,,,,,,,,,,,,,,,,,,,,,,,,,,,,,,,,
20220321,34,,,,010,札幌営業所,736,水道光熱費,,,Q5,,5728,520,,,,,,,,,,,,水道代,,,,,,,,,,,,,,,,,,,,,,,,,,,,,,,,,,,,,,,,,,,,,,,,,,,,,,
20220321,64,,,,020,東京支店,736,水道光熱費,,,Q5,,216041,19640,,000,共通部門,131,普通預金,20,ABC銀行 本店,00,,224320,0,電気料,,,,,,,,,,,,,,,,,,,,,,,,,,,,,,,,,,,,,,,,,,,,,,,,,,,,,,
20220321,64,,,,020,東京支店,736,水道光熱費,,,Q5,,8279,752,,,,,,,,,,,,水道料,,,,,,,,,,,,,,,,,,,,,,,,,,,,,,,,,,,,,,,,,,,,,,,,,,,,,,
20220321,89,,,,030,名古屋支店,736,水道光熱費,,,Q5,,96107,8737,,000,共通部門,131,普通預金,30,GHI銀行 名古屋,00,,106621,0,電気料,,,,,,,,,,,,,,,,,,,,,,,,,,,,,,,,,,,,,,,,,,,,,,,,,,,,,,
20220321,89,,,,030,名古屋支店,736,水道光熱費,,,Q5,,4959,450,,,,,,,,,,,,水道料,,,,,,,,,,,,,,,,,,,,,,,,,,,,,,,,,,,,,,,,,,,,,,,,,,,,,,
20220321,89,,,,030,名古屋支店,736,水道光熱費,,,Q5,,5555,505,,,,,,,,,,,,ガス代,,,,,,,,,,,,,,,,,,,,,,,,,,,,,,,,,,,,,,,,,,,,,,,,,,,,,,
20220321,132,,,,040,大阪支店,736,水道光熱費,,,Q5,,114985,10453,,000,共通部門,131,普通預金,40,JKL銀行 梅田,00,,121264,0,電気代,,,,,,,,,,,,,,,,,,,,,,,,,,,,,,,,,,,,,,,,,,,,,,,,,,,,,,
20220321,132,,,,040,大阪支店,736,水道光熱費,,,Q5,,6279,570,,,,,,,,,,,,水道代,,,,,,,,,,,,,,,,,,,,,,,,,,,,,,,,,,,,,,,,,,,,,,,,,,,,,,
20220321,163,,,,050,九州営業所,742,諸会費,,,00,,18000,0,,000,共通部門,111,現金,,,00,,18000,0,会費,,,,,,,,,,,,,,,,,,,,,,,,,,,,,,,,,,,,,,,,,,,,,,,,,,,,,,
20220321,169,,,,050,九州営業所,736,水道光熱費,,,Q5,,122137,11103,,000,共通部門,131,普通預金,50,MNO銀行 北九州,00,,128473,0,電気料,,,,,,,,,,,,,,,,,,,,,,,,,,,,,,,,,,,,,,,,,,,,,,,,,,,,,,
20220321,169,,,,050,九州営業所,736,水道光熱費,,,Q5,,6336,576,,,,,,,,,,,,水道料,,,,,,,,,,,,,,,,,,,,,,,,,,,,,,,,,,,,,,,,,,,,,,,,,,,,,,
20220322,3,,,,010,札幌営業所,724,福利厚生費,,,Q5,,32185,2925,,000,共通部門,322,未払金,,,00,,32185,0,宿泊代,,,,,,,,,,,,,,,,,,,,,,,,,,,,,,,,,,,,,,,,,,,,,,,,,,,,,,
20220322,24,,,,010,札幌営業所,726,旅費交通費,,,Q5,,92000,8363,,000,共通部門,111,現金,,,00,,92000,0,架空鉄道会社A回数券,,,,,,,,,,,,,,,,,,,,,,,,,,,,,,,,,,,,,,,,,,,,,,,,,,,,,,
20220322,74,,,,050,九州営業所,740,車両費,,,Q5,,6771,615,,000,共通部門,111,現金,,,00,,11914,0,ガソリン代,,,,,,,,,,,,,,,,,,,,,,,,,,,,,,,,,,,,,,,,,,,,,,,,,,,,,,
20220322,74,,,,050,九州営業所,740,車両費,,,Q5,,5143,467,,,,,,,,,,,,高速代,,,,,,,,,,,,,,,,,,,,,,,,,,,,,,,,,,,,,,,,,,,,,,,,,,,,,,
20220322,90,,,,030,名古屋支店,791,雑費,,,Q5,,9500,863,,000,共通部門,111,現金,,,00,,9500,0,架空清掃会社A代,,,,,,,,,,,,,,,,,,,,,,,,,,,,,,,,,,,,,,,,,,,,,,,,,,,,,,
20220322,95,,,,030,名古屋支店,791,雑費,,,Q5,,71675,6515,,000,共通部門,322,未払金,,,00,,71675,0,清掃料,,,,,,,,,,,,,,,,,,,,,,,,,,,,,,,,,,,,,,,,,,,,,,,,,,,,,,
20220322,107,,,,040,大阪支店,733,交際接待費,,,Q5,,10000,909,,000,共通部門,111,現金,,,00,,10000,0,お見舞い,,,,,,,,,,,,,,,,,,,,,,,,,,,,,,,,,,,,,,,,,,,,,,,,,,,,,,
20220322,157,,,,050,九州営業所,726,旅費交通費,,,Q5,,39800,3618,,000,共通部門,131,普通預金,50,MNO銀行 北九州,00,,39800,0,航空券代,,,,,,,,,,,,,,,,,,,,,,,,,,,,,,,,,,,,,,,,,,,,,,,,,,,,,,
20220322,166,,,,050,九州営業所,791,雑費,,,Q5,,1890,171,,000,共通部門,111,現金,,,00,,1890,0,架空清掃会社A代,,,,,,,,,,,,,,,,,,,,,,,,,,,,,,,,,,,,,,,,,,,,,,,,,,,,,,
20220323,12,,,,010,札幌営業所,740,車両費,,,Q5,,3298,299,,000,共通部門,111,現金,,,00,,4060,0,ガソリン代,,,,,,,,,,,,,,,,,,,,,,,,,,,,,,,,,,,,,,,,,,,,,,,,,,,,,,
20220323,12,,,,010,札幌営業所,740,車両費,,,Q5,,762,69,,,,,,,,,,,,駐車代,,,,,,,,,,,,,,,,,,,,,,,,,,,,,,,,,,,,,,,,,,,,,,,,,,,,,,
20220323,28,,,,010,札幌営業所,726,旅費交通費,,,Q5,,2420,220,,000,共通部門,322,未払金,,,00,,2420,0,タクシー代,,,,,,,,,,,,,,,,,,,,,,,,,,,,,,,,,,,,,,,,,,,,,,,,,,,,,,
20220323,54,,,,020,東京支店,740,車両費,,,Q5,,1810,164,,000,共通部門,111,現金,,,00,,4382,0,高速代,,,,,,,,,,,,,,,,,,,,,,,,,,,,,,,,,,,,,,,,,,,,,,,,,,,,,,
20220323,54,,,,020,東京支店,740,車両費,,,Q5,,2572,233,,,,,,,,,,,,高速代,,,,,,,,,,,,,,,,,,,,,,,,,,,,,,,,,,,,,,,,,,,,,,,,,,,,,,
20220323,75,,,,050,九州営業所,740,車両費,,,Q5,,5970,542,,000,共通部門,111,現金,,,00,,5970,0,ガソリン代,,,,,,,,,,,,,,,,,,,,,,,,,,,,,,,,,,,,,,,,,,,,,,,,,,,,,,
20220323,83,,,,020,東京支店,711,役員報酬,,,00,,1720000,0,,000,共通部門,131,普通預金,20,ABC銀行 本店,00,,1124255,0,3月給与その他 0001 役員,,,,,,,,,,,,,,,,,,,,,,,,,,,,,,,,,,,,,,,,,,,,,,,,,,,,,,
20220323,83,,,,,,,,,,,,,,,000,共通部門,326,預り金,1,保険料,00,,120411,0,3月給与その他 0001 役員,,,,,,,,,,,,,,,,,,,,,,,,,,,,,,,,,,,,,,,,,,,,,,,,,,,,,,
20220323,83,,,,,,,,,,,,,,,000,共通部門,326,預り金,2,住民税,00,,171200,0,3月給与その他 0001 役員,,,,,,,,,,,,,,,,,,,,,,,,,,,,,,,,,,,,,,,,,,,,,,,,,,,,,,
20220323,83,,,,,,,,,,,,,,,000,共通部門,326,預り金,3,源泉税,00,,164442,0,3月給与その他 0001 役員,,,,,,,,,,,,,,,,,,,,,,,,,,,,,,,,,,,,,,,,,,,,,,,,,,,,,,
20220323,83,,,,,,,,,,,,,,,000,共通部門,326,預り金,4,貯蓄・保険,00,,133972,0,3月給与その他 0001 役員,,,,,,,,,,,,,,,,,,,,,,,,,,,,,,,,,,,,,,,,,,,,,,,,,,,,,,
20220323,83,,,,,,,,,,,,,,,000,共通部門,326,預り金,9,その他,00,,5720,0,3月給与その他 0001 役員,,,,,,,,,,,,,,,,,,,,,,,,,,,,,,,,,,,,,,,,,,,,,,,,,,,,,,
20220323,83,,,,020,東京支店,712,給与手当,,,00,,1949138,0,,000,共通部門,131,普通預金,20,ABC銀行 本店,00,,1461754,0,3月給与その他 0020 営業部,,,,,,,,,,,,,,,,,,,,,,,,,,,,,,,,,,,,,,,,,,,,,,,,,,,,,,
20220323,83,,,,,,,,,,,,,,,000,共通部門,326,預り金,1,保険料,00,,236045,0,3月給与その他 0020 営業部,,,,,,,,,,,,,,,,,,,,,,,,,,,,,,,,,,,,,,,,,,,,,,,,,,,,,,
20220323,83,,,,,,,,,,,,,,,000,共通部門,326,預り金,2,住民税,00,,104300,0,3月給与その他 0020 営業部,,,,,,,,,,,,,,,,,,,,,,,,,,,,,,,,,,,,,,,,,,,,,,,,,,,,,,
20220323,83,,,,,,,,,,,,,,,000,共通部門,326,預り金,3,源泉税,00,,35440,0,3月給与その他 0020 営業部,,,,,,,,,,,,,,,,,,,,,,,,,,,,,,,,,,,,,,,,,,,,,,,,,,,,,,
20220323,83,,,,,,,,,,,,,,,000,共通部門,326,預り金,4,貯蓄・保険,00,,43305,0,3月給与その他 0020 営業部,,,,,,,,,,,,,,,,,,,,,,,,,,,,,,,,,,,,,,,,,,,,,,,,,,,,,,
20220323,83,,,,,,,,,,,,,,,000,共通部門,326,預り金,9,その他,00,,68294,0,3月給与その他 0020 営業部,,,,,,,,,,,,,,,,,,,,,,,,,,,,,,,,,,,,,,,,,,,,,,,,,,,,,,
20220323,83,,,,010,札幌営業所,712,給与手当,,,00,,859000,0,,000,共通部門,131,普通預金,20,ABC銀行 本店,00,,607264,0,3月給与その他 1000 札幌営業所,,,,,,,,,,,,,,,,,,,,,,,,,,,,,,,,,,,,,,,,,,,,,,,,,,,,,,
20220323,83,,,,,,,,,,,,,,,000,共通部門,326,預り金,1,保険料,00,,103424,0,3月給与その他 1000 札幌営業所,,,,,,,,,,,,,,,,,,,,,,,,,,,,,,,,,,,,,,,,,,,,,,,,,,,,,,
20220323,83,,,,,,,,,,,,,,,000,共通部門,326,預り金,2,住民税,00,,46300,0,3月給与その他 1000 札幌営業所,,,,,,,,,,,,,,,,,,,,,,,,,,,,,,,,,,,,,,,,,,,,,,,,,,,,,,
20220323,83,,,,,,,,,,,,,,,000,共通部門,326,預り金,3,源泉税,00,,13610,0,3月給与その他 1000 札幌営業所,,,,,,,,,,,,,,,,,,,,,,,,,,,,,,,,,,,,,,,,,,,,,,,,,,,,,,
20220323,83,,,,,,,,,,,,,,,000,共通部門,326,預り金,4,貯蓄・保険,00,,50648,0,3月給与その他 1000 札幌営業所,,,,,,,,,,,,,,,,,,,,,,,,,,,,,,,,,,,,,,,,,,,,,,,,,,,,,,
20220323,83,,,,,,,,,,,,,,,000,共通部門,326,預り金,9,その他,00,,37754,0,3月給与その他 1000 札幌営業所,,,,,,,,,,,,,,,,,,,,,,,,,,,,,,,,,,,,,,,,,,,,,,,,,,,,,,
20220323,83,,,,030,名古屋支店,712,給与手当,,,00,,774901,0,,000,共通部門,131,普通預金,20,ABC銀行 本店,00,,551332,0,3月給与その他 3000 名古屋営業所,,,,,,,,,,,,,,,,,,,,,,,,,,,,,,,,,,,,,,,,,,,,,,,,,,,,,,
20220323,83,,,,,,,,,,,,,,,000,共通部門,326,預り金,1,保険料,00,,96352,0,3月給与その他 3000 名古屋営業所,,,,,,,,,,,,,,,,,,,,,,,,,,,,,,,,,,,,,,,,,,,,,,,,,,,,,,
20220323,83,,,,,,,,,,,,,,,000,共通部門,326,預り金,2,住民税,00,,42600,0,3月給与その他 3000 名古屋営業所,,,,,,,,,,,,,,,,,,,,,,,,,,,,,,,,,,,,,,,,,,,,,,,,,,,,,,
20220323,83,,,,,,,,,,,,,,,000,共通部門,326,預り金,3,源泉税,00,,7710,0,3月給与その他 3000 名古屋営業所,,,,,,,,,,,,,,,,,,,,,,,,,,,,,,,,,,,,,,,,,,,,,,,,,,,,,,
20220323,83,,,,,,,,,,,,,,,000,共通部門,326,預り金,4,貯蓄・保険,00,,40759,0,3月給与その他 3000 名古屋営業所,,,,,,,,,,,,,,,,,,,,,,,,,,,,,,,,,,,,,,,,,,,,,,,,,,,,,,
20220323,83,,,,,,,,,,,,,,,000,共通部門,326,預り金,9,その他,00,,36148,0,3月給与その他 3000 名古屋営業所,,,,,,,,,,,,,,,,,,,,,,,,,,,,,,,,,,,,,,,,,,,,,,,,,,,,,,
20220323,83,,,,040,大阪支店,712,給与手当,,,00,,992100,0,,000,共通部門,131,普通預金,20,ABC銀行 本店,00,,769991,0,3月給与その他 4000 大阪支店,,,,,,,,,,,,,,,,,,,,,,,,,,,,,,,,,,,,,,,,,,,,,,,,,,,,,,
20220323,83,,,,,,,,,,,,,,,000,共通部門,326,預り金,1,保険料,00,,119477,0,3月給与その他 4000 大阪支店,,,,,,,,,,,,,,,,,,,,,,,,,,,,,,,,,,,,,,,,,,,,,,,,,,,,,,
20220323,83,,,,,,,,,,,,,,,000,共通部門,326,預り金,2,住民税,00,,53400,0,3月給与その他 4000 大阪支店,,,,,,,,,,,,,,,,,,,,,,,,,,,,,,,,,,,,,,,,,,,,,,,,,,,,,,
20220323,83,,,,,,,,,,,,,,,000,共通部門,326,預り金,3,源泉税,00,,16710,0,3月給与その他 4000 大阪支店,,,,,,,,,,,,,,,,,,,,,,,,,,,,,,,,,,,,,,,,,,,,,,,,,,,,,,
20220323,83,,,,,,,,,,,,,,,000,共通部門,326,預り金,4,貯蓄・保険,00,,13570,0,3月給与その他 4000 大阪支店,,,,,,,,,,,,,,,,,,,,,,,,,,,,,,,,,,,,,,,,,,,,,,,,,,,,,,
20220323,83,,,,,,,,,,,,,,,000,共通部門,326,預り金,9,その他,00,,18952,0,3月給与その他 4000 大阪支店,,,,,,,,,,,,,,,,,,,,,,,,,,,,,,,,,,,,,,,,,,,,,,,,,,,,,,
20220323,83,,,,050,九州営業所,712,給与手当,,,00,,600964,0,,000,共通部門,131,普通預金,20,ABC銀行 本店,00,,458531,0,3月給与その他 5000 九州営業所,,,,,,,,,,,,,,,,,,,,,,,,,,,,,,,,,,,,,,,,,,,,,,,,,,,,,,
20220323,83,,,,,,,,,,,,,,,000,共通部門,326,預り金,1,保険料,00,,67268,0,3月給与その他 5000 九州営業所,,,,,,,,,,,,,,,,,,,,,,,,,,,,,,,,,,,,,,,,,,,,,,,,,,,,,,
20220323,83,,,,,,,,,,,,,,,000,共通部門,326,預り金,2,住民税,00,,31700,0,3月給与その他 5000 九州営業所,,,,,,,,,,,,,,,,,,,,,,,,,,,,,,,,,,,,,,,,,,,,,,,,,,,,,,
20220323,83,,,,,,,,,,,,,,,000,共通部門,326,預り金,3,源泉税,00,,8520,0,3月給与その他 5000 九州営業所,,,,,,,,,,,,,,,,,,,,,,,,,,,,,,,,,,,,,,,,,,,,,,,,,,,,,,
20220323,83,,,,,,,,,,,,,,,000,共通部門,326,預り金,4,貯蓄・保険,00,,18540,0,3月給与その他 5000 九州営業所,,,,,,,,,,,,,,,,,,,,,,,,,,,,,,,,,,,,,,,,,,,,,,,,,,,,,,
20220323,83,,,,,,,,,,,,,,,000,共通部門,326,預り金,9,その他,00,,16405,0,3月給与その他 5000 九州営業所,,,,,,,,,,,,,,,,,,,,,,,,,,,,,,,,,,,,,,,,,,,,,,,,,,,,,,
20220323,140,,,,040,大阪支店,726,旅費交通費,,,Q5,,12300,1118,,000,共通部門,111,現金,,,00,,12300,0,旅費,,,,,,,,,,,,,,,,,,,,,,,,,,,,,,,,,,,,,,,,,,,,,,,,,,,,,,
20220324,26,,,,010,札幌営業所,726,旅費交通費,,,Q5,,31000,2818,,000,共通部門,111,現金,,,00,,31000,0,旅費,,,,,,,,,,,,,,,,,,,,,,,,,,,,,,,,,,,,,,,,,,,,,,,,,,,,,,
20220324,29,,,,010,札幌営業所,727,通信費,,,Q5,,79684,7244,,000,共通部門,131,普通預金,10,DEF銀行 駅前,00,,79684,0,携帯電話代,,,,,,,,,,,,,,,,,,,,,,,,,,,,,,,,,,,,,,,,,,,,,,,,,,,,,,
20220324,60,,,,050,九州営業所,724,福利厚生費,,,Q5,,20500,1863,,000,共通部門,322,未払金,,,00,,20500,0,お茶代,,,,,,,,,,,,,,,,,,,,,,,,,,,,,,,,,,,,,,,,,,,,,,,,,,,,,,
20220324,81,,,,030,名古屋支店,724,福利厚生費,,,Q5,,45800,4163,,000,共通部門,322,未払金,,,00,,45800,0,お茶代,,,,,,,,,,,,,,,,,,,,,,,,,,,,,,,,,,,,,,,,,,,,,,,,,,,,,,
20220324,108,,,,040,大阪支店,733,交際接待費,,,Q5,,1360,123,,000,共通部門,111,現金,,,00,,1360,0,食事代,,,,,,,,,,,,,,,,,,,,,,,,,,,,,,,,,,,,,,,,,,,,,,,,,,,,,,
20220324,146,,,,050,九州営業所,728,販売手数料,,,Q5,,168000,15272,,000,共通部門,322,未払金,,,00,,168000,0,業務委託費,,,,,,,,,,,,,,,,,,,,,,,,,,,,,,,,,,,,,,,,,,,,,,,,,,,,,,
20220324,154,,,,050,九州営業所,733,交際接待費,,,Q5,,12000,1090,,000,共通部門,322,未払金,,,00,,22000,0,お花代　結婚式,,,,,,,,,,,,,,,,,,,,,,,,,,,,,,,,,,,,,,,,,,,,,,,,,,,,,,
20220324,154,,,,050,九州営業所,733,交際接待費,,,Q5,,10000,909,,,,,,,,,,,,結婚式会費,,,,,,,,,,,,,,,,,,,,,,,,,,,,,,,,,,,,,,,,,,,,,,,,,,,,,,
20220324,172,,,,010,札幌営業所,728,販売手数料,,,Q5,,189000,17181,,000,共通部門,322,未払金,,,00,,189000,0,業務委託費支払い,,,,,,,,,,,,,,,,,,,,,,,,,,,,,,,,,,,,,,,,,,,,,,,,,,,,,,
20220325,78,,,,030,名古屋支店,728,販売手数料,,,Q5,,189000,17181,,000,共通部門,322,未払金,,,00,,189000,0,業務委託費支払い,,,,,,,,,,,,,,,,,,,,,,,,,,,,,,,,,,,,,,,,,,,,,,,,,,,,,,
20220325,106,,,,000,共通部門,150,受取手形,,,00,,13269523,0,,000,共通部門,152,売掛金,2,株式会社桜丘百貨店,00,,13269523,0,3月25日伝票No474株式会社桜丘百貨店 | 売上伝票=20220228-112;手形番号=R20220325-106-2,,,,,,,,,,,,,,,,,,,,,,,,,,,,,,,,,,,,,,,,,,,,,,,,,,,,,,
20220325,107,,,,000,共通部門,131,普通預金,30,GHI銀行 名古屋,00,,1323237,0,,000,共通部門,152,売掛金,7,株式会社光彩堂商事,00,,1323237,0,3月25日伝票No475株式会社光彩堂商事,,,,,,,,,,,,,,,,,,,,,,,,,,,,,,,,,,,,,,,,,,,,,,,,,,,,,,
20220325,107,,,,030,名古屋支店,741,支払手数料,,,Q5,,735,66,,000,共通部門,152,売掛金,7,株式会社光彩堂商事,00,,735,0,3月25日伝票No475株式会社光彩堂商事,,,,,,,,,,,,,,,,,,,,,,,,,,,,,,,,,,,,,,,,,,,,,,,,,,,,,,
20220325,108,,,,000,共通部門,131,普通預金,40,JKL銀行 梅田,00,,533514,0,,000,共通部門,152,売掛金,23,株式会社杉の木商店,00,,533514,0,3月25日伝票No476株式会社杉の木商店,,,,,,,,,,,,,,,,,,,,,,,,,,,,,,,,,,,,,,,,,,,,,,,,,,,,,,
20220325,108,,,,040,大阪支店,741,支払手数料,,,Q5,,630,57,,000,共通部門,152,売掛金,23,株式会社杉の木商店,00,,630,0,3月25日伝票No476株式会社杉の木商店,,,,,,,,,,,,,,,,,,,,,,,,,,,,,,,,,,,,,,,,,,,,,,,,,,,,,,
20220325,109,,,,000,共通部門,131,普通預金,10,DEF銀行 駅前,00,,3740456,0,,000,共通部門,152,売掛金,25,株式会社ほのかマート,00,,3740456,0,3月25日伝票No477株式会社ほのかマート,,,,,,,,,,,,,,,,,,,,,,,,,,,,,,,,,,,,,,,,,,,,,,,,,,,,,,
20220325,109,,,,010,札幌営業所,741,支払手数料,,,Q5,,840,76,,000,共通部門,152,売掛金,25,株式会社ほのかマート,00,,840,0,3月25日伝票No477株式会社ほのかマート,,,,,,,,,,,,,,,,,,,,,,,,,,,,,,,,,,,,,,,,,,,,,,,,,,,,,,
20220325,111,,,,040,大阪支店,726,旅費交通費,,,Q5,,16890,1535,,000,共通部門,322,未払金,,,00,,16890,0,タクシー代,,,,,,,,,,,,,,,,,,,,,,,,,,,,,,,,,,,,,,,,,,,,,,,,,,,,,,
20220325,120,,,,040,大阪支店,728,販売手数料,,,Q5,,945000,85909,,000,共通部門,322,未払金,,,00,,945000,0,業務委託費,,,,,,,,,,,,,,,,,,,,,,,,,,,,,,,,,,,,,,,,,,,,,,,,,,,,,,
20220325,121,,,,040,大阪支店,724,福利厚生費,,,Q5,,16500,1500,,000,共通部門,111,現金,,,00,,16500,0,お茶代,,,,,,,,,,,,,,,,,,,,,,,,,,,,,,,,,,,,,,,,,,,,,,,,,,,,,,
20220325,131,,,,040,大阪支店,742,諸会費,,,00,,24000,0,,000,共通部門,131,普通預金,40,JKL銀行 梅田,00,,24000,0,会費,,,,,,,,,,,,,,,,,,,,,,,,,,,,,,,,,,,,,,,,,,,,,,,,,,,,,,
20220325,138,,,,040,大阪支店,740,車両費,,,Q5,,4351,395,,000,共通部門,111,現金,,,00,,24769,0,高速代,,,,,,,,,,,,,,,,,,,,,,,,,,,,,,,,,,,,,,,,,,,,,,,,,,,,,,
20220325,138,,,,040,大阪支店,740,車両費,,,Q5,,3408,309,,,,,,,,,,,,ガソリン代,,,,,,,,,,,,,,,,,,,,,,,,,,,,,,,,,,,,,,,,,,,,,,,,,,,,,,
20220325,138,,,,040,大阪支店,740,車両費,,,Q5,,5686,516,,,,,,,,,,,,高速代,,,,,,,,,,,,,,,,,,,,,,,,,,,,,,,,,,,,,,,,,,,,,,,,,,,,,,
20220325,138,,,,040,大阪支店,740,車両費,,,Q5,,4287,389,,,,,,,,,,,,高速代,,,,,,,,,,,,,,,,,,,,,,,,,,,,,,,,,,,,,,,,,,,,,,,,,,,,,,
20220325,138,,,,040,大阪支店,740,車両費,,,Q5,,2569,233,,,,,,,,,,,,高速代,,,,,,,,,,,,,,,,,,,,,,,,,,,,,,,,,,,,,,,,,,,,,,,,,,,,,,
20220325,138,,,,040,大阪支店,740,車両費,,,Q5,,1096,99,,,,,,,,,,,,高速代,,,,,,,,,,,,,,,,,,,,,,,,,,,,,,,,,,,,,,,,,,,,,,,,,,,,,,
20220325,138,,,,040,大阪支店,740,車両費,,,Q5,,3372,306,,,,,,,,,,,,駐車代,,,,,,,,,,,,,,,,,,,,,,,,,,,,,,,,,,,,,,,,,,,,,,,,,,,,,,
20220325,173,,,,050,九州営業所,738,租税公課,,,00,,24000,0,,000,共通部門,111,現金,,,00,,24000,0,収入印紙代,,,,,,,,,,,,,,,,,,,,,,,,,,,,,,,,,,,,,,,,,,,,,,,,,,,,,,
20220326,35,,,,010,札幌営業所,739,新聞図書費,,,Q5,,3925,356,,000,共通部門,111,現金,,,00,,3925,0,新聞代,,,,,,,,,,,,,,,,,,,,,,,,,,,,,,,,,,,,,,,,,,,,,,,,,,,,,,
20220326,37,,,,020,東京支店,728,販売手数料,,,Q5,,1532000,139272,,000,共通部門,322,未払金,,,00,,1532000,0,業務委託費,,,,,,,,,,,,,,,,,,,,,,,,,,,,,,,,,,,,,,,,,,,,,,,,,,,,,,
20220326,38,,,,020,東京支店,724,福利厚生費,,,Q5,,48164,4378,,000,共通部門,322,未払金,,,00,,48164,0,宿泊費,,,,,,,,,,,,,,,,,,,,,,,,,,,,,,,,,,,,,,,,,,,,,,,,,,,,,,
20220326,62,,,,020,東京支店,727,通信費,,,Q5,,99545,9049,,000,共通部門,131,普通預金,20,ABC銀行 本店,00,,99545,0,携帯代,,,,,,,,,,,,,,,,,,,,,,,,,,,,,,,,,,,,,,,,,,,,,,,,,,,,,,
20220326,75,,,,020,東京支店,733,交際接待費,,,Q5,,1260,114,,000,共通部門,111,現金,,,00,,1260,0,コーヒー代2名,,,,,,,,,,,,,,,,,,,,,,,,,,,,,,,,,,,,,,,,,,,,,,,,,,,,,,
20220326,76,,,,050,九州営業所,740,車両費,,,Q5,,4961,451,,000,共通部門,111,現金,,,00,,5533,0,ガソリン代,,,,,,,,,,,,,,,,,,,,,,,,,,,,,,,,,,,,,,,,,,,,,,,,,,,,,,
20220326,76,,,,050,九州営業所,740,車両費,,,Q5,,572,52,,,,,,,,,,,,駐車代,,,,,,,,,,,,,,,,,,,,,,,,,,,,,,,,,,,,,,,,,,,,,,,,,,,,,,
20220326,88,,,,030,名古屋支店,739,新聞図書費,,,Q5,,3568,324,,000,共通部門,111,現金,,,00,,3568,0,新聞代,,,,,,,,,,,,,,,,,,,,,,,,,,,,,,,,,,,,,,,,,,,,,,,,,,,,,,
20220326,105,,,,040,大阪支店,733,交際接待費,,,Q5,,11862,1078,,000,共通部門,111,現金,,,00,,36948,0,飲食代 架空店舗075 4名,,,,,,,,,,,,,,,,,,,,,,,,,,,,,,,,,,,,,,,,,,,,,,,,,,,,,,
20220326,105,,,,040,大阪支店,733,交際接待費,,,Q5,,25086,2280,,,,,,,,,,,,飲食代 架空店舗022,,,,,,,,,,,,,,,,,,,,,,,,,,,,,,,,,,,,,,,,,,,,,,,,,,,,,,
20220326,113,,,,040,大阪支店,727,通信費,,,Q5,,110473,10043,,000,共通部門,131,普通預金,40,JKL銀行 梅田,00,,110473,0,携帯代,,,,,,,,,,,,,,,,,,,,,,,,,,,,,,,,,,,,,,,,,,,,,,,,,,,,,,
20220326,139,,,,040,大阪支店,724,福利厚生費,,,Q5,,65048,5913,,000,共通部門,322,未払金,,,00,,65048,0,社員夜食代,,,,,,,,,,,,,,,,,,,,,,,,,,,,,,,,,,,,,,,,,,,,,,,,,,,,,,
20220326,171,,,,050,九州営業所,727,通信費,,,Q5,,57089,5189,,000,共通部門,131,普通預金,50,MNO銀行 北九州,00,,57089,0,携帯代,,,,,,,,,,,,,,,,,,,,,,,,,,,,,,,,,,,,,,,,,,,,,,,,,,,,,,
20220327,14,,,,010,札幌営業所,740,車両費,,,Q5,,3000,272,,000,共通部門,111,現金,,,00,,3000,0,ガソリン代,,,,,,,,,,,,,,,,,,,,,,,,,,,,,,,,,,,,,,,,,,,,,,,,,,,,,,
20220327,30,,,,010,札幌営業所,752,保険料,,,P0,,54320,0,,000,共通部門,131,普通預金,10,DEF銀行 駅前,00,,54320,0,保険料支払,,,,,,,,,,,,,,,,,,,,,,,,,,,,,,,,,,,,,,,,,,,,,,,,,,,,,,
20220327,32,,,,010,札幌営業所,754,事務用消耗品費,,,Q5,,3098,281,,000,共通部門,322,未払金,,,00,,3098,0,事務用品費,,,,,,,,,,,,,,,,,,,,,,,,,,,,,,,,,,,,,,,,,,,,,,,,,,,,,,
20220327,60,,,,020,東京支店,726,旅費交通費,,,Q5,,11200,1018,,000,共通部門,111,現金,,,00,,11200,0,旅費,,,,,,,,,,,,,,,,,,,,,,,,,,,,,,,,,,,,,,,,,,,,,,,,,,,,,,
20220327,72,,,,020,東京支店,739,新聞図書費,,,Q5,,2864,260,,000,共通部門,111,現金,,,00,,9078,0,新聞代,,,,,,,,,,,,,,,,,,,,,,,,,,,,,,,,,,,,,,,,,,,,,,,,,,,,,,
20220327,72,,,,020,東京支店,739,新聞図書費,,,Q5,,2815,255,,,,,,,,,,,,新聞代,,,,,,,,,,,,,,,,,,,,,,,,,,,,,,,,,,,,,,,,,,,,,,,,,,,,,,
20220327,72,,,,020,東京支店,739,新聞図書費,,,Q5,,3399,309,,,,,,,,,,,,新聞代,,,,,,,,,,,,,,,,,,,,,,,,,,,,,,,,,,,,,,,,,,,,,,,,,,,,,,
20220327,87,,,,030,名古屋支店,727,通信費,,,Q5,,41558,3778,,000,共通部門,131,普通預金,30,GHI銀行 名古屋,00,,41558,0,携帯代,,,,,,,,,,,,,,,,,,,,,,,,,,,,,,,,,,,,,,,,,,,,,,,,,,,,,,
20220327,114,,,,040,大阪支店,739,新聞図書費,,,Q5,,2540,230,,000,共通部門,111,現金,,,00,,5404,0,新聞代,,,,,,,,,,,,,,,,,,,,,,,,,,,,,,,,,,,,,,,,,,,,,,,,,,,,,,
20220327,114,,,,040,大阪支店,739,新聞図書費,,,Q5,,2864,260,,,,,,,,,,,,新聞代,,,,,,,,,,,,,,,,,,,,,,,,,,,,,,,,,,,,,,,,,,,,,,,,,,,,,,
20220328,9,,,,010,札幌営業所,733,交際接待費,,,Q5,,5250,477,,000,共通部門,111,現金,,,00,,5250,0,手土産代 株式会社光彩堂商事,,,,,,,,,,,,,,,,,,,,,,,,,,,,,,,,,,,,,,,,,,,,,,,,,,,,,,
20220328,39,,,,020,東京支店,724,福利厚生費,,,Q5,,9000,818,,000,共通部門,111,現金,,,00,,9000,0,会費,,,,,,,,,,,,,,,,,,,,,,,,,,,,,,,,,,,,,,,,,,,,,,,,,,,,,,
20220328,81,,,,030,名古屋支店,726,旅費交通費,,,Q5,,9800,890,,000,共通部門,111,現金,,,00,,9800,0,架空鉄道会社A代,,,,,,,,,,,,,,,,,,,,,,,,,,,,,,,,,,,,,,,,,,,,,,,,,,,,,,
20220328,137,,,,040,大阪支店,791,雑費,,,Q5,,6000,545,,000,共通部門,322,未払金,,,00,,48858,0,有線,,,,,,,,,,,,,,,,,,,,,,,,,,,,,,,,,,,,,,,,,,,,,,,,,,,,,,
20220328,137,,,,040,大阪支店,791,雑費,,,Q5,,42858,3896,,,,,,,,,,,,警備料,,,,,,,,,,,,,,,,,,,,,,,,,,,,,,,,,,,,,,,,,,,,,,,,,,,,,,
20220328,137,,,,040,大阪支店,740,車両費,,,Q5,,42652,3877,,000,共通部門,131,普通預金,40,JKL銀行 梅田,00,,42652,0,高速料,,,,,,,,,,,,,,,,,,,,,,,,,,,,,,,,,,,,,,,,,,,,,,,,,,,,,,
20220328,137,,,,040,大阪支店,791,雑費,,,Q5,,58100,5281,,000,共通部門,322,未払金,,,00,,58100,0,清掃料,,,,,,,,,,,,,,,,,,,,,,,,,,,,,,,,,,,,,,,,,,,,,,,,,,,,,,
20220328,170,,,,050,九州営業所,739,新聞図書費,,,Q5,,3007,273,,000,共通部門,111,現金,,,00,,3007,0,新聞代,,,,,,,,,,,,,,,,,,,,,,,,,,,,,,,,,,,,,,,,,,,,,,,,,,,,,,
20220329,27,,,,010,札幌営業所,726,旅費交通費,,,Q5,,44324,4029,,000,共通部門,111,現金,,,00,,131182,0,旅費,,,,,,,,,,,,,,,,,,,,,,,,,,,,,,,,,,,,,,,,,,,,,,,,,,,,,,
20220329,27,,,,010,札幌営業所,726,旅費交通費,,,Q5,,56000,5090,,,,,,,,,,,,旅費,,,,,,,,,,,,,,,,,,,,,,,,,,,,,,,,,,,,,,,,,,,,,,,,,,,,,,
20220329,27,,,,010,札幌営業所,726,旅費交通費,,,Q5,,30858,2805,,,,,,,,,,,,旅費,,,,,,,,,,,,,,,,,,,,,,,,,,,,,,,,,,,,,,,,,,,,,,,,,,,,,,
20220329,83,,,,030,名古屋支店,740,車両費,,,Q5,,51500,4681,,000,共通部門,111,現金,,,00,,51500,0,車両管理費,,,,,,,,,,,,,,,,,,,,,,,,,,,,,,,,,,,,,,,,,,,,,,,,,,,,,,
20220330,144,,,,000,共通部門,131,普通預金,20,ABC銀行 本店,00,,4000000,0,,000,共通部門,131,普通預金,30,GHI銀行 名古屋,00,,4000000,0,資金移動,,,,,,,,,,,,,,,,,,,,,,,,,,,,,,,,,,,,,,,,,,,,,,,,,,,,,,
20220330,148,,,,000,共通部門,131,普通預金,20,ABC銀行 本店,00,,16000000,0,,000,共通部門,121,当座預金,1,ABC銀行,00,,16000000,0,資金移動,,,,,,,,,,,,,,,,,,,,,,,,,,,,,,,,,,,,,,,,,,,,,,,,,,,,,,
20220330,155,,,,050,九州営業所,740,車両費,,,Q5,,6801,618,,000,共通部門,111,現金,,,00,,7944,0,ガソリン代,,,,,,,,,,,,,,,,,,,,,,,,,,,,,,,,,,,,,,,,,,,,,,,,,,,,,,
20220330,155,,,,050,九州営業所,740,車両費,,,Q5,,1143,103,,,,,,,,,,,,高速代,,,,,,,,,,,,,,,,,,,,,,,,,,,,,,,,,,,,,,,,,,,,,,,,,,,,,,
20220331,1,,,,010,札幌営業所,731,運賃,,,Q5,,244210,22200,,000,共通部門,322,未払金,,,00,,244210,0,運賃 架空運送会社B,,,,,,,,,,,,,,,,,,,,,,,,,,,,,,,,,,,,,,,,,,,,,,,,,,,,,,
20220331,5,,,,010,札幌営業所,732,広告宣伝費,,,Q5,,52500,4772,,000,共通部門,131,普通預金,10,DEF銀行 駅前,00,,52500,0,広告費,,,,,,,,,,,,,,,,,,,,,,,,,,,,,,,,,,,,,,,,,,,,,,,,,,,,,,
20220331,13,,,,010,札幌営業所,740,車両費,,,Q5,,10000,909,,000,共通部門,111,現金,,,00,,10000,0,ガソリン代,,,,,,,,,,,,,,,,,,,,,,,,,,,,,,,,,,,,,,,,,,,,,,,,,,,,,,
20220331,15,,,,010,札幌営業所,740,車両費,,,Q5,,3000,272,,000,共通部門,111,現金,,,00,,3000,0,洗車代,,,,,,,,,,,,,,,,,,,,,,,,,,,,,,,,,,,,,,,,,,,,,,,,,,,,,,
20220331,36,,,,020,東京支店,731,運賃,,,Q5,,1376962,125178,,000,共通部門,322,未払金,,,00,,2169801,0,運賃 架空運送会社A,,,,,,,,,,,,,,,,,,,,,,,,,,,,,,,,,,,,,,,,,,,,,,,,,,,,,,
20220331,36,,,,020,東京支店,731,運賃,,,Q5,,792839,72076,,,,,,,,,,,,運賃 架空運送会社B,,,,,,,,,,,,,,,,,,,,,,,,,,,,,,,,,,,,,,,,,,,,,,,,,,,,,,
20220331,40,,,,020,東京支店,732,広告宣伝費,,,Q5,,50000,4545,,000,共通部門,322,未払金,,,00,,50000,0,広告掲載,,,,,,,,,,,,,,,,,,,,,,,,,,,,,,,,,,,,,,,,,,,,,,,,,,,,,,
20220331,49,,,,020,東京支店,740,車両費,,,Q5,,163470,14860,,000,共通部門,322,未払金,,,00,,163470,0,ガソリン代,,,,,,,,,,,,,,,,,,,,,,,,,,,,,,,,,,,,,,,,,,,,,,,,,,,,,,
20220331,49,,,,020,東京支店,740,車両費,,,Q5,,2626,238,,000,共通部門,111,現金,,,00,,8355,0,ガソリン代,,,,,,,,,,,,,,,,,,,,,,,,,,,,,,,,,,,,,,,,,,,,,,,,,,,,,,
20220331,49,,,,020,東京支店,740,車両費,,,Q5,,5729,520,,,,,,,,,,,,ガソリン代,,,,,,,,,,,,,,,,,,,,,,,,,,,,,,,,,,,,,,,,,,,,,,,,,,,,,,
20220331,55,,,,020,東京支店,740,車両費,,,Q5,,23810,2164,,000,共通部門,111,現金,,,00,,58144,0,車両管理費,,,,,,,,,,,,,,,,,,,,,,,,,,,,,,,,,,,,,,,,,,,,,,,,,,,,,,
20220331,55,,,,020,東京支店,740,車両費,,,Q5,,26667,2424,,,,,,,,,,,,車両管理費,,,,,,,,,,,,,,,,,,,,,,,,,,,,,,,,,,,,,,,,,,,,,,,,,,,,,,
20220331,55,,,,020,東京支店,740,車両費,,,Q5,,7667,697,,,,,,,,,,,,高速代,,,,,,,,,,,,,,,,,,,,,,,,,,,,,,,,,,,,,,,,,,,,,,,,,,,,,,
20220331,62,,,,020,東京支店,723,法定福利費,,,P0,,403840,0,,000,共通部門,131,普通預金,20,ABC銀行 本店,00,,1507602,0,労災保険支払い,,,,,,,,,,,,,,,,,,,,,,,,,,,,,,,,,,,,,,,,,,,,,,,,,,,,,,
20220331,62,,,,020,東京支店,723,法定福利費,,,P0,,662257,0,,,,,,,,,,,,雇用保険料　事業主負担,,,,,,,,,,,,,,,,,,,,,,,,,,,,,,,,,,,,,,,,,,,,,,,,,,,,,,
20220331,62,,,,000,共通部門,326,預り金,9,その他,00,,441505,0,,,,,,,,,,,,雇用保険料,,,,,,,,,,,,,,,,,,,,,,,,,,,,,,,,,,,,,,,,,,,,,,,,,,,,,,
20220331,63,,,,020,東京支店,752,保険料,,,P0,,81000,0,,000,共通部門,131,普通預金,20,ABC銀行 本店,00,,81000,0,保険料,,,,,,,,,,,,,,,,,,,,,,,,,,,,,,,,,,,,,,,,,,,,,,,,,,,,,,
20220331,66,,,,020,東京支店,744,リース料,,,Q5,,209850,19077,,000,共通部門,131,普通預金,20,ABC銀行 本店,00,,209850,0,リース料,,,,,,,,,,,,,,,,,,,,,,,,,,,,,,,,,,,,,,,,,,,,,,,,,,,,,,
20220331,67,,,,020,東京支店,742,諸会費,,,00,,30000,0,,000,共通部門,111,現金,,,00,,30000,0,会費支払い,,,,,,,,,,,,,,,,,,,,,,,,,,,,,,,,,,,,,,,,,,,,,,,,,,,,,,
20220331,70,,,,020,東京支店,791,雑費,,,Q5,,6000,545,,000,共通部門,322,未払金,,,00,,58381,0,有線,,,,,,,,,,,,,,,,,,,,,,,,,,,,,,,,,,,,,,,,,,,,,,,,,,,,,,
20220331,70,,,,020,東京支店,791,雑費,,,Q5,,52381,4761,,,,,,,,,,,,警備料,,,,,,,,,,,,,,,,,,,,,,,,,,,,,,,,,,,,,,,,,,,,,,,,,,,,,,
20220331,70,,,,020,東京支店,740,車両費,,,Q5,,73315,6665,,000,共通部門,131,普通預金,20,ABC銀行 本店,00,,73315,0,高速料,,,,,,,,,,,,,,,,,,,,,,,,,,,,,,,,,,,,,,,,,,,,,,,,,,,,,,
20220331,70,,,,020,東京支店,791,雑費,,,Q5,,73500,6681,,000,共通部門,322,未払金,,,00,,73500,0,清掃料,,,,,,,,,,,,,,,,,,,,,,,,,,,,,,,,,,,,,,,,,,,,,,,,,,,,,,
20220331,70,,,,030,名古屋支店,752,保険料,,,P0,,62000,0,,000,共通部門,131,普通預金,30,GHI銀行 名古屋,00,,62000,0,保険料,,,,,,,,,,,,,,,,,,,,,,,,,,,,,,,,,,,,,,,,,,,,,,,,,,,,,,
20220331,72,,,,050,九州営業所,752,保険料,,,P0,,57000,0,,000,共通部門,131,普通預金,50,MNO銀行 北九州,00,,57000,0,保険料支払い,,,,,,,,,,,,,,,,,,,,,,,,,,,,,,,,,,,,,,,,,,,,,,,,,,,,,,
20220331,77,,,,030,名古屋支店,731,運賃,,,Q5,,202600,18418,,000,共通部門,322,未払金,,,00,,202600,0,運賃,,,,,,,,,,,,,,,,,,,,,,,,,,,,,,,,,,,,,,,,,,,,,,,,,,,,,,
20220331,79,,,,,,,,,,,,,,,000,共通部門,737,消耗品費,,,00,,347843,0,消耗品費　部門配賦,,,,,,,,,,,,,,,,,,,,,,,,,,,,,,,,,,,,,,,,,,,,,,,,,,,,,,
20220331,79,,,,010,札幌営業所,737,消耗品費,,,00,,38262,0,,,,,,,,,,,,,,,,,,,,,,,,,,,,,,,,,,,,,,,,,,,,,,,,,,,,,,,,,,,,,,,,,,
20220331,79,,,,020,東京支店,737,消耗品費,,,00,,166966,0,,,,,,,,,,,,,,,,,,,,,,,,,,,,,,,,,,,,,,,,,,,,,,,,,,,,,,,,,,,,,,,,,,
20220331,79,,,,030,名古屋支店,737,消耗品費,,,00,,34784,0,,,,,,,,,,,,,,,,,,,,,,,,,,,,,,,,,,,,,,,,,,,,,,,,,,,,,,,,,,,,,,,,,,
20220331,79,,,,040,大阪支店,737,消耗品費,,,00,,83482,0,,,,,,,,,,,,,,,,,,,,,,,,,,,,,,,,,,,,,,,,,,,,,,,,,,,,,,,,,,,,,,,,,,
20220331,79,,,,050,九州営業所,737,消耗品費,,,00,,24349,0,,,,,,,,,,,,,,,,,,,,,,,,,,,,,,,,,,,,,,,,,,,,,,,,,,,,,,,,,,,,,,,,,,
20220331,93,,,,040,大阪支店,753,修繕維持費,,,Q5,,17850,1622,,000,共通部門,322,未払金,,,00,,17850,0,修繕費,,,,,,,,,,,,,,,,,,,,,,,,,,,,,,,,,,,,,,,,,,,,,,,,,,,,,,
20220331,93,,,,000,共通部門,326,預り金,1,保険料,00,,742977,0,,000,共通部門,131,普通預金,20,ABC銀行 本店,00,,1497010,0,保険料預かり分,,,,,,,,,,,,,,,,,,,,,,,,,,,,,,,,,,,,,,,,,,,,,,,,,,,,,,
20220331,93,,,,020,東京支店,723,法定福利費,,,P0,,120411,0,,,,,,,,,,,,保険料　事業主負担分,,,,,,,,,,,,,,,,,,,,,,,,,,,,,,,,,,,,,,,,,,,,,,,,,,,,,,
20220331,93,,,,020,東京支店,723,法定福利費,,,P0,,236045,0,,,,,,,,,,,,保険料　事業主負担分,,,,,,,,,,,,,,,,,,,,,,,,,,,,,,,,,,,,,,,,,,,,,,,,,,,,,,
20220331,93,,,,010,札幌営業所,723,法定福利費,,,P0,,103424,0,,,,,,,,,,,,保険料　事業主負担分,,,,,,,,,,,,,,,,,,,,,,,,,,,,,,,,,,,,,,,,,,,,,,,,,,,,,,
20220331,93,,,,030,名古屋支店,723,法定福利費,,,P0,,96352,0,,,,,,,,,,,,保険料　事業主負担分,,,,,,,,,,,,,,,,,,,,,,,,,,,,,,,,,,,,,,,,,,,,,,,,,,,,,,
20220331,93,,,,040,大阪支店,723,法定福利費,,,P0,,119477,0,,,,,,,,,,,,保険料　事業主負担分,,,,,,,,,,,,,,,,,,,,,,,,,,,,,,,,,,,,,,,,,,,,,,,,,,,,,,
20220331,93,,,,050,九州営業所,723,法定福利費,,,P0,,67268,0,,,,,,,,,,,,保険料　事業主負担分,,,,,,,,,,,,,,,,,,,,,,,,,,,,,,,,,,,,,,,,,,,,,,,,,,,,,,
20220331,93,,,,020,東京支店,723,法定福利費,,,P0,,11056,0,,,,,,,,,,,,児童拠出金　事業主負担分,,,,,,,,,,,,,,,,,,,,,,,,,,,,,,,,,,,,,,,,,,,,,,,,,,,,,,
20220331,96,,,,030,名古屋支店,791,雑費,,,Q5,,22470,2042,,000,共通部門,131,普通預金,30,GHI銀行 名古屋,00,,22470,0,警備料,,,,,,,,,,,,,,,,,,,,,,,,,,,,,,,,,,,,,,,,,,,,,,,,,,,,,,
20220331,99,,,,040,大阪支店,731,運賃,,,Q5,,977410,88855,,000,共通部門,322,未払金,,,00,,977410,0,運賃,,,,,,,,,,,,,,,,,,,,,,,,,,,,,,,,,,,,,,,,,,,,,,,,,,,,,,
20220331,100,,,,040,大阪支店,724,福利厚生費,,,Q5,,6000,545,,000,共通部門,111,現金,,,00,,6000,0,会費,,,,,,,,,,,,,,,,,,,,,,,,,,,,,,,,,,,,,,,,,,,,,,,,,,,,,,
20220331,110,,,,000,共通部門,152,売掛金,14,株式会社花咲商事,00,,2360032,0,,010,札幌営業所,511,売上高,,,B5,,2360032,214548,3月1日～3月31日分売上,,,,,,,,,,,,,,,,,,,,,,,,,,,,,,,,,,,,,,,,,,,,,,,,,,,,,,
20220331,110,,,,000,共通部門,152,売掛金,25,株式会社ほのかマート,00,,2708884,0,,010,札幌営業所,511,売上高,,,B5,,2708884,246262,3月1日～3月31日分売上,,,,,,,,,,,,,,,,,,,,,,,,,,,,,,,,,,,,,,,,,,,,,,,,,,,,,,
20220331,110,,,,000,共通部門,152,売掛金,5,東雲商会株式会社,00,,1825556,0,,010,札幌営業所,511,売上高,,,B5,,1825556,165959,3月1日～3月31日分売上,,,,,,,,,,,,,,,,,,,,,,,,,,,,,,,,,,,,,,,,,,,,,,,,,,,,,,
20220331,111,,,,000,共通部門,152,売掛金,30,株式会社彩雲トレーディング,00,,2358524,0,,020,東京支店,511,売上高,,,B5,,2358524,214411,3月1日～3月31日分売上,,,,,,,,,,,,,,,,,,,,,,,,,,,,,,,,,,,,,,,,,,,,,,,,,,,,,,
20220331,111,,,,000,共通部門,152,売掛金,2,株式会社桜丘百貨店,00,,8251179,0,,020,東京支店,511,売上高,,,B5,,8251179,750107,3月1日～3月31日分売上,,,,,,,,,,,,,,,,,,,,,,,,,,,,,,,,,,,,,,,,,,,,,,,,,,,,,,
20220331,111,,,,000,共通部門,152,売掛金,24,白峰商事株式会社,00,,3907856,0,,020,東京支店,511,売上高,,,B5,,3907856,355259,3月1日～3月31日分売上,,,,,,,,,,,,,,,,,,,,,,,,,,,,,,,,,,,,,,,,,,,,,,,,,,,,,,
20220331,111,,,,000,共通部門,152,売掛金,10,合同会社こもれび商事,00,,1407648,0,,020,東京支店,511,売上高,,,B5,,1407648,127968,3月1日～3月31日分売上,,,,,,,,,,,,,,,,,,,,,,,,,,,,,,,,,,,,,,,,,,,,,,,,,,,,,,
20220331,111,,,,000,共通部門,152,売掛金,26,若松販売株式会社,00,,2699820,0,,020,東京支店,511,売上高,,,B5,,2699820,245438,3月1日～3月31日分売上,,,,,,,,,,,,,,,,,,,,,,,,,,,,,,,,,,,,,,,,,,,,,,,,,,,,,,
20220331,111,,,,000,共通部門,152,売掛金,12,株式会社緑野百貨店,00,,2901201,0,,020,東京支店,511,売上高,,,B5,,2901201,263745,3月1日～3月31日分売上,,,,,,,,,,,,,,,,,,,,,,,,,,,,,,,,,,,,,,,,,,,,,,,,,,,,,,
20220331,111,,,,000,共通部門,152,売掛金,11,株式会社楓屋,00,,1581860,0,,020,東京支店,511,売上高,,,B5,,1581860,143805,3月1日～3月31日分売上,,,,,,,,,,,,,,,,,,,,,,,,,,,,,,,,,,,,,,,,,,,,,,,,,,,,,,
20220331,111,,,,000,共通部門,152,売掛金,13,星川商事株式会社,00,,2940652,0,,020,東京支店,511,売上高,,,B5,,2940652,267332,3月1日～3月31日分売上,,,,,,,,,,,,,,,,,,,,,,,,,,,,,,,,,,,,,,,,,,,,,,,,,,,,,,
20220331,111,,,,000,共通部門,152,売掛金,14,株式会社花咲商事,00,,1690176,0,,020,東京支店,511,売上高,,,B5,,1690176,153652,3月1日～3月31日分売上,,,,,,,,,,,,,,,,,,,,,,,,,,,,,,,,,,,,,,,,,,,,,,,,,,,,,,
20220331,112,,,,000,共通部門,152,売掛金,19,株式会社南風商会,00,,2097864,0,,030,名古屋支店,511,売上高,,,B5,,2097864,190714,3月1日～3月31日分売上,,,,,,,,,,,,,,,,,,,,,,,,,,,,,,,,,,,,,,,,,,,,,,,,,,,,,,
20220331,112,,,,000,共通部門,152,売掛金,21,合同会社つばさ商店,00,,1433744,0,,030,名古屋支店,511,売上高,,,B5,,1433744,130340,3月1日～3月31日分売上,,,,,,,,,,,,,,,,,,,,,,,,,,,,,,,,,,,,,,,,,,,,,,,,,,,,,,
20220331,112,,,,000,共通部門,152,売掛金,27,晴海物産株式会社,00,,1331520,0,,030,名古屋支店,511,売上高,,,B5,,1331520,121047,3月1日～3月31日分売上,,,,,,,,,,,,,,,,,,,,,,,,,,,,,,,,,,,,,,,,,,,,,,,,,,,,,,
20220331,112,,,,000,共通部門,152,売掛金,6,株式会社瑞穂流通,00,,871860,0,,030,名古屋支店,511,売上高,,,B5,,871860,79260,3月1日～3月31日分売上,,,,,,,,,,,,,,,,,,,,,,,,,,,,,,,,,,,,,,,,,,,,,,,,,,,,,,
20220331,112,,,,000,共通部門,152,売掛金,7,株式会社光彩堂商事,00,,758914,0,,030,名古屋支店,511,売上高,,,B5,,758914,68992,3月1日～3月31日分売上,,,,,,,,,,,,,,,,,,,,,,,,,,,,,,,,,,,,,,,,,,,,,,,,,,,,,,
20220331,112,,,,000,共通部門,152,売掛金,14,株式会社花咲商事,00,,2055400,0,,030,名古屋支店,511,売上高,,,B5,,2055400,186854,3月1日～3月31日分売上,,,,,,,,,,,,,,,,,,,,,,,,,,,,,,,,,,,,,,,,,,,,,,,,,,,,,,
20220331,113,,,,000,共通部門,152,売掛金,4,株式会社ひなたマート,00,,3647192,0,,040,大阪支店,511,売上高,,,B5,,3647192,331562,3月1日～3月31日分売上,,,,,,,,,,,,,,,,,,,,,,,,,,,,,,,,,,,,,,,,,,,,,,,,,,,,,,
20220331,113,,,,000,共通部門,152,売掛金,9,朝凪物産株式会社,00,,3304738,0,,040,大阪支店,511,売上高,,,B5,,3304738,300430,3月1日～3月31日分売上,,,,,,,,,,,,,,,,,,,,,,,,,,,,,,,,,,,,,,,,,,,,,,,,,,,,,,
20220331,113,,,,000,共通部門,152,売掛金,20,清和商事株式会社,00,,1403080,0,,040,大阪支店,511,売上高,,,B5,,1403080,127552,3月1日～3月31日分売上,,,,,,,,,,,,,,,,,,,,,,,,,,,,,,,,,,,,,,,,,,,,,,,,,,,,,,
20220331,113,,,,000,共通部門,152,売掛金,28,株式会社青葉百貨店,00,,4383630,0,,040,大阪支店,511,売上高,,,B5,,4383630,398511,3月1日～3月31日分売上,,,,,,,,,,,,,,,,,,,,,,,,,,,,,,,,,,,,,,,,,,,,,,,,,,,,,,
20220331,113,,,,000,共通部門,152,売掛金,14,株式会社花咲商事,00,,3056284,0,,040,大阪支店,511,売上高,,,B5,,3056284,277844,3月1日～3月31日分売上,,,,,,,,,,,,,,,,,,,,,,,,,,,,,,,,,,,,,,,,,,,,,,,,,,,,,,
20220331,113,,,,000,共通部門,152,売掛金,3,青凪商事株式会社,00,,919254,0,,040,大阪支店,511,売上高,,,B5,,919254,83568,3月1日～3月31日分売上,,,,,,,,,,,,,,,,,,,,,,,,,,,,,,,,,,,,,,,,,,,,,,,,,,,,,,
20220331,113,,,,000,共通部門,152,売掛金,8,株式会社高原マーケット,00,,754741,0,,040,大阪支店,511,売上高,,,B5,,754741,68612,3月1日～3月31日分売上,,,,,,,,,,,,,,,,,,,,,,,,,,,,,,,,,,,,,,,,,,,,,,,,,,,,,,
20220331,113,,,,000,共通部門,152,売掛金,23,株式会社杉の木商店,00,,1008640,0,,040,大阪支店,511,売上高,,,B5,,1008640,91694,3月1日～3月31日分売上,,,,,,,,,,,,,,,,,,,,,,,,,,,,,,,,,,,,,,,,,,,,,,,,,,,,,,
20220331,114,,,,000,共通部門,152,売掛金,1,株式会社若葉百貨店,00,,5724549,0,,050,九州営業所,511,売上高,,,B5,,5724549,520413,3月1日～3月31日分売上,,,,,,,,,,,,,,,,,,,,,,,,,,,,,,,,,,,,,,,,,,,,,,,,,,,,,,
20220331,114,,,,000,共通部門,152,売掛金,14,株式会社花咲商事,00,,2722880,0,,050,九州営業所,511,売上高,,,B5,,2722880,247534,3月1日～3月31日分売上,,,,,,,,,,,,,,,,,,,,,,,,,,,,,,,,,,,,,,,,,,,,,,,,,,,,,,
20220331,114,,,,000,共通部門,152,売掛金,22,株式会社豊原産業,00,,2617248,0,,050,九州営業所,511,売上高,,,B5,,2617248,237931,3月1日～3月31日分売上,,,,,,,,,,,,,,,,,,,,,,,,,,,,,,,,,,,,,,,,,,,,,,,,,,,,,,
20220331,114,,,,000,共通部門,152,売掛金,29,株式会社小春サービス,00,,1721354,0,,050,九州営業所,511,売上高,,,B5,,1721354,156486,3月1日～3月31日分売上,,,,,,,,,,,,,,,,,,,,,,,,,,,,,,,,,,,,,,,,,,,,,,,,,,,,,,
20220331,115,,,,000,共通部門,131,普通預金,40,JKL銀行 梅田,00,,1289400,0,,000,共通部門,152,売掛金,4,株式会社ひなたマート,00,,1289400,0,3月31日伝票No478株式会社ひなたマート,,,,,,,,,,,,,,,,,,,,,,,,,,,,,,,,,,,,,,,,,,,,,,,,,,,,,,
20220331,115,,,,040,大阪支店,741,支払手数料,,,Q5,,840,76,,000,共通部門,152,売掛金,4,株式会社ひなたマート,00,,840,0,3月31日伝票No478株式会社ひなたマート,,,,,,,,,,,,,,,,,,,,,,,,,,,,,,,,,,,,,,,,,,,,,,,,,,,,,,
20220331,115,,,,040,大阪支店,752,保険料,,,P0,,64500,0,,000,共通部門,131,普通預金,40,JKL銀行 梅田,00,,64500,0,保険料,,,,,,,,,,,,,,,,,,,,,,,,,,,,,,,,,,,,,,,,,,,,,,,,,,,,,,
20220331,116,,,,000,共通部門,131,普通預金,10,DEF銀行 駅前,00,,1393258,0,,000,共通部門,152,売掛金,5,東雲商会株式会社,00,,1393258,0,3月31日伝票No479東雲商会株式会社,,,,,,,,,,,,,,,,,,,,,,,,,,,,,,,,,,,,,,,,,,,,,,,,,,,,,,
20220331,116,,,,010,札幌営業所,741,支払手数料,,,Q5,,840,76,,000,共通部門,152,売掛金,5,東雲商会株式会社,00,,840,0,3月31日伝票No479東雲商会株式会社,,,,,,,,,,,,,,,,,,,,,,,,,,,,,,,,,,,,,,,,,,,,,,,,,,,,,,
20220331,116,,,,040,大阪支店,744,リース料,,,Q5,,84000,7636,,000,共通部門,131,普通預金,40,JKL銀行 梅田,00,,84000,0,リース料,,,,,,,,,,,,,,,,,,,,,,,,,,,,,,,,,,,,,,,,,,,,,,,,,,,,,,
20220331,117,,,,000,共通部門,111,現金,,,00,,140000,0,,000,共通部門,152,売掛金,10,合同会社こもれび商事,00,,140000,0,3月31日伝票No480合同会社こもれび商事,,,,,,,,,,,,,,,,,,,,,,,,,,,,,,,,,,,,,,,,,,,,,,,,,,,,,,
20220331,118,,,,000,共通部門,150,受取手形,,,00,,7423367,0,,000,共通部門,152,売掛金,12,株式会社緑野百貨店,00,,7423367,0,3月31日伝票No481株式会社緑野百貨店 | 売上伝票=20220228-112;手形番号=R20220331-118-12,,,,,,,,,,,,,,,,,,,,,,,,,,,,,,,,,,,,,,,,,,,,,,,,,,,,,,
20220331,119,,,,000,共通部門,131,普通預金,20,ABC銀行 本店,00,,225990,0,,000,共通部門,152,売掛金,24,白峰商事株式会社,00,,225990,0,3月31日伝票No482白峰商事株式会社,,,,,,,,,,,,,,,,,,,,,,,,,,,,,,,,,,,,,,,,,,,,,,,,,,,,,,
20220331,119,,,,020,東京支店,741,支払手数料,,,Q5,,630,57,,000,共通部門,152,売掛金,24,白峰商事株式会社,00,,630,0,3月31日伝票No482白峰商事株式会社,,,,,,,,,,,,,,,,,,,,,,,,,,,,,,,,,,,,,,,,,,,,,,,,,,,,,,
20220331,120,,,,000,共通部門,131,普通預金,50,MNO銀行 北九州,00,,485810,0,,000,共通部門,152,売掛金,29,株式会社小春サービス,00,,485810,0,3月31日伝票No483株式会社小春サービス,,,,,,,,,,,,,,,,,,,,,,,,,,,,,,,,,,,,,,,,,,,,,,,,,,,,,,
20220331,120,,,,050,九州営業所,741,支払手数料,,,Q5,,210,19,,000,共通部門,152,売掛金,29,株式会社小春サービス,00,,210,0,3月31日伝票No483株式会社小春サービス,,,,,,,,,,,,,,,,,,,,,,,,,,,,,,,,,,,,,,,,,,,,,,,,,,,,,,
20220331,121,,,,010,札幌営業所,541,商品仕入高,,,Q5,,102816,9346,,000,共通部門,312,買掛金,8,株式会社白樺商事,00,,102816,0,3月1日～3月31日分仕入,,,,,,,,,,,,,,,,,,,,,,,,,,,,,,,,,,,,,,,,,,,,,,,,,,,,,,
20220331,121,,,,010,札幌営業所,541,商品仕入高,,,Q5,,161481,14680,,000,共通部門,312,買掛金,2,株式会社双葉物産,00,,161481,0,3月1日～3月31日分仕入,,,,,,,,,,,,,,,,,,,,,,,,,,,,,,,,,,,,,,,,,,,,,,,,,,,,,,
20220331,122,,,,020,東京支店,541,商品仕入高,,,Q5,,1604983,145907,,000,共通部門,312,買掛金,13,朝日野産業株式会社,00,,1604983,0,3月1日～3月31日分仕入,,,,,,,,,,,,,,,,,,,,,,,,,,,,,,,,,,,,,,,,,,,,,,,,,,,,,,
20220331,122,,,,020,東京支店,541,商品仕入高,,,Q5,,708722,64429,,000,共通部門,312,買掛金,2,株式会社双葉物産,00,,708722,0,3月1日～3月31日分仕入,,,,,,,,,,,,,,,,,,,,,,,,,,,,,,,,,,,,,,,,,,,,,,,,,,,,,,
20220331,122,,,,020,東京支店,541,商品仕入高,,,Q5,,3306604,300600,,000,共通部門,312,買掛金,14,合同会社あかね商会,00,,3306604,0,3月1日～3月31日分仕入,,,,,,,,,,,,,,,,,,,,,,,,,,,,,,,,,,,,,,,,,,,,,,,,,,,,,,
20220331,122,,,,020,東京支店,541,商品仕入高,,,Q5,,3861324,351029,,000,共通部門,312,買掛金,3,青凪商事株式会社,00,,3861324,0,3月1日～3月31日分仕入,,,,,,,,,,,,,,,,,,,,,,,,,,,,,,,,,,,,,,,,,,,,,,,,,,,,,,
20220331,122,,,,020,東京支店,541,商品仕入高,,,Q5,,7758109,705282,,000,共通部門,312,買掛金,1,株式会社北辰商事,00,,7758109,0,3月1日～3月31日分仕入,,,,,,,,,,,,,,,,,,,,,,,,,,,,,,,,,,,,,,,,,,,,,,,,,,,,,,
20220331,122,,,,020,東京支店,541,商品仕入高,,,Q5,,5736237,521476,,000,共通部門,312,買掛金,11,株式会社花園商会,00,,5736237,0,3月1日～3月31日分仕入,,,,,,,,,,,,,,,,,,,,,,,,,,,,,,,,,,,,,,,,,,,,,,,,,,,,,,
20220331,122,,,,020,東京支店,541,商品仕入高,,,Q5,,371183,33743,,000,共通部門,312,買掛金,12,株式会社泉川商事,00,,371183,0,3月1日～3月31日分仕入,,,,,,,,,,,,,,,,,,,,,,,,,,,,,,,,,,,,,,,,,,,,,,,,,,,,,,
20220331,122,,,,020,東京支店,541,商品仕入高,,,Q5,,46267,4206,,000,共通部門,312,買掛金,8,株式会社白樺商事,00,,46267,0,3月1日～3月31日分仕入,,,,,,,,,,,,,,,,,,,,,,,,,,,,,,,,,,,,,,,,,,,,,,,,,,,,,,
20220331,123,,,,030,名古屋支店,541,商品仕入高,,,Q5,,2437314,221574,,000,共通部門,312,買掛金,9,東原産業株式会社,00,,2437314,0,3月1日～3月31日分仕入,,,,,,,,,,,,,,,,,,,,,,,,,,,,,,,,,,,,,,,,,,,,,,,,,,,,,,
20220331,123,,,,030,名古屋支店,541,商品仕入高,,,Q5,,1591695,144699,,000,共通部門,312,買掛金,15,株式会社麦穂商事,00,,1591695,0,3月1日～3月31日分仕入,,,,,,,,,,,,,,,,,,,,,,,,,,,,,,,,,,,,,,,,,,,,,,,,,,,,,,
20220331,123,,,,030,名古屋支店,541,商品仕入高,,,Q5,,4231805,384709,,000,共通部門,312,買掛金,7,株式会社夕凪商会,00,,4231805,0,3月1日～3月31日分仕入,,,,,,,,,,,,,,,,,,,,,,,,,,,,,,,,,,,,,,,,,,,,,,,,,,,,,,
20220331,123,,,,030,名古屋支店,541,商品仕入高,,,Q5,,102816,9346,,000,共通部門,312,買掛金,8,株式会社白樺商事,00,,102816,0,3月1日～3月31日分仕入,,,,,,,,,,,,,,,,,,,,,,,,,,,,,,,,,,,,,,,,,,,,,,,,,,,,,,
20220331,123,,,,030,名古屋支店,541,商品仕入高,,,Q5,,320719,29156,,000,共通部門,312,買掛金,2,株式会社双葉物産,00,,320719,0,3月1日～3月31日分仕入,,,,,,,,,,,,,,,,,,,,,,,,,,,,,,,,,,,,,,,,,,,,,,,,,,,,,,
20220331,124,,,,040,大阪支店,541,商品仕入高,,,Q5,,4615320,419574,,000,共通部門,312,買掛金,6,株式会社日向産業,00,,4615320,0,3月1日～3月31日分仕入,,,,,,,,,,,,,,,,,,,,,,,,,,,,,,,,,,,,,,,,,,,,,,,,,,,,,,
20220331,124,,,,040,大阪支店,541,商品仕入高,,,Q5,,4402685,400244,,000,共通部門,312,買掛金,5,千草商事株式会社,00,,4402685,0,3月1日～3月31日分仕入,,,,,,,,,,,,,,,,,,,,,,,,,,,,,,,,,,,,,,,,,,,,,,,,,,,,,,
20220331,124,,,,040,大阪支店,541,商品仕入高,,,Q5,,1057191,96108,,000,共通部門,312,買掛金,4,株式会社和泉流通,00,,1057191,0,3月1日～3月31日分仕入,,,,,,,,,,,,,,,,,,,,,,,,,,,,,,,,,,,,,,,,,,,,,,,,,,,,,,
20220331,124,,,,040,大阪支店,541,商品仕入高,,,Q5,,154224,14020,,000,共通部門,312,買掛金,8,株式会社白樺商事,00,,154224,0,3月1日～3月31日分仕入,,,,,,,,,,,,,,,,,,,,,,,,,,,,,,,,,,,,,,,,,,,,,,,,,,,,,,
20220331,124,,,,040,大阪支店,541,商品仕入高,,,Q5,,3725251,338659,,000,共通部門,312,買掛金,10,光野販売株式会社,00,,3725251,0,3月1日～3月31日分仕入,,,,,,,,,,,,,,,,,,,,,,,,,,,,,,,,,,,,,,,,,,,,,,,,,,,,,,
20220331,124,,,,040,大阪支店,541,商品仕入高,,,Q5,,619008,56273,,000,共通部門,312,買掛金,2,株式会社双葉物産,00,,619008,0,3月1日～3月31日分仕入,,,,,,,,,,,,,,,,,,,,,,,,,,,,,,,,,,,,,,,,,,,,,,,,,,,,,,
20220331,124,,,,000,共通部門,312,買掛金,10,光野販売株式会社,00,,42840,0,,040,大阪支店,551,仕入値引戻し高,,,R5,,42840,3894,3月1日～3月31日分仕入,,,,,,,,,,,,,,,,,,,,,,,,,,,,,,,,,,,,,,,,,,,,,,,,,,,,,,
20220331,125,,,,050,九州営業所,541,商品仕入高,,,Q5,,217551,19777,,000,共通部門,312,買掛金,2,株式会社双葉物産,00,,217551,0,3月1日～3月31日分仕入,,,,,,,,,,,,,,,,,,,,,,,,,,,,,,,,,,,,,,,,,,,,,,,,,,,,,,
20220331,125,,,,050,九州営業所,541,商品仕入高,,,Q5,,102816,9346,,000,共通部門,312,買掛金,8,株式会社白樺商事,00,,102816,0,3月1日～3月31日分仕入,,,,,,,,,,,,,,,,,,,,,,,,,,,,,,,,,,,,,,,,,,,,,,,,,,,,,,
20220331,126,,,,000,共通部門,312,買掛金,2,株式会社双葉物産,00,,1586888,0,,000,共通部門,131,普通預金,20,ABC銀行 本店,00,,1586888,0,3月31日伝票No354株式会社双葉物産,,,,,,,,,,,,,,,,,,,,,,,,,,,,,,,,,,,,,,,,,,,,,,,,,,,,,,
20220331,127,,,,000,共通部門,312,買掛金,5,千草商事株式会社,00,,4236496,0,,000,共通部門,301,支払手形,,,00,,4236496,0,3月31日伝票No355千草商事株式会社,,,,,,,,,,,,,,,,,,,,,,,,,,,,,,,,,,,,,,,,,,,,,,,,,,,,,,
20220331,128,,,,000,共通部門,312,買掛金,7,株式会社夕凪商会,00,,3221820,0,,000,共通部門,131,普通預金,20,ABC銀行 本店,00,,3221820,0,3月31日伝票No356株式会社夕凪商会,,,,,,,,,,,,,,,,,,,,,,,,,,,,,,,,,,,,,,,,,,,,,,,,,,,,,,
20220331,129,,,,000,共通部門,312,買掛金,9,東原産業株式会社,00,,2042022,0,,000,共通部門,301,支払手形,,,00,,2042022,0,3月31日伝票No357東原産業株式会社,,,,,,,,,,,,,,,,,,,,,,,,,,,,,,,,,,,,,,,,,,,,,,,,,,,,,,
20220331,130,,,,000,共通部門,312,買掛金,10,光野販売株式会社,00,,2656388,0,,000,共通部門,131,普通預金,20,ABC銀行 本店,00,,2656388,0,3月31日伝票No358光野販売株式会社,,,,,,,,,,,,,,,,,,,,,,,,,,,,,,,,,,,,,,,,,,,,,,,,,,,,,,
20220331,131,,,,000,共通部門,312,買掛金,12,株式会社泉川商事,00,,255528,0,,000,共通部門,131,普通預金,20,ABC銀行 本店,00,,255528,0,3月31日伝票No359株式会社泉川商事,,,,,,,,,,,,,,,,,,,,,,,,,,,,,,,,,,,,,,,,,,,,,,,,,,,,,,
20220331,132,,,,000,共通部門,312,買掛金,13,朝日野産業株式会社,00,,1909347,0,,000,共通部門,131,普通預金,20,ABC銀行 本店,00,,1909347,0,3月31日伝票No360朝日野産業株式会社,,,,,,,,,,,,,,,,,,,,,,,,,,,,,,,,,,,,,,,,,,,,,,,,,,,,,,
20220331,133,,,,000,共通部門,312,買掛金,14,合同会社あかね商会,00,,3385746,0,,000,共通部門,131,普通預金,20,ABC銀行 本店,00,,3385746,0,3月31日伝票No361合同会社あかね商会,,,,,,,,,,,,,,,,,,,,,,,,,,,,,,,,,,,,,,,,,,,,,,,,,,,,,,
20220331,134,,,,000,共通部門,312,買掛金,15,株式会社麦穂商事,00,,1144940,0,,000,共通部門,131,普通預金,20,ABC銀行 本店,00,,1144940,0,3月31日伝票No362株式会社麦穂商事,,,,,,,,,,,,,,,,,,,,,,,,,,,,,,,,,,,,,,,,,,,,,,,,,,,,,,
20220331,135,,,,000,共通部門,322,未払金,,,00,,6887180,0,,000,共通部門,131,普通預金,20,ABC銀行 本店,00,,6887180,0,2月分支払,,,,,,,,,,,,,,,,,,,,,,,,,,,,,,,,,,,,,,,,,,,,,,,,,,,,,,
20220331,137,,,,000,共通部門,301,支払手形,,,00,,4897778,0,,000,共通部門,121,当座預金,1,ABC銀行,00,,4897778,0,手形期日落日 千草商事株式会社,,,,,,,,,,,,,,,,,,,,,,,,,,,,,,,,,,,,,,,,,,,,,,,,,,,,,,
20220331,137,,,,000,共通部門,301,支払手形,,,00,,2224739,0,,000,共通部門,121,当座預金,1,ABC銀行,00,,2224739,0,手形期日落日 東原産業株式会社,,,,,,,,,,,,,,,,,,,,,,,,,,,,,,,,,,,,,,,,,,,,,,,,,,,,,,
20220331,137,,,,000,共通部門,301,支払手形,,,00,,3791833,0,,000,共通部門,121,当座預金,1,ABC銀行,00,,3791833,0,手形期日落日 光野販売株式会社,,,,,,,,,,,,,,,,,,,,,,,,,,,,,,,,,,,,,,,,,,,,,,,,,,,,,,
20220331,138,,,,000,共通部門,171,商品,,,00,,63025546,0,,010,札幌営業所,561,期末商品棚卸高,,,00,,7889283,0,期末在庫(札幌),,,,,,,,,,,,,,,,,,,,,,,,,,,,,,,,,,,,,,,,,,,,,,,,,,,,,,
20220331,138,,,,,,,,,,,,,,,020,東京支店,561,期末商品棚卸高,,,00,,32429735,0,期末在庫(東京),,,,,,,,,,,,,,,,,,,,,,,,,,,,,,,,,,,,,,,,,,,,,,,,,,,,,,
20220331,138,,,,,,,,,,,,,,,030,名古屋支店,561,期末商品棚卸高,,,00,,6035795,0,期末在庫(名古屋),,,,,,,,,,,,,,,,,,,,,,,,,,,,,,,,,,,,,,,,,,,,,,,,,,,,,,
20220331,138,,,,,,,,,,,,,,,040,大阪支店,561,期末商品棚卸高,,,00,,12830339,0,期末在庫(大阪),,,,,,,,,,,,,,,,,,,,,,,,,,,,,,,,,,,,,,,,,,,,,,,,,,,,,,
20220331,138,,,,,,,,,,,,,,,050,九州営業所,561,期末商品棚卸高,,,00,,3840394,0,期末在庫(九州),,,,,,,,,,,,,,,,,,,,,,,,,,,,,,,,,,,,,,,,,,,,,,,,,,,,,,
20220331,141,,,,000,共通部門,121,当座預金,1,ABC銀行,00,,17510543,0,,000,共通部門,150,受取手形,,,00,,17510543,0,手形満期 株式会社緑野百貨店 | 手形番号=R20220131-120-12;受取額に決済額を訂正,,,,,,,,,,,,,,,,,,,,,,,,,,,,,,,,,,,,,,,,,,,,,,,,,,,,,,
20220331,143,,,,000,共通部門,121,当座預金,1,ABC銀行,00,,14000000,0,,000,共通部門,131,普通預金,10,DEF銀行 駅前,00,,5000000,0,資金移動,,,,,,,,,,,,,,,,,,,,,,,,,,,,,,,,,,,,,,,,,,,,,,,,,,,,,,
20220331,143,,,,,,,,,,,,,,,000,共通部門,131,普通預金,40,JKL銀行 梅田,00,,6000000,0,資金移動,,,,,,,,,,,,,,,,,,,,,,,,,,,,,,,,,,,,,,,,,,,,,,,,,,,,,,
20220331,143,,,,,,,,,,,,,,,000,共通部門,131,普通預金,50,MNO銀行 北九州,00,,3000000,0,,,,,,,,,,,,,,,,,,,,,,,,,,,,,,,,,,,,,,,,,,,,,,,,,,,,,,,
20220331,145,,,,050,九州営業所,731,運賃,,,Q5,,635600,57781,,000,共通部門,322,未払金,,,00,,635600,0,運賃,,,,,,,,,,,,,,,,,,,,,,,,,,,,,,,,,,,,,,,,,,,,,,,,,,,,,,
20220331,146,,,,000,共通部門,131,普通預金,20,ABC銀行 本店,00,,40000,0,,000,共通部門,183,短期貸付金,,,00,,90000,0,貸付金返済,,,,,,,,,,,,,,,,,,,,,,,,,,,,,,,,,,,,,,,,,,,,,,,,,,,,,,
20220331,146,,,,000,共通部門,131,普通預金,20,ABC銀行 本店,00,,50000,0,,,,,,,,,,,,貸付金返済,,,,,,,,,,,,,,,,,,,,,,,,,,,,,,,,,,,,,,,,,,,,,,,,,,,,,,
20220331,149,,,,020,東京支店,763,減価償却費,,,00,,164000,0,,000,共通部門,213,構築物,,,00,,164000,0,減価償却費,,,,,,,,,,,,,,,,,,,,,,,,,,,,,,,,,,,,,,,,,,,,,,,,,,,,,,
20220331,149,,,,020,東京支店,763,減価償却費,,,00,,955962,0,,000,共通部門,216,工具器具備品,,,00,,955962,0,減価償却費,,,,,,,,,,,,,,,,,,,,,,,,,,,,,,,,,,,,,,,,,,,,,,,,,,,,,,
20220331,150,,,,000,共通部門,148,定期積金,,,00,,500000,0,,000,共通部門,131,普通預金,20,ABC銀行 本店,00,,865000,0,定期積立金,,,,,,,,,,,,,,,,,,,,,,,,,,,,,,,,,,,,,,,,,,,,,,,,,,,,,,
20220331,150,,,,000,共通部門,148,定期積金,,,00,,240000,0,,,,,,,,,,,,新規定期積立金,,,,,,,,,,,,,,,,,,,,,,,,,,,,,,,,,,,,,,,,,,,,,,,,,,,,,,
20220331,150,,,,000,共通部門,248,保険積立金,,,00,,125000,0,,,,,,,,,,,,保険積立金,,,,,,,,,,,,,,,,,,,,,,,,,,,,,,,,,,,,,,,,,,,,,,,,,,,,,,
20220331,151,,,,000,共通部門,321,短期借入金,,,00,,653500,0,,000,共通部門,121,当座預金,1,ABC銀行,00,,686175,0,借入金返済,,,,,,,,,,,,,,,,,,,,,,,,,,,,,,,,,,,,,,,,,,,,,,,,,,,,,,
20220331,151,,,,020,東京支店,821,支払利息,,,P0,,32675,0,,,,,,,,,,,,利息,,,,,,,,,,,,,,,,,,,,,,,,,,,,,,,,,,,,,,,,,,,,,,,,,,,,,,
20220331,152,,,,000,共通部門,341,長期借入金,,,00,,7000000,0,,000,共通部門,121,当座預金,1,ABC銀行,00,,7490000,0,長期借入金返済,,,,,,,,,,,,,,,,,,,,,,,,,,,,,,,,,,,,,,,,,,,,,,,,,,,,,,
20220331,152,,,,000,共通部門,821,支払利息,,,P0,,490000,0,,,,,,,,,,,,長期借入金　利息,,,,,,,,,,,,,,,,,,,,,,,,,,,,,,,,,,,,,,,,,,,,,,,,,,,,,,
20220331,153,,,,000,共通部門,143,定期預金,,,00,,18000000,0,,000,共通部門,121,当座預金,1,ABC銀行,00,,18000000,0,新規定期預金,,,,,,,,,,,,,,,,,,,,,,,,,,,,,,,,,,,,,,,,,,,,,,,,,,,,,,
20220331,301,,,,010,札幌営業所,531,期首商品棚卸高,,,00,,7858401,0,,000,共通部門,171,商品,,,00,,63013226,0,在庫振替(札幌),,,,,,,,,,,,,,,,,,,,,,,,,,,,,,,,,,,,,,,,,,,,,,,,,,,,,,
20220331,301,,,,020,東京支店,531,期首商品棚卸高,,,00,,31348594,0,,,,,,,,,,,,在庫振替(東京),,,,,,,,,,,,,,,,,,,,,,,,,,,,,,,,,,,,,,,,,,,,,,,,,,,,,,
20220331,301,,,,030,名古屋支店,531,期首商品棚卸高,,,00,,5606387,0,,,,,,,,,,,,在庫振替(名古屋),,,,,,,,,,,,,,,,,,,,,,,,,,,,,,,,,,,,,,,,,,,,,,,,,,,,,,
20220331,301,,,,040,大阪支店,531,期首商品棚卸高,,,00,,13493680,0,,,,,,,,,,,,在庫振替(大阪),,,,,,,,,,,,,,,,,,,,,,,,,,,,,,,,,,,,,,,,,,,,,,,,,,,,,,
20220331,301,,,,050,九州営業所,531,期首商品棚卸高,,,00,,4706164,0,,,,,,,,,,,,在庫振替(九州),,,,,,,,,,,,,,,,,,,,,,,,,,,,,,,,,,,,,,,,,,,,,,,,,,,,,,
20220331,990012,,,,010,札幌営業所,713,賞与,,,00,,110000,0,,010,札幌営業所,337,賞与引当金,,,00,,110000,0,サンプル定義：賞与半年均等引当 202203 部門010,,,,,,,,,,,,,,,,,,,,,,,,,,,,,,,,,,,,,,,,,,,,,,,,,,,,,,
20220331,990012,,,,020,東京支店,713,賞与,,,00,,261667,0,,020,東京支店,337,賞与引当金,,,00,,261667,0,サンプル定義：賞与半年均等引当 202203 部門020,,,,,,,,,,,,,,,,,,,,,,,,,,,,,,,,,,,,,,,,,,,,,,,,,,,,,,
20220331,990012,,,,030,名古屋支店,713,賞与,,,00,,102667,0,,030,名古屋支店,337,賞与引当金,,,00,,102667,0,サンプル定義：賞与半年均等引当 202203 部門030,,,,,,,,,,,,,,,,,,,,,,,,,,,,,,,,,,,,,,,,,,,,,,,,,,,,,,
20220331,990012,,,,040,大阪支店,713,賞与,,,00,,120333,0,,040,大阪支店,337,賞与引当金,,,00,,120333,0,サンプル定義：賞与半年均等引当 202203 部門040,,,,,,,,,,,,,,,,,,,,,,,,,,,,,,,,,,,,,,,,,,,,,,,,,,,,,,
20220331,990012,,,,050,九州営業所,713,賞与,,,00,,79000,0,,050,九州営業所,337,賞与引当金,,,00,,79000,0,サンプル定義：賞与半年均等引当 202203 部門050,,,,,,,,,,,,,,,,,,,,,,,,,,,,,,,,,,,,,,,,,,,,,,,,,,,,,,
20220331,990001,,,,,,821,支払利息,,,00,,817010,0,,,,131,普通預金,,,00,,817010,0,サンプル仮定：追加借入23343150円×年3.5％、通年、年度末支払,,,,,,,,,,,,,,,,,,,,,,,,,,,,,,,,,,,,,,,,,,,,,,,,,,,,,,
20220331,990002,,,,,,738,租税公課,,,00,,13556343,0,,,,336,未払消費税等,,,00,,13556343,0,当年度消費税概算：税込経理、原本税額欄集計、一般課税・対象仕入税額全額控除を仮定,,,,,,,,,,,,,,,,,,,,,,,,,,,,,,,,,,,,,,,,,,,,,,,,,,,,,,
20220331,990003,,,,,,951,法人税、住民税及び事業税（概算）,,,00,,5004173,0,,,,328,未払法人税等,,,00,,5004173,0,法人税等サンプル概算：税引前利益×30％。法定税率・申告税額ではない,,,,,,,,,,,,,,,,,,,,,,,,,,,,,,,,,,,,,,,,,,,,,,,,,,,,,,
