source_sequence,source_module,source_level,source_type,source_identifier,source_name,source_datatype,source_multiplicity,source_definition,source_semantic_path,source_class_term,target_sequence,target_module,target_level,target_type,target_identifier,target_name,target_datatype,target_multiplicity,target_definition,target_semantic_path,target_class_term,transformation,mapping_status,confidence,reason_codes,review_note
1,en16931,1,C,,Invoice,,1..1,"Project-defined Invoice in the Invoice context, represented as structured information.",$.invoice,Invoice,1,btx,1,C,,Business Transactions,,1..*,"Economic event represented by one or more business documents and corresponding accounting entries, such as orders, shipments, invoices, and journal entries.",$.btx_BusinessTransactions,Business Transactions,identity,STRUCTURAL,,,v10 current-taxonomy re-review: executable structural correspondence; transformation is explicitly identity and the full selector-bearing Class path defines the target occurrence.
2,en16931,2,A,,Invoice number,Identifier,1..1,"Project-defined Invoice number in the Invoice context, represented as Identifier.",$.invoice.invoiceNumber,Invoice,152,btx,3,A,,Header Document Number,String,0..1,"Invoice, check, voucher, or other source document identifier",$.btx_BusinessTransactions.btx_TransactionHeader.btx_HeaderDocumentNumber,Transaction_ Header,identity,EXACT,HIGH,,
3,en16931,2,A,,Invoice issue date,Date,1..1,"Project-defined Invoice issue date in the Invoice context, represented as Date.",$.invoice.invoiceIssueDate,Invoice,,,,,,,,,,,,,NO_TARGET,LOW,R_SEMANTIC_GAP,477-row HMD and current FSM/BSM/reviewed-LHM were searched; similar fields have different document/context semantics. Original blocker=B5_SEMANTIC_GAP. Alternative candidates (not approved): 134:$.btx_BusinessTransactions.btx_EntityParty.cor_SpecifiedReportingCalendar.bus_ReportingCalendarPeriod.bus_PeriodStartDate (Period Start Date); 8:$.btx_BusinessTransactions.btx_DocumentInformation.cor_CreationDate (Creation Date); 160:$.btx_BusinessTransactions.btx_TransactionHeader.btx_ReferencedDocument.btx_ReceivedDate (Received Date)
4,en16931,2,A,,Invoice type code,Code,1..1,"Project-defined Invoice type code in the Invoice context, represented as Code.",$.invoice.invoiceTypeCode,Invoice,151,btx,3,A,,Header Invoice Type,Token,0..1,"Invoice Type  (self-billed, ePoS enumerated values)",$.btx_BusinessTransactions.btx_TransactionHeader.btx_HeaderInvoiceType,Transaction_ Header,identity,EXACT,HIGH,,
5,en16931,2,A,,Document currency code,Code,1..1,"Project-defined Document currency code in the Invoice context, represented as Code.",$.invoice.documentCurrencyCode,Invoice,255,btx,4,A,,Currency Code,Token,0..1,"Code specifying the currency in which the amount is expressed, typically an ISO 4217 currency code.",$.btx_BusinessTransactions.btx_TransactionHeader.btx_HeaderAmountStructure.btx_CurrencyCode,Header_ Amount Structure,,REVIEW_REQUIRED,LOW,R_TARGET_CANDIDATE_WEAK | R_MULTIPLICITY_REVIEW | R_DATATYPE_MATCH,"v10 current-taxonomy re-review: Not executable because R_TARGET_CANDIDATE_WEAK, R_MULTIPLICITY_REVIEW. Current selector evidence: no equality selector. No mapping is inferred."
6,en16931,2,A,,Tax accounting currency code,Code,0..1,"Project-defined Tax accounting currency code in the Invoice context, represented as Code.",$.invoice.taxAccountingCurrencyCode,Invoice,,,,,,,,,,,,,NO_TARGET,LOW,R_SEMANTIC_GAP,v14: misleading weak target rejected; no semantically valid target in accepted 477-row HMD.
7,en16931,2,A,,Value added tax point date,Date,0..1,"Project-defined Value added tax point date in the Invoice context, represented as Date.",$.invoice.valueAddedTaxPointDate,Invoice,,,,,,,,,,,,,NO_TARGET,LOW,R_SEMANTIC_GAP,477-row HMD and current FSM/BSM/reviewed-LHM were searched; similar fields have different document/context semantics. Original blocker=B5_SEMANTIC_GAP. Alternative candidates (not approved): 238:$.btx_BusinessTransactions.btx_TransactionHeader.btx_HeaderTax.btx_TaxPercentageRate (Tax Percentage Rate); 420:$.btx_BusinessTransactions.btx_TransactionHeader.btx_TransactionDetail.btx_DetailTax.btx_TaxPercentageRate (Tax Percentage Rate); 243:$.btx_BusinessTransactions.btx_TransactionHeader.btx_HeaderTax.btx_TaxExchangeRateDate (Tax Exchange Rate Date)
8,en16931,2,A,,Value added tax point date code,Code,0..1,"Project-defined Value added tax point date code in the Invoice context, represented as Code.",$.invoice.valueAddedTaxPointDateCode,Invoice,,,,,,,,,,,,,NO_TARGET,LOW,R_SEMANTIC_GAP,477-row HMD and current FSM/BSM/reviewed-LHM were searched; similar fields have different document/context semantics. Original blocker=B5_SEMANTIC_GAP. Alternative candidates (not approved): 439:$.btx_BusinessTransactions.btx_TransactionHeader.btx_TransactionDetail.btx_DetailTax.btx_TaxExemptionReasonCode (Tax Exemption Reason Code); 234:$.btx_BusinessTransactions.btx_TransactionHeader.btx_HeaderTax.btx_TaxTableCode (Tax Table Code); 416:$.btx_BusinessTransactions.btx_TransactionHeader.btx_TransactionDetail.btx_DetailTax.btx_TaxTableCode (Tax Table Code)
9,en16931,2,A,,Payment due date,Date,0..1,"Project-defined Payment due date in the Invoice context, represented as Date.",$.invoice.paymentDueDate,Invoice,176,btx,3,A,,Header Maturity Date or Date Due,Date Time,0..1,Due date or other maturity date.,$.btx_BusinessTransactions.btx_TransactionHeader.btx_HeaderMaturityDateorDateDue,Transaction_ Header,date_to_midnight,TRANSFORM,HIGH,,
10,en16931,2,A,,Buyer reference,Text,0..1,"Project-defined Buyer reference in the Invoice context, represented as Text.",$.invoice.buyerReference,Invoice,,,,,,,,,,,,,NO_TARGET,LOW,R_SEMANTIC_GAP,v14: misleading weak target rejected; no semantically valid target in accepted 477-row HMD.
11,en16931,2,A,,Project reference,Identifier,0..1,"Project-defined Project reference in the Invoice context, represented as Identifier.",$.invoice.projectReference,Invoice,157,btx,4,A,PK,Document Number,String,0..1,Document number,"$.btx_BusinessTransactions.btx_TransactionHeader.btx_ReferencedDocument[btx_DocumentType=""other""][btx_ReferencePurpose=""project""].btx_DocumentNumber",Referenced Document,identity,EXACT,HIGH,,v10 current-taxonomy re-review: semantic meaning and direct target Attribute reviewed; selected target occurrence is reconstructible from the full semantic_path; datatype is a lossless XBRL binding-compatible representation; source-to-target-to-source multiplicity is preserved. Current selector evidence: btx_DocumentType=other:Document_Type:PASS; btx_ReferencePurpose=project:Reference_Purpose:PASS. Previously recorded EE1/discriminator blockers are resolved by the accepted 477-row HMD and EE1 taxonomy.
12,en16931,2,A,,Contract reference,Identifier,0..1,"Project-defined Contract reference in the Invoice context, represented as Identifier.",$.invoice.contractReference,Invoice,157,btx,4,A,PK,Document Number,String,0..1,Document number,"$.btx_BusinessTransactions.btx_TransactionHeader.btx_ReferencedDocument[btx_DocumentType=""other""][btx_ReferencePurpose=""contract""].btx_DocumentNumber",Referenced Document,identity,EXACT,HIGH,,v10 current-taxonomy re-review: semantic meaning and direct target Attribute reviewed; selected target occurrence is reconstructible from the full semantic_path; datatype is a lossless XBRL binding-compatible representation; source-to-target-to-source multiplicity is preserved. Current selector evidence: btx_DocumentType=other:Document_Type:PASS; btx_ReferencePurpose=contract:Reference_Purpose:PASS. Previously recorded EE1/discriminator blockers are resolved by the accepted 477-row HMD and EE1 taxonomy.
13,en16931,2,A,,Purchase order reference,Identifier,0..1,"Project-defined Purchase order reference in the Invoice context, represented as Identifier.",$.invoice.purchaseOrderReference,Invoice,157,btx,4,A,PK,Document Number,String,0..1,Document number,"$.btx_BusinessTransactions.btx_TransactionHeader.btx_ReferencedDocument[btx_DocumentType=""order-vendor""].btx_DocumentNumber",Referenced Document,identity,EXACT,HIGH,,v10 current-taxonomy re-review: semantic meaning and direct target Attribute reviewed; selected target occurrence is reconstructible from the full semantic_path; datatype is a lossless XBRL binding-compatible representation; source-to-target-to-source multiplicity is preserved. Current selector evidence: btx_DocumentType=order-vendor:Document_Type:PASS. Previously recorded EE1/discriminator blockers are resolved by the accepted 477-row HMD and EE1 taxonomy.
14,en16931,2,A,,Sales order reference,Identifier,0..1,"Project-defined Sales order reference in the Invoice context, represented as Identifier.",$.invoice.salesOrderReference,Invoice,157,btx,4,A,PK,Document Number,String,0..1,Document number,"$.btx_BusinessTransactions.btx_TransactionHeader.btx_ReferencedDocument[btx_DocumentType=""order-customer""].btx_DocumentNumber",Referenced Document,identity,EXACT,HIGH,,v10 current-taxonomy re-review: semantic meaning and direct target Attribute reviewed; selected target occurrence is reconstructible from the full semantic_path; datatype is a lossless XBRL binding-compatible representation; source-to-target-to-source multiplicity is preserved. Current selector evidence: btx_DocumentType=order-customer:Document_Type:PASS. Previously recorded EE1/discriminator blockers are resolved by the accepted 477-row HMD and EE1 taxonomy.
15,en16931,2,A,,Receiving advice reference,Identifier,0..1,"Project-defined Receiving advice reference in the Invoice context, represented as Identifier.",$.invoice.receivingAdviceReference,Invoice,157,btx,4,A,PK,Document Number,String,0..1,Document number,"$.btx_BusinessTransactions.btx_TransactionHeader.btx_ReferencedDocument[btx_DocumentType=""receipt""].btx_DocumentNumber",Referenced Document,identity,EXACT,HIGH,,v10 current-taxonomy re-review: semantic meaning and direct target Attribute reviewed; selected target occurrence is reconstructible from the full semantic_path; datatype is a lossless XBRL binding-compatible representation; source-to-target-to-source multiplicity is preserved. Current selector evidence: btx_DocumentType=receipt:Document_Type:PASS. Previously recorded EE1/discriminator blockers are resolved by the accepted 477-row HMD and EE1 taxonomy.
16,en16931,2,A,,Despatch advice reference,Identifier,0..1,"Project-defined Despatch advice reference in the Invoice context, represented as Identifier.",$.invoice.despatchAdviceReference,Invoice,157,btx,4,A,PK,Document Number,String,0..1,Document number,"$.btx_BusinessTransactions.btx_TransactionHeader.btx_ReferencedDocument[btx_DocumentType=""shipment""].btx_DocumentNumber",Referenced Document,identity,EXACT,HIGH,,v10 current-taxonomy re-review: semantic meaning and direct target Attribute reviewed; selected target occurrence is reconstructible from the full semantic_path; datatype is a lossless XBRL binding-compatible representation; source-to-target-to-source multiplicity is preserved. Current selector evidence: btx_DocumentType=shipment:Document_Type:PASS. Previously recorded EE1/discriminator blockers are resolved by the accepted 477-row HMD and EE1 taxonomy.
17,en16931,2,A,,Tender or lot reference,Identifier,0..1,"Project-defined Tender or lot reference in the Invoice context, represented as Identifier.",$.invoice.tenderOrLotReference,Invoice,157,btx,4,A,PK,Document Number,String,0..1,Document number,"$.btx_BusinessTransactions.btx_TransactionHeader.btx_ReferencedDocument[btx_DocumentType=""other""][btx_ReferencePurpose=""tenderOrLot""].btx_DocumentNumber",Referenced Document,identity,EXACT,HIGH,,v10 current-taxonomy re-review: semantic meaning and direct target Attribute reviewed; selected target occurrence is reconstructible from the full semantic_path; datatype is a lossless XBRL binding-compatible representation; source-to-target-to-source multiplicity is preserved. Current selector evidence: btx_DocumentType=other:Document_Type:PASS; btx_ReferencePurpose=tenderOrLot:Reference_Purpose:PASS. Previously recorded EE1/discriminator blockers are resolved by the accepted 477-row HMD and EE1 taxonomy.
18,en16931,2,A,,Invoiced object identifier,Identifier,0..1,"Project-defined Invoiced object identifier in the Invoice context, represented as Identifier.",$.invoice.invoicedObjectIdentifier,Invoice,,,,,,,,,,,,,NO_TARGET,LOW,R_SEMANTIC_GAP | R_MODEL_EXTENSION_CANDIDATE,v14: misleading weak target rejected; separate model extension approval required.
19,en16931,2,A,,Scheme identifier,Identifier,0..1,"Project-defined Scheme identifier in the Invoice context, represented as Identifier.",$.invoice.invoicedObjectIdentifierSchemeIdentifier,Invoice,,,,,,,,,,,,,NO_TARGET,LOW,R_SEMANTIC_GAP | R_MODEL_EXTENSION_CANDIDATE,v14: misleading weak target rejected; separate model extension approval required.
20,en16931,2,A,,Buyer accounting reference,Text,0..1,"Project-defined Buyer accounting reference in the Invoice context, represented as Text.",$.invoice.buyerAccountingReference,Invoice,,,,,,,,,,,,,NO_TARGET,LOW,R_SEMANTIC_GAP,v14: misleading weak target rejected; no semantically valid target in accepted 477-row HMD.
21,en16931,2,A,,Payment terms,Text,0..1,"Project-defined Payment terms in the Invoice context, represented as Text.",$.invoice.paymentTerms,Invoice,177,btx,3,A,,Header Payment Terms,String,0..1,Discount/payment terms.,$.btx_BusinessTransactions.btx_TransactionHeader.btx_HeaderPaymentTerms,Transaction_ Header,identity,EXACT,HIGH,,
22,en16931,2,C,,Invoice note,,0..*,"Project-defined Invoice note in the Invoice note context, represented as structured information.",$.invoice.invoiceNote,Invoice note,,,,,,,,,,,,,STRUCTURAL,,,EN CIUS HMD Class row retained for complete source-HMD coverage. v10: source grouping Class retained. No separate target-only structural row is emitted; each mapped descendant carries its complete target semantic_path.
23,en16931,3,A,,Invoice note subject code,Code,0..1,"Project-defined Invoice note subject code in the Invoice note context, represented as Code.",$.invoice.invoiceNote.invoiceNoteSubjectCode,Invoice note,,,,,,,,,,,,,NO_TARGET,LOW,R_SEMANTIC_GAP | R_MODEL_EXTENSION_CANDIDATE,v15 final review: existing target rejected; separate semantic-model approval is required.
24,en16931,3,A,,Invoice note,Text,1..1,"Project-defined Invoice note in the Invoice note context, represented as Text.",$.invoice.invoiceNote.invoiceNote,Invoice note,468,btx,4,A,,Comment Content,String,0..1,Content of the Rich Text Comment.,$.btx_BusinessTransactions.btx_TransactionHeader.btx_HeaderRichTextComment.btx_CommentContent,Header_ Rich Text Comment,,REVIEW_REQUIRED,HIGH,R_SEMANTIC_MATCH | R_CONTEXT_MATCH | R_MULTIPLICITY_REVIEW | R_DATATYPE_MATCH,v10 current-taxonomy re-review: resolved: HMD-derived repeatable-ancestor propagation is accepted. Not executable because R_MULTIPLICITY_REVIEW. Current selector evidence: no equality selector. No mapping is inferred.
25,en16931,2,C,,Process control,,1..1,"Project-defined Process control in the Process control context, represented as structured information.",$.invoice.processControl,Process control,,,,,,,,,,,,,STRUCTURAL,,,EN CIUS HMD Class row retained for complete source-HMD coverage. v10: source grouping Class retained. No separate target-only structural row is emitted; each mapped descendant carries its complete target semantic_path.
26,en16931,3,A,,Business process type,Identifier,0..1,"Project-defined Business process type in the Process control context, represented as Identifier.",$.invoice.processControl.businessProcessType,Process control,464,btx,3,A,,Business Process Type,Identifier,0..1,"Type or context of the business process to which the business transaction belongs; distinct from document type, invoice subtype, and transaction entry type.",$.btx_BusinessTransactions.btx_TransactionHeader.btx_BusinessProcessType,Transaction_ Header,identity,EXACT,HIGH,,
27,en16931,3,A,,Specification identifier,Identifier,1..1,"Project-defined Specification identifier in the Process control context, represented as Identifier.",$.invoice.processControl.specificationIdentifier,Process control,,,,,,,,,,,,,NO_TARGET,LOW,R_SEMANTIC_GAP,477-row HMD and current FSM/BSM/reviewed-LHM were searched; similar fields have different document/context semantics. Original blocker=B5_SEMANTIC_GAP. Alternative candidates (not approved): 231:$.btx_BusinessTransactions.btx_TransactionHeader.btx_HeaderIdentifierReference.btx_RegisteredIdentifier.btx_IdentificationScheme (Identification Scheme); 353:$.btx_BusinessTransactions.btx_TransactionHeader.btx_TransactionDetail.btx_DetailIdentifierReference.btx_RegisteredIdentifier.btx_IdentificationScheme (Identification Scheme); 38:$.btx_BusinessTransactions.btx_EntityParty.cor_RegisteredOrganizationIdentifier.bus_OrganizationIdentifierCode (Organization Identifier Code)
28,en16931,2,C,,Preceding invoice reference,,0..*,"Project-defined Preceding invoice reference in the Preceding invoice reference context, represented as structured information.",$.invoice.precedingInvoiceReference,Preceding invoice reference,155,btx,3,C,,Referenced Document,,0..*,Reference for the document; number assigned to track the document,"$.btx_BusinessTransactions.btx_TransactionHeader.btx_ReferencedDocument[btx_DocumentType=""invoice""]",Referenced Document,identity,STRUCTURAL,HIGH,R_DISCRIMINATOR_REQUIRED,v10 current-taxonomy re-review: executable structural correspondence; transformation is explicitly identity and the full selector-bearing Class path defines the target occurrence.
29,en16931,3,A,,Preceding invoice reference,Identifier,1..1,"Project-defined Preceding invoice reference in the Preceding invoice reference context, represented as Identifier.",$.invoice.precedingInvoiceReference.precedingInvoiceReference,Preceding invoice reference,157,btx,4,A,PK,Document Number,String,0..1,Document number,"$.btx_BusinessTransactions.btx_TransactionHeader.btx_ReferencedDocument[btx_DocumentType=""invoice""].btx_DocumentNumber",Referenced Document,identity,EXACT,HIGH,,v10 current-taxonomy re-review: semantic meaning and direct target Attribute reviewed; selected target occurrence is reconstructible from the full semantic_path; datatype is a lossless XBRL binding-compatible representation; source-to-target-to-source multiplicity is preserved. Current selector evidence: btx_DocumentType=invoice:Document_Type:PASS. Previously recorded EE1/discriminator blockers are resolved by the accepted 477-row HMD and EE1 taxonomy.
30,en16931,3,A,,Preceding invoice issue date,Date,0..1,"Project-defined Preceding invoice issue date in the Preceding invoice reference context, represented as Date.",$.invoice.precedingInvoiceReference.precedingInvoiceIssueDate,Preceding invoice reference,158,btx,4,A,,Document Date,Date,0..1,Document date,"$.btx_BusinessTransactions.btx_TransactionHeader.btx_ReferencedDocument[btx_DocumentType=""invoice""].btx_DocumentDate",Referenced Document,identity,EXACT,HIGH,,v10 current-taxonomy re-review: semantic meaning and direct target Attribute reviewed; selected target occurrence is reconstructible from the full semantic_path; datatype is a lossless XBRL binding-compatible representation; source-to-target-to-source multiplicity is preserved. Current selector evidence: btx_DocumentType=invoice:Document_Type:PASS. Previously recorded EE1/discriminator blockers are resolved by the accepted 477-row HMD and EE1 taxonomy.
31,en16931,2,C,,Seller,,1..1,"Project-defined Seller in the Seller context, represented as structured information.",$.invoice.seller,Seller,24,btx,2,C,,Entity_ Party,,0..1,Holder for entity information - information about the reporting organization.,"$.btx_BusinessTransactions.btx_EntityParty[btx_EntityPartyType=""seller""]",Entity_ Party,identity,STRUCTURAL,HIGH,R_DISCRIMINATOR_REQUIRED | R_MULTIPLICITY_REVIEW,v10 current-taxonomy re-review: executable structural correspondence; transformation is explicitly identity and the full selector-bearing Class path defines the target occurrence.
32,en16931,3,A,,Seller name,Text,1..1,"Project-defined Seller name in the Seller context, represented as Text.",$.invoice.seller.sellerName,Seller,25,btx,3,A,,Party Name,String,0..1,Name of the party,"$.btx_BusinessTransactions.btx_EntityParty[btx_EntityPartyType=""seller""].btx_PartyName",Entity_ Party,identity,EXACT,HIGH,R_DATATYPE_MATCH | R_SEMANTIC_MATCH | R_CONTEXT_MATCH | R_SELECTOR_QUALIFIED_OCCURRENCE | R_MULTIPLICITY_EN_ROUNDTRIP_RESOLVED,v12 Party semantic review: exact fact meaning under selector-qualified role/context; LOSSLESS_FOR_EN_ROUNDTRIP. Arbitrary target totality is not claimed where target may omit a required EN value or add occurrences.
33,en16931,3,A,,Seller trading name,Text,0..1,"Project-defined Seller trading name in the Seller context, represented as Text.",$.invoice.seller.sellerTradingName,Seller,,,,,,,,,,,,,NO_TARGET,LOW,R_SEMANTIC_GAP | R_MODEL_EXTENSION_CANDIDATE,v14: misleading weak target rejected; separate model extension approval required.
34,en16931,3,C,,Seller Identifier,,0..*,"Project-defined Seller Identifier in the Seller Identifier context, represented as structured information.",$.invoice.seller.sellerIdentifier,Seller Identifier,178,btx,3,C,,Header_ Identifier Reference,,0..*,"Identification for customer, vendor, or employee.","$.btx_BusinessTransactions.btx_TransactionHeader.btx_HeaderIdentifierReference[btx_IdentifierType=""vendor""][not(btx_IdentifierPurpose)]",Header_ Identifier Reference,identity,STRUCTURAL,HIGH,R_DISCRIMINATOR_REQUIRED,v10 current-taxonomy re-review: executable structural correspondence; transformation is explicitly identity and the full selector-bearing Class path defines the target occurrence.
35,en16931,4,A,,Identifier,Identifier,1..1,"Project-defined Identifier in the Seller Identifier context, represented as Identifier.",$.invoice.seller.sellerIdentifier.identifier,Seller Identifier,231,btx,5,A,,ID,Token,1,The registered identifier value assigned under the specified identification scheme.,"$.btx_BusinessTransactions.btx_TransactionHeader.btx_HeaderIdentifierReference[btx_IdentifierType=""vendor""][not(btx_IdentifierPurpose)].btx_RegisteredIdentifier.btx_ID",Registered Identifier,identity,EXACT,HIGH,,
36,en16931,4,A,,Scheme identifier,Identifier,0..1,"Project-defined Scheme identifier in the Seller Identifier context, represented as Identifier.",$.invoice.seller.sellerIdentifier.schemeIdentifier,Seller Identifier,232,btx,5,A,,Identification Scheme,Token,1,The registration or identification scheme under which the identifier is assigned and interpreted.,"$.btx_BusinessTransactions.btx_TransactionHeader.btx_HeaderIdentifierReference[btx_IdentifierType=""vendor""][not(btx_IdentifierPurpose)].btx_RegisteredIdentifier.btx_IdentificationScheme",Registered Identifier,identity,EXACT,HIGH,,
37,en16931,3,A,,Seller legal registration identifier,Identifier,0..1,"Project-defined Seller legal registration identifier in the Seller context, represented as Identifier.",$.invoice.seller.sellerLegalRegistrationIdentifier,Seller,231,btx,5,A,,ID,Token,1,The registered identifier value assigned under the specified identification scheme.,"$.btx_BusinessTransactions.btx_TransactionHeader.btx_HeaderIdentifierReference[btx_IdentifierType=""vendor""][btx_IdentifierPurpose=""legalRegistration""].btx_RegisteredIdentifier.btx_ID",Registered Identifier,identity,EXACT,HIGH,,
38,en16931,3,A,,Scheme identifier,Identifier,0..1,"Project-defined Scheme identifier in the Seller context, represented as Identifier.",$.invoice.seller.sellerLegalRegistrationIdentifierSchemeIdentifier,Seller,232,btx,5,A,,Identification Scheme,Token,1,The registration or identification scheme under which the identifier is assigned and interpreted.,"$.btx_BusinessTransactions.btx_TransactionHeader.btx_HeaderIdentifierReference[btx_IdentifierType=""vendor""][btx_IdentifierPurpose=""legalRegistration""].btx_RegisteredIdentifier.btx_IdentificationScheme",Registered Identifier,identity,EXACT,HIGH,,
39,en16931,3,A,,Seller VAT identifier,Identifier,0..1,"Project-defined Seller VAT identifier in the Seller context, represented as Identifier.",$.invoice.seller.sellerVatIdentifier,Seller,231,btx,5,A,,ID,Token,1,The registered identifier value assigned under the specified identification scheme.,"$.btx_BusinessTransactions.btx_TransactionHeader.btx_HeaderIdentifierReference[btx_IdentifierType=""vendor""][btx_IdentifierPurpose=""VAT""].btx_RegisteredIdentifier.btx_ID",Registered Identifier,identity,EXACT,HIGH,,
40,en16931,3,A,,Seller tax registration identifier,Identifier,0..1,"Project-defined Seller tax registration identifier in the Seller context, represented as Identifier.",$.invoice.seller.sellerTaxRegistrationIdentifier,Seller,231,btx,5,A,,ID,Token,1,The registered identifier value assigned under the specified identification scheme.,"$.btx_BusinessTransactions.btx_TransactionHeader.btx_HeaderIdentifierReference[btx_IdentifierType=""vendor""][btx_IdentifierPurpose=""taxRegistration""].btx_RegisteredIdentifier.btx_ID",Registered Identifier,identity,EXACT,HIGH,,
41,en16931,3,A,,Seller additional legal information,Text,0..1,"Project-defined Seller additional legal information in the Seller context, represented as Text.",$.invoice.seller.sellerAdditionalLegalInformation,Seller,,,,,,,,,,,,,NO_TARGET,LOW,R_SEMANTIC_GAP | R_MODEL_EXTENSION_CANDIDATE,v14: misleading weak target rejected; separate model extension approval required.
42,en16931,3,A,,Seller electronic address,Identifier,0..1,"Project-defined Seller electronic address in the Seller context, represented as Identifier.",$.invoice.seller.sellerElectronicAddress,Seller,231,btx,5,A,,ID,Token,1,The registered identifier value assigned under the specified identification scheme.,"$.btx_BusinessTransactions.btx_TransactionHeader.btx_HeaderIdentifierReference[btx_IdentifierType=""vendor""][btx_IdentifierPurpose=""electronicAddress""].btx_RegisteredIdentifier.btx_ID",Registered Identifier,identity,EXACT,HIGH,,v10 current-taxonomy re-review: semantic meaning and direct target Attribute reviewed; selected target occurrence is reconstructible from the full semantic_path; datatype is a lossless XBRL binding-compatible representation; source-to-target-to-source multiplicity is preserved. Current selector evidence: btx_IdentifierType=vendor:Identifier_Type:PASS; btx_IdentifierPurpose=electronicAddress:Identifier_Purpose:PASS. Previously recorded EE1/discriminator blockers are resolved by the accepted 477-row HMD and EE1 taxonomy.
43,en16931,3,A,,Scheme identifier,Identifier,1..1,"Project-defined Scheme identifier in the Seller context, represented as Identifier.",$.invoice.seller.sellerElectronicAddressSchemeIdentifier,Seller,232,btx,5,A,,Identification Scheme,Token,1,The registration or identification scheme under which the identifier is assigned and interpreted.,"$.btx_BusinessTransactions.btx_TransactionHeader.btx_HeaderIdentifierReference[btx_IdentifierType=""vendor""][btx_IdentifierPurpose=""electronicAddress""].btx_RegisteredIdentifier.btx_IdentificationScheme",Registered Identifier,identity,EXACT,HIGH,,v10 current-taxonomy re-review: semantic meaning and direct target Attribute reviewed; selected target occurrence is reconstructible from the full semantic_path; datatype is a lossless XBRL binding-compatible representation; source-to-target-to-source multiplicity is preserved. Current selector evidence: btx_IdentifierType=vendor:Identifier_Type:PASS; btx_IdentifierPurpose=electronicAddress:Identifier_Purpose:PASS. Previously recorded EE1/discriminator blockers are resolved by the accepted 477-row HMD and EE1 taxonomy.
44,en16931,3,C,,Seller postal address,,1..1,"Project-defined Seller postal address in the Seller postal address context, represented as structured information.",$.invoice.seller.sellerPostalAddress,Seller postal address,40,bus,3,C,,Party_ Address,,0..*,Address class for the party,"$.btx_BusinessTransactions.btx_EntityParty[btx_EntityPartyType=""seller""].btx_PartyAddress[bus_Purpose=""postal""]",Party_ Address,identity,STRUCTURAL,HIGH,R_DISCRIMINATOR_REQUIRED | R_MULTIPLICITY_REVIEW,v10 current-taxonomy re-review: executable structural correspondence; transformation is explicitly identity and the full selector-bearing Class path defines the target occurrence.
45,en16931,4,A,,Seller address line 1,Text,0..1,"Project-defined Seller address line 1 in the Seller postal address context, represented as Text.",$.invoice.seller.sellerPostalAddress.sellerAddressLine1,Seller postal address,46,bus,4,A,,Street,String,0..1,Street address,"$.btx_BusinessTransactions.btx_EntityParty[btx_EntityPartyType=""seller""].btx_PartyAddress[bus_Purpose=""postal""].bus_Street",Party_ Address,identity,EXACT,HIGH,R_DATATYPE_MATCH | R_MULTIPLICITY_MATCH | R_CONTEXT_MATCH | R_SELECTOR_QUALIFIED_OCCURRENCE | R_MULTIPLICITY_EN_ROUNDTRIP_RESOLVED | R_SEMANTIC_MATCH | R_BINDING_LEVEL_SEMANTIC_APPROVAL,Approved as a Binding-level correspondence. EN Address line 1 is mapped to target Street with identity transformation. Selector-qualified occurrence and accepted EN roundtrip multiplicity rules remain in force.
46,en16931,4,A,,Seller address line 2,Text,0..1,"Project-defined Seller address line 2 in the Seller postal address context, represented as Text.",$.invoice.seller.sellerPostalAddress.sellerAddressLine2,Seller postal address,47,bus,4,A,,Address Detail,String,0..1,Address Detail,"$.btx_BusinessTransactions.btx_EntityParty[btx_EntityPartyType=""seller""].btx_PartyAddress[bus_Purpose=""postal""].bus_AddressDetail",Party_ Address,identity,EXACT,HIGH,R_DATATYPE_MATCH | R_MULTIPLICITY_MATCH | R_CONTEXT_MATCH | R_SELECTOR_QUALIFIED_OCCURRENCE | R_MULTIPLICITY_EN_ROUNDTRIP_RESOLVED | R_SEMANTIC_MATCH | R_BINDING_LEVEL_SEMANTIC_APPROVAL,Approved as a Binding-level correspondence. EN Address line 2 is mapped to target Address Detail with identity transformation. Selector-qualified occurrence and accepted EN roundtrip multiplicity rules remain in force.
47,en16931,4,A,,Seller address line 3,Text,0..1,"Project-defined Seller address line 3 in the Seller postal address context, represented as Text.",$.invoice.seller.sellerPostalAddress.sellerAddressLine3,Seller postal address,42,bus,4,A,,Description,String,0..1,Address Description,"$.btx_BusinessTransactions.btx_EntityParty[btx_EntityPartyType=""seller""].btx_PartyAddress[bus_Purpose=""postal""].bus_Description",Party_ Address,identity,EXACT,HIGH,R_DATATYPE_MATCH | R_MULTIPLICITY_MATCH | R_CONTEXT_MATCH | R_SELECTOR_QUALIFIED_OCCURRENCE | R_MULTIPLICITY_EN_ROUNDTRIP_RESOLVED | R_SEMANTIC_MATCH | R_BINDING_LEVEL_SEMANTIC_APPROVAL,Approved as a Binding-level correspondence. EN Address line 3 is mapped to target Description with identity transformation. Selector-qualified occurrence and accepted EN roundtrip multiplicity rules remain in force.
48,en16931,4,A,,Seller city,Text,1..1,"Project-defined Seller city in the Seller postal address context, represented as Text.",$.invoice.seller.sellerPostalAddress.sellerCity,Seller postal address,48,bus,4,A,,City,String,0..1,City,"$.btx_BusinessTransactions.btx_EntityParty[btx_EntityPartyType=""seller""].btx_PartyAddress[bus_Purpose=""postal""].bus_City",Party_ Address,identity,EXACT,HIGH,R_DATATYPE_MATCH | R_CONTEXT_MATCH | R_SELECTOR_QUALIFIED_OCCURRENCE | R_SEMANTIC_MATCH | R_MULTIPLICITY_EN_ROUNDTRIP_RESOLVED,v12 Party semantic review: exact fact meaning under selector-qualified role/context; LOSSLESS_FOR_EN_ROUNDTRIP. Arbitrary target totality is not claimed where target may omit a required EN value or add occurrences.
49,en16931,4,A,,Seller post code,Text,1..1,"Project-defined Seller post code in the Seller postal address context, represented as Text.",$.invoice.seller.sellerPostalAddress.sellerPostCode,Seller postal address,51,bus,4,A,,Zip or Postal Code,String,0..1,Zip or other postal code,"$.btx_BusinessTransactions.btx_EntityParty[btx_EntityPartyType=""seller""].btx_PartyAddress[bus_Purpose=""postal""].bus_ZiporPostalCode",Party_ Address,identity,EXACT,HIGH,R_DATATYPE_MATCH | R_CONTEXT_MATCH | R_SELECTOR_QUALIFIED_OCCURRENCE | R_SEMANTIC_MATCH | R_MULTIPLICITY_EN_ROUNDTRIP_RESOLVED,v12 Party semantic review: exact fact meaning under selector-qualified role/context; LOSSLESS_FOR_EN_ROUNDTRIP. Arbitrary target totality is not claimed where target may omit a required EN value or add occurrences.
50,en16931,4,A,,Seller country subdivision,Text,0..1,"Project-defined Seller country subdivision in the Seller postal address context, represented as Text.",$.invoice.seller.sellerPostalAddress.sellerCountrySubdivision,Seller postal address,49,bus,4,A,,State or Province,String,0..1,"State, province or region","$.btx_BusinessTransactions.btx_EntityParty[btx_EntityPartyType=""seller""].btx_PartyAddress[bus_Purpose=""postal""].bus_StateorProvince",Party_ Address,identity,EXACT,HIGH,R_DATATYPE_MATCH | R_MULTIPLICITY_MATCH | R_CONTEXT_MATCH | R_SELECTOR_QUALIFIED_OCCURRENCE | R_SEMANTIC_MATCH | R_MULTIPLICITY_EN_ROUNDTRIP_RESOLVED,v12 Party semantic review: exact fact meaning under selector-qualified role/context; LOSSLESS_FOR_EN_ROUNDTRIP. Arbitrary target totality is not claimed where target may omit a required EN value or add occurrences.
51,en16931,4,A,,Seller country code,Code,1..1,"Project-defined Seller country code in the Seller postal address context, represented as Code.",$.invoice.seller.sellerPostalAddress.sellerCountryCode,Seller postal address,50,bus,4,A,,Country,String,0..1,Country,"$.btx_BusinessTransactions.btx_EntityParty[btx_EntityPartyType=""seller""].btx_PartyAddress[bus_Purpose=""postal""].bus_Country",Party_ Address,identity,EXACT,HIGH,R_DATATYPE_MATCH | R_CONTEXT_MATCH | R_SELECTOR_QUALIFIED_OCCURRENCE | R_MULTIPLICITY_EN_ROUNDTRIP_RESOLVED | R_SEMANTIC_MATCH | R_BINDING_LEVEL_SEMANTIC_APPROVAL,Approved as a Binding-level correspondence for EN16931 to XBRL GL Next Business Transactions. The EN country-code lexical value is stored in the target Country fact for this Binding. This does not redefine the generic XBRL GL Next Country concept as code-only. Selector-qualified occurrence and accepted EN roundtrip multiplicity rules remain in force.
52,en16931,3,C,,Seller contact,,0..1,"Project-defined Seller contact in the Seller contact context, represented as structured information.",$.invoice.seller.sellerContact,Seller contact,56,bus,3,C,,Party_ Contact,,0..*,Information about contacts.,"$.btx_BusinessTransactions.btx_EntityParty[btx_EntityPartyType=""seller""].btx_PartyContact[not(bus_ContactContactType)]",Party_ Contact,identity,STRUCTURAL,HIGH,R_MULTIPLICITY_REVIEW,v10 current-taxonomy re-review: executable structural correspondence; transformation is explicitly identity and the full selector-bearing Class path defines the target occurrence.
53,en16931,4,A,,Seller contact point,Text,0..1,"Project-defined Seller contact point in the Seller contact context, represented as Text.",$.invoice.seller.sellerContact.sellerContactPoint,Seller contact,61,bus,4,A,,Contact Attention Line,String,0..1,Attention Line,"$.btx_BusinessTransactions.btx_EntityParty[btx_EntityPartyType=""seller""].btx_PartyContact[not(bus_ContactContactType)].bus_ContactAttentionLine",Party_ Contact,identity,EXACT,HIGH,R_DATATYPE_MATCH | R_MULTIPLICITY_MATCH | R_CONTEXT_MATCH | R_SELECTOR_QUALIFIED_OCCURRENCE | R_MULTIPLICITY_EN_ROUNDTRIP_RESOLVED | R_SEMANTIC_MATCH | R_BINDING_LEVEL_SEMANTIC_APPROVAL,Approved as a Binding-level correspondence. EN Contact point is mapped to target Contact Attention Line with identity transformation. Selector-qualified occurrence and accepted EN roundtrip multiplicity rules remain in force.
54,en16931,4,A,,Seller contact telephone number,Text,0..1,"Project-defined Seller contact telephone number in the Seller contact context, represented as Text.",$.invoice.seller.sellerContact.sellerContactTelephoneNumber,Seller contact,67,bus,5,A,PK,Phone Number,String,0..1,Phone number referred to in Phone Number Description'\.,"$.btx_BusinessTransactions.btx_EntityParty[btx_EntityPartyType=""seller""].btx_PartyContact[not(bus_ContactContactType)].bus_ContactPhone[not(bus_PhoneNumberDescription)].bus_PhoneNumber",Contact_ Phone,identity,EXACT,HIGH,R_DATATYPE_MATCH | R_MULTIPLICITY_MATCH | R_CONTEXT_MATCH | R_SELECTOR_QUALIFIED_OCCURRENCE | R_SEMANTIC_MATCH | R_MULTIPLICITY_EN_ROUNDTRIP_RESOLVED,v12 Party semantic review: exact fact meaning under selector-qualified role/context; LOSSLESS_FOR_EN_ROUNDTRIP. Arbitrary target totality is not claimed where target may omit a required EN value or add occurrences.
55,en16931,4,A,,Seller contact email address,Text,0..1,"Project-defined Seller contact email address in the Seller contact context, represented as Text.",$.invoice.seller.sellerContact.sellerContactEmailAddress,Seller contact,73,bus,5,A,PK,Email Address,String,0..1,Email Address,"$.btx_BusinessTransactions.btx_EntityParty[btx_EntityPartyType=""seller""].btx_PartyContact[not(bus_ContactContactType)].bus_ContactEmail[not(bus_EmailAddressUsage)].bus_EmailAddress",Contact_ Email,identity,EXACT,HIGH,R_DATATYPE_MATCH | R_MULTIPLICITY_MATCH | R_CONTEXT_MATCH | R_SELECTOR_QUALIFIED_OCCURRENCE | R_SEMANTIC_MATCH | R_MULTIPLICITY_EN_ROUNDTRIP_RESOLVED,v12 Party semantic review: exact fact meaning under selector-qualified role/context; LOSSLESS_FOR_EN_ROUNDTRIP. Arbitrary target totality is not claimed where target may omit a required EN value or add occurrences.
56,en16931,2,C,,Buyer,,1..1,"Project-defined Buyer in the Buyer context, represented as structured information.",$.invoice.buyer,Buyer,24,btx,2,C,,Entity_ Party,,0..1,Holder for entity information - information about the reporting organization.,"$.btx_BusinessTransactions.btx_EntityParty[btx_EntityPartyType=""buyer""]",Entity_ Party,identity,STRUCTURAL,HIGH,R_DISCRIMINATOR_REQUIRED | R_MULTIPLICITY_REVIEW,v10 current-taxonomy re-review: executable structural correspondence; transformation is explicitly identity and the full selector-bearing Class path defines the target occurrence.
57,en16931,3,A,,Buyer name,Text,1..1,"Project-defined Buyer name in the Buyer context, represented as Text.",$.invoice.buyer.buyerName,Buyer,25,btx,3,A,,Party Name,String,0..1,Name of the party,"$.btx_BusinessTransactions.btx_EntityParty[btx_EntityPartyType=""buyer""].btx_PartyName",Entity_ Party,identity,EXACT,HIGH,R_DATATYPE_MATCH | R_SEMANTIC_MATCH | R_CONTEXT_MATCH | R_SELECTOR_QUALIFIED_OCCURRENCE | R_MULTIPLICITY_EN_ROUNDTRIP_RESOLVED,v12 Party semantic review: exact fact meaning under selector-qualified role/context; LOSSLESS_FOR_EN_ROUNDTRIP. Arbitrary target totality is not claimed where target may omit a required EN value or add occurrences.
58,en16931,3,A,,Buyer trading name,Text,0..1,"Project-defined Buyer trading name in the Buyer context, represented as Text.",$.invoice.buyer.buyerTradingName,Buyer,,,,,,,,,,,,,NO_TARGET,LOW,R_SEMANTIC_GAP | R_MODEL_EXTENSION_CANDIDATE,v14: misleading weak target rejected; separate model extension approval required.
59,en16931,3,C,,Buyer Identifier,,0..*,"Project-defined Buyer Identifier in the Buyer Identifier context, represented as structured information.",$.invoice.buyer.buyerIdentifier,Buyer Identifier,178,btx,3,C,,Header_ Identifier Reference,,0..*,"Identification for customer, vendor, or employee.","$.btx_BusinessTransactions.btx_TransactionHeader.btx_HeaderIdentifierReference[btx_IdentifierType=""customer""][not(btx_IdentifierPurpose)]",Header_ Identifier Reference,identity,STRUCTURAL,HIGH,R_DISCRIMINATOR_REQUIRED,v10 current-taxonomy re-review: executable structural correspondence; transformation is explicitly identity and the full selector-bearing Class path defines the target occurrence.
60,en16931,4,A,,Identifier,Identifier,1..1,"Project-defined Identifier in the Buyer Identifier context, represented as Identifier.",$.invoice.buyer.buyerIdentifier.identifier,Buyer Identifier,231,btx,5,A,,ID,Token,1,The registered identifier value assigned under the specified identification scheme.,"$.btx_BusinessTransactions.btx_TransactionHeader.btx_HeaderIdentifierReference[btx_IdentifierType=""customer""][not(btx_IdentifierPurpose)].btx_RegisteredIdentifier.btx_ID",Registered Identifier,identity,EXACT,HIGH,,
61,en16931,4,A,,Scheme identifier,Identifier,0..1,"Project-defined Scheme identifier in the Buyer Identifier context, represented as Identifier.",$.invoice.buyer.buyerIdentifier.schemeIdentifier,Buyer Identifier,232,btx,5,A,,Identification Scheme,Token,1,The registration or identification scheme under which the identifier is assigned and interpreted.,"$.btx_BusinessTransactions.btx_TransactionHeader.btx_HeaderIdentifierReference[btx_IdentifierType=""customer""][not(btx_IdentifierPurpose)].btx_RegisteredIdentifier.btx_IdentificationScheme",Registered Identifier,identity,EXACT,HIGH,,
62,en16931,3,A,,Buyer legal registration identifier,Identifier,0..1,"Project-defined Buyer legal registration identifier in the Buyer context, represented as Identifier.",$.invoice.buyer.buyerLegalRegistrationIdentifier,Buyer,231,btx,5,A,,ID,Token,1,The registered identifier value assigned under the specified identification scheme.,"$.btx_BusinessTransactions.btx_TransactionHeader.btx_HeaderIdentifierReference[btx_IdentifierType=""customer""][btx_IdentifierPurpose=""legalRegistration""].btx_RegisteredIdentifier.btx_ID",Registered Identifier,identity,EXACT,HIGH,,
63,en16931,3,A,,Scheme identifier,Identifier,0..1,"Project-defined Scheme identifier in the Buyer context, represented as Identifier.",$.invoice.buyer.buyerLegalRegistrationIdentifierSchemeIdentifier,Buyer,232,btx,5,A,,Identification Scheme,Token,1,The registration or identification scheme under which the identifier is assigned and interpreted.,"$.btx_BusinessTransactions.btx_TransactionHeader.btx_HeaderIdentifierReference[btx_IdentifierType=""customer""][btx_IdentifierPurpose=""legalRegistration""].btx_RegisteredIdentifier.btx_IdentificationScheme",Registered Identifier,identity,EXACT,HIGH,,
64,en16931,3,A,,Buyer VAT identifier,Identifier,0..1,"Project-defined Buyer VAT identifier in the Buyer context, represented as Identifier.",$.invoice.buyer.buyerVatIdentifier,Buyer,231,btx,5,A,,ID,Token,1,The registered identifier value assigned under the specified identification scheme.,"$.btx_BusinessTransactions.btx_TransactionHeader.btx_HeaderIdentifierReference[btx_IdentifierType=""customer""][btx_IdentifierPurpose=""VAT""].btx_RegisteredIdentifier.btx_ID",Registered Identifier,identity,EXACT,HIGH,,
65,en16931,3,A,,Buyer electronic address,Identifier,0..1,"Project-defined Buyer electronic address in the Buyer context, represented as Identifier.",$.invoice.buyer.buyerElectronicAddress,Buyer,231,btx,5,A,,ID,Token,1,The registered identifier value assigned under the specified identification scheme.,"$.btx_BusinessTransactions.btx_TransactionHeader.btx_HeaderIdentifierReference[btx_IdentifierType=""customer""][btx_IdentifierPurpose=""electronicAddress""].btx_RegisteredIdentifier.btx_ID",Registered Identifier,identity,EXACT,HIGH,,v10 current-taxonomy re-review: semantic meaning and direct target Attribute reviewed; selected target occurrence is reconstructible from the full semantic_path; datatype is a lossless XBRL binding-compatible representation; source-to-target-to-source multiplicity is preserved. Current selector evidence: btx_IdentifierType=customer:Identifier_Type:PASS; btx_IdentifierPurpose=electronicAddress:Identifier_Purpose:PASS. Previously recorded EE1/discriminator blockers are resolved by the accepted 477-row HMD and EE1 taxonomy.
66,en16931,3,A,,Scheme identifier,Identifier,1..1,"Project-defined Scheme identifier in the Buyer context, represented as Identifier.",$.invoice.buyer.buyerElectronicAddressSchemeIdentifier,Buyer,232,btx,5,A,,Identification Scheme,Token,1,The registration or identification scheme under which the identifier is assigned and interpreted.,"$.btx_BusinessTransactions.btx_TransactionHeader.btx_HeaderIdentifierReference[btx_IdentifierType=""customer""][btx_IdentifierPurpose=""electronicAddress""].btx_RegisteredIdentifier.btx_IdentificationScheme",Registered Identifier,identity,EXACT,HIGH,,v10 current-taxonomy re-review: semantic meaning and direct target Attribute reviewed; selected target occurrence is reconstructible from the full semantic_path; datatype is a lossless XBRL binding-compatible representation; source-to-target-to-source multiplicity is preserved. Current selector evidence: btx_IdentifierType=customer:Identifier_Type:PASS; btx_IdentifierPurpose=electronicAddress:Identifier_Purpose:PASS. Previously recorded EE1/discriminator blockers are resolved by the accepted 477-row HMD and EE1 taxonomy.
67,en16931,3,C,,Buyer postal address,,1..1,"Project-defined Buyer postal address in the Buyer postal address context, represented as structured information.",$.invoice.buyer.buyerPostalAddress,Buyer postal address,40,bus,3,C,,Party_ Address,,0..*,Address class for the party,"$.btx_BusinessTransactions.btx_EntityParty[btx_EntityPartyType=""buyer""].btx_PartyAddress[bus_Purpose=""postal""]",Party_ Address,identity,STRUCTURAL,HIGH,R_DISCRIMINATOR_REQUIRED | R_MULTIPLICITY_REVIEW,v10 current-taxonomy re-review: executable structural correspondence; transformation is explicitly identity and the full selector-bearing Class path defines the target occurrence.
68,en16931,4,A,,Buyer address line 1,Text,0..1,"Project-defined Buyer address line 1 in the Buyer postal address context, represented as Text.",$.invoice.buyer.buyerPostalAddress.buyerAddressLine1,Buyer postal address,46,bus,4,A,,Street,String,0..1,Street address,"$.btx_BusinessTransactions.btx_EntityParty[btx_EntityPartyType=""buyer""].btx_PartyAddress[bus_Purpose=""postal""].bus_Street",Party_ Address,identity,EXACT,HIGH,R_DATATYPE_MATCH | R_MULTIPLICITY_MATCH | R_CONTEXT_MATCH | R_SELECTOR_QUALIFIED_OCCURRENCE | R_MULTIPLICITY_EN_ROUNDTRIP_RESOLVED | R_SEMANTIC_MATCH | R_BINDING_LEVEL_SEMANTIC_APPROVAL,Approved as a Binding-level correspondence. EN Address line 1 is mapped to target Street with identity transformation. Selector-qualified occurrence and accepted EN roundtrip multiplicity rules remain in force.
69,en16931,4,A,,Buyer address line 2,Text,0..1,"Project-defined Buyer address line 2 in the Buyer postal address context, represented as Text.",$.invoice.buyer.buyerPostalAddress.buyerAddressLine2,Buyer postal address,47,bus,4,A,,Address Detail,String,0..1,Address Detail,"$.btx_BusinessTransactions.btx_EntityParty[btx_EntityPartyType=""buyer""].btx_PartyAddress[bus_Purpose=""postal""].bus_AddressDetail",Party_ Address,identity,EXACT,HIGH,R_DATATYPE_MATCH | R_MULTIPLICITY_MATCH | R_CONTEXT_MATCH | R_SELECTOR_QUALIFIED_OCCURRENCE | R_MULTIPLICITY_EN_ROUNDTRIP_RESOLVED | R_SEMANTIC_MATCH | R_BINDING_LEVEL_SEMANTIC_APPROVAL,Approved as a Binding-level correspondence. EN Address line 2 is mapped to target Address Detail with identity transformation. Selector-qualified occurrence and accepted EN roundtrip multiplicity rules remain in force.
70,en16931,4,A,,Buyer address line 3,Text,0..1,"Project-defined Buyer address line 3 in the Buyer postal address context, represented as Text.",$.invoice.buyer.buyerPostalAddress.buyerAddressLine3,Buyer postal address,42,bus,4,A,,Description,String,0..1,Address Description,"$.btx_BusinessTransactions.btx_EntityParty[btx_EntityPartyType=""buyer""].btx_PartyAddress[bus_Purpose=""postal""].bus_Description",Party_ Address,identity,EXACT,HIGH,R_DATATYPE_MATCH | R_MULTIPLICITY_MATCH | R_CONTEXT_MATCH | R_SELECTOR_QUALIFIED_OCCURRENCE | R_MULTIPLICITY_EN_ROUNDTRIP_RESOLVED | R_SEMANTIC_MATCH | R_BINDING_LEVEL_SEMANTIC_APPROVAL,Approved as a Binding-level correspondence. EN Address line 3 is mapped to target Description with identity transformation. Selector-qualified occurrence and accepted EN roundtrip multiplicity rules remain in force.
71,en16931,4,A,,Buyer city,Text,1..1,"Project-defined Buyer city in the Buyer postal address context, represented as Text.",$.invoice.buyer.buyerPostalAddress.buyerCity,Buyer postal address,48,bus,4,A,,City,String,0..1,City,"$.btx_BusinessTransactions.btx_EntityParty[btx_EntityPartyType=""buyer""].btx_PartyAddress[bus_Purpose=""postal""].bus_City",Party_ Address,identity,EXACT,HIGH,R_DATATYPE_MATCH | R_CONTEXT_MATCH | R_SELECTOR_QUALIFIED_OCCURRENCE | R_SEMANTIC_MATCH | R_MULTIPLICITY_EN_ROUNDTRIP_RESOLVED,v12 Party semantic review: exact fact meaning under selector-qualified role/context; LOSSLESS_FOR_EN_ROUNDTRIP. Arbitrary target totality is not claimed where target may omit a required EN value or add occurrences.
72,en16931,4,A,,Buyer post code,Text,1..1,"Project-defined Buyer post code in the Buyer postal address context, represented as Text.",$.invoice.buyer.buyerPostalAddress.buyerPostCode,Buyer postal address,51,bus,4,A,,Zip or Postal Code,String,0..1,Zip or other postal code,"$.btx_BusinessTransactions.btx_EntityParty[btx_EntityPartyType=""buyer""].btx_PartyAddress[bus_Purpose=""postal""].bus_ZiporPostalCode",Party_ Address,identity,EXACT,HIGH,R_DATATYPE_MATCH | R_CONTEXT_MATCH | R_SELECTOR_QUALIFIED_OCCURRENCE | R_SEMANTIC_MATCH | R_MULTIPLICITY_EN_ROUNDTRIP_RESOLVED,v12 Party semantic review: exact fact meaning under selector-qualified role/context; LOSSLESS_FOR_EN_ROUNDTRIP. Arbitrary target totality is not claimed where target may omit a required EN value or add occurrences.
73,en16931,4,A,,Buyer country subdivision,Text,0..1,"Project-defined Buyer country subdivision in the Buyer postal address context, represented as Text.",$.invoice.buyer.buyerPostalAddress.buyerCountrySubdivision,Buyer postal address,49,bus,4,A,,State or Province,String,0..1,"State, province or region","$.btx_BusinessTransactions.btx_EntityParty[btx_EntityPartyType=""buyer""].btx_PartyAddress[bus_Purpose=""postal""].bus_StateorProvince",Party_ Address,identity,EXACT,HIGH,R_DATATYPE_MATCH | R_MULTIPLICITY_MATCH | R_CONTEXT_MATCH | R_SELECTOR_QUALIFIED_OCCURRENCE | R_SEMANTIC_MATCH | R_MULTIPLICITY_EN_ROUNDTRIP_RESOLVED,v12 Party semantic review: exact fact meaning under selector-qualified role/context; LOSSLESS_FOR_EN_ROUNDTRIP. Arbitrary target totality is not claimed where target may omit a required EN value or add occurrences.
74,en16931,4,A,,Buyer country code,Code,1..1,"Project-defined Buyer country code in the Buyer postal address context, represented as Code.",$.invoice.buyer.buyerPostalAddress.buyerCountryCode,Buyer postal address,50,bus,4,A,,Country,String,0..1,Country,"$.btx_BusinessTransactions.btx_EntityParty[btx_EntityPartyType=""buyer""].btx_PartyAddress[bus_Purpose=""postal""].bus_Country",Party_ Address,identity,EXACT,HIGH,R_DATATYPE_MATCH | R_CONTEXT_MATCH | R_SELECTOR_QUALIFIED_OCCURRENCE | R_MULTIPLICITY_EN_ROUNDTRIP_RESOLVED | R_SEMANTIC_MATCH | R_BINDING_LEVEL_SEMANTIC_APPROVAL,Approved as a Binding-level correspondence for EN16931 to XBRL GL Next Business Transactions. The EN country-code lexical value is stored in the target Country fact for this Binding. This does not redefine the generic XBRL GL Next Country concept as code-only. Selector-qualified occurrence and accepted EN roundtrip multiplicity rules remain in force.
75,en16931,3,C,,Buyer contact,,0..1,"Project-defined Buyer contact in the Buyer contact context, represented as structured information.",$.invoice.buyer.buyerContact,Buyer contact,56,bus,3,C,,Party_ Contact,,0..*,Information about contacts.,"$.btx_BusinessTransactions.btx_EntityParty[btx_EntityPartyType=""buyer""].btx_PartyContact[not(bus_ContactContactType)]",Party_ Contact,identity,STRUCTURAL,HIGH,R_MULTIPLICITY_REVIEW,v10 current-taxonomy re-review: executable structural correspondence; transformation is explicitly identity and the full selector-bearing Class path defines the target occurrence.
76,en16931,4,A,,Buyer contact point,Text,0..1,"Project-defined Buyer contact point in the Buyer contact context, represented as Text.",$.invoice.buyer.buyerContact.buyerContactPoint,Buyer contact,61,bus,4,A,,Contact Attention Line,String,0..1,Attention Line,"$.btx_BusinessTransactions.btx_EntityParty[btx_EntityPartyType=""buyer""].btx_PartyContact[not(bus_ContactContactType)].bus_ContactAttentionLine",Party_ Contact,identity,EXACT,HIGH,R_DATATYPE_MATCH | R_MULTIPLICITY_MATCH | R_CONTEXT_MATCH | R_SELECTOR_QUALIFIED_OCCURRENCE | R_MULTIPLICITY_EN_ROUNDTRIP_RESOLVED | R_SEMANTIC_MATCH | R_BINDING_LEVEL_SEMANTIC_APPROVAL,Approved as a Binding-level correspondence. EN Contact point is mapped to target Contact Attention Line with identity transformation. Selector-qualified occurrence and accepted EN roundtrip multiplicity rules remain in force.
77,en16931,4,A,,Buyer contact telephone number,Text,0..1,"Project-defined Buyer contact telephone number in the Buyer contact context, represented as Text.",$.invoice.buyer.buyerContact.buyerContactTelephoneNumber,Buyer contact,67,bus,5,A,PK,Phone Number,String,0..1,Phone number referred to in Phone Number Description'\.,"$.btx_BusinessTransactions.btx_EntityParty[btx_EntityPartyType=""buyer""].btx_PartyContact[not(bus_ContactContactType)].bus_ContactPhone[not(bus_PhoneNumberDescription)].bus_PhoneNumber",Contact_ Phone,identity,EXACT,HIGH,R_DATATYPE_MATCH | R_MULTIPLICITY_MATCH | R_CONTEXT_MATCH | R_SELECTOR_QUALIFIED_OCCURRENCE | R_SEMANTIC_MATCH | R_MULTIPLICITY_EN_ROUNDTRIP_RESOLVED,v12 Party semantic review: exact fact meaning under selector-qualified role/context; LOSSLESS_FOR_EN_ROUNDTRIP. Arbitrary target totality is not claimed where target may omit a required EN value or add occurrences.
78,en16931,4,A,,Buyer contact email address,Text,0..1,"Project-defined Buyer contact email address in the Buyer contact context, represented as Text.",$.invoice.buyer.buyerContact.buyerContactEmailAddress,Buyer contact,73,bus,5,A,PK,Email Address,String,0..1,Email Address,"$.btx_BusinessTransactions.btx_EntityParty[btx_EntityPartyType=""buyer""].btx_PartyContact[not(bus_ContactContactType)].bus_ContactEmail[not(bus_EmailAddressUsage)].bus_EmailAddress",Contact_ Email,identity,EXACT,HIGH,R_DATATYPE_MATCH | R_MULTIPLICITY_MATCH | R_CONTEXT_MATCH | R_SELECTOR_QUALIFIED_OCCURRENCE | R_SEMANTIC_MATCH | R_MULTIPLICITY_EN_ROUNDTRIP_RESOLVED,v12 Party semantic review: exact fact meaning under selector-qualified role/context; LOSSLESS_FOR_EN_ROUNDTRIP. Arbitrary target totality is not claimed where target may omit a required EN value or add occurrences.
79,en16931,2,C,,Payee,,0..1,"Project-defined Payee in the Payee context, represented as structured information.",$.invoice.payee,Payee,24,btx,2,C,,Entity_ Party,,0..1,Holder for entity information - information about the reporting organization.,"$.btx_BusinessTransactions.btx_EntityParty[btx_EntityPartyType=""payee""]",Entity_ Party,identity,STRUCTURAL,HIGH,R_DISCRIMINATOR_REQUIRED | R_MULTIPLICITY_REVIEW,v10 current-taxonomy re-review: executable structural correspondence; transformation is explicitly identity and the full selector-bearing Class path defines the target occurrence.
80,en16931,3,A,,Payee name,Text,1..1,"Project-defined Payee name in the Payee context, represented as Text.",$.invoice.payee.payeeName,Payee,25,btx,3,A,,Party Name,String,0..1,Name of the party,"$.btx_BusinessTransactions.btx_EntityParty[btx_EntityPartyType=""payee""].btx_PartyName",Entity_ Party,identity,EXACT,HIGH,R_DATATYPE_MATCH | R_SEMANTIC_MATCH | R_CONTEXT_MATCH | R_SELECTOR_QUALIFIED_OCCURRENCE | R_MULTIPLICITY_EN_ROUNDTRIP_RESOLVED,v12 Party semantic review: exact fact meaning under selector-qualified role/context; LOSSLESS_FOR_EN_ROUNDTRIP. Arbitrary target totality is not claimed where target may omit a required EN value or add occurrences.
81,en16931,3,A,,Payee identifier,Identifier,0..1,"Project-defined Payee identifier in the Payee context, represented as Identifier.",$.invoice.payee.payeeIdentifier,Payee,231,btx,5,A,,ID,Token,1,The registered identifier value assigned under the specified identification scheme.,"$.btx_BusinessTransactions.btx_TransactionHeader.btx_HeaderIdentifierReference[btx_IdentifierType=""payee""][not(btx_IdentifierPurpose)].btx_RegisteredIdentifier.btx_ID",Registered Identifier,identity,EXACT,HIGH,,v10 current-taxonomy re-review: semantic meaning and direct target Attribute reviewed; selected target occurrence is reconstructible from the full semantic_path; datatype is a lossless XBRL binding-compatible representation; source-to-target-to-source multiplicity is preserved. Current selector evidence: btx_IdentifierType=payee:Identifier_Type:PASS. Previously recorded EE1/discriminator blockers are resolved by the accepted 477-row HMD and EE1 taxonomy.
82,en16931,3,A,,Scheme identifier,Identifier,0..1,"Project-defined Scheme identifier in the Payee context, represented as Identifier.",$.invoice.payee.payeeIdentifierSchemeIdentifier,Payee,232,btx,5,A,,Identification Scheme,Token,1,The registration or identification scheme under which the identifier is assigned and interpreted.,"$.btx_BusinessTransactions.btx_TransactionHeader.btx_HeaderIdentifierReference[btx_IdentifierType=""payee""][not(btx_IdentifierPurpose)].btx_RegisteredIdentifier.btx_IdentificationScheme",Registered Identifier,identity,EXACT,HIGH,,v10 current-taxonomy re-review: semantic meaning and direct target Attribute reviewed; selected target occurrence is reconstructible from the full semantic_path; datatype is a lossless XBRL binding-compatible representation; source-to-target-to-source multiplicity is preserved. Current selector evidence: btx_IdentifierType=payee:Identifier_Type:PASS. Previously recorded EE1/discriminator blockers are resolved by the accepted 477-row HMD and EE1 taxonomy.
83,en16931,3,A,,Payee legal registration identifier,Identifier,0..1,"Project-defined Payee legal registration identifier in the Payee context, represented as Identifier.",$.invoice.payee.payeeLegalRegistrationIdentifier,Payee,231,btx,5,A,,ID,Token,1,The registered identifier value assigned under the specified identification scheme.,"$.btx_BusinessTransactions.btx_TransactionHeader.btx_HeaderIdentifierReference[btx_IdentifierType=""payee""][btx_IdentifierPurpose=""legalRegistration""].btx_RegisteredIdentifier.btx_ID",Registered Identifier,identity,EXACT,HIGH,,v10 current-taxonomy re-review: semantic meaning and direct target Attribute reviewed; selected target occurrence is reconstructible from the full semantic_path; datatype is a lossless XBRL binding-compatible representation; source-to-target-to-source multiplicity is preserved. Current selector evidence: btx_IdentifierType=payee:Identifier_Type:PASS; btx_IdentifierPurpose=legalRegistration:Identifier_Purpose:PASS. Previously recorded EE1/discriminator blockers are resolved by the accepted 477-row HMD and EE1 taxonomy.
84,en16931,3,A,,Scheme identifier,Identifier,0..1,"Project-defined Scheme identifier in the Payee context, represented as Identifier.",$.invoice.payee.payeeLegalRegistrationIdentifierSchemeIdentifier,Payee,232,btx,5,A,,Identification Scheme,Token,1,The registration or identification scheme under which the identifier is assigned and interpreted.,"$.btx_BusinessTransactions.btx_TransactionHeader.btx_HeaderIdentifierReference[btx_IdentifierType=""payee""][btx_IdentifierPurpose=""legalRegistration""].btx_RegisteredIdentifier.btx_IdentificationScheme",Registered Identifier,identity,EXACT,HIGH,,v10 current-taxonomy re-review: semantic meaning and direct target Attribute reviewed; selected target occurrence is reconstructible from the full semantic_path; datatype is a lossless XBRL binding-compatible representation; source-to-target-to-source multiplicity is preserved. Current selector evidence: btx_IdentifierType=payee:Identifier_Type:PASS; btx_IdentifierPurpose=legalRegistration:Identifier_Purpose:PASS. Previously recorded EE1/discriminator blockers are resolved by the accepted 477-row HMD and EE1 taxonomy.
85,en16931,2,C,,Seller tax representative party,,0..1,"Project-defined Seller tax representative party in the Seller tax representative party context, represented as structured information.",$.invoice.sellerTaxRepresentativeParty,Seller tax representative party,24,btx,2,C,,Entity_ Party,,0..1,Holder for entity information - information about the reporting organization.,"$.btx_BusinessTransactions.btx_EntityParty[btx_EntityPartyType=""taxRepresentative""]",Entity_ Party,identity,STRUCTURAL,HIGH,R_DISCRIMINATOR_REQUIRED | R_MULTIPLICITY_REVIEW,v10 current-taxonomy re-review: executable structural correspondence; transformation is explicitly identity and the full selector-bearing Class path defines the target occurrence.
86,en16931,3,A,,Seller tax representative name,Text,1..1,"Project-defined Seller tax representative name in the Seller tax representative party context, represented as Text.",$.invoice.sellerTaxRepresentativeParty.sellerTaxRepresentativeName,Seller tax representative party,25,btx,3,A,,Party Name,String,0..1,Name of the party,"$.btx_BusinessTransactions.btx_EntityParty[btx_EntityPartyType=""taxRepresentative""].btx_PartyName",Entity_ Party,identity,EXACT,HIGH,R_SEMANTIC_MATCH | R_CONTEXT_MATCH | R_SELECTOR_QUALIFIED_OCCURRENCE | R_DATATYPE_MATCH | R_MULTIPLICITY_EN_ROUNDTRIP_RESOLVED,v12 Party semantic review: exact fact meaning under selector-qualified role/context; LOSSLESS_FOR_EN_ROUNDTRIP. Arbitrary target totality is not claimed where target may omit a required EN value or add occurrences.
87,en16931,3,A,,Seller tax representative VAT identifier,Identifier,1..1,"Project-defined Seller tax representative VAT identifier in the Seller tax representative party context, represented as Identifier.",$.invoice.sellerTaxRepresentativeParty.sellerTaxRepresentativeVatIdentifier,Seller tax representative party,231,btx,5,A,,ID,Token,1,The registered identifier value assigned under the specified identification scheme.,"$.btx_BusinessTransactions.btx_TransactionHeader.btx_HeaderIdentifierReference[btx_IdentifierType=""taxRepresentative""][btx_IdentifierPurpose=""VAT""].btx_RegisteredIdentifier.btx_ID",Registered Identifier,identity,EXACT,HIGH,,v10 current-taxonomy re-review: semantic meaning and direct target Attribute reviewed; selected target occurrence is reconstructible from the full semantic_path; datatype is a lossless XBRL binding-compatible representation; source-to-target-to-source multiplicity is preserved. Current selector evidence: btx_IdentifierType=taxRepresentative:Identifier_Type:PASS; btx_IdentifierPurpose=VAT:Identifier_Purpose:PASS. Previously recorded EE1/discriminator blockers are resolved by the accepted 477-row HMD and EE1 taxonomy.
88,en16931,3,C,,Seller tax representative postal address,,1..1,"Project-defined Seller tax representative postal address in the Seller tax representative postal address context, represented as structured information.",$.invoice.sellerTaxRepresentativeParty.sellerTaxRepresentativePostalAddress,Seller tax representative postal address,40,bus,3,C,,Party_ Address,,0..*,Address class for the party,"$.btx_BusinessTransactions.btx_EntityParty[btx_EntityPartyType=""taxRepresentative""].btx_PartyAddress[bus_Purpose=""postal""]",Party_ Address,identity,STRUCTURAL,HIGH,R_DISCRIMINATOR_REQUIRED | R_MULTIPLICITY_REVIEW,v10 current-taxonomy re-review: executable structural correspondence; transformation is explicitly identity and the full selector-bearing Class path defines the target occurrence.
89,en16931,4,A,,Tax representative address line 1,Text,0..1,"Project-defined Tax representative address line 1 in the Seller tax representative postal address context, represented as Text.",$.invoice.sellerTaxRepresentativeParty.sellerTaxRepresentativePostalAddress.taxRepresentativeAddressLine1,Seller tax representative postal address,46,bus,4,A,,Street,String,0..1,Street address,"$.btx_BusinessTransactions.btx_EntityParty[btx_EntityPartyType=""taxRepresentative""].btx_PartyAddress[bus_Purpose=""postal""].bus_Street",Party_ Address,identity,EXACT,HIGH,R_MULTIPLICITY_MATCH | R_CONTEXT_MATCH | R_SELECTOR_QUALIFIED_OCCURRENCE | R_MULTIPLICITY_EN_ROUNDTRIP_RESOLVED | R_DATATYPE_MATCH | R_SEMANTIC_MATCH | R_BINDING_LEVEL_SEMANTIC_APPROVAL,Approved as a Binding-level correspondence. EN Address line 1 is mapped to target Street with identity transformation. Selector-qualified occurrence and accepted EN roundtrip multiplicity rules remain in force.
90,en16931,4,A,,Tax representative address line 2,Text,0..1,"Project-defined Tax representative address line 2 in the Seller tax representative postal address context, represented as Text.",$.invoice.sellerTaxRepresentativeParty.sellerTaxRepresentativePostalAddress.taxRepresentativeAddressLine2,Seller tax representative postal address,47,bus,4,A,,Address Detail,String,0..1,Address Detail,"$.btx_BusinessTransactions.btx_EntityParty[btx_EntityPartyType=""taxRepresentative""].btx_PartyAddress[bus_Purpose=""postal""].bus_AddressDetail",Party_ Address,identity,EXACT,HIGH,R_MULTIPLICITY_MATCH | R_CONTEXT_MATCH | R_SELECTOR_QUALIFIED_OCCURRENCE | R_MULTIPLICITY_EN_ROUNDTRIP_RESOLVED | R_DATATYPE_MATCH | R_SEMANTIC_MATCH | R_BINDING_LEVEL_SEMANTIC_APPROVAL,Approved as a Binding-level correspondence. EN Address line 2 is mapped to target Address Detail with identity transformation. Selector-qualified occurrence and accepted EN roundtrip multiplicity rules remain in force.
91,en16931,4,A,,Tax representative address line 3,Text,0..1,"Project-defined Tax representative address line 3 in the Seller tax representative postal address context, represented as Text.",$.invoice.sellerTaxRepresentativeParty.sellerTaxRepresentativePostalAddress.taxRepresentativeAddressLine3,Seller tax representative postal address,42,bus,4,A,,Description,String,0..1,Address Description,"$.btx_BusinessTransactions.btx_EntityParty[btx_EntityPartyType=""taxRepresentative""].btx_PartyAddress[bus_Purpose=""postal""].bus_Description",Party_ Address,identity,EXACT,HIGH,R_MULTIPLICITY_MATCH | R_CONTEXT_MATCH | R_SELECTOR_QUALIFIED_OCCURRENCE | R_MULTIPLICITY_EN_ROUNDTRIP_RESOLVED | R_DATATYPE_MATCH | R_SEMANTIC_MATCH | R_BINDING_LEVEL_SEMANTIC_APPROVAL,Approved as a Binding-level correspondence. EN Address line 3 is mapped to target Description with identity transformation. Selector-qualified occurrence and accepted EN roundtrip multiplicity rules remain in force.
92,en16931,4,A,,Tax representative city,Text,0..1,"Project-defined Tax representative city in the Seller tax representative postal address context, represented as Text.",$.invoice.sellerTaxRepresentativeParty.sellerTaxRepresentativePostalAddress.taxRepresentativeCity,Seller tax representative postal address,48,bus,4,A,,City,String,0..1,City,"$.btx_BusinessTransactions.btx_EntityParty[btx_EntityPartyType=""taxRepresentative""].btx_PartyAddress[bus_Purpose=""postal""].bus_City",Party_ Address,identity,EXACT,HIGH,R_MULTIPLICITY_MATCH | R_CONTEXT_MATCH | R_SELECTOR_QUALIFIED_OCCURRENCE | R_DATATYPE_MATCH | R_SEMANTIC_MATCH | R_MULTIPLICITY_EN_ROUNDTRIP_RESOLVED,v12 Party semantic review: exact fact meaning under selector-qualified role/context; LOSSLESS_FOR_EN_ROUNDTRIP. Arbitrary target totality is not claimed where target may omit a required EN value or add occurrences.
93,en16931,4,A,,Tax representative post code,Text,0..1,"Project-defined Tax representative post code in the Seller tax representative postal address context, represented as Text.",$.invoice.sellerTaxRepresentativeParty.sellerTaxRepresentativePostalAddress.taxRepresentativePostCode,Seller tax representative postal address,51,bus,4,A,,Zip or Postal Code,String,0..1,Zip or other postal code,"$.btx_BusinessTransactions.btx_EntityParty[btx_EntityPartyType=""taxRepresentative""].btx_PartyAddress[bus_Purpose=""postal""].bus_ZiporPostalCode",Party_ Address,identity,EXACT,HIGH,R_DATATYPE_MATCH | R_MULTIPLICITY_MATCH | R_CONTEXT_MATCH | R_SELECTOR_QUALIFIED_OCCURRENCE | R_SEMANTIC_MATCH | R_MULTIPLICITY_EN_ROUNDTRIP_RESOLVED,v12 Party semantic review: exact fact meaning under selector-qualified role/context; LOSSLESS_FOR_EN_ROUNDTRIP. Arbitrary target totality is not claimed where target may omit a required EN value or add occurrences.
94,en16931,4,A,,Tax representative country subdivision,Text,0..1,"Project-defined Tax representative country subdivision in the Seller tax representative postal address context, represented as Text.",$.invoice.sellerTaxRepresentativeParty.sellerTaxRepresentativePostalAddress.taxRepresentativeCountrySubdivision,Seller tax representative postal address,49,bus,4,A,,State or Province,String,0..1,"State, province or region","$.btx_BusinessTransactions.btx_EntityParty[btx_EntityPartyType=""taxRepresentative""].btx_PartyAddress[bus_Purpose=""postal""].bus_StateorProvince",Party_ Address,identity,EXACT,HIGH,R_DATATYPE_MATCH | R_MULTIPLICITY_MATCH | R_CONTEXT_MATCH | R_SELECTOR_QUALIFIED_OCCURRENCE | R_SEMANTIC_MATCH | R_MULTIPLICITY_EN_ROUNDTRIP_RESOLVED,v12 Party semantic review: exact fact meaning under selector-qualified role/context; LOSSLESS_FOR_EN_ROUNDTRIP. Arbitrary target totality is not claimed where target may omit a required EN value or add occurrences.
95,en16931,4,A,,Tax representative country code,Code,1..1,"Project-defined Tax representative country code in the Seller tax representative postal address context, represented as Code.",$.invoice.sellerTaxRepresentativeParty.sellerTaxRepresentativePostalAddress.taxRepresentativeCountryCode,Seller tax representative postal address,50,bus,4,A,,Country,String,0..1,Country,"$.btx_BusinessTransactions.btx_EntityParty[btx_EntityPartyType=""taxRepresentative""].btx_PartyAddress[bus_Purpose=""postal""].bus_Country",Party_ Address,identity,EXACT,HIGH,R_DATATYPE_MATCH | R_CONTEXT_MATCH | R_SELECTOR_QUALIFIED_OCCURRENCE | R_MULTIPLICITY_EN_ROUNDTRIP_RESOLVED | R_SEMANTIC_MATCH | R_BINDING_LEVEL_SEMANTIC_APPROVAL,Approved as a Binding-level correspondence for EN16931 to XBRL GL Next Business Transactions. The EN country-code lexical value is stored in the target Country fact for this Binding. This does not redefine the generic XBRL GL Next Country concept as code-only. Selector-qualified occurrence and accepted EN roundtrip multiplicity rules remain in force.
96,en16931,2,C,,Delivery information,,0..1,"Project-defined Delivery information in the Delivery information context, represented as structured information.",$.invoice.deliveryInformation,Delivery information,,,,,,,,,,,,,STRUCTURAL,,,EN CIUS HMD Class row retained for complete source-HMD coverage. v10: source grouping Class retained. No separate target-only structural row is emitted; each mapped descendant carries its complete target semantic_path.
97,en16931,3,A,,Deliver to party name,Text,0..1,"Project-defined Deliver to party name in the Delivery information context, represented as Text.",$.invoice.deliveryInformation.deliverToPartyName,Delivery information,25,btx,3,A,,Party Name,String,0..1,Name of the party,"$.btx_BusinessTransactions.btx_EntityParty[btx_EntityPartyType=""deliverTo""].btx_PartyName",Entity_ Party,identity,EXACT,HIGH,R_DATATYPE_MATCH | R_MULTIPLICITY_MATCH | R_SEMANTIC_MATCH | R_CONTEXT_MATCH | R_SELECTOR_QUALIFIED_OCCURRENCE | R_MULTIPLICITY_EN_ROUNDTRIP_RESOLVED,v12 Party semantic review: exact fact meaning under selector-qualified role/context; FULL_BIDIRECTIONAL. Arbitrary target totality is not claimed where target may omit a required EN value or add occurrences.
98,en16931,3,A,,Deliver to location identifier,Identifier,0..1,"Project-defined Deliver to location identifier in the Delivery information context, represented as Identifier.",$.invoice.deliveryInformation.deliverToLocationIdentifier,Delivery information,231,btx,5,A,,ID,Token,1,The registered identifier value assigned under the specified identification scheme.,"$.btx_BusinessTransactions.btx_TransactionHeader.btx_HeaderIdentifierReference[btx_IdentifierType=""deliverTo""][btx_IdentifierPurpose=""location""].btx_RegisteredIdentifier.btx_ID",Registered Identifier,identity,EXACT,HIGH,,v10 current-taxonomy re-review: semantic meaning and direct target Attribute reviewed; selected target occurrence is reconstructible from the full semantic_path; datatype is a lossless XBRL binding-compatible representation; source-to-target-to-source multiplicity is preserved. Current selector evidence: btx_IdentifierType=deliverTo:Identifier_Type:PASS; btx_IdentifierPurpose=location:Identifier_Purpose:PASS. Previously recorded EE1/discriminator blockers are resolved by the accepted 477-row HMD and EE1 taxonomy.
99,en16931,3,A,,Scheme identifier,Identifier,0..1,"Project-defined Scheme identifier in the Delivery information context, represented as Identifier.",$.invoice.deliveryInformation.deliverToLocationIdentifierSchemeIdentifier,Delivery information,232,btx,5,A,,Identification Scheme,Token,1,The registration or identification scheme under which the identifier is assigned and interpreted.,"$.btx_BusinessTransactions.btx_TransactionHeader.btx_HeaderIdentifierReference[btx_IdentifierType=""deliverTo""][btx_IdentifierPurpose=""location""].btx_RegisteredIdentifier.btx_IdentificationScheme",Registered Identifier,identity,EXACT,HIGH,,v10 current-taxonomy re-review: semantic meaning and direct target Attribute reviewed; selected target occurrence is reconstructible from the full semantic_path; datatype is a lossless XBRL binding-compatible representation; source-to-target-to-source multiplicity is preserved. Current selector evidence: btx_IdentifierType=deliverTo:Identifier_Type:PASS; btx_IdentifierPurpose=location:Identifier_Purpose:PASS. Previously recorded EE1/discriminator blockers are resolved by the accepted 477-row HMD and EE1 taxonomy.
100,en16931,3,A,,Actual delivery date,Date,0..1,"Project-defined Actual delivery date in the Delivery information context, represented as Date.",$.invoice.deliveryInformation.actualDeliveryDate,Delivery information,,,,,,,,,,,,,NO_TARGET,LOW,R_SEMANTIC_GAP | R_MODEL_EXTENSION_CANDIDATE,v15 final review: existing target rejected; separate semantic-model approval is required.
101,en16931,2,C,,Invoicing period,,0..1,"Project-defined Invoicing period in the Invoicing period context, represented as structured information.",$.invoice.invoicingPeriod,Invoicing period,,,,,,,,,,,,,STRUCTURAL,,,EN CIUS HMD Class row retained for complete source-HMD coverage. v10: source grouping Class retained. No separate target-only structural row is emitted; each mapped descendant carries its complete target semantic_path.
102,en16931,3,A,,Invoicing period start date,Date,0..1,"Project-defined Invoicing period start date in the Invoicing period context, represented as Date.",$.invoice.invoicingPeriod.invoicingPeriodStartDate,Invoicing period,,,,,,,,,,,,,NO_TARGET,LOW,R_SEMANTIC_GAP,477-row HMD and current FSM/BSM/reviewed-LHM were searched; similar fields have different document/context semantics. Original blocker=B5_SEMANTIC_GAP. Alternative candidates (not approved): 134:$.btx_BusinessTransactions.btx_EntityParty.cor_SpecifiedReportingCalendar.bus_ReportingCalendarPeriod.bus_PeriodStartDate (Period Start Date); 84:$.btx_BusinessTransactions.btx_EntityParty.cor_SpecifiedAccountingMethodStructure.bus_AccountingMethodStartDate (Accounting Method Start Date); 135:$.btx_BusinessTransactions.btx_EntityParty.cor_SpecifiedReportingCalendar.bus_ReportingCalendarPeriod.bus_PeriodEndDate (Period End Date)
103,en16931,3,A,,Invoicing period end date,Date,0..1,"Project-defined Invoicing period end date in the Invoicing period context, represented as Date.",$.invoice.invoicingPeriod.invoicingPeriodEndDate,Invoicing period,,,,,,,,,,,,,NO_TARGET,LOW,R_SEMANTIC_GAP,477-row HMD and current FSM/BSM/reviewed-LHM were searched; similar fields have different document/context semantics. Original blocker=B5_SEMANTIC_GAP. Alternative candidates (not approved): 135:$.btx_BusinessTransactions.btx_EntityParty.cor_SpecifiedReportingCalendar.bus_ReportingCalendarPeriod.bus_PeriodEndDate (Period End Date); 134:$.btx_BusinessTransactions.btx_EntityParty.cor_SpecifiedReportingCalendar.bus_ReportingCalendarPeriod.bus_PeriodStartDate (Period Start Date); 85:$.btx_BusinessTransactions.btx_EntityParty.cor_SpecifiedAccountingMethodStructure.bus_AccountingMethodEndDate (Accounting Method End Date)
104,en16931,3,C,,Deliver to address,,0..1,"Project-defined Deliver to address in the Deliver to address context, represented as structured information.",$.invoice.deliveryInformation.deliverToAddress,Deliver to address,40,bus,3,C,,Party_ Address,,0..*,Address class for the party,"$.btx_BusinessTransactions.btx_EntityParty[btx_EntityPartyType=""deliverTo""].btx_PartyAddress[bus_Purpose=""delivery""]",Party_ Address,identity,STRUCTURAL,HIGH,R_DISCRIMINATOR_REQUIRED | R_MULTIPLICITY_REVIEW,v10 current-taxonomy re-review: executable structural correspondence; transformation is explicitly identity and the full selector-bearing Class path defines the target occurrence.
105,en16931,4,A,,Deliver to address line 1,Text,0..1,"Project-defined Deliver to address line 1 in the Deliver to address context, represented as Text.",$.invoice.deliveryInformation.deliverToAddress.deliverToAddressLine1,Deliver to address,46,bus,4,A,,Street,String,0..1,Street address,"$.btx_BusinessTransactions.btx_EntityParty[btx_EntityPartyType=""deliverTo""].btx_PartyAddress[bus_Purpose=""delivery""].bus_Street",Party_ Address,identity,EXACT,HIGH,R_DATATYPE_MATCH | R_MULTIPLICITY_MATCH | R_CONTEXT_MATCH | R_SELECTOR_QUALIFIED_OCCURRENCE | R_MULTIPLICITY_EN_ROUNDTRIP_RESOLVED | R_SEMANTIC_MATCH | R_BINDING_LEVEL_SEMANTIC_APPROVAL,Approved as a Binding-level correspondence. EN Address line 1 is mapped to target Street with identity transformation. Selector-qualified occurrence and accepted EN roundtrip multiplicity rules remain in force.
106,en16931,4,A,,Deliver to address line 2,Text,0..1,"Project-defined Deliver to address line 2 in the Deliver to address context, represented as Text.",$.invoice.deliveryInformation.deliverToAddress.deliverToAddressLine2,Deliver to address,47,bus,4,A,,Address Detail,String,0..1,Address Detail,"$.btx_BusinessTransactions.btx_EntityParty[btx_EntityPartyType=""deliverTo""].btx_PartyAddress[bus_Purpose=""delivery""].bus_AddressDetail",Party_ Address,identity,EXACT,HIGH,R_DATATYPE_MATCH | R_MULTIPLICITY_MATCH | R_CONTEXT_MATCH | R_SELECTOR_QUALIFIED_OCCURRENCE | R_MULTIPLICITY_EN_ROUNDTRIP_RESOLVED | R_SEMANTIC_MATCH | R_BINDING_LEVEL_SEMANTIC_APPROVAL,Approved as a Binding-level correspondence. EN Address line 2 is mapped to target Address Detail with identity transformation. Selector-qualified occurrence and accepted EN roundtrip multiplicity rules remain in force.
107,en16931,4,A,,Deliver to address line 3,Text,0..1,"Project-defined Deliver to address line 3 in the Deliver to address context, represented as Text.",$.invoice.deliveryInformation.deliverToAddress.deliverToAddressLine3,Deliver to address,42,bus,4,A,,Description,String,0..1,Address Description,"$.btx_BusinessTransactions.btx_EntityParty[btx_EntityPartyType=""deliverTo""].btx_PartyAddress[bus_Purpose=""delivery""].bus_Description",Party_ Address,identity,EXACT,HIGH,R_DATATYPE_MATCH | R_MULTIPLICITY_MATCH | R_CONTEXT_MATCH | R_SELECTOR_QUALIFIED_OCCURRENCE | R_MULTIPLICITY_EN_ROUNDTRIP_RESOLVED | R_SEMANTIC_MATCH | R_BINDING_LEVEL_SEMANTIC_APPROVAL,Approved as a Binding-level correspondence. EN Address line 3 is mapped to target Description with identity transformation. Selector-qualified occurrence and accepted EN roundtrip multiplicity rules remain in force.
108,en16931,4,A,,Deliver to city,Text,0..1,"Project-defined Deliver to city in the Deliver to address context, represented as Text.",$.invoice.deliveryInformation.deliverToAddress.deliverToCity,Deliver to address,48,bus,4,A,,City,String,0..1,City,"$.btx_BusinessTransactions.btx_EntityParty[btx_EntityPartyType=""deliverTo""].btx_PartyAddress[bus_Purpose=""delivery""].bus_City",Party_ Address,identity,EXACT,HIGH,R_DATATYPE_MATCH | R_MULTIPLICITY_MATCH | R_CONTEXT_MATCH | R_SELECTOR_QUALIFIED_OCCURRENCE | R_SEMANTIC_MATCH | R_MULTIPLICITY_EN_ROUNDTRIP_RESOLVED,v12 Party semantic review: exact fact meaning under selector-qualified role/context; LOSSLESS_FOR_EN_ROUNDTRIP. Arbitrary target totality is not claimed where target may omit a required EN value or add occurrences.
109,en16931,4,A,,Deliver to post code,Text,0..1,"Project-defined Deliver to post code in the Deliver to address context, represented as Text.",$.invoice.deliveryInformation.deliverToAddress.deliverToPostCode,Deliver to address,51,bus,4,A,,Zip or Postal Code,String,0..1,Zip or other postal code,"$.btx_BusinessTransactions.btx_EntityParty[btx_EntityPartyType=""deliverTo""].btx_PartyAddress[bus_Purpose=""delivery""].bus_ZiporPostalCode",Party_ Address,identity,EXACT,HIGH,R_DATATYPE_MATCH | R_MULTIPLICITY_MATCH | R_CONTEXT_MATCH | R_SELECTOR_QUALIFIED_OCCURRENCE | R_SEMANTIC_MATCH | R_MULTIPLICITY_EN_ROUNDTRIP_RESOLVED,v12 Party semantic review: exact fact meaning under selector-qualified role/context; LOSSLESS_FOR_EN_ROUNDTRIP. Arbitrary target totality is not claimed where target may omit a required EN value or add occurrences.
110,en16931,4,A,,Deliver to country subdivision,Text,0..1,"Project-defined Deliver to country subdivision in the Deliver to address context, represented as Text.",$.invoice.deliveryInformation.deliverToAddress.deliverToCountrySubdivision,Deliver to address,49,bus,4,A,,State or Province,String,0..1,"State, province or region","$.btx_BusinessTransactions.btx_EntityParty[btx_EntityPartyType=""deliverTo""].btx_PartyAddress[bus_Purpose=""delivery""].bus_StateorProvince",Party_ Address,identity,EXACT,HIGH,R_DATATYPE_MATCH | R_MULTIPLICITY_MATCH | R_CONTEXT_MATCH | R_SELECTOR_QUALIFIED_OCCURRENCE | R_SEMANTIC_MATCH | R_MULTIPLICITY_EN_ROUNDTRIP_RESOLVED,v12 Party semantic review: exact fact meaning under selector-qualified role/context; LOSSLESS_FOR_EN_ROUNDTRIP. Arbitrary target totality is not claimed where target may omit a required EN value or add occurrences.
111,en16931,4,A,,Deliver to country code,Code,1..1,"Project-defined Deliver to country code in the Deliver to address context, represented as Code.",$.invoice.deliveryInformation.deliverToAddress.deliverToCountryCode,Deliver to address,50,bus,4,A,,Country,String,0..1,Country,"$.btx_BusinessTransactions.btx_EntityParty[btx_EntityPartyType=""deliverTo""].btx_PartyAddress[bus_Purpose=""delivery""].bus_Country",Party_ Address,identity,EXACT,HIGH,R_DATATYPE_MATCH | R_CONTEXT_MATCH | R_SELECTOR_QUALIFIED_OCCURRENCE | R_MULTIPLICITY_EN_ROUNDTRIP_RESOLVED | R_SEMANTIC_MATCH | R_BINDING_LEVEL_SEMANTIC_APPROVAL,Approved as a Binding-level correspondence for EN16931 to XBRL GL Next Business Transactions. The EN country-code lexical value is stored in the target Country fact for this Binding. This does not redefine the generic XBRL GL Next Country concept as code-only. Selector-qualified occurrence and accepted EN roundtrip multiplicity rules remain in force.
112,en16931,2,C,,Payment instructions,,0..*,"Project-defined Payment instructions in the Payment instruction context, represented as structured information.",$.invoice.paymentInstructions,Payment instruction,,,,,,,,,,,,,STRUCTURAL,,,EN CIUS HMD Class row retained for complete source-HMD coverage. v10: source grouping Class retained. No separate target-only structural row is emitted; each mapped descendant carries its complete target semantic_path.
113,en16931,3,A,,Payment means type code,Code,1..1,"Project-defined Payment means type code in the Payment instruction context, represented as Code.",$.invoice.paymentInstructions.paymentMeansTypeCode,Payment instruction,,,,,,,,,,,,,NO_TARGET,LOW,R_SEMANTIC_GAP | R_MODEL_EXTENSION_CANDIDATE,v14: misleading weak target rejected; separate model extension approval required.
114,en16931,3,A,,Payment means text,Text,0..1,"Project-defined Payment means text in the Payment instruction context, represented as Text.",$.invoice.paymentInstructions.paymentMeansText,Payment instruction,,,,,,,,,,,,,NO_TARGET,LOW,R_SEMANTIC_GAP | R_MODEL_EXTENSION_CANDIDATE,v15 final review: existing target rejected; separate semantic-model approval is required.
115,en16931,3,A,,Payment remittance information,Text,0..1,"Project-defined Payment remittance information in the Payment instruction context, represented as Text.",$.invoice.paymentInstructions.paymentRemittanceInformation,Payment instruction,,,,,,,,,,,,,NO_TARGET,LOW,R_SEMANTIC_GAP,v14: misleading weak target rejected; no semantically valid target in accepted 477-row HMD.
116,en16931,3,C,,Credit transfer,,0..*,"Project-defined Credit transfer in the Credit transfer context, represented as structured information.",$.invoice.paymentInstructions.creditTransfer,Credit transfer,,,,,,,,,,,,,STRUCTURAL,,,EN CIUS HMD Class row retained for complete source-HMD coverage. v10: source grouping Class retained. No separate target-only structural row is emitted; each mapped descendant carries its complete target semantic_path.
117,en16931,4,A,,Payment account identifier,Identifier,0..1,"Project-defined Payment account identifier in the Credit transfer context, represented as Identifier.",$.invoice.paymentInstructions.creditTransfer.paymentAccountIdentifier,Credit transfer,,,,,,,,,,,,,NO_TARGET,LOW,R_SEMANTIC_GAP | R_MODEL_EXTENSION_CANDIDATE,v14: misleading weak target rejected; separate model extension approval required.
118,en16931,4,A,,Payment account name,Text,0..1,"Project-defined Payment account name in the Credit transfer context, represented as Text.",$.invoice.paymentInstructions.creditTransfer.paymentAccountName,Credit transfer,,,,,,,,,,,,,NO_TARGET,LOW,R_SEMANTIC_GAP,v14: misleading weak target rejected; no semantically valid target in accepted 477-row HMD.
119,en16931,4,A,,Payment service provider identifier,Identifier,0..1,"Project-defined Payment service provider identifier in the Credit transfer context, represented as Identifier.",$.invoice.paymentInstructions.creditTransfer.paymentServiceProviderIdentifier,Credit transfer,,,,,,,,,,,,,NO_TARGET,LOW,R_SEMANTIC_GAP | R_MODEL_EXTENSION_CANDIDATE,v14: misleading weak target rejected; separate model extension approval required.
120,en16931,3,C,,Payment card information,,0..1,"Project-defined Payment card information in the Payment card information context, represented as structured information.",$.invoice.paymentInstructions.paymentCardInformation,Payment card information,,,,,,,,,,,,,STRUCTURAL,,,EN CIUS HMD Class row retained for complete source-HMD coverage. v10: source grouping Class retained. No separate target-only structural row is emitted; each mapped descendant carries its complete target semantic_path.
121,en16931,4,A,,Payment card primary account number,Identifier,1..1,"Project-defined Payment card primary account number in the Payment card information context, represented as Identifier.",$.invoice.paymentInstructions.paymentCardInformation.paymentCardPrimaryAccountNumber,Payment card information,,,,,,,,,,,,,NO_TARGET,LOW,R_SEMANTIC_GAP,v14: misleading weak target rejected; no semantically valid target in accepted 477-row HMD.
122,en16931,4,A,,Payment card holder name,Text,0..1,"Project-defined Payment card holder name in the Payment card information context, represented as Text.",$.invoice.paymentInstructions.paymentCardInformation.paymentCardHolderName,Payment card information,,,,,,,,,,,,,NO_TARGET,LOW,R_SEMANTIC_GAP | R_MODEL_EXTENSION_CANDIDATE,v14: misleading weak target rejected; separate model extension approval required.
123,en16931,3,C,,Direct debit,,0..1,"Project-defined Direct debit in the Direct debit context, represented as structured information.",$.invoice.paymentInstructions.directDebit,Direct debit,,,,,,,,,,,,,STRUCTURAL,,,EN CIUS HMD Class row retained for complete source-HMD coverage. v10: source grouping Class retained. No separate target-only structural row is emitted; each mapped descendant carries its complete target semantic_path.
124,en16931,4,A,,Mandate reference identifier,Identifier,0..1,"Project-defined Mandate reference identifier in the Direct debit context, represented as Identifier.",$.invoice.paymentInstructions.directDebit.mandateReferenceIdentifier,Direct debit,,,,,,,,,,,,,NO_TARGET,LOW,R_SEMANTIC_GAP | R_MODEL_EXTENSION_CANDIDATE,v14: misleading weak target rejected; separate model extension approval required.
125,en16931,4,A,,Bank assigned creditor identifier,Identifier,0..1,"Project-defined Bank assigned creditor identifier in the Direct debit context, represented as Identifier.",$.invoice.paymentInstructions.directDebit.bankAssignedCreditorIdentifier,Direct debit,38,bus,4,A,PK,Organization Identifier Code,String,0..1,"Code representing the company or organization whose data this file represents: used for situations where one user (e.g., a CPA) needs to keep track of multiple organizations' files (e.g., multiple clients). Can be EIN#, client #, internal/external identifier, SIC code. Codes which identifies the entity. Includes the code identifier of the authority issuing the code, a colon, and the code itself. For example, CIK:01234567 for the CIK number issued by SEC EDGAR.",$.btx_BusinessTransactions.btx_EntityParty.btx_RegisteredOrganizationIdentifier.bus_OrganizationIdentifierCode,Organization Identifier,,REVIEW_REQUIRED,MEDIUM,R_TARGET_CANDIDATE_WEAK | R_MULTIPLICITY_REVIEW | R_DATATYPE_MATCH | R_MULTIPLICITY_MATCH,"v10 current-taxonomy re-review: resolved: current selector field/value is defined. Not executable because R_TARGET_CANDIDATE_WEAK, R_MULTIPLICITY_REVIEW. Current selector evidence: no equality selector. No mapping is inferred."
126,en16931,4,A,,Debited account identifier,Identifier,0..1,"Project-defined Debited account identifier in the Direct debit context, represented as Identifier.",$.invoice.paymentInstructions.directDebit.debitedAccountIdentifier,Direct debit,,,,,,,,,,,,,NO_TARGET,LOW,R_SEMANTIC_GAP | R_MODEL_EXTENSION_CANDIDATE,v14: misleading weak target rejected; separate model extension approval required.
127,en16931,2,C,,Document level allowances,,0..*,"Project-defined Document level allowances in the Document level allowance context, represented as structured information.",$.invoice.documentLevelAllowances,Document level allowance,470,btx,3,C,,Header_ Adjustment,,0..*,Document-level allowance or charge adjustment.,"$.btx_BusinessTransactions.btx_TransactionHeader.btx_HeaderAdjustment[btx_AdjustmentType=""allowance""]",Adjustment,identity,STRUCTURAL,HIGH,R_DISCRIMINATOR_REQUIRED,v10 current-taxonomy re-review: executable structural correspondence; transformation is explicitly identity and the full selector-bearing Class path defines the target occurrence.
128,en16931,3,A,,Document level allowance amount,Amount,1..1,"Project-defined Document level allowance amount in the Document level allowance context, represented as Amount.",$.invoice.documentLevelAllowances.documentLevelAllowanceAmount,Document level allowance,472,btx,4,A,,Amount,Monetary,1,Monetary amount of the adjustment.,"$.btx_BusinessTransactions.btx_TransactionHeader.btx_HeaderAdjustment[btx_AdjustmentType=""allowance""].btx_Amount",Adjustment,identity,EXACT,HIGH,,v10 current-taxonomy re-review: semantic meaning and direct target Attribute reviewed; selected target occurrence is reconstructible from the full semantic_path; datatype is a lossless XBRL binding-compatible representation; source-to-target-to-source multiplicity is preserved. Current selector evidence: btx_AdjustmentType=allowance:Adjustment_Type:PASS. Previously recorded EE1/discriminator blockers are resolved by the accepted 477-row HMD and EE1 taxonomy.
129,en16931,3,A,,Document level allowance base amount,Amount,0..1,"Project-defined Document level allowance base amount in the Document level allowance context, represented as Amount.",$.invoice.documentLevelAllowances.documentLevelAllowanceBaseAmount,Document level allowance,473,btx,4,A,,Base Amount,Monetary,0..1,Monetary base amount used to calculate the adjustment.,"$.btx_BusinessTransactions.btx_TransactionHeader.btx_HeaderAdjustment[btx_AdjustmentType=""allowance""].btx_BaseAmount",Adjustment,identity,EXACT,HIGH,,v10 current-taxonomy re-review: semantic meaning and direct target Attribute reviewed; selected target occurrence is reconstructible from the full semantic_path; datatype is a lossless XBRL binding-compatible representation; source-to-target-to-source multiplicity is preserved. Current selector evidence: btx_AdjustmentType=allowance:Adjustment_Type:PASS. Previously recorded EE1/discriminator blockers are resolved by the accepted 477-row HMD and EE1 taxonomy.
130,en16931,3,A,,Document level allowance percentage,Percentage,0..1,"Project-defined Document level allowance percentage in the Document level allowance context, represented as Percentage.",$.invoice.documentLevelAllowances.documentLevelAllowancePercentage,Document level allowance,474,btx,4,A,,Percentage,Pure,0..1,"Percentage rate used to calculate the adjustment, represented as a pure numeric value.","$.btx_BusinessTransactions.btx_TransactionHeader.btx_HeaderAdjustment[btx_AdjustmentType=""allowance""].btx_Percentage",Adjustment,percentage_representation_review,REVIEW_REQUIRED,HIGH,R_SEMANTIC_MATCH | R_CONTEXT_MATCH | R_MULTIPLICITY_REVIEW | R_DATATYPE_MATCH | R_MULTIPLICITY_MATCH | R_TRANSFORM_REQUIRED,"v10 current-taxonomy re-review: resolved: current selector field/value is defined. Not executable because R_MULTIPLICITY_REVIEW, R_TRANSFORM_REQUIRED. Current selector evidence: btx_AdjustmentType=allowance:Adjustment_Type:PASS. No mapping is inferred."
131,en16931,3,A,,Document level allowance VAT category code,Code,1..1,"Project-defined Document level allowance VAT category code in the Document level allowance context, represented as Code.",$.invoice.documentLevelAllowances.documentLevelAllowanceVatCategoryCode,Document level allowance,477,btx,4,A,,Tax Category,Token,0..1,Tax category applicable to the adjustment.,"$.btx_BusinessTransactions.btx_TransactionHeader.btx_HeaderAdjustment[btx_AdjustmentType=""allowance""].btx_TaxCategory",Adjustment,identity,EXACT,HIGH,,v10 current-taxonomy re-review: semantic meaning and direct target Attribute reviewed; selected target occurrence is reconstructible from the full semantic_path; datatype is a lossless XBRL binding-compatible representation; source-to-target-to-source multiplicity is preserved. Current selector evidence: btx_AdjustmentType=allowance:Adjustment_Type:PASS. Previously recorded EE1/discriminator blockers are resolved by the accepted 477-row HMD and EE1 taxonomy.
132,en16931,3,A,,Document level allowance VAT rate,Percentage,0..1,"Project-defined Document level allowance VAT rate in the Document level allowance context, represented as Percentage.",$.invoice.documentLevelAllowances.documentLevelAllowanceVatRate,Document level allowance,478,btx,4,A,,Tax Rate,Pure,0..1,Tax percentage rate applicable to the adjustment.,"$.btx_BusinessTransactions.btx_TransactionHeader.btx_HeaderAdjustment[btx_AdjustmentType=""allowance""].btx_TaxRate",Adjustment,percentage_representation_review,REVIEW_REQUIRED,HIGH,R_SEMANTIC_MATCH | R_CONTEXT_MATCH | R_MULTIPLICITY_REVIEW | R_DATATYPE_MATCH | R_MULTIPLICITY_MATCH | R_TRANSFORM_REQUIRED,"v10 current-taxonomy re-review: resolved: current selector field/value is defined. Not executable because R_MULTIPLICITY_REVIEW, R_TRANSFORM_REQUIRED. Current selector evidence: btx_AdjustmentType=allowance:Adjustment_Type:PASS. No mapping is inferred."
133,en16931,3,A,,Document level allowance reason,Text,0..1,"Project-defined Document level allowance reason in the Document level allowance context, represented as Text.",$.invoice.documentLevelAllowances.documentLevelAllowanceReason,Document level allowance,475,btx,4,A,,Reason,String,0..1,Human-readable reason for the adjustment.,"$.btx_BusinessTransactions.btx_TransactionHeader.btx_HeaderAdjustment[btx_AdjustmentType=""allowance""].btx_Reason",Adjustment,identity,EXACT,HIGH,,v10 current-taxonomy re-review: semantic meaning and direct target Attribute reviewed; selected target occurrence is reconstructible from the full semantic_path; datatype is a lossless XBRL binding-compatible representation; source-to-target-to-source multiplicity is preserved. Current selector evidence: btx_AdjustmentType=allowance:Adjustment_Type:PASS. Previously recorded EE1/discriminator blockers are resolved by the accepted 477-row HMD and EE1 taxonomy.
134,en16931,3,A,,Document level allowance reason code,Code,0..1,"Project-defined Document level allowance reason code in the Document level allowance context, represented as Code.",$.invoice.documentLevelAllowances.documentLevelAllowanceReasonCode,Document level allowance,476,btx,4,A,,Reason Code,Token,0..1,Code identifying the reason for the adjustment.,"$.btx_BusinessTransactions.btx_TransactionHeader.btx_HeaderAdjustment[btx_AdjustmentType=""allowance""].btx_ReasonCode",Adjustment,identity,EXACT,HIGH,,v10 current-taxonomy re-review: semantic meaning and direct target Attribute reviewed; selected target occurrence is reconstructible from the full semantic_path; datatype is a lossless XBRL binding-compatible representation; source-to-target-to-source multiplicity is preserved. Current selector evidence: btx_AdjustmentType=allowance:Adjustment_Type:PASS. Previously recorded EE1/discriminator blockers are resolved by the accepted 477-row HMD and EE1 taxonomy.
135,en16931,2,C,,Document level charges,,0..*,"Project-defined Document level charges in the Document level charge context, represented as structured information.",$.invoice.documentLevelCharges,Document level charge,470,btx,3,C,,Header_ Adjustment,,0..*,Document-level allowance or charge adjustment.,"$.btx_BusinessTransactions.btx_TransactionHeader.btx_HeaderAdjustment[btx_AdjustmentType=""charge""]",Adjustment,identity,STRUCTURAL,HIGH,R_DISCRIMINATOR_REQUIRED,v10 current-taxonomy re-review: executable structural correspondence; transformation is explicitly identity and the full selector-bearing Class path defines the target occurrence.
136,en16931,3,A,,Document level charge amount,Amount,1..1,"Project-defined Document level charge amount in the Document level charge context, represented as Amount.",$.invoice.documentLevelCharges.documentLevelChargeAmount,Document level charge,472,btx,4,A,,Amount,Monetary,1,Monetary amount of the adjustment.,"$.btx_BusinessTransactions.btx_TransactionHeader.btx_HeaderAdjustment[btx_AdjustmentType=""charge""].btx_Amount",Adjustment,identity,EXACT,HIGH,,v10 current-taxonomy re-review: semantic meaning and direct target Attribute reviewed; selected target occurrence is reconstructible from the full semantic_path; datatype is a lossless XBRL binding-compatible representation; source-to-target-to-source multiplicity is preserved. Current selector evidence: btx_AdjustmentType=charge:Adjustment_Type:PASS. Previously recorded EE1/discriminator blockers are resolved by the accepted 477-row HMD and EE1 taxonomy.
137,en16931,3,A,,Document level charge base amount,Amount,0..1,"Project-defined Document level charge base amount in the Document level charge context, represented as Amount.",$.invoice.documentLevelCharges.documentLevelChargeBaseAmount,Document level charge,473,btx,4,A,,Base Amount,Monetary,0..1,Monetary base amount used to calculate the adjustment.,"$.btx_BusinessTransactions.btx_TransactionHeader.btx_HeaderAdjustment[btx_AdjustmentType=""charge""].btx_BaseAmount",Adjustment,identity,EXACT,HIGH,,v10 current-taxonomy re-review: semantic meaning and direct target Attribute reviewed; selected target occurrence is reconstructible from the full semantic_path; datatype is a lossless XBRL binding-compatible representation; source-to-target-to-source multiplicity is preserved. Current selector evidence: btx_AdjustmentType=charge:Adjustment_Type:PASS. Previously recorded EE1/discriminator blockers are resolved by the accepted 477-row HMD and EE1 taxonomy.
138,en16931,3,A,,Document level charge percentage,Percentage,0..1,"Project-defined Document level charge percentage in the Document level charge context, represented as Percentage.",$.invoice.documentLevelCharges.documentLevelChargePercentage,Document level charge,474,btx,4,A,,Percentage,Pure,0..1,"Percentage rate used to calculate the adjustment, represented as a pure numeric value.","$.btx_BusinessTransactions.btx_TransactionHeader.btx_HeaderAdjustment[btx_AdjustmentType=""charge""].btx_Percentage",Adjustment,percentage_representation_review,REVIEW_REQUIRED,HIGH,R_SEMANTIC_MATCH | R_CONTEXT_MATCH | R_MULTIPLICITY_REVIEW | R_DATATYPE_MATCH | R_MULTIPLICITY_MATCH | R_TRANSFORM_REQUIRED,"v10 current-taxonomy re-review: resolved: current selector field/value is defined. Not executable because R_MULTIPLICITY_REVIEW, R_TRANSFORM_REQUIRED. Current selector evidence: btx_AdjustmentType=charge:Adjustment_Type:PASS. No mapping is inferred."
139,en16931,3,A,,Document level charge VAT category code,Code,1..1,"Project-defined Document level charge VAT category code in the Document level charge context, represented as Code.",$.invoice.documentLevelCharges.documentLevelChargeVatCategoryCode,Document level charge,477,btx,4,A,,Tax Category,Token,0..1,Tax category applicable to the adjustment.,"$.btx_BusinessTransactions.btx_TransactionHeader.btx_HeaderAdjustment[btx_AdjustmentType=""charge""].btx_TaxCategory",Adjustment,identity,EXACT,HIGH,,v10 current-taxonomy re-review: semantic meaning and direct target Attribute reviewed; selected target occurrence is reconstructible from the full semantic_path; datatype is a lossless XBRL binding-compatible representation; source-to-target-to-source multiplicity is preserved. Current selector evidence: btx_AdjustmentType=charge:Adjustment_Type:PASS. Previously recorded EE1/discriminator blockers are resolved by the accepted 477-row HMD and EE1 taxonomy.
140,en16931,3,A,,Document level charge VAT rate,Percentage,0..1,"Project-defined Document level charge VAT rate in the Document level charge context, represented as Percentage.",$.invoice.documentLevelCharges.documentLevelChargeVatRate,Document level charge,478,btx,4,A,,Tax Rate,Pure,0..1,Tax percentage rate applicable to the adjustment.,"$.btx_BusinessTransactions.btx_TransactionHeader.btx_HeaderAdjustment[btx_AdjustmentType=""charge""].btx_TaxRate",Adjustment,percentage_representation_review,REVIEW_REQUIRED,HIGH,R_SEMANTIC_MATCH | R_CONTEXT_MATCH | R_MULTIPLICITY_REVIEW | R_DATATYPE_MATCH | R_MULTIPLICITY_MATCH | R_TRANSFORM_REQUIRED,"v10 current-taxonomy re-review: resolved: current selector field/value is defined. Not executable because R_MULTIPLICITY_REVIEW, R_TRANSFORM_REQUIRED. Current selector evidence: btx_AdjustmentType=charge:Adjustment_Type:PASS. No mapping is inferred."
141,en16931,3,A,,Document level charge reason,Text,0..1,"Project-defined Document level charge reason in the Document level charge context, represented as Text.",$.invoice.documentLevelCharges.documentLevelChargeReason,Document level charge,475,btx,4,A,,Reason,String,0..1,Human-readable reason for the adjustment.,"$.btx_BusinessTransactions.btx_TransactionHeader.btx_HeaderAdjustment[btx_AdjustmentType=""charge""].btx_Reason",Adjustment,identity,EXACT,HIGH,,v10 current-taxonomy re-review: semantic meaning and direct target Attribute reviewed; selected target occurrence is reconstructible from the full semantic_path; datatype is a lossless XBRL binding-compatible representation; source-to-target-to-source multiplicity is preserved. Current selector evidence: btx_AdjustmentType=charge:Adjustment_Type:PASS. Previously recorded EE1/discriminator blockers are resolved by the accepted 477-row HMD and EE1 taxonomy.
142,en16931,3,A,,Document level charge reason code,Code,0..1,"Project-defined Document level charge reason code in the Document level charge context, represented as Code.",$.invoice.documentLevelCharges.documentLevelChargeReasonCode,Document level charge,476,btx,4,A,,Reason Code,Token,0..1,Code identifying the reason for the adjustment.,"$.btx_BusinessTransactions.btx_TransactionHeader.btx_HeaderAdjustment[btx_AdjustmentType=""charge""].btx_ReasonCode",Adjustment,identity,EXACT,HIGH,,v10 current-taxonomy re-review: semantic meaning and direct target Attribute reviewed; selected target occurrence is reconstructible from the full semantic_path; datatype is a lossless XBRL binding-compatible representation; source-to-target-to-source multiplicity is preserved. Current selector evidence: btx_AdjustmentType=charge:Adjustment_Type:PASS. Previously recorded EE1/discriminator blockers are resolved by the accepted 477-row HMD and EE1 taxonomy.
143,en16931,2,C,,Document totals,,1..1,"Project-defined Document totals in the Document total context, represented as structured information.",$.invoice.documentTotals,Document total,,,,,,,,,,,,,STRUCTURAL,,,"v10: source grouping Class retained without a single target Class mapping. BT-106 through BT-115 are independently defined EN terms and each maps directly to HeaderAmountStructure[HeaderAmountType=""...""].Amount. No target-only structural row is required."
144,en16931,3,A,,Sum of invoice line net amount,Amount,1..1,"Project-defined Sum of invoice line net amount in the Document total context, represented as Amount.",$.invoice.documentTotals.sumOfInvoiceLineNetAmount,Document total,253,btx,4,A,,Amount,Monetary,1,Numeric value of the monetary amount expressed in the specified currency.,"$.btx_BusinessTransactions.btx_TransactionHeader.btx_HeaderAmountStructure[btx_HeaderAmountType=""lineNetTotal""].btx_Amount",Header_ Amount Structure,identity,EXACT,HIGH,,v10 current-taxonomy re-review: semantic meaning and direct target Attribute reviewed; selected target occurrence is reconstructible from the full semantic_path; datatype is a lossless XBRL binding-compatible representation; source-to-target-to-source multiplicity is preserved. Current selector evidence: btx_HeaderAmountType=lineNetTotal:Amount_Type:PASS. Previously recorded EE1/discriminator blockers are resolved by the accepted 477-row HMD and EE1 taxonomy.
145,en16931,3,A,,Sum of allowances on document level,Amount,0..1,"Project-defined Sum of allowances on document level in the Document total context, represented as Amount.",$.invoice.documentTotals.sumOfAllowancesOnDocumentLevel,Document total,253,btx,4,A,,Amount,Monetary,1,Numeric value of the monetary amount expressed in the specified currency.,"$.btx_BusinessTransactions.btx_TransactionHeader.btx_HeaderAmountStructure[btx_HeaderAmountType=""allowanceTotal""].btx_Amount",Header_ Amount Structure,identity,EXACT,HIGH,,v10 current-taxonomy re-review: semantic meaning and direct target Attribute reviewed; selected target occurrence is reconstructible from the full semantic_path; datatype is a lossless XBRL binding-compatible representation; source-to-target-to-source multiplicity is preserved. Current selector evidence: btx_HeaderAmountType=allowanceTotal:Amount_Type:PASS. Previously recorded EE1/discriminator blockers are resolved by the accepted 477-row HMD and EE1 taxonomy.
146,en16931,3,A,,Sum of charges on document level,Amount,0..1,"Project-defined Sum of charges on document level in the Document total context, represented as Amount.",$.invoice.documentTotals.sumOfChargesOnDocumentLevel,Document total,253,btx,4,A,,Amount,Monetary,1,Numeric value of the monetary amount expressed in the specified currency.,"$.btx_BusinessTransactions.btx_TransactionHeader.btx_HeaderAmountStructure[btx_HeaderAmountType=""chargeTotal""].btx_Amount",Header_ Amount Structure,identity,EXACT,HIGH,,v10 current-taxonomy re-review: semantic meaning and direct target Attribute reviewed; selected target occurrence is reconstructible from the full semantic_path; datatype is a lossless XBRL binding-compatible representation; source-to-target-to-source multiplicity is preserved. Current selector evidence: btx_HeaderAmountType=chargeTotal:Amount_Type:PASS. Previously recorded EE1/discriminator blockers are resolved by the accepted 477-row HMD and EE1 taxonomy.
147,en16931,3,A,,Invoice total amount without VAT,Amount,1..1,"Project-defined Invoice total amount without VAT in the Document total context, represented as Amount.",$.invoice.documentTotals.invoiceTotalAmountWithoutVat,Document total,253,btx,4,A,,Amount,Monetary,1,Numeric value of the monetary amount expressed in the specified currency.,"$.btx_BusinessTransactions.btx_TransactionHeader.btx_HeaderAmountStructure[btx_HeaderAmountType=""taxExclusiveTotal""].btx_Amount",Header_ Amount Structure,identity,EXACT,HIGH,,v10 current-taxonomy re-review: semantic meaning and direct target Attribute reviewed; selected target occurrence is reconstructible from the full semantic_path; datatype is a lossless XBRL binding-compatible representation; source-to-target-to-source multiplicity is preserved. Current selector evidence: btx_HeaderAmountType=taxExclusiveTotal:Amount_Type:PASS. Previously recorded EE1/discriminator blockers are resolved by the accepted 477-row HMD and EE1 taxonomy.
148,en16931,3,A,,Invoice total VAT amount,Amount,1..1,"Project-defined Invoice total VAT amount in the Document total context, represented as Amount.",$.invoice.documentTotals.invoiceTotalVatAmount,Document total,253,btx,4,A,,Amount,Monetary,1,Numeric value of the monetary amount expressed in the specified currency.,"$.btx_BusinessTransactions.btx_TransactionHeader.btx_HeaderAmountStructure[btx_HeaderAmountType=""taxTotal""].btx_Amount",Header_ Amount Structure,identity,EXACT,HIGH,,v10 current-taxonomy re-review: semantic meaning and direct target Attribute reviewed; selected target occurrence is reconstructible from the full semantic_path; datatype is a lossless XBRL binding-compatible representation; source-to-target-to-source multiplicity is preserved. Current selector evidence: btx_HeaderAmountType=taxTotal:Amount_Type:PASS. Previously recorded EE1/discriminator blockers are resolved by the accepted 477-row HMD and EE1 taxonomy.
149,en16931,3,A,,Invoice total VAT amount in accounting currency,Amount,0..1,"Project-defined Invoice total VAT amount in accounting currency in the Document total context, represented as Amount.",$.invoice.documentTotals.invoiceTotalVatAmountInAccountingCurrency,Document total,253,btx,4,A,,Amount,Monetary,1,Numeric value of the monetary amount expressed in the specified currency.,"$.btx_BusinessTransactions.btx_TransactionHeader.btx_HeaderAmountStructure[btx_HeaderAmountType=""taxTotalAccountingCurrency""].btx_Amount",Header_ Amount Structure,identity,EXACT,HIGH,,v10 current-taxonomy re-review: semantic meaning and direct target Attribute reviewed; selected target occurrence is reconstructible from the full semantic_path; datatype is a lossless XBRL binding-compatible representation; source-to-target-to-source multiplicity is preserved. Current selector evidence: btx_HeaderAmountType=taxTotalAccountingCurrency:Amount_Type:PASS. Previously recorded EE1/discriminator blockers are resolved by the accepted 477-row HMD and EE1 taxonomy.
150,en16931,3,A,,Invoice total amount with VAT,Amount,1..1,"Project-defined Invoice total amount with VAT in the Document total context, represented as Amount.",$.invoice.documentTotals.invoiceTotalAmountWithVat,Document total,253,btx,4,A,,Amount,Monetary,1,Numeric value of the monetary amount expressed in the specified currency.,"$.btx_BusinessTransactions.btx_TransactionHeader.btx_HeaderAmountStructure[btx_HeaderAmountType=""invoiceTotal""].btx_Amount",Header_ Amount Structure,identity,EXACT,HIGH,,v10 current-taxonomy re-review: semantic meaning and direct target Attribute reviewed; selected target occurrence is reconstructible from the full semantic_path; datatype is a lossless XBRL binding-compatible representation; source-to-target-to-source multiplicity is preserved. Current selector evidence: btx_HeaderAmountType=invoiceTotal:Amount_Type:PASS. Previously recorded EE1/discriminator blockers are resolved by the accepted 477-row HMD and EE1 taxonomy.
151,en16931,3,A,,Paid amount,Amount,0..1,"Project-defined Paid amount in the Document total context, represented as Amount.",$.invoice.documentTotals.paidAmount,Document total,253,btx,4,A,,Amount,Monetary,1,Numeric value of the monetary amount expressed in the specified currency.,"$.btx_BusinessTransactions.btx_TransactionHeader.btx_HeaderAmountStructure[btx_HeaderAmountType=""paidAmount""].btx_Amount",Header_ Amount Structure,identity,EXACT,HIGH,,v10 current-taxonomy re-review: semantic meaning and direct target Attribute reviewed; selected target occurrence is reconstructible from the full semantic_path; datatype is a lossless XBRL binding-compatible representation; source-to-target-to-source multiplicity is preserved. Current selector evidence: btx_HeaderAmountType=paidAmount:Amount_Type:PASS. Previously recorded EE1/discriminator blockers are resolved by the accepted 477-row HMD and EE1 taxonomy.
152,en16931,3,A,,Rounding amount,Amount,0..1,"Project-defined Rounding amount in the Document total context, represented as Amount.",$.invoice.documentTotals.roundingAmount,Document total,253,btx,4,A,,Amount,Monetary,1,Numeric value of the monetary amount expressed in the specified currency.,"$.btx_BusinessTransactions.btx_TransactionHeader.btx_HeaderAmountStructure[btx_HeaderAmountType=""roundingAmount""].btx_Amount",Header_ Amount Structure,identity,EXACT,HIGH,,v10 current-taxonomy re-review: semantic meaning and direct target Attribute reviewed; selected target occurrence is reconstructible from the full semantic_path; datatype is a lossless XBRL binding-compatible representation; source-to-target-to-source multiplicity is preserved. Current selector evidence: btx_HeaderAmountType=roundingAmount:Amount_Type:PASS. Previously recorded EE1/discriminator blockers are resolved by the accepted 477-row HMD and EE1 taxonomy.
153,en16931,3,A,,Amount due for payment,Amount,1..1,"Project-defined Amount due for payment in the Document total context, represented as Amount.",$.invoice.documentTotals.amountDueForPayment,Document total,253,btx,4,A,,Amount,Monetary,1,Numeric value of the monetary amount expressed in the specified currency.,"$.btx_BusinessTransactions.btx_TransactionHeader.btx_HeaderAmountStructure[btx_HeaderAmountType=""amountDue""].btx_Amount",Header_ Amount Structure,identity,EXACT,HIGH,,v10 current-taxonomy re-review: semantic meaning and direct target Attribute reviewed; selected target occurrence is reconstructible from the full semantic_path; datatype is a lossless XBRL binding-compatible representation; source-to-target-to-source multiplicity is preserved. Current selector evidence: btx_HeaderAmountType=amountDue:Amount_Type:PASS. Previously recorded EE1/discriminator blockers are resolved by the accepted 477-row HMD and EE1 taxonomy.
154,en16931,2,C,,VAT breakdown,,1..*,"Project-defined VAT breakdown in the VAT breakdown context, represented as structured information.",$.invoice.vatBreakdown,VAT breakdown,233,btx,3,C,,Header_ Tax,,0..*,Class for holding tax related information,"$.btx_BusinessTransactions.btx_TransactionHeader.btx_HeaderTax[btx_TaxType=""VAT""]",Header_ Tax,identity,STRUCTURAL,HIGH,R_DISCRIMINATOR_REQUIRED,v10 current-taxonomy re-review: executable structural correspondence; transformation is explicitly identity and the full selector-bearing Class path defines the target occurrence.
155,en16931,3,A,,VAT category taxable amount,Amount,1..1,"Project-defined VAT category taxable amount in the VAT breakdown context, represented as Amount.",$.invoice.vatBreakdown.vatCategoryTaxableAmount,VAT breakdown,238,btx,4,A,,Basis for Taxation,Monetary,0..1,Basis for taxation,"$.btx_BusinessTransactions.btx_TransactionHeader.btx_HeaderTax[btx_TaxType=""VAT""].btx_BasisforTaxation",Header_ Tax,identity,EXACT,HIGH,,v10 current-taxonomy re-review: semantic meaning and direct target Attribute reviewed; selected target occurrence is reconstructible from the full semantic_path; datatype is a lossless XBRL binding-compatible representation; source-to-target-to-source multiplicity is preserved. Current selector evidence: btx_TaxType=VAT:Tax_Type:PASS. Previously recorded EE1/discriminator blockers are resolved by the accepted 477-row HMD and EE1 taxonomy.
156,en16931,3,A,,VAT category tax amount,Amount,1..1,"Project-defined VAT category tax amount in the VAT breakdown context, represented as Amount.",$.invoice.vatBreakdown.vatCategoryTaxAmount,VAT breakdown,237,btx,4,A,,Amount of Taxes,Monetary,0..1,Amount of taxes,"$.btx_BusinessTransactions.btx_TransactionHeader.btx_HeaderTax[btx_TaxType=""VAT""].btx_AmountofTaxes",Header_ Tax,identity,EXACT,HIGH,,v10 current-taxonomy re-review: semantic meaning and direct target Attribute reviewed; selected target occurrence is reconstructible from the full semantic_path; datatype is a lossless XBRL binding-compatible representation; source-to-target-to-source multiplicity is preserved. Current selector evidence: btx_TaxType=VAT:Tax_Type:PASS. Previously recorded EE1/discriminator blockers are resolved by the accepted 477-row HMD and EE1 taxonomy.
157,en16931,3,A,,VAT category code,Code,1..1,"Project-defined VAT category code in the VAT breakdown context, represented as Code.",$.invoice.vatBreakdown.vatCategoryCode,VAT breakdown,240,btx,4,A,,Tax Category,String,0..1,A class or category of taxes,"$.btx_BusinessTransactions.btx_TransactionHeader.btx_HeaderTax[btx_TaxType=""VAT""].btx_TaxCategory",Header_ Tax,identity,EXACT,HIGH,,v10 current-taxonomy re-review: semantic meaning and direct target Attribute reviewed; selected target occurrence is reconstructible from the full semantic_path; datatype is a lossless XBRL binding-compatible representation; source-to-target-to-source multiplicity is preserved. Current selector evidence: btx_TaxType=VAT:Tax_Type:PASS. Previously recorded EE1/discriminator blockers are resolved by the accepted 477-row HMD and EE1 taxonomy.
158,en16931,3,A,,VAT category rate,Decimal,0..1,"Project-defined VAT category rate in the VAT breakdown context, represented as Decimal.",$.invoice.vatBreakdown.vatCategoryRate,VAT breakdown,239,btx,4,A,,Tax Percentage Rate,Pure,0..1,Percent rate for VAT or other taxes normally a number between 0 and 1.0 - e.g. 50% is represented as 0.5,"$.btx_BusinessTransactions.btx_TransactionHeader.btx_HeaderTax[btx_TaxType=""VAT""].btx_TaxPercentageRate",Header_ Tax,percentage_to_pure,TRANSFORM,HIGH,R_SEMANTIC_MATCH | R_CONTEXT_MATCH | R_DATATYPE_MATCH | R_MULTIPLICITY_MATCH | R_OCCURRENCE_COMPATIBLE,v14: target definition explicitly establishes ratio scale; Decimal /100 forward and *100 reverse accepted task-locally.
159,en16931,3,A,,VAT exemption reason text,Text,0..1,"Project-defined VAT exemption reason text in the VAT breakdown context, represented as Text.",$.invoice.vatBreakdown.vatExemptionReasonText,VAT breakdown,251,btx,4,A,,Tax Exemption Reason Text,String,0..1,Human-readable text describing the reason why the tax occurrence is exempt from tax.,"$.btx_BusinessTransactions.btx_TransactionHeader.btx_HeaderTax[btx_TaxType=""VAT""].btx_TaxExemptionReasonText",Header_ Tax,identity,EXACT,HIGH,,v10 current-taxonomy re-review: semantic meaning and direct target Attribute reviewed; selected target occurrence is reconstructible from the full semantic_path; datatype is a lossless XBRL binding-compatible representation; source-to-target-to-source multiplicity is preserved. Current selector evidence: btx_TaxType=VAT:Tax_Type:PASS. Previously recorded EE1/discriminator blockers are resolved by the accepted 477-row HMD and EE1 taxonomy.
160,en16931,3,A,,VAT exemption reason code,Code,0..1,"Project-defined VAT exemption reason code in the VAT breakdown context, represented as Code.",$.invoice.vatBreakdown.vatExemptionReasonCode,VAT breakdown,250,btx,4,A,,Tax Exemption Reason Code,Token,0..1,Code identifying the reason why the tax occurrence is exempt from tax.,"$.btx_BusinessTransactions.btx_TransactionHeader.btx_HeaderTax[btx_TaxType=""VAT""].btx_TaxExemptionReasonCode",Header_ Tax,identity,EXACT,HIGH,,v10 current-taxonomy re-review: semantic meaning and direct target Attribute reviewed; selected target occurrence is reconstructible from the full semantic_path; datatype is a lossless XBRL binding-compatible representation; source-to-target-to-source multiplicity is preserved. Current selector evidence: btx_TaxType=VAT:Tax_Type:PASS. Previously recorded EE1/discriminator blockers are resolved by the accepted 477-row HMD and EE1 taxonomy.
161,en16931,2,C,,Additional supporting documents,,0..*,"Project-defined Additional supporting documents in the Additional supporting document context, represented as structured information.",$.invoice.additionalSupportingDocuments[not(externalDocumentLocation)][not(attachedDocument)],Additional supporting document,155,btx,3,C,,Referenced Document,,0..*,Reference for the document; number assigned to track the document,"$.btx_BusinessTransactions.btx_TransactionHeader.btx_ReferencedDocument[btx_DocumentType=""supportingDocument""]",Referenced Document,identity,STRUCTURAL,HIGH,R_DISCRIMINATOR_REQUIRED,v13 approved disjoint BG-24 structure; same-occurrence predicate selects Document_Type=supportingDocument.
161,en16931,2,C,,Additional supporting documents,,0..*,"Project-defined Additional supporting documents in the Additional supporting document context, represented as structured information.",$.invoice.additionalSupportingDocuments[externalDocumentLocation][not(attachedDocument)],Additional supporting document,155,btx,3,C,,Referenced Document,,0..*,Reference for the document; number assigned to track the document,"$.btx_BusinessTransactions.btx_TransactionHeader.btx_ReferencedDocument[btx_DocumentType=""externalDocument""]",Referenced Document,identity,STRUCTURAL,HIGH,R_DISCRIMINATOR_REQUIRED,v13 approved disjoint BG-24 structure; same-occurrence predicate selects Document_Type=externalDocument.
161,en16931,2,C,,Additional supporting documents,,0..*,"Project-defined Additional supporting documents in the Additional supporting document context, represented as structured information.",$.invoice.additionalSupportingDocuments[not(externalDocumentLocation)][attachedDocument],Additional supporting document,155,btx,3,C,,Referenced Document,,0..*,Reference for the document; number assigned to track the document,"$.btx_BusinessTransactions.btx_TransactionHeader.btx_ReferencedDocument[btx_DocumentType=""attachedDocument""]",Referenced Document,identity,STRUCTURAL,HIGH,R_DISCRIMINATOR_REQUIRED,v13 approved disjoint BG-24 structure; same-occurrence predicate selects Document_Type=attachedDocument.
162,en16931,3,A,,Supporting document reference,Identifier,1..1,"Project-defined Supporting document reference in the Additional supporting document context, represented as Identifier.",$.invoice.additionalSupportingDocuments[not(externalDocumentLocation)][not(attachedDocument)].supportingDocumentReference,Additional supporting document,157,btx,4,A,PK,Document Number,String,0..1,Document number,"$.btx_BusinessTransactions.btx_TransactionHeader.btx_ReferencedDocument[btx_DocumentType=""supportingDocument""].btx_DocumentNumber",Referenced Document,identity,EXACT,HIGH,,v13 approved BT-122 supportingDocument variant; disjoint same-occurrence predicate; reversible identity.
162,en16931,3,A,,Supporting document reference,Identifier,1..1,"Project-defined Supporting document reference in the Additional supporting document context, represented as Identifier.",$.invoice.additionalSupportingDocuments[externalDocumentLocation][not(attachedDocument)].supportingDocumentReference,Additional supporting document,157,btx,4,A,PK,Document Number,String,0..1,Document number,"$.btx_BusinessTransactions.btx_TransactionHeader.btx_ReferencedDocument[btx_DocumentType=""externalDocument""].btx_DocumentNumber",Referenced Document,identity,EXACT,HIGH,,v13 approved BT-122 externalDocument variant; disjoint same-occurrence predicate; reversible identity.
162,en16931,3,A,,Supporting document reference,Identifier,1..1,"Project-defined Supporting document reference in the Additional supporting document context, represented as Identifier.",$.invoice.additionalSupportingDocuments[not(externalDocumentLocation)][attachedDocument].supportingDocumentReference,Additional supporting document,157,btx,4,A,PK,Document Number,String,0..1,Document number,"$.btx_BusinessTransactions.btx_TransactionHeader.btx_ReferencedDocument[btx_DocumentType=""attachedDocument""].btx_DocumentNumber",Referenced Document,identity,EXACT,HIGH,,v13 approved BT-122 attachedDocument variant; disjoint same-occurrence predicate; reversible identity.
163,en16931,3,A,,Supporting document description,Text,0..1,"Project-defined Supporting document description in the Additional supporting document context, represented as Text.",$.invoice.additionalSupportingDocuments.supportingDocumentDescription,Additional supporting document,,,,,,,,,,,,,NO_TARGET,LOW,R_SEMANTIC_GAP | R_MODEL_EXTENSION_CANDIDATE,v14: misleading weak target rejected; separate model extension approval required.
164,en16931,3,A,,External document location,Identifier,0..1,"Project-defined External document location in the Additional supporting document context, represented as Identifier.",$.invoice.additionalSupportingDocuments[externalDocumentLocation][not(attachedDocument)].externalDocumentLocation,Additional supporting document,168,btx,5,A,,External URI,anyURI,0..1,External URI at which the referenced document or attachment can be obtained.,"$.btx_BusinessTransactions.btx_TransactionHeader.btx_ReferencedDocument[btx_DocumentType=""externalDocument""].btx_DocumentAttachment.btx_ExternalURI",Document Attachment,identity,EXACT,HIGH,,v13 approved External document location externalDocument variant; same-occurrence predicate; reversible identity.
165,en16931,3,A,,Attached document,Binary object,0..1,"Project-defined Attached document in the Additional supporting document context, represented as Binary object.",$.invoice.additionalSupportingDocuments[not(externalDocumentLocation)][attachedDocument].attachedDocument,Additional supporting document,165,btx,5,A,,Binary Content,Base64Binary,0..1,Binary attachment content encoded as base64.,"$.btx_BusinessTransactions.btx_TransactionHeader.btx_ReferencedDocument[btx_DocumentType=""attachedDocument""].btx_DocumentAttachment.btx_BinaryContent",Document Attachment,identity,EXACT,HIGH,,v13 approved Attached document attachedDocument variant; same-occurrence predicate; reversible identity.
166,en16931,3,A,,Attached document MIME code,Code,1..1,"Project-defined Attached document MIME code in the Additional supporting document context, represented as Code.",$.invoice.additionalSupportingDocuments[not(externalDocumentLocation)][attachedDocument].attachedDocumentMimeCode,Additional supporting document,166,btx,5,A,,MIME Type,Token,0..1,MIME media type of the attached content.,"$.btx_BusinessTransactions.btx_TransactionHeader.btx_ReferencedDocument[btx_DocumentType=""attachedDocument""].btx_DocumentAttachment.btx_MIMEType",Document Attachment,identity,EXACT,HIGH,,v13 approved Attached document MIME code attachedDocument variant; same-occurrence predicate; reversible identity.
167,en16931,3,A,,Attached document filename,Text,1..1,"Project-defined Attached document filename in the Additional supporting document context, represented as Text.",$.invoice.additionalSupportingDocuments[not(externalDocumentLocation)][attachedDocument].attachedDocumentFilename,Additional supporting document,167,btx,5,A,,File Name,String,0..1,File name associated with the attached content.,"$.btx_BusinessTransactions.btx_TransactionHeader.btx_ReferencedDocument[btx_DocumentType=""attachedDocument""].btx_DocumentAttachment.btx_FileName",Document Attachment,identity,EXACT,HIGH,,v13 approved Attached document filename attachedDocument variant; same-occurrence predicate; reversible identity.
168,en16931,2,C,,Invoice line,,1..*,"Project-defined Invoice line in the Invoice line context, represented as structured information.",$.invoice.invoiceLine,Invoice line,258,btx,3,C,,Transaction_ Detail,,0..*,Parent for document line,$.btx_BusinessTransactions.btx_TransactionHeader.btx_TransactionDetail,Transaction_ Detail,identity,STRUCTURAL,HIGH,R_SEMANTIC_MATCH | R_CONTEXT_MATCH,v10 current-taxonomy re-review: executable structural correspondence; transformation is explicitly identity and the full selector-bearing Class path defines the target occurrence.
169,en16931,3,A,,Invoice line identifier,Identifier,1..1,"Project-defined Invoice line identifier in the Invoice line context, represented as Identifier.",$.invoice.invoiceLine.invoiceLineIdentifier,Invoice line,259,btx,4,A,PK,Line Number,String,0..1,Identifier for a particular entry detail,$.btx_BusinessTransactions.btx_TransactionHeader.btx_TransactionDetail.btx_LineNumber,Transaction_ Detail,identity,EXACT,HIGH,R_SEMANTIC_MATCH | R_CONTEXT_MATCH | R_DATATYPE_MATCH | R_OCCURRENCE_COMPATIBLE,v14: definition/context and generated-target reverse were reviewed; source-oriented roundtrip is lossless.
170,en16931,3,A,,Invoice line note,Text,0..1,"Project-defined Invoice line note in the Invoice line context, represented as Text.",$.invoice.invoiceLine.invoiceLineNote,Invoice line,,,,,,,,,,,,,NO_TARGET,LOW,R_SEMANTIC_GAP,v14: misleading weak target rejected; no semantically valid target in accepted 477-row HMD.
171,en16931,3,A,,Invoice line object identifier,Identifier,0..1,"Project-defined Invoice line object identifier in the Invoice line context, represented as Identifier.",$.invoice.invoiceLine.invoiceLineObjectIdentifier,Invoice line,,,,,,,,,,,,,NO_TARGET,LOW,R_SEMANTIC_GAP | R_MODEL_EXTENSION_CANDIDATE,v14: misleading weak target rejected; separate model extension approval required.
172,en16931,3,A,,Scheme identifier,Identifier,0..1,"Project-defined Scheme identifier in the Invoice line context, represented as Identifier.",$.invoice.invoiceLine.invoiceLineObjectIdentifierSchemeIdentifier,Invoice line,,,,,,,,,,,,,NO_TARGET,LOW,R_SEMANTIC_GAP | R_MODEL_EXTENSION_CANDIDATE,v14: misleading weak target rejected; separate model extension approval required.
173,en16931,3,A,,Invoiced quantity,Quantity,0..1,"Project-defined Invoiced quantity in the Invoice line context, represented as Quantity.",$.invoice.invoiceLine.invoicedQuantity,Invoice line,375,bus,5,A,,Measurable Quantity,Decimal,0..1,"Number of units in this transaction; for non-monetary calculations; can be square footage, number of people, etc.",$.btx_BusinessTransactions.btx_TransactionHeader.btx_TransactionDetail.btx_DetailMeasurable.bus_MeasurableQuantity,Detail_ Measurable,identity,EXACT,HIGH,R_SEMANTIC_MATCH | R_CONTEXT_MATCH | R_DATATYPE_MATCH | R_MULTIPLICITY_MATCH | R_OCCURRENCE_COMPATIBLE,v14: definition/context and generated-target reverse were reviewed; source-oriented roundtrip is lossless.
174,en16931,3,A,,Invoiced quantity unit code,Code,0..1,"Project-defined Invoiced quantity unit code in the Invoice line context, represented as Code.",$.invoice.invoiceLine.invoicedQuantityUnitCode,Invoice line,377,bus,5,A,,Measurable Unit of Measure,String,0..1,"Description of unit: e.g. each, case, dozen, etc. ISO standard coding recommended.",$.btx_BusinessTransactions.btx_TransactionHeader.btx_TransactionDetail.btx_DetailMeasurable.bus_MeasurableUnitofMeasure,Detail_ Measurable,identity,EXACT,HIGH,R_SEMANTIC_MATCH | R_CONTEXT_MATCH | R_DATATYPE_MATCH | R_MULTIPLICITY_MATCH | R_OCCURRENCE_COMPATIBLE,v14: definition/context and generated-target reverse were reviewed; source-oriented roundtrip is lossless.
175,en16931,3,A,,Invoice line net amount,Amount,1..1,"Project-defined Invoice line net amount in the Invoice line context, represented as Amount.",$.invoice.invoiceLine.invoiceLineNetAmount,Invoice line,450,btx,5,A,,Amount,Monetary,1,Numeric value of the monetary amount expressed in the specified currency.,"$.btx_BusinessTransactions.btx_TransactionHeader.btx_TransactionDetail.btx_DetailAmountStructure[btx_DetailAmountType=""lineNetAmount""].btx_Amount",Detail_ Amount Structure,identity,EXACT,HIGH,R_SEMANTIC_MATCH | R_CONTEXT_MATCH | R_OCCURRENCE_COMPATIBLE,v14: definition/context and generated-target reverse were reviewed; source-oriented roundtrip is lossless.
176,en16931,3,A,,Referenced purchase order line reference,Identifier,0..1,"Project-defined Referenced purchase order line reference in the Invoice line context, represented as Identifier.",$.invoice.invoiceLine.referencedPurchaseOrderLineReference,Invoice line,,,,,,,,,,,,,NO_TARGET,LOW,R_SEMANTIC_GAP,v14: misleading weak target rejected; no semantically valid target in accepted 477-row HMD.
177,en16931,3,A,,Invoice line buyer accounting reference,Text,0..1,"Project-defined Invoice line buyer accounting reference in the Invoice line context, represented as Text.",$.invoice.invoiceLine.invoiceLineBuyerAccountingReference,Invoice line,,,,,,,,,,,,,NO_TARGET,LOW,R_SEMANTIC_GAP,v14: misleading weak target rejected; no semantically valid target in accepted 477-row HMD.
178,en16931,3,C,,Invoice line period,,0..1,"Project-defined Invoice line period in the Invoice line period context, represented as structured information.",$.invoice.invoiceLine.invoiceLinePeriod,Invoice line period,,,,,,,,,,,,,STRUCTURAL,,,EN CIUS HMD Class row retained for complete source-HMD coverage. v10: source grouping Class retained. No separate target-only structural row is emitted; each mapped descendant carries its complete target semantic_path.
179,en16931,4,A,,Invoice line period start date,Date,0..1,"Project-defined Invoice line period start date in the Invoice line period context, represented as Date.",$.invoice.invoiceLine.invoiceLinePeriod.invoiceLinePeriodStartDate,Invoice line period,379,bus,5,A,,Measurable Start Time,Date Time,0..1,Start time of the duration being measured,$.btx_BusinessTransactions.btx_TransactionHeader.btx_TransactionDetail.btx_DetailMeasurable.bus_MeasurableStartTime,Detail_ Measurable,date_to_midnight,TRANSFORM,HIGH,R_SEMANTIC_MATCH | R_CONTEXT_MATCH | R_DATATYPE_MATCH | R_MULTIPLICITY_MATCH | R_OCCURRENCE_COMPATIBLE,v14: explicit reversible date_to_midnight transform; generated-target reverse and occurrence identity reviewed.
180,en16931,4,A,,Invoice line period end date,Date,0..1,"Project-defined Invoice line period end date in the Invoice line period context, represented as Date.",$.invoice.invoiceLine.invoiceLinePeriod.invoiceLinePeriodEndDate,Invoice line period,380,bus,5,A,,Measurable End Time,Date Time,0..1,End time of the duration being measured,$.btx_BusinessTransactions.btx_TransactionHeader.btx_TransactionDetail.btx_DetailMeasurable.bus_MeasurableEndTime,Detail_ Measurable,date_to_midnight,TRANSFORM,HIGH,R_SEMANTIC_MATCH | R_CONTEXT_MATCH | R_DATATYPE_MATCH | R_MULTIPLICITY_MATCH | R_OCCURRENCE_COMPATIBLE,v14: explicit reversible date_to_midnight transform; generated-target reverse and occurrence identity reviewed.
181,en16931,3,C,,Invoice line allowances,,0..*,"Project-defined Invoice line allowances in the Invoice line allowance context, represented as structured information.",$.invoice.invoiceLine.invoiceLineAllowances,Invoice line allowance,455,btx,4,C,,Detail_ Adjustment,,0..*,Line-level allowance or charge adjustment.,"$.btx_BusinessTransactions.btx_TransactionHeader.btx_TransactionDetail.btx_DetailAdjustment[btx_AdjustmentType=""allowance""]",Adjustment,identity,STRUCTURAL,HIGH,R_DISCRIMINATOR_REQUIRED,v10 current-taxonomy re-review: executable structural correspondence; transformation is explicitly identity and the full selector-bearing Class path defines the target occurrence.
182,en16931,4,A,,Invoice line allowance amount,Amount,1..1,"Project-defined Invoice line allowance amount in the Invoice line allowance context, represented as Amount.",$.invoice.invoiceLine.invoiceLineAllowances.invoiceLineAllowanceAmount,Invoice line allowance,457,btx,5,A,,Amount,Monetary,1,Monetary amount of the adjustment.,"$.btx_BusinessTransactions.btx_TransactionHeader.btx_TransactionDetail.btx_DetailAdjustment[btx_AdjustmentType=""allowance""].btx_Amount",Adjustment,identity,EXACT,HIGH,,v10 current-taxonomy re-review: semantic meaning and direct target Attribute reviewed; selected target occurrence is reconstructible from the full semantic_path; datatype is a lossless XBRL binding-compatible representation; source-to-target-to-source multiplicity is preserved. Current selector evidence: btx_AdjustmentType=allowance:Adjustment_Type:PASS. Previously recorded EE1/discriminator blockers are resolved by the accepted 477-row HMD and EE1 taxonomy.
183,en16931,4,A,,Invoice line allowance base amount,Amount,0..1,"Project-defined Invoice line allowance base amount in the Invoice line allowance context, represented as Amount.",$.invoice.invoiceLine.invoiceLineAllowances.invoiceLineAllowanceBaseAmount,Invoice line allowance,458,btx,5,A,,Base Amount,Monetary,0..1,Monetary base amount used to calculate the adjustment.,"$.btx_BusinessTransactions.btx_TransactionHeader.btx_TransactionDetail.btx_DetailAdjustment[btx_AdjustmentType=""allowance""].btx_BaseAmount",Adjustment,identity,EXACT,HIGH,,v10 current-taxonomy re-review: semantic meaning and direct target Attribute reviewed; selected target occurrence is reconstructible from the full semantic_path; datatype is a lossless XBRL binding-compatible representation; source-to-target-to-source multiplicity is preserved. Current selector evidence: btx_AdjustmentType=allowance:Adjustment_Type:PASS. Previously recorded EE1/discriminator blockers are resolved by the accepted 477-row HMD and EE1 taxonomy.
184,en16931,4,A,,Invoice line allowance percentage,Percentage,0..1,"Project-defined Invoice line allowance percentage in the Invoice line allowance context, represented as Percentage.",$.invoice.invoiceLine.invoiceLineAllowances.invoiceLineAllowancePercentage,Invoice line allowance,459,btx,5,A,,Percentage,Pure,0..1,"Percentage rate used to calculate the adjustment, represented as a pure numeric value.","$.btx_BusinessTransactions.btx_TransactionHeader.btx_TransactionDetail.btx_DetailAdjustment[btx_AdjustmentType=""allowance""].btx_Percentage",Adjustment,percentage_representation_review,REVIEW_REQUIRED,HIGH,R_SEMANTIC_MATCH | R_CONTEXT_MATCH | R_MULTIPLICITY_REVIEW | R_DATATYPE_MATCH | R_MULTIPLICITY_MATCH | R_TRANSFORM_REQUIRED,"v10 current-taxonomy re-review: resolved: current selector field/value is defined. Not executable because R_MULTIPLICITY_REVIEW, R_TRANSFORM_REQUIRED. Current selector evidence: btx_AdjustmentType=allowance:Adjustment_Type:PASS. No mapping is inferred."
185,en16931,4,A,,Invoice line allowance reason,Text,0..1,"Project-defined Invoice line allowance reason in the Invoice line allowance context, represented as Text.",$.invoice.invoiceLine.invoiceLineAllowances.invoiceLineAllowanceReason,Invoice line allowance,460,btx,5,A,,Reason,String,0..1,Human-readable reason for the adjustment.,"$.btx_BusinessTransactions.btx_TransactionHeader.btx_TransactionDetail.btx_DetailAdjustment[btx_AdjustmentType=""allowance""].btx_Reason",Adjustment,identity,EXACT,HIGH,,v10 current-taxonomy re-review: semantic meaning and direct target Attribute reviewed; selected target occurrence is reconstructible from the full semantic_path; datatype is a lossless XBRL binding-compatible representation; source-to-target-to-source multiplicity is preserved. Current selector evidence: btx_AdjustmentType=allowance:Adjustment_Type:PASS. Previously recorded EE1/discriminator blockers are resolved by the accepted 477-row HMD and EE1 taxonomy.
186,en16931,4,A,,Invoice line allowance reason code,Code,0..1,"Project-defined Invoice line allowance reason code in the Invoice line allowance context, represented as Code.",$.invoice.invoiceLine.invoiceLineAllowances.invoiceLineAllowanceReasonCode,Invoice line allowance,461,btx,5,A,,Reason Code,Token,0..1,Code identifying the reason for the adjustment.,"$.btx_BusinessTransactions.btx_TransactionHeader.btx_TransactionDetail.btx_DetailAdjustment[btx_AdjustmentType=""allowance""].btx_ReasonCode",Adjustment,identity,EXACT,HIGH,,v10 current-taxonomy re-review: semantic meaning and direct target Attribute reviewed; selected target occurrence is reconstructible from the full semantic_path; datatype is a lossless XBRL binding-compatible representation; source-to-target-to-source multiplicity is preserved. Current selector evidence: btx_AdjustmentType=allowance:Adjustment_Type:PASS. Previously recorded EE1/discriminator blockers are resolved by the accepted 477-row HMD and EE1 taxonomy.
187,en16931,3,C,,Invoice line charges,,0..*,"Project-defined Invoice line charges in the Invoice line charge context, represented as structured information.",$.invoice.invoiceLine.invoiceLineCharges,Invoice line charge,455,btx,4,C,,Detail_ Adjustment,,0..*,Line-level allowance or charge adjustment.,"$.btx_BusinessTransactions.btx_TransactionHeader.btx_TransactionDetail.btx_DetailAdjustment[btx_AdjustmentType=""charge""]",Adjustment,identity,STRUCTURAL,HIGH,R_DISCRIMINATOR_REQUIRED,v10 current-taxonomy re-review: executable structural correspondence; transformation is explicitly identity and the full selector-bearing Class path defines the target occurrence.
188,en16931,4,A,,Invoice line charge amount,Amount,1..1,"Project-defined Invoice line charge amount in the Invoice line charge context, represented as Amount.",$.invoice.invoiceLine.invoiceLineCharges.invoiceLineChargeAmount,Invoice line charge,457,btx,5,A,,Amount,Monetary,1,Monetary amount of the adjustment.,"$.btx_BusinessTransactions.btx_TransactionHeader.btx_TransactionDetail.btx_DetailAdjustment[btx_AdjustmentType=""charge""].btx_Amount",Adjustment,identity,EXACT,HIGH,,v10 current-taxonomy re-review: semantic meaning and direct target Attribute reviewed; selected target occurrence is reconstructible from the full semantic_path; datatype is a lossless XBRL binding-compatible representation; source-to-target-to-source multiplicity is preserved. Current selector evidence: btx_AdjustmentType=charge:Adjustment_Type:PASS. Previously recorded EE1/discriminator blockers are resolved by the accepted 477-row HMD and EE1 taxonomy.
189,en16931,4,A,,Invoice line charge base amount,Amount,0..1,"Project-defined Invoice line charge base amount in the Invoice line charge context, represented as Amount.",$.invoice.invoiceLine.invoiceLineCharges.invoiceLineChargeBaseAmount,Invoice line charge,458,btx,5,A,,Base Amount,Monetary,0..1,Monetary base amount used to calculate the adjustment.,"$.btx_BusinessTransactions.btx_TransactionHeader.btx_TransactionDetail.btx_DetailAdjustment[btx_AdjustmentType=""charge""].btx_BaseAmount",Adjustment,identity,EXACT,HIGH,,v10 current-taxonomy re-review: semantic meaning and direct target Attribute reviewed; selected target occurrence is reconstructible from the full semantic_path; datatype is a lossless XBRL binding-compatible representation; source-to-target-to-source multiplicity is preserved. Current selector evidence: btx_AdjustmentType=charge:Adjustment_Type:PASS. Previously recorded EE1/discriminator blockers are resolved by the accepted 477-row HMD and EE1 taxonomy.
190,en16931,4,A,,Invoice line charge percentage,Percentage,0..1,"Project-defined Invoice line charge percentage in the Invoice line charge context, represented as Percentage.",$.invoice.invoiceLine.invoiceLineCharges.invoiceLineChargePercentage,Invoice line charge,459,btx,5,A,,Percentage,Pure,0..1,"Percentage rate used to calculate the adjustment, represented as a pure numeric value.","$.btx_BusinessTransactions.btx_TransactionHeader.btx_TransactionDetail.btx_DetailAdjustment[btx_AdjustmentType=""charge""].btx_Percentage",Adjustment,percentage_representation_review,REVIEW_REQUIRED,HIGH,R_SEMANTIC_MATCH | R_CONTEXT_MATCH | R_MULTIPLICITY_REVIEW | R_DATATYPE_MATCH | R_MULTIPLICITY_MATCH | R_TRANSFORM_REQUIRED,"v10 current-taxonomy re-review: resolved: current selector field/value is defined. Not executable because R_MULTIPLICITY_REVIEW, R_TRANSFORM_REQUIRED. Current selector evidence: btx_AdjustmentType=charge:Adjustment_Type:PASS. No mapping is inferred."
191,en16931,4,A,,Invoice line charge reason,Text,0..1,"Project-defined Invoice line charge reason in the Invoice line charge context, represented as Text.",$.invoice.invoiceLine.invoiceLineCharges.invoiceLineChargeReason,Invoice line charge,460,btx,5,A,,Reason,String,0..1,Human-readable reason for the adjustment.,"$.btx_BusinessTransactions.btx_TransactionHeader.btx_TransactionDetail.btx_DetailAdjustment[btx_AdjustmentType=""charge""].btx_Reason",Adjustment,identity,EXACT,HIGH,,v10 current-taxonomy re-review: semantic meaning and direct target Attribute reviewed; selected target occurrence is reconstructible from the full semantic_path; datatype is a lossless XBRL binding-compatible representation; source-to-target-to-source multiplicity is preserved. Current selector evidence: btx_AdjustmentType=charge:Adjustment_Type:PASS. Previously recorded EE1/discriminator blockers are resolved by the accepted 477-row HMD and EE1 taxonomy.
192,en16931,4,A,,Invoice line charge reason code,Code,0..1,"Project-defined Invoice line charge reason code in the Invoice line charge context, represented as Code.",$.invoice.invoiceLine.invoiceLineCharges.invoiceLineChargeReasonCode,Invoice line charge,461,btx,5,A,,Reason Code,Token,0..1,Code identifying the reason for the adjustment.,"$.btx_BusinessTransactions.btx_TransactionHeader.btx_TransactionDetail.btx_DetailAdjustment[btx_AdjustmentType=""charge""].btx_ReasonCode",Adjustment,identity,EXACT,HIGH,,v10 current-taxonomy re-review: semantic meaning and direct target Attribute reviewed; selected target occurrence is reconstructible from the full semantic_path; datatype is a lossless XBRL binding-compatible representation; source-to-target-to-source multiplicity is preserved. Current selector evidence: btx_AdjustmentType=charge:Adjustment_Type:PASS. Previously recorded EE1/discriminator blockers are resolved by the accepted 477-row HMD and EE1 taxonomy.
193,en16931,3,C,,Price details,,1..1,"Project-defined Price details in the Price detail context, represented as structured information.",$.invoice.invoiceLine.priceDetails,Price detail,,,,,,,,,,,,,STRUCTURAL,,,EN CIUS HMD Class row retained for complete source-HMD coverage. v10: source grouping Class retained. No separate target-only structural row is emitted; each mapped descendant carries its complete target semantic_path.
194,en16931,4,A,,Item net price,Amount,1..1,"Project-defined Item net price in the Price detail context, represented as Amount.",$.invoice.invoiceLine.priceDetails.itemNetPrice,Price detail,,,,,,,,,,,,,NO_TARGET,LOW,R_SEMANTIC_GAP | R_MODEL_EXTENSION_CANDIDATE,v15 final review: existing target rejected; separate semantic-model approval is required.
195,en16931,4,A,,Item price discount,Amount,0..1,"Project-defined Item price discount in the Price detail context, represented as Amount.",$.invoice.invoiceLine.priceDetails.itemPriceDiscount,Price detail,,,,,,,,,,,,,NO_TARGET,LOW,R_SEMANTIC_GAP,v14: misleading weak target rejected; no semantically valid target in accepted 477-row HMD.
196,en16931,4,A,,Item gross price,Amount,0..1,"Project-defined Item gross price in the Price detail context, represented as Amount.",$.invoice.invoiceLine.priceDetails.itemGrossPrice,Price detail,378,bus,5,A,,Measurable Per Unit Cost/Price,Monetary,0..1,"Per unit price of the measurable. Although one might expect that measurableQuantity * measurableCostPerUnit = amount, this is not mandated except by external rules sets.",$.btx_BusinessTransactions.btx_TransactionHeader.btx_TransactionDetail.btx_DetailMeasurable.bus_MeasurablePerUnitCostPrice,Detail_ Measurable,identity,EXACT,HIGH,R_SEMANTIC_MATCH | R_CONTEXT_MATCH | R_DATATYPE_MATCH | R_MULTIPLICITY_MATCH | R_OCCURRENCE_COMPATIBLE,v14: definition/context and generated-target reverse were reviewed; source-oriented roundtrip is lossless.
197,en16931,4,A,,Item price base quantity,Quantity,0..1,"Project-defined Item price base quantity in the Price detail context, represented as Quantity.",$.invoice.invoiceLine.priceDetails.itemPriceBaseQuantity,Price detail,375,bus,5,A,,Measurable Quantity,Decimal,0..1,"Number of units in this transaction; for non-monetary calculations; can be square footage, number of people, etc.",$.btx_BusinessTransactions.btx_TransactionHeader.btx_TransactionDetail.btx_DetailMeasurable.bus_MeasurableQuantity,Detail_ Measurable,,REVIEW_REQUIRED,HIGH,R_SEMANTIC_MATCH | R_CONTEXT_MATCH | R_MULTIPLICITY_REVIEW | R_DATATYPE_MATCH | R_MULTIPLICITY_MATCH,v10 current-taxonomy re-review: resolved: HMD-derived repeatable-ancestor propagation is accepted. Not executable because R_MULTIPLICITY_REVIEW. Current selector evidence: no equality selector. No mapping is inferred.
198,en16931,4,A,,Item price base quantity unit code,Code,0..1,"Project-defined Item price base quantity unit code in the Price detail context, represented as Code.",$.invoice.invoiceLine.priceDetails.itemPriceBaseQuantityUnitCode,Price detail,377,bus,5,A,,Measurable Unit of Measure,String,0..1,"Description of unit: e.g. each, case, dozen, etc. ISO standard coding recommended.",$.btx_BusinessTransactions.btx_TransactionHeader.btx_TransactionDetail.btx_DetailMeasurable.bus_MeasurableUnitofMeasure,Detail_ Measurable,,REVIEW_REQUIRED,HIGH,R_SEMANTIC_MATCH | R_CONTEXT_MATCH | R_MULTIPLICITY_REVIEW | R_DATATYPE_MATCH | R_MULTIPLICITY_MATCH,v10 current-taxonomy re-review: resolved: HMD-derived repeatable-ancestor propagation is accepted. Not executable because R_MULTIPLICITY_REVIEW. Current selector evidence: no equality selector. No mapping is inferred.
199,en16931,3,C,,Line VAT information,,1..1,"Project-defined Line VAT information in the Line VAT information context, represented as structured information.",$.invoice.invoiceLine.lineVatInformation,Line VAT information,415,btx,4,C,,Detail_ Tax,,0..*,Class for holding tax related information,"$.btx_BusinessTransactions.btx_TransactionHeader.btx_TransactionDetail.btx_DetailTax[btx_TaxType=""VAT""]",Detail_ Tax,identity,STRUCTURAL,HIGH,R_DISCRIMINATOR_REQUIRED,v10 current-taxonomy re-review: executable structural correspondence; transformation is explicitly identity and the full selector-bearing Class path defines the target occurrence.
200,en16931,4,A,,Invoiced item VAT category code,Code,1..1,"Project-defined Invoiced item VAT category code in the Line VAT information context, represented as Code.",$.invoice.invoiceLine.lineVatInformation.invoicedItemVatCategoryCode,Line VAT information,422,btx,5,A,,Tax Category,String,0..1,A class or category of taxes,"$.btx_BusinessTransactions.btx_TransactionHeader.btx_TransactionDetail.btx_DetailTax[btx_TaxType=""VAT""].btx_TaxCategory",Detail_ Tax,identity,EXACT,HIGH,,v10 current-taxonomy re-review: semantic meaning and direct target Attribute reviewed; selected target occurrence is reconstructible from the full semantic_path; datatype is a lossless XBRL binding-compatible representation; source-to-target-to-source multiplicity is preserved. Current selector evidence: btx_TaxType=VAT:Tax_Type:PASS. Previously recorded EE1/discriminator blockers are resolved by the accepted 477-row HMD and EE1 taxonomy.
201,en16931,4,A,,Invoiced item VAT rate,Decimal,0..1,"Project-defined Invoiced item VAT rate in the Line VAT information context, represented as Decimal.",$.invoice.invoiceLine.lineVatInformation.invoicedItemVatRate,Line VAT information,421,btx,5,A,,Tax Percentage Rate,Pure,0..1,Percent rate for VAT or other taxes normally a number between 0 and 1.0 - e.g. 50% is represented as 0.5,"$.btx_BusinessTransactions.btx_TransactionHeader.btx_TransactionDetail.btx_DetailTax[btx_TaxType=""VAT""].btx_TaxPercentageRate",Detail_ Tax,percentage_to_pure,TRANSFORM,HIGH,R_SEMANTIC_MATCH | R_CONTEXT_MATCH | R_DATATYPE_MATCH | R_MULTIPLICITY_MATCH | R_OCCURRENCE_COMPATIBLE,v14: target definition explicitly establishes ratio scale; Decimal /100 forward and *100 reverse accepted task-locally.
202,en16931,3,C,,Item information,,1..1,"Project-defined Item information in the Item information context, represented as structured information.",$.invoice.invoiceLine.itemInformation,Item information,,,,,,,,,,,,,STRUCTURAL,,,EN CIUS HMD Class row retained for complete source-HMD coverage. v10: source grouping Class retained. No separate target-only structural row is emitted; each mapped descendant carries its complete target semantic_path.
203,en16931,4,A,,Item name,Text,1..1,"Project-defined Item name in the Item information context, represented as Text.",$.invoice.invoiceLine.itemInformation.itemName,Item information,374,bus,5,A,,Measurable Description,String,0..1,Text description of measurable (e.g. inventory item or other identifier),$.btx_BusinessTransactions.btx_TransactionHeader.btx_TransactionDetail.btx_DetailMeasurable.bus_MeasurableDescription,Detail_ Measurable,,REVIEW_REQUIRED,HIGH,R_SEMANTIC_MATCH | R_CONTEXT_MATCH | R_MULTIPLICITY_REVIEW | R_DATATYPE_MATCH,v10 current-taxonomy re-review: resolved: HMD-derived repeatable-ancestor propagation is accepted. Not executable because R_MULTIPLICITY_REVIEW. Current selector evidence: no equality selector. No mapping is inferred.
204,en16931,4,A,,Item description,Text,0..1,"Project-defined Item description in the Item information context, represented as Text.",$.invoice.invoiceLine.itemInformation.itemDescription,Item information,447,btx,4,A,,Detail_ Description,String,0..1,Description of this line of detail only,$.btx_BusinessTransactions.btx_TransactionHeader.btx_TransactionDetail.btx_DetailDescription,Transaction_ Detail,identity,EXACT,HIGH,R_SEMANTIC_MATCH | R_CONTEXT_MATCH | R_DATATYPE_MATCH | R_MULTIPLICITY_MATCH | R_OCCURRENCE_COMPATIBLE,v14: definition/context and generated-target reverse were reviewed; source-oriented roundtrip is lossless.
205,en16931,4,A,,Item seller identifier,Identifier,0..1,"Project-defined Item seller identifier in the Item information context, represented as Identifier.",$.invoice.invoiceLine.itemInformation.itemSellerIdentifier,Item information,372,bus,5,A,,Secondary Measurable Code,String,0..1,Second identifier (such as vendor's item number),$.btx_BusinessTransactions.btx_TransactionHeader.btx_TransactionDetail.btx_DetailMeasurable.bus_SecondaryMeasurableCode,Detail_ Measurable,identity,EXACT,HIGH,R_SEMANTIC_MATCH | R_CONTEXT_MATCH | R_DATATYPE_MATCH | R_MULTIPLICITY_MATCH | R_OCCURRENCE_COMPATIBLE,v14: definition/context and generated-target reverse were reviewed; source-oriented roundtrip is lossless.
206,en16931,4,A,,Item buyer identifier,Identifier,0..1,"Project-defined Item buyer identifier in the Item information context, represented as Identifier.",$.invoice.invoiceLine.itemInformation.itemBuyerIdentifier,Item information,370,bus,5,A,,Measurable Identification,String,0..1,Internal inventory part or SKU number or other code identifier for the measurable.,$.btx_BusinessTransactions.btx_TransactionHeader.btx_TransactionDetail.btx_DetailMeasurable.bus_MeasurableIdentification,Detail_ Measurable,identity,EXACT,HIGH,R_SEMANTIC_MATCH | R_CONTEXT_MATCH | R_DATATYPE_MATCH | R_MULTIPLICITY_MATCH | R_OCCURRENCE_COMPATIBLE,v14: definition/context and generated-target reverse were reviewed; source-oriented roundtrip is lossless.
207,en16931,4,A,,Item standard identifier,Identifier,0..1,"Project-defined Item standard identifier in the Item information context, represented as Identifier.",$.invoice.invoiceLine.itemInformation.itemStandardIdentifier,Item information,,,,,,,,,,,,,NO_TARGET,LOW,R_SEMANTIC_GAP | R_MODEL_EXTENSION_CANDIDATE,v14: misleading weak target rejected; separate model extension approval required.
208,en16931,4,A,,Scheme identifier,Identifier,1..1,"Project-defined Scheme identifier in the Item information context, represented as Identifier.",$.invoice.invoiceLine.itemInformation.itemStandardIdentifierSchemeIdentifier,Item information,,,,,,,,,,,,,NO_TARGET,LOW,R_SEMANTIC_GAP | R_MODEL_EXTENSION_CANDIDATE,v14: misleading weak target rejected; separate model extension approval required.
209,en16931,4,C,,Item Classification Identifier,,0..*,"Project-defined Item Classification Identifier in the Item Classification Identifier context, represented as structured information.",$.invoice.invoiceLine.itemInformation.itemClassificationIdentifier,Item Classification Identifier,,,,,,,,,,,,,STRUCTURAL,,,EN CIUS HMD Class row retained for complete source-HMD coverage. v10: source grouping Class retained. No separate target-only structural row is emitted; each mapped descendant carries its complete target semantic_path.
210,en16931,5,A,,Identifier,Identifier,1..1,"Project-defined Identifier in the Item Classification Identifier context, represented as Identifier.",$.invoice.invoiceLine.itemInformation.itemClassificationIdentifier.identifier,Item Classification Identifier,,,,,,,,,,,,,NO_TARGET,LOW,R_SEMANTIC_GAP | R_MODEL_EXTENSION_CANDIDATE,v14: misleading weak target rejected; separate model extension approval required.
211,en16931,5,A,,Scheme identifier,Identifier,1..1,"Project-defined Scheme identifier in the Item Classification Identifier context, represented as Identifier.",$.invoice.invoiceLine.itemInformation.itemClassificationIdentifier.schemeIdentifier,Item Classification Identifier,,,,,,,,,,,,,NO_TARGET,LOW,R_SEMANTIC_GAP | R_MODEL_EXTENSION_CANDIDATE,v14: misleading weak target rejected; separate model extension approval required.
212,en16931,5,A,,Scheme version identifier,Identifier,0..1,"Project-defined Scheme version identifier in the Item Classification Identifier context, represented as Identifier.",$.invoice.invoiceLine.itemInformation.itemClassificationIdentifier.schemeVersionIdentifier,Item Classification Identifier,,,,,,,,,,,,,NO_TARGET,LOW,R_SEMANTIC_GAP | R_MODEL_EXTENSION_CANDIDATE,v14: misleading weak target rejected; separate model extension approval required.
213,en16931,4,A,,Item country of origin,Code,0..1,"Project-defined Item country of origin in the Item information context, represented as Code.",$.invoice.invoiceLine.itemInformation.itemCountryOfOrigin,Item information,,,,,,,,,,,,,NO_TARGET,LOW,R_SEMANTIC_GAP,v14: misleading weak target rejected; no semantically valid target in accepted 477-row HMD.
214,en16931,4,C,,Item attributes,,0..*,"Project-defined Item attributes in the Item attribute context, represented as structured information.",$.invoice.invoiceLine.itemInformation.itemAttributes,Item attribute,,,,,,,,,,,,,STRUCTURAL,,,EN CIUS HMD Class row retained for complete source-HMD coverage. v10: source grouping Class retained. No separate target-only structural row is emitted; each mapped descendant carries its complete target semantic_path.
215,en16931,5,A,,Item attribute name,Text,1..1,"Project-defined Item attribute name in the Item attribute context, represented as Text.",$.invoice.invoiceLine.itemInformation.itemAttributes.itemAttributeName,Item attribute,,,,,,,,,,,,,NO_TARGET,LOW,R_SEMANTIC_GAP | R_MODEL_EXTENSION_CANDIDATE,v14: misleading weak target rejected; separate model extension approval required.
216,en16931,5,A,,Item attribute value,Text,1..1,"Project-defined Item attribute value in the Item attribute context, represented as Text.",$.invoice.invoiceLine.itemInformation.itemAttributes.itemAttributeValue,Item attribute,,,,,,,,,,,,,NO_TARGET,LOW,R_SEMANTIC_GAP | R_MODEL_EXTENSION_CANDIDATE,v14: misleading weak target rejected; separate model extension approval required.
