,,,,,20210401,18,,,010,札幌営業所,522,旅費・交通費,,,19500,31,,10,,,,000,共通部門,100,現金,,,19500,00,,,,,,旅費,,,,,,,
,,,,,20210401,246,,,030,名古屋支店,522,旅費・交通費,,,10000,31,,10,,,,000,共通部門,100,現金,,,10000,00,,,,,,旅費,,,,,,,
,,,,,20210402,19,,,010,札幌営業所,522,旅費・交通費,,,11000,31,,10,,,,000,共通部門,100,現金,,,11000,00,,,,,,旅費,,,,,,,
,,,,,20210402,68,,,010,札幌営業所,10E201270,雑費,,,2970,31,,10,,,,000,共通部門,100,現金,,,2970,00,,,,,,トイレットペーパー他,,,,,,,
,,,,,20210402,122,,,040,大阪支店,523,通信費,,,1050,31,,10,,,,000,共通部門,100,現金,,,1050,00,,,,,,証明書発行手数料,,,,,,,
,,,,,20210402,142,,,040,大阪支店,10E201120,車両費,,,2458,31,,10,,,,000,共通部門,100,現金,,,2458,00,,,,,,高速代,,,,,,,
,,,,,20210402,142,,,040,大阪支店,10E201120,車両費,,,591,31,,10,,,,000,共通部門,100,現金,,,591,00,,,,,,駐車代,,,,,,,
,,,,,20210402,142,,,040,大阪支店,10E201120,車両費,,,4620,31,,10,,,,000,共通部門,100,現金,,,4620,00,,,,,,ガソリン代,,,,,,,
,,,,,20210402,142,,,040,大阪支店,10E201120,車両費,,,5715,31,,10,,,,000,共通部門,100,現金,,,5715,00,,,,,,洗車券代,,,,,,,
,,,,,20210403,41,,,020,東京支店,521,接待交際費,,,12000,31,,10,,,,000,共通部門,100,現金,,,12000,00,,,,,,結婚式会費,,,,,,,
,,,,,20210403,134,,,010,札幌営業所,10E201110,事務用消耗品費,,,15600,31,,10,,,,000,共通部門,100,現金,,,15600,00,,,,,,用紙,,,,,,,
,,,,,20210404,310,,,050,九州営業所,10E201120,車両費,,,6486,31,,10,,,,000,共通部門,100,現金,,,6486,00,,,,,,ガソリン代,,,,,,,
,,,,,20210404,310,,,050,九州営業所,10E201120,車両費,,,9715,31,,10,,,,000,共通部門,100,現金,,,9715,00,,,,,,高速代,,,,,,,
,,,,,20210404,310,,,050,九州営業所,10E201120,車両費,,,1200,31,,10,,,,000,共通部門,100,現金,,,1200,00,,,,,,駐車代,,,,,,,
,,,,,20210405,76,,,020,東京支店,10E200140,福利厚生費,,,56000,31,,10,,,,000,共通部門,204,未払金,,,56000,00,,,,,,制服代,,,,,,,
,,,,,20210405,133,,,020,東京支店,10E200600,支払報酬,,,139710,31,,10,,,,000,共通部門,10A100020-3,普通預金,20,ABC銀行 本店,139710,00,,,,,,税理士報酬,,,,,,,
,,,,,20210405,139,,,040,大阪支店,10E200140,福利厚生費,,,55630,31,,10,,,,000,共通部門,204,未払金,,,55630,00,,,,,,制服代,,,,,,,
,,,,,20210405,254,,,000,共通部門,10A100020-3,普通預金,50,MNO銀行 北九州,2959035,00,,,,,,000,共通部門,131,売掛金,22,株式会社豊原産業,2959035,00,,,,,,4月5日伝票No190株式会社豊原産業,,,,,,,
,,,,,20210405,254,,,050,九州営業所,512,支払手数料,,,630,31,,10,,,,000,共通部門,131,売掛金,22,株式会社豊原産業,630,00,,,,,,4月5日伝票No190株式会社豊原産業,,,,,,,
,,,,,20210405,255,,,000,共通部門,10A100020-3,普通預金,20,ABC銀行 本店,1508295,00,,,,,,000,共通部門,131,売掛金,26,若松販売株式会社,1508295,00,,,,,,4月5日伝票No191若松販売株式会社,,,,,,,
,,,,,20210405,255,,,020,東京支店,512,支払手数料,,,472,31,,10,,,,000,共通部門,131,売掛金,26,若松販売株式会社,472,00,,,,,,4月5日伝票No191若松販売株式会社,,,,,,,
,,,,,20210405,256,,,000,共通部門,10A100020-3,普通預金,30,GHI銀行 名古屋,2171384,00,,,,,,000,共通部門,131,売掛金,27,晴海物産株式会社,2171384,00,,,,,,4月5日伝票No192晴海物産株式会社,,,,,,,
,,,,,20210405,256,,,030,名古屋支店,512,支払手数料,,,735,31,,10,,,,000,共通部門,131,売掛金,27,晴海物産株式会社,735,00,,,,,,4月5日伝票No192晴海物産株式会社,,,,,,,
,,,,,20210406,10,,,010,札幌営業所,10E201120,車両費,,,4224,31,,10,,,,000,共通部門,100,現金,,,4224,00,,,,,,ガソリン代,,,,,,,
,,,,,20210406,42,,,020,東京支店,521,接待交際費,,,4650,31,,10,,,,000,共通部門,100,現金,,,4650,00,,,,,,昼食代 架空店舗036,,,,,,,
,,,,,20210406,84,,,030,名古屋支店,523,通信費,,,70000,31,,10,,,,000,共通部門,100,現金,,,70000,00,,,,,,切手代,,,,,,,
,,,,,20210406,106,,,040,大阪支店,521,接待交際費,,,5372,31,,10,,,,000,共通部門,100,現金,,,5372,00,,,,,,食事代 架空店舗045 2名,,,,,,,
,,,,,20210406,106,,,040,大阪支店,521,接待交際費,,,30648,31,,10,,,,000,共通部門,100,現金,,,30648,00,,,,,,飲食代 架空店舗022,,,,,,,
,,,,,20210406,110,,,040,大阪支店,522,旅費・交通費,,,2290,31,,10,,,,000,共通部門,100,現金,,,2290,00,,,,,,タクシー代,,,,,,,
,,,,,20210406,123,,,040,大阪支店,523,通信費,,,40000,31,,10,,,,000,共通部門,100,現金,,,40000,00,,,,,,切手代,,,,,,,
,,,,,20210406,124,,,040,大阪支店,526,租税公課,,,6000,00,,,,,,000,共通部門,100,現金,,,6000,00,,,,,,収入印紙,,,,,,,
,,,,,20210406,147,,,050,九州営業所,10E201120,車両費,,,5126,31,,10,,,,000,共通部門,204,未払金,,,5126,00,,,,,,ガソリン代,,,,,,,
,,,,,20210406,156,,,050,九州営業所,522,旅費・交通費,,,7500,31,,10,,,,000,共通部門,100,現金,,,7500,00,,,,,,出張旅費,,,,,,,
,,,,,20210406,236,,,020,東京支店,521,接待交際費,,,26500,31,,10,,,,000,共通部門,100,現金,,,26500,00,,,,,,ゴルフプレー代2名,,,,,,,
,,,,,20210406,305,,,000,共通部門,10A100020-3,普通預金,40,JKL銀行 梅田,1000000,00,,,,,,000,共通部門,10A100020-3,普通預金,20,ABC銀行 本店,1000000,00,,,,,,資金移動,,,,,,,
,,,,,20210407,20,,,010,札幌営業所,522,旅費・交通費,,,39000,31,,10,,,,000,共通部門,100,現金,,,39000,00,,,,,,旅費,,,,,,,
,,,,,20210407,21,,,010,札幌営業所,522,旅費・交通費,,,69500,31,,10,,,,000,共通部門,100,現金,,,69500,00,,,,,,架空鉄道会社A代,,,,,,,
,,,,,20210407,22,,,010,札幌営業所,522,旅費・交通費,,,50000,31,,10,,,,000,共通部門,100,現金,,,50000,00,,,,,,旅費,,,,,,,
,,,,,20210407,43,,,020,東京支店,521,接待交際費,,,6630,31,,10,,,,000,共通部門,100,現金,,,6630,00,,,,,,手土産代 星川商事株式会社,,,,,,,
,,,,,20210407,56,,,020,東京支店,522,旅費・交通費,,,21500,31,,10,,,,000,共通部門,100,現金,,,21500,00,,,,,,旅費,,,,,,,
,,,,,20210407,57,,,020,東京支店,522,旅費・交通費,,,97800,31,,10,,,,000,共通部門,100,現金,,,97800,00,,,,,,架空鉄道会社A代,,,,,,,
,,,,,20210407,58,,,020,東京支店,522,旅費・交通費,,,70000,31,,10,,,,000,共通部門,100,現金,,,70000,00,,,,,,旅費,,,,,,,
,,,,,20210407,69,,,020,東京支店,10E201270,雑費,,,1332,31,,10,,,,000,共通部門,100,現金,,,1332,00,,,,,,お茶代,,,,,,,
,,,,,20210407,69,,,020,東京支店,10E201270,雑費,,,2839,31,,10,,,,000,共通部門,100,現金,,,2839,00,,,,,,コーヒー代,,,,,,,
,,,,,20210407,102,,,040,大阪支店,521,接待交際費,,,1050,31,,10,,,,000,共通部門,100,現金,,,1050,00,,,,,,手土産代 架空店舗089,,,,,,,
,,,,,20210408,50,,,020,東京支店,10E201120,車両費,,,1200,31,,10,,,,000,共通部門,100,現金,,,1200,00,,,,,,高速代,,,,,,,
,,,,,20210408,143,,,040,大阪支店,10E201120,車両費,,,7135,31,,10,,,,000,共通部門,100,現金,,,7135,00,,,,,,ガソリン代,,,,,,,
,,,,,20210410,33,,,010,札幌営業所,528,地代・家賃,,,320000,31,,10,,,,000,共通部門,10A100020-3,普通預金,10,DEF銀行 駅前,320000,00,,,,,,家賃支払い,,,,,,,
,,,,,20210410,33,,,010,札幌営業所,523,通信費,,,164130,31,,10,,,,000,共通部門,10A100020-3,普通預金,10,DEF銀行 駅前,164130,00,,,,,,電話代,,,,,,,
,,,,,20210410,85,,,030,名古屋支店,523,通信費,,,129188,31,,10,,,,000,共通部門,10A100020-3,普通預金,30,GHI銀行 名古屋,129188,00,,,,,,電話代,,,,,,,
,,,,,20210410,112,,,040,大阪支店,523,通信費,,,246816,31,,10,,,,000,共通部門,10A100020-3,普通預金,40,JKL銀行 梅田,246816,00,,,,,,電話代,,,,,,,
,,,,,20210410,129,,,030,名古屋支店,528,地代・家賃,,,399000,31,,10,,,,000,共通部門,10A100020-3,普通預金,30,GHI銀行 名古屋,399000,00,,,,,,家賃支払い,,,,,,,
,,,,,20210410,149,,,030,名古屋支店,521,接待交際費,,,5760,31,,10,,,,000,共通部門,100,現金,,,5760,00,,,,,,食事代 架空店舗002 4名,,,,,,,
,,,,,20210410,157,,,050,九州営業所,522,旅費・交通費,,,22200,31,,10,,,,000,共通部門,10A100020-3,普通預金,50,MNO銀行 北九州,22200,00,,,,,,航空券代,,,,,,,
,,,,,20210410,162,,,020,東京支店,10E201130,会議費,,,24995,31,,10,,,,000,共通部門,100,現金,,,24995,00,,,,,,会議　食事代,,,,,,,
,,,,,20210410,167,,,050,九州営業所,528,地代・家賃,,,630000,31,,10,,,,000,共通部門,10A100020-3,普通預金,50,MNO銀行 北九州,630000,00,,,,,,家賃支払い,,,,,,,
,,,,,20210410,167,,,050,九州営業所,523,通信費,,,166012,31,,10,,,,000,共通部門,10A100020-3,普通預金,50,MNO銀行 北九州,166012,00,,,,,,電話代,,,,,,,
,,,,,20210410,168,,,050,九州営業所,10E201270,雑費,,,6000,31,,10,,,,000,共通部門,204,未払金,,,6000,00,,,,,,有線,,,,,,,
,,,,,20210410,168,,,050,九州営業所,10E201270,雑費,,,42858,31,,10,,,,000,共通部門,204,未払金,,,42858,00,,,,,,警備料,,,,,,,
,,,,,20210410,231,,,000,共通部門,208,預り金,3,源泉税,224870,00,,,,,,000,共通部門,10A100020-3,普通預金,20,ABC銀行 本店,224870,00,,,,,,源泉税支払,,,,,,,
,,,,,20210410,231,,,000,共通部門,208,預り金,2,住民税,467700,00,,,,,,000,共通部門,10A100020-3,普通預金,20,ABC銀行 本店,467700,00,,,,,,住民税支払,,,,,,,
,,,,,20210410,232,,,020,東京支店,528,地代・家賃,,,1260000,31,,10,,,,000,共通部門,10A100020-3,普通預金,20,ABC銀行 本店,1260000,00,,,,,,家賃支払,,,,,,,
,,,,,20210410,233,,,040,大阪支店,528,地代・家賃,,,840000,31,,10,,,,000,共通部門,10A100020-3,普通預金,40,JKL銀行 梅田,840000,00,,,,,,家賃支払,,,,,,,
,,,,,20210410,234,,,010,札幌営業所,10E201270,雑費,,,5000,31,,10,,,,000,共通部門,204,未払金,,,5000,00,,,,,,有線,,,,,,,
,,,,,20210410,234,,,010,札幌営業所,10E201270,雑費,,,34286,31,,10,,,,000,共通部門,204,未払金,,,34286,00,,,,,,警備料,,,,,,,
,,,,,20210410,248,,,030,名古屋支店,522,旅費・交通費,,,10450,31,,10,,,,000,共通部門,100,現金,,,10450,00,,,,,,旅費,,,,,,,
,,,,,20210410,257,,,000,共通部門,10A100020-3,普通預金,30,GHI銀行 名古屋,1428451,00,,,,,,000,共通部門,131,売掛金,19,株式会社南風商会,1428451,00,,,,,,4月10日伝票No193株式会社南風商会,,,,,,,
,,,,,20210410,257,,,030,名古屋支店,512,支払手数料,,,735,31,,10,,,,000,共通部門,131,売掛金,19,株式会社南風商会,735,00,,,,,,4月10日伝票No193株式会社南風商会,,,,,,,
,,,,,20210410,258,,,000,共通部門,130,受取手形,,,7862107,00,,,,,,000,共通部門,131,売掛金,28,株式会社青葉百貨店,7862107,00,,,,,,4月10日伝票No194株式会社青葉百貨店 | 売上伝票=202103分未収録;手形番号=R20210410-258-28,,,,,,,
,,,,,20210410,259,,,000,共通部門,201,買掛金,3,青凪商事株式会社,1961954,00,,,,,,000,共通部門,131,売掛金,3,青凪商事株式会社,1961954,00,,,,,,4月10日伝票No472青凪商事株式会社,,,,,,,
,,,,,20210410,260,,,000,共通部門,10A100020-3,普通預金,20,ABC銀行 本店,18417920,00,,,,,,000,共通部門,131,売掛金,14,株式会社花咲商事,18417920,00,,,,,,4月10日伝票No494株式会社花咲商事東京本社,,,,,,,
,,,,,20210410,260,,,020,東京支店,512,支払手数料,,,840,31,,10,,,,000,共通部門,131,売掛金,14,株式会社花咲商事,840,00,,,,,,4月10日伝票No494株式会社花咲商事東京本社,,,,,,,
,,,,,20210410,261,,,000,共通部門,201,買掛金,3,青凪商事株式会社,7368349,00,,,,,,000,共通部門,10B100030,支払手形,,,7368349,00,,,,,,4月10日伝票No271青凪商事株式会社,,,,,,,
,,,,,20210410,262,,,000,共通部門,201,買掛金,8,株式会社白樺商事,402696,00,,,,,,000,共通部門,10A100020-3,普通預金,20,ABC銀行 本店,402696,00,,,,,,4月10日伝票No273株式会社白樺商事,,,,,,,
,,,,,20210410,298,,,000,共通部門,10B100030,支払手形,,,7322934,00,,,,,,000,共通部門,10A100020-2,当座預金,1,ABC銀行,7322934,00,,,,,,手形期日落日 青凪商事株式会社,,,,,,,
,,,,,20210411,73,,,020,東京支店,521,接待交際費,,,26530,31,,10,,,,000,共通部門,100,現金,,,26530,00,,,,,,飲食代 架空店舗078 6名,,,,,,,
,,,,,20210411,74,,,020,東京支店,521,接待交際費,,,39000,31,,10,,,,000,共通部門,100,現金,,,39000,00,,,,,,飲食代 架空店舗025 6名,,,,,,,
,,,,,20210411,229,,,000,共通部門,10A100020-2,当座預金,1,ABC銀行,9000000,00,,,,,,000,共通部門,10A100020-3,普通預金,20,ABC銀行 本店,9000000,00,,,,,,資金移動,,,,,,,
,,,,,20210411,229,,,000,共通部門,100,現金,,,2000000,00,,,,,,000,共通部門,10A100020-3,普通預金,20,ABC銀行 本店,2000000,00,,,,,,引き出し,,,,,,,
,,,,,20210412,155,,,050,九州営業所,10E201120,車両費,,,4500,31,,10,,,,000,共通部門,100,現金,,,4500,00,,,,,,ガソリン代,,,,,,,
,,,,,20210412,155,,,050,九州営業所,10E201120,車両費,,,572,31,,10,,,,000,共通部門,100,現金,,,572,00,,,,,,駐車代,,,,,,,
,,,,,20210412,249,,,030,名古屋支店,522,旅費・交通費,,,10286,31,,10,,,,000,共通部門,100,現金,,,10286,00,,,,,,旅費,,,,,,,
,,,,,20210412,249,,,030,名古屋支店,522,旅費・交通費,,,4762,31,,10,,,,000,共通部門,100,現金,,,4762,00,,,,,,タクシー代,,,,,,,
,,,,,20210412,311,,,010,札幌営業所,10E201120,車両費,,,74000,31,,10,,,,000,共通部門,100,現金,,,74000,00,,,,,,タイヤ交換,,,,,,,
,,,,,20210413,11,,,010,札幌営業所,10E201120,車両費,,,3210,31,,10,,,,000,共通部門,100,現金,,,3210,00,,,,,,ガソリン代,,,,,,,
,,,,,20210413,17,,,010,札幌営業所,10E201120,車両費,,,351,31,,10,,,,000,共通部門,100,現金,,,351,00,,,,,,ウォッシャー液,,,,,,,
,,,,,20210413,17,,,010,札幌営業所,10E201120,車両費,,,762,31,,10,,,,000,共通部門,100,現金,,,762,00,,,,,,駐車代,,,,,,,
,,,,,20210413,144,,,040,大阪支店,10E201120,車両費,,,572,31,,10,,,,000,共通部門,100,現金,,,572,00,,,,,,ウォッシャー液代,,,,,,,
,,,,,20210413,144,,,040,大阪支店,10E201120,車両費,,,2286,31,,10,,,,000,共通部門,100,現金,,,2286,00,,,,,,高速代,,,,,,,
,,,,,20210413,144,,,040,大阪支店,10E201120,車両費,,,5833,31,,10,,,,000,共通部門,100,現金,,,5833,00,,,,,,ガソリン代,,,,,,,
,,,,,20210413,150,,,050,九州営業所,521,接待交際費,,,14000,31,,10,,,,000,共通部門,100,現金,,,14000,00,,,,,,ゴルフプレー代,,,,,,,
,,,,,20210413,158,,,040,大阪支店,522,旅費・交通費,,,15000,31,,10,,,,000,共通部門,100,現金,,,15000,00,,,,,,出張旅費,,,,,,,
,,,,,20210414,23,,,010,札幌営業所,522,旅費・交通費,,,26667,31,,10,,,,000,共通部門,100,現金,,,26667,00,,,,,,旅費,,,,,,,
,,,,,20210414,23,,,010,札幌営業所,522,旅費・交通費,,,29524,31,,10,,,,000,共通部門,100,現金,,,29524,00,,,,,,旅費,,,,,,,
,,,,,20210414,23,,,010,札幌営業所,522,旅費・交通費,,,36667,31,,10,,,,000,共通部門,100,現金,,,36667,00,,,,,,旅費,,,,,,,
,,,,,20210414,46,,,020,東京支店,10E201120,車両費,,,2341,31,,10,,,,000,共通部門,100,現金,,,2341,00,,,,,,ガソリン代,,,,,,,
,,,,,20210414,46,,,020,東京支店,10E201120,車両費,,,1762,31,,10,,,,000,共通部門,100,現金,,,1762,00,,,,,,駐車代,,,,,,,
,,,,,20210414,46,,,020,東京支店,10E201120,車両費,,,3048,31,,10,,,,000,共通部門,100,現金,,,3048,00,,,,,,高速代,,,,,,,
,,,,,20210414,51,,,020,東京支店,10E201120,車両費,,,1505,31,,10,,,,000,共通部門,100,現金,,,1505,00,,,,,,高速代,,,,,,,
,,,,,20210414,51,,,020,東京支店,10E201120,車両費,,,620,31,,10,,,,000,共通部門,100,現金,,,620,00,,,,,,駐車代,,,,,,,
,,,,,20210414,51,,,020,東京支店,10E201120,車両費,,,810,31,,10,,,,000,共通部門,100,現金,,,810,00,,,,,,駐車代,,,,,,,
,,,,,20210414,51,,,020,東京支店,10E201120,車両費,,,1096,31,,10,,,,000,共通部門,100,現金,,,1096,00,,,,,,高速代,,,,,,,
,,,,,20210415,4,,,010,札幌営業所,10E200050,広告宣伝費,,,31500,31,,10,,,,000,共通部門,204,未払金,,,31500,00,,,,,,広告費,,,,,,,
,,,,,20210415,79,,,030,名古屋支店,10E200140,福利厚生費,,,45477,31,,10,,,,000,共通部門,100,現金,,,45477,00,,,,,,景品代,,,,,,,
,,,,,20210415,117,,,040,大阪支店,10E201140,諸会費,,,20000,00,,,,,,000,共通部門,100,現金,,,20000,00,,,,,,会費,,,,,,,
,,,,,20210415,130,,,040,大阪支店,10E201140,諸会費,,,24000,00,,,,,,000,共通部門,10A100020-3,普通預金,40,JKL銀行 梅田,24000,00,,,,,,会費,,,,,,,
,,,,,20210415,151,,,040,大阪支店,521,接待交際費,,,16741,31,,10,,,,000,共通部門,100,現金,,,16741,00,,,,,,飲食代 架空店舗072,,,,,,,
,,,,,20210415,151,,,040,大阪支店,521,接待交際費,,,21000,31,,10,,,,000,共通部門,100,現金,,,21000,00,,,,,,飲食代 架空店舗032,,,,,,,
,,,,,20210415,243,,,040,大阪支店,10E201120,車両費,,,6239,31,,10,,,,000,共通部門,100,現金,,,6239,00,,,,,,ガソリン代,,,,,,,
,,,,,20210415,252,,,020,東京支店,10E200520,雑給,,,378068,00,,,,,,000,共通部門,100,現金,,,378068,00,,,,,,4月給与その他 0060 パート･アルバイト,,,,,,,
,,,,,20210415,252,,,020,東京支店,10E200520,雑給,,,2970,00,,,,,,000,共通部門,208,預り金,3,源泉税,2970,00,,,,,,4月給与その他 0060 パート･アルバイト,,,,,,,
,,,,,20210415,252,,,020,東京支店,10E200520,雑給,,,15427,00,,,,,,000,共通部門,208,預り金,9,その他,15427,00,,,,,,4月給与その他 0060 パート･アルバイト,,,,,,,
,,,,,20210415,263,,,000,共通部門,10A100020-3,普通預金,50,MNO銀行 北九州,1382966,00,,,,,,000,共通部門,131,売掛金,1,株式会社若葉百貨店,1382966,00,,,,,,4月15日伝票No195株式会社若葉百貨店,,,,,,,
,,,,,20210415,263,,,050,九州営業所,512,支払手数料,,,840,31,,10,,,,000,共通部門,131,売掛金,1,株式会社若葉百貨店,840,00,,,,,,4月15日伝票No195株式会社若葉百貨店,,,,,,,
,,,,,20210415,264,,,000,共通部門,10A100020-3,普通預金,30,GHI銀行 名古屋,1269492,00,,,,,,000,共通部門,131,売掛金,6,株式会社瑞穂流通,1269492,00,,,,,,4月15日伝票No196株式会社瑞穂流通,,,,,,,
,,,,,20210415,264,,,030,名古屋支店,512,支払手数料,,,840,31,,10,,,,000,共通部門,131,売掛金,6,株式会社瑞穂流通,840,00,,,,,,4月15日伝票No196株式会社瑞穂流通,,,,,,,
,,,,,20210415,265,,,000,共通部門,10A100020-3,普通預金,40,JKL銀行 梅田,3379724,00,,,,,,000,共通部門,131,売掛金,9,朝凪物産株式会社,3379724,00,,,,,,4月15日伝票No197朝凪物産株式会社,,,,,,,
,,,,,20210415,265,,,040,大阪支店,512,支払手数料,,,840,31,,10,,,,000,共通部門,131,売掛金,9,朝凪物産株式会社,840,00,,,,,,4月15日伝票No197朝凪物産株式会社,,,,,,,
,,,,,20210415,266,,,000,共通部門,10A100020-3,普通預金,20,ABC銀行 本店,2819432,00,,,,,,000,共通部門,131,売掛金,13,星川商事株式会社,2819432,00,,,,,,4月15日伝票No198星川商事株式会社,,,,,,,
,,,,,20210415,267,,,000,共通部門,10A100020-3,普通預金,40,JKL銀行 梅田,2268756,00,,,,,,000,共通部門,131,売掛金,20,清和商事株式会社,2268756,00,,,,,,4月15日伝票No199清和商事株式会社,,,,,,,
,,,,,20210415,267,,,040,大阪支店,512,支払手数料,,,630,31,,10,,,,000,共通部門,131,売掛金,20,清和商事株式会社,630,00,,,,,,4月15日伝票No199清和商事株式会社,,,,,,,
,,,,,20210415,268,,,000,共通部門,201,買掛金,1,株式会社北辰商事,3557473,00,,,,,,000,共通部門,10A100020-3,普通預金,20,ABC銀行 本店,3557473,00,,,,,,4月15日伝票No274株式会社北辰商事,,,,,,,
,,,,,20210416,61,,,020,東京支店,523,通信費,,,169334,31,,10,,,,000,共通部門,10A100020-3,普通預金,20,ABC銀行 本店,169334,00,,,,,,電話代,,,,,,,
,,,,,20210416,103,,,040,大阪支店,521,接待交際費,,,2680,31,,10,,,,000,共通部門,100,現金,,,2680,00,,,,,,コーヒー代5名,,,,,,,
,,,,,20210416,136,,,040,大阪支店,10E201270,雑費,,,16500,31,,10,,,,000,共通部門,100,現金,,,16500,00,,,,,,架空清掃会社A代,,,,,,,
,,,,,20210417,12,,,010,札幌営業所,10E201120,車両費,,,4456,31,,10,,,,000,共通部門,100,現金,,,4456,00,,,,,,ガソリン代,,,,,,,
,,,,,20210417,12,,,010,札幌営業所,10E201120,車両費,,,572,31,,10,,,,000,共通部門,100,現金,,,572,00,,,,,,高速代,,,,,,,
,,,,,20210417,12,,,010,札幌営業所,10E201120,車両費,,,1143,31,,10,,,,000,共通部門,100,現金,,,1143,00,,,,,,駐車代,,,,,,,
,,,,,20210417,47,,,020,東京支店,10E201120,車両費,,,2540,31,,10,,,,000,共通部門,100,現金,,,2540,00,,,,,,ガソリン代,,,,,,,
,,,,,20210417,52,,,020,東京支店,10E201120,車両費,,,2191,31,,10,,,,000,共通部門,100,現金,,,2191,00,,,,,,ガソリン代,,,,,,,
,,,,,20210417,52,,,020,東京支店,10E201120,車両費,,,1096,31,,10,,,,000,共通部門,100,現金,,,1096,00,,,,,,高速代,,,,,,,
,,,,,20210417,52,,,020,東京支店,10E201120,車両費,,,1143,31,,10,,,,000,共通部門,100,現金,,,1143,00,,,,,,駐車代,,,,,,,
,,,,,20210418,237,,,020,東京支店,521,接待交際費,,,12000,31,,10,,,,000,共通部門,100,現金,,,12000,00,,,,,,ゴルフプレー代,,,,,,,
,,,,,20210419,244,,,040,大阪支店,10E201120,車両費,,,7063,31,,10,,,,000,共通部門,100,現金,,,7063,00,,,,,,ガソリン代,,,,,,,
,,,,,20210419,312,,,000,共通部門,10A100020-3,普通預金,10,DEF銀行 駅前,500000,00,,,,,,000,共通部門,10A100020-3,普通預金,20,ABC銀行 本店,500000,00,,,,,,資金移動,,,,,,,
,,,,,20210420,1,,,000,共通部門,10E200140,福利厚生費,,,21600,31,,K8.0,,,,000,共通部門,100,現金,,,21600,00,,,,,,残業夜食　軽減税率,,,,,,,
,,,,,20210420,6,,,010,札幌営業所,10E200050,広告宣伝費,,,5000,31,,10,,,,000,共通部門,100,現金,,,5000,00,,,,,,広告料,,,,,,,
,,,,,20210420,7,,,010,札幌営業所,521,接待交際費,,,1429,31,,10,,,,000,共通部門,100,現金,,,1429,00,,,,,,食事代,,,,,,,
,,,,,20210420,7,,,010,札幌営業所,521,接待交際費,,,1176,31,,10,,,,000,共通部門,100,現金,,,1176,00,,,,,,食事代,,,,,,,
,,,,,20210420,24,,,010,札幌営業所,522,旅費・交通費,,,82620,31,,10,,,,000,共通部門,100,現金,,,82620,00,,,,,,架空鉄道会社A回数券,,,,,,,
,,,,,20210420,31,,,010,札幌営業所,10E201110,事務用消耗品費,,,2679,31,,10,,,,000,共通部門,204,未払金,,,2679,00,,,,,,コピー代,,,,,,,
,,,,,20210420,34,,,010,札幌営業所,10E201040,水道光熱費,,,91629,31,,10,,,,000,共通部門,10A100020-3,普通預金,10,DEF銀行 駅前,91629,00,,,,,,電気代,,,,,,,
,,,,,20210420,34,,,010,札幌営業所,10E201040,水道光熱費,,,4143,31,,10,,,,000,共通部門,10A100020-3,普通預金,10,DEF銀行 駅前,4143,00,,,,,,水道代,,,,,,,
,,,,,20210420,45,,,020,東京支店,521,接待交際費,,,8260,31,,10,,,,000,共通部門,100,現金,,,8260,00,,,,,,食事代 架空店舗030 4名,,,,,,,
,,,,,20210420,48,,,020,東京支店,10E201120,車両費,,,4303,31,,10,,,,000,共通部門,100,現金,,,4303,00,,,,,,ガソリン代,,,,,,,
,,,,,20210420,53,,,020,東京支店,10E201120,車両費,,,381,31,,10,,,,000,共通部門,100,現金,,,381,00,,,,,,高速代,,,,,,,
,,,,,20210420,53,,,020,東京支店,10E201120,車両費,,,2000,31,,10,,,,000,共通部門,100,現金,,,2000,00,,,,,,駐車代,,,,,,,
,,,,,20210420,53,,,020,東京支店,10E201120,車両費,,,6102,31,,10,,,,000,共通部門,100,現金,,,6102,00,,,,,,ガソリン代,,,,,,,
,,,,,20210420,64,,,020,東京支店,10E201040,水道光熱費,,,174650,31,,10,,,,000,共通部門,10A100020-3,普通預金,20,ABC銀行 本店,174650,00,,,,,,電気料,,,,,,,
,,,,,20210420,64,,,020,東京支店,10E201040,水道光熱費,,,8991,31,,10,,,,000,共通部門,10A100020-3,普通預金,20,ABC銀行 本店,8991,00,,,,,,水道料,,,,,,,
,,,,,20210420,71,,,020,東京支店,10E201110,事務用消耗品費,,,2458,31,,10,,,,000,共通部門,204,未払金,,,2458,00,,,,,,事務用品,,,,,,,
,,,,,20210420,71,,,020,東京支店,10E201110,事務用消耗品費,,,16169,31,,10,,,,000,共通部門,204,未払金,,,16169,00,,,,,,事務用品,,,,,,,
,,,,,20210420,71,,,020,東京支店,10E201110,事務用消耗品費,,,30464,31,,10,,,,000,共通部門,204,未払金,,,30464,00,,,,,,カウンター料金,,,,,,,
,,,,,20210420,89,,,030,名古屋支店,10E201040,水道光熱費,,,82388,31,,10,,,,000,共通部門,10A100020-3,普通預金,30,GHI銀行 名古屋,82388,00,,,,,,電気料,,,,,,,
,,,,,20210420,89,,,030,名古屋支店,10E201040,水道光熱費,,,3758,31,,10,,,,000,共通部門,10A100020-3,普通預金,30,GHI銀行 名古屋,3758,00,,,,,,水道料,,,,,,,
,,,,,20210420,89,,,030,名古屋支店,10E201040,水道光熱費,,,3903,31,,10,,,,000,共通部門,10A100020-3,普通預金,30,GHI銀行 名古屋,3903,00,,,,,,ガス代,,,,,,,
,,,,,20210420,94,,,030,名古屋支店,10E201270,雑費,,,5000,31,,10,,,,000,共通部門,204,未払金,,,5000,00,,,,,,有線,,,,,,,
,,,,,20210420,97,,,030,名古屋支店,10E201110,事務用消耗品費,,,39127,31,,10,,,,000,共通部門,204,未払金,,,39127,00,,,,,,コピー代,,,,,,,
,,,,,20210420,98,,,030,名古屋支店,10E201110,事務用消耗品費,,,15750,31,,10,,,,000,共通部門,204,未払金,,,15750,00,,,,,,事務用品,,,,,,,
,,,,,20210420,101,,,040,大阪支店,10E200050,広告宣伝費,,,52500,31,,10,,,,000,共通部門,204,未払金,,,52500,00,,,,,,広告料,,,,,,,
,,,,,20210420,118,,,040,大阪支店,10E201110,事務用消耗品費,,,7011,31,,10,,,,000,共通部門,204,未払金,,,7011,00,,,,,,コピー代,,,,,,,
,,,,,20210420,132,,,040,大阪支店,10E201040,水道光熱費,,,113565,31,,10,,,,000,共通部門,10A100020-3,普通預金,40,JKL銀行 梅田,113565,00,,,,,,電気代,,,,,,,
,,,,,20210420,132,,,040,大阪支店,10E201040,水道光熱費,,,6229,31,,10,,,,000,共通部門,10A100020-3,普通預金,40,JKL銀行 梅田,6229,00,,,,,,水道代,,,,,,,
,,,,,20210420,135,,,040,大阪支店,10E201110,事務用消耗品費,,,3120,31,,10,,,,000,共通部門,204,未払金,,,3120,00,,,,,,事務用品,,,,,,,
,,,,,20210420,141,,,000,共通部門,10A100020-2,当座預金,1,ABC銀行,7736137,00,,,,,,000,共通部門,130,受取手形,,,7736137,00,,,,,,手形割引 株式会社緑野百貨店 | 仮手形番号=U20210420-141-12;受取仕訳未特定,,,,,,,
,,,,,20210420,141,,,020,東京支店,10E300020,支払利息,,,58382,30,,,,,,000,共通部門,130,受取手形,,,58382,00,,,,,,手形割引料 | 仮手形番号=U20210420-141-12,,,,,,,
,,,,,20210420,153,,,030,名古屋支店,521,接待交際費,,,1940,31,,10,,,,000,共通部門,100,現金,,,1940,00,,,,,,コーヒー代他2名,,,,,,,
,,,,,20210420,163,,,050,九州営業所,10E201140,諸会費,,,18000,00,,,,,,000,共通部門,100,現金,,,18000,00,,,,,,会費,,,,,,,
,,,,,20210420,169,,,050,九州営業所,10E201040,水道光熱費,,,120483,31,,10,,,,000,共通部門,10A100020-3,普通預金,50,MNO銀行 北九州,120483,00,,,,,,電気料,,,,,,,
,,,,,20210420,169,,,050,九州営業所,10E201040,水道光熱費,,,5303,31,,10,,,,000,共通部門,10A100020-3,普通預金,50,MNO銀行 北九州,5303,00,,,,,,水道料,,,,,,,
,,,,,20210420,235,,,050,九州営業所,10E201110,事務用消耗品費,,,6300,31,,10,,,,000,共通部門,204,未払金,,,6300,00,,,,,,カウンター料金,,,,,,,
,,,,,20210420,241,,,000,共通部門,525,消耗品費,,,33981,31,,10,,,,000,共通部門,204,未払金,,,33981,00,,,,,,ファイル等,,,,,,,
,,,,,20210420,241,,,000,共通部門,525,消耗品費,,,239048,31,,10,,,,000,共通部門,204,未払金,,,239048,00,,,,,,飲料水,,,,,,,
,,,,,20210420,241,,,000,共通部門,525,消耗品費,,,79048,31,,10,,,,000,共通部門,204,未払金,,,79048,00,,,,,,名刺代,,,,,,,
,,,,,20210420,269,,,000,共通部門,10A100020-3,普通預金,20,ABC銀行 本店,3190411,00,,,,,,000,共通部門,131,売掛金,30,株式会社彩雲トレーディング,3190411,00,,,,,,4月20日伝票No200株式会社彩雲トレーディング,,,,,,,
,,,,,20210420,269,,,020,東京支店,512,支払手数料,,,735,31,,10,,,,000,共通部門,131,売掛金,30,株式会社彩雲トレーディング,735,00,,,,,,4月20日伝票No200株式会社彩雲トレーディング,,,,,,,
,,,,,20210420,270,,,000,共通部門,201,買掛金,4,株式会社和泉流通,1416910,00,,,,,,000,共通部門,10A100020-2,当座預金,1,ABC銀行,1416910,00,,,,,,4月20日伝票No275株式会社和泉流通,,,,,,,
,,,,,20210420,271,,,000,共通部門,201,買掛金,6,株式会社日向産業,3596039,00,,,,,,000,共通部門,10A100020-3,普通預金,20,ABC銀行 本店,3596039,00,,,,,,4月20日伝票No276株式会社日向産業,,,,,,,
,,,,,20210420,272,,,000,共通部門,201,買掛金,11,株式会社花園商会,6181724,00,,,,,,000,共通部門,10B100030,支払手形,,,6181724,00,,,,,,4月20日伝票No278株式会社花園商会,,,,,,,
,,,,,20210420,299,,,000,共通部門,10B100030,支払手形,,,5775130,00,,,,,,000,共通部門,10A100020-2,当座預金,1,ABC銀行,5775130,00,,,,,,手形期日落日 株式会社花園商会,,,,,,,
,,,,,20210420,302,,,000,共通部門,10A100020-2,当座預金,1,ABC銀行,9873980,00,,,,,,000,共通部門,130,受取手形,,,9873980,00,,,,,,手形満期 株式会社緑野百貨店 | 仮手形番号=U20210420-302-12;受取仕訳未特定,,,,,,,
,,,,,20210420,307,,,000,共通部門,10A100020-3,普通預金,20,ABC銀行 本店,3500000,00,,,,,,000,共通部門,10A100020-2,当座預金,1,ABC銀行,3500000,00,,,,,,資金移動,,,,,,,
,,,,,20210421,25,,,010,札幌営業所,522,旅費・交通費,,,56000,31,,10,,,,000,共通部門,100,現金,,,56000,00,,,,,,旅費,,,,,,,
,,,,,20210421,59,,,020,東京支店,522,旅費・交通費,,,30000,31,,10,,,,000,共通部門,100,現金,,,30000,00,,,,,,旅費,,,,,,,
,,,,,20210421,126,,,020,東京支店,526,租税公課,,,40000,00,,,,,,000,共通部門,100,現金,,,40000,00,,,,,,収入印紙,,,,,,,
,,,,,20210421,160,,,020,東京支店,522,旅費・交通費,,,70000,31,,10,,,,000,共通部門,100,現金,,,70000,00,,,,,,出張旅費,,,,,,,
,,,,,20210422,3,,,010,札幌営業所,10E200140,福利厚生費,,,29913,31,,10,,,,000,共通部門,204,未払金,,,29913,00,,,,,,宿泊代,,,,,,,
,,,,,20210422,38,,,020,東京支店,10E200140,福利厚生費,,,48164,31,,10,,,,000,共通部門,204,未払金,,,48164,00,,,,,,宿泊費,,,,,,,
,,,,,20210422,90,,,030,名古屋支店,10E201270,雑費,,,10500,31,,10,,,,000,共通部門,100,現金,,,10500,00,,,,,,架空清掃会社A代,,,,,,,
,,,,,20210422,95,,,030,名古屋支店,10E201270,雑費,,,71675,31,,10,,,,000,共通部門,204,未払金,,,71675,00,,,,,,清掃料,,,,,,,
,,,,,20210422,104,,,040,大阪支店,521,接待交際費,,,3330,31,,10,,,,000,共通部門,100,現金,,,3330,00,,,,,,食事代 架空店舗003 2名,,,,,,,
,,,,,20210422,105,,,040,大阪支店,521,接待交際費,,,19048,31,,10,,,,000,共通部門,100,現金,,,19048,00,,,,,,飲食代　会費制2名,,,,,,,
,,,,,20210422,105,,,040,大阪支店,521,接待交際費,,,21905,31,,10,,,,000,共通部門,100,現金,,,21905,00,,,,,,飲食代 架空店舗085 5名,,,,,,,
,,,,,20210422,105,,,040,大阪支店,521,接待交際費,,,2858,31,,10,,,,000,共通部門,100,現金,,,2858,00,,,,,,食事代 架空店舗043 2名,,,,,,,
,,,,,20210422,107,,,040,大阪支店,521,接待交際費,,,10000,31,,10,,,,000,共通部門,100,現金,,,10000,00,,,,,,お見舞い,,,,,,,
,,,,,20210422,152,,,050,九州営業所,521,接待交際費,,,13880,31,,10,,,,000,共通部門,100,現金,,,13880,00,,,,,,飲食代 架空店舗070 3名,,,,,,,
,,,,,20210422,161,,,050,九州営業所,522,旅費・交通費,,,10850,31,,10,,,,000,共通部門,100,現金,,,10850,00,,,,,,旅費,,,,,,,
,,,,,20210422,166,,,050,九州営業所,10E201270,雑費,,,1890,31,,10,,,,000,共通部門,100,現金,,,1890,00,,,,,,架空清掃会社A代,,,,,,,
,,,,,20210422,245,,,040,大阪支店,10E201120,車両費,,,572,31,,10,,,,000,共通部門,100,現金,,,572,00,,,,,,駐車代,,,,,,,
,,,,,20210422,245,,,040,大阪支店,10E201120,車両費,,,762,31,,10,,,,000,共通部門,100,現金,,,762,00,,,,,,高速代,,,,,,,
,,,,,20210422,245,,,040,大阪支店,10E201120,車両費,,,5238,31,,10,,,,000,共通部門,100,現金,,,5238,00,,,,,,ガソリン代,,,,,,,
,,,,,20210423,26,,,010,札幌営業所,522,旅費・交通費,,,11000,31,,10,,,,000,共通部門,100,現金,,,11000,00,,,,,,旅費,,,,,,,
,,,,,20210423,28,,,010,札幌営業所,522,旅費・交通費,,,2420,31,,10,,,,000,共通部門,204,未払金,,,2420,00,,,,,,タクシー代,,,,,,,
,,,,,20210423,32,,,010,札幌営業所,10E201110,事務用消耗品費,,,1850,31,,10,,,,000,共通部門,204,未払金,,,1850,00,,,,,,事務用品費,,,,,,,
,,,,,20210423,54,,,020,東京支店,10E201120,車両費,,,1810,31,,10,,,,000,共通部門,100,現金,,,1810,00,,,,,,高速代,,,,,,,
,,,,,20210423,54,,,020,東京支店,10E201120,車両費,,,810,31,,10,,,,000,共通部門,100,現金,,,810,00,,,,,,駐車代,,,,,,,
,,,,,20210423,86,,,030,名古屋支店,523,通信費,,,70000,31,,10,,,,000,共通部門,100,現金,,,70000,00,,,,,,切手代,,,,,,,
,,,,,20210423,140,,,040,大阪支店,522,旅費・交通費,,,10350,31,,10,,,,000,共通部門,100,現金,,,10350,00,,,,,,旅費,,,,,,,
,,,,,20210423,141,,,040,大阪支店,522,旅費・交通費,,,69500,31,,10,,,,000,共通部門,100,現金,,,69500,00,,,,,,架空鉄道会社A代,,,,,,,
,,,,,20210423,164,,,050,九州営業所,10E201110,事務用消耗品費,,,1580,31,,10,,,,000,共通部門,100,現金,,,1580,00,,,,,,事務用品,,,,,,,
,,,,,20210424,8,,,010,札幌営業所,521,接待交際費,,,28572,31,,10,,,,000,共通部門,100,現金,,,28572,00,,,,,,親睦会会費,,,,,,,
,,,,,20210424,8,,,010,札幌営業所,521,接待交際費,,,3010,31,,10,,,,000,共通部門,100,現金,,,3010,00,,,,,,差し入れ,,,,,,,
,,,,,20210424,108,,,040,大阪支店,521,接待交際費,,,1360,31,,10,,,,000,共通部門,100,現金,,,1360,00,,,,,,コーヒー代,,,,,,,
,,,,,20210424,159,,,050,九州営業所,522,旅費・交通費,,,6450,31,,10,,,,000,共通部門,100,現金,,,6450,00,,,,,,タクシー代,,,,,,,
,,,,,20210425,29,,,010,札幌営業所,523,通信費,,,64724,31,,10,,,,000,共通部門,10A100020-3,普通預金,10,DEF銀行 駅前,64724,00,,,,,,携帯電話代,,,,,,,
,,,,,20210425,35,,,010,札幌営業所,10E201160,新聞図書費,,,3925,31,,10,,,,000,共通部門,100,現金,,,3925,00,,,,,,新聞代,,,,,,,
,,,,,20210425,87,,,030,名古屋支店,523,通信費,,,38206,31,,10,,,,000,共通部門,10A100020-3,普通預金,30,GHI銀行 名古屋,38206,00,,,,,,携帯代,,,,,,,
,,,,,20210425,92,,,010,札幌営業所,10E201000,修繕維持費,,,18000,31,,10,,,,000,共通部門,204,未払金,,,18000,00,,,,,,コピー機修繕,,,,,,,
,,,,,20210425,111,,,040,大阪支店,522,旅費・交通費,,,12400,31,,10,,,,000,共通部門,204,未払金,,,12400,00,,,,,,タクシー代,,,,,,,
,,,,,20210425,113,,,040,大阪支店,523,通信費,,,58532,31,,10,,,,000,共通部門,10A100020-3,普通預金,40,JKL銀行 梅田,58532,00,,,,,,携帯代,,,,,,,
,,,,,20210425,114,,,040,大阪支店,10E201160,新聞図書費,,,2540,31,,10,,,,000,共通部門,100,現金,,,2540,00,,,,,,新聞代,,,,,,,
,,,,,20210425,114,,,040,大阪支店,10E201160,新聞図書費,,,2864,31,,10,,,,000,共通部門,100,現金,,,2864,00,,,,,,新聞代,,,,,,,
,,,,,20210425,121,,,040,大阪支店,10E200140,福利厚生費,,,10000,31,,10,,,,000,共通部門,100,現金,,,10000,00,,,,,,お茶代,,,,,,,
,,,,,20210425,131,,,040,大阪支店,10E201140,諸会費,,,24000,00,,,,,,000,共通部門,10A100020-3,普通預金,40,JKL銀行 梅田,24000,00,,,,,,会費,,,,,,,
,,,,,20210425,146,,,050,九州営業所,10E200020,販売手数料,,,147000,31,,10,,,,000,共通部門,204,未払金,,,147000,00,,,,,,業務委託費,,,,,,,
,,,,,20210425,170,,,050,九州営業所,10E201160,新聞図書費,,,3007,31,,10,,,,000,共通部門,100,現金,,,3007,00,,,,,,新聞代,,,,,,,
,,,,,20210425,171,,,050,九州営業所,523,通信費,,,42103,31,,10,,,,000,共通部門,10A100020-3,普通預金,50,MNO銀行 北九州,42103,00,,,,,,携帯代,,,,,,,
,,,,,20210425,172,,,010,札幌営業所,10E200020,販売手数料,,,141000,31,,10,,,,000,共通部門,204,未払金,,,141000,00,,,,,,業務委託費支払い,,,,,,,
,,,,,20210425,238,,,020,東京支店,521,接待交際費,,,14200,31,,10,,,,000,共通部門,100,現金,,,14200,00,,,,,,ゴルフプレー代,,,,,,,
,,,,,20210425,253,,,020,東京支店,10E200090,役員報酬,,,1131093,00,,,,,,000,共通部門,10A100020-3,普通預金,20,ABC銀行 本店,1131093,00,,,,,,4月給与その他 0001 役員,,,,,,,
,,,,,20210425,253,,,020,東京支店,10E200090,役員報酬,,,111192,00,,,,,,000,共通部門,208,預り金,1,保険料,111192,00,,,,,,4月給与その他 0001 役員,,,,,,,
,,,,,20210425,253,,,020,東京支店,10E200090,役員報酬,,,171200,00,,,,,,000,共通部門,208,預り金,2,住民税,171200,00,,,,,,4月給与その他 0001 役員,,,,,,,
,,,,,20210425,253,,,020,東京支店,10E200090,役員報酬,,,166823,00,,,,,,000,共通部門,208,預り金,3,源泉税,166823,00,,,,,,4月給与その他 0001 役員,,,,,,,
,,,,,20210425,253,,,020,東京支店,10E200090,役員報酬,,,133972,00,,,,,,000,共通部門,208,預り金,4,貯蓄・保険,133972,00,,,,,,4月給与その他 0001 役員,,,,,,,
,,,,,20210425,253,,,020,東京支店,10E200090,役員報酬,,,5720,00,,,,,,000,共通部門,208,預り金,9,その他,5720,00,,,,,,4月給与その他 0001 役員,,,,,,,
,,,,,20210425,253,,,020,東京支店,10E200370,給与手当,,,1641623,00,,,,,,000,共通部門,10A100020-3,普通預金,20,ABC銀行 本店,1641623,00,,,,,,4月給与その他 0020 営業部,,,,,,,
,,,,,20210425,253,,,020,東京支店,10E200370,給与手当,,,236635,00,,,,,,000,共通部門,208,預り金,1,保険料,236635,00,,,,,,4月給与その他 0020 営業部,,,,,,,
,,,,,20210425,253,,,020,東京支店,10E200370,給与手当,,,117200,00,,,,,,000,共通部門,208,預り金,2,住民税,117200,00,,,,,,4月給与その他 0020 営業部,,,,,,,
,,,,,20210425,253,,,020,東京支店,10E200370,給与手当,,,39800,00,,,,,,000,共通部門,208,預り金,3,源泉税,39800,00,,,,,,4月給与その他 0020 営業部,,,,,,,
,,,,,20210425,253,,,020,東京支店,10E200370,給与手当,,,43305,00,,,,,,000,共通部門,208,預り金,4,貯蓄・保険,43305,00,,,,,,4月給与その他 0020 営業部,,,,,,,
,,,,,20210425,253,,,020,東京支店,10E200370,給与手当,,,68682,00,,,,,,000,共通部門,208,預り金,9,その他,68682,00,,,,,,4月給与その他 0020 営業部,,,,,,,
,,,,,20210425,253,,,010,札幌営業所,10E200370,給与手当,,,625853,00,,,,,,000,共通部門,10A100020-3,普通預金,20,ABC銀行 本店,625853,00,,,,,,4月給与その他 1000 札幌営業所,,,,,,,
,,,,,20210425,253,,,010,札幌営業所,10E200370,給与手当,,,100704,00,,,,,,000,共通部門,208,預り金,1,保険料,100704,00,,,,,,4月給与その他 1000 札幌営業所,,,,,,,
,,,,,20210425,253,,,010,札幌営業所,10E200370,給与手当,,,46300,00,,,,,,000,共通部門,208,預り金,2,住民税,46300,00,,,,,,4月給与その他 1000 札幌営業所,,,,,,,
,,,,,20210425,253,,,010,札幌営業所,10E200370,給与手当,,,13990,00,,,,,,000,共通部門,208,預り金,3,源泉税,13990,00,,,,,,4月給与その他 1000 札幌営業所,,,,,,,
,,,,,20210425,253,,,010,札幌営業所,10E200370,給与手当,,,50648,00,,,,,,000,共通部門,208,預り金,4,貯蓄・保険,50648,00,,,,,,4月給与その他 1000 札幌営業所,,,,,,,
,,,,,20210425,253,,,010,札幌営業所,10E200370,給与手当,,,28193,00,,,,,,000,共通部門,208,預り金,9,その他,28193,00,,,,,,4月給与その他 1000 札幌営業所,,,,,,,
,,,,,20210425,253,,,030,名古屋支店,10E200370,給与手当,,,538572,00,,,,,,000,共通部門,10A100020-3,普通預金,20,ABC銀行 本店,538572,00,,,,,,4月給与その他 3000 名古屋営業所,,,,,,,
,,,,,20210425,253,,,030,名古屋支店,10E200370,給与手当,,,92651,00,,,,,,000,共通部門,208,預り金,1,保険料,92651,00,,,,,,4月給与その他 3000 名古屋営業所,,,,,,,
,,,,,20210425,253,,,030,名古屋支店,10E200370,給与手当,,,42600,00,,,,,,000,共通部門,208,預り金,2,住民税,42600,00,,,,,,4月給与その他 3000 名古屋営業所,,,,,,,
,,,,,20210425,253,,,030,名古屋支店,10E200370,給与手当,,,7540,00,,,,,,000,共通部門,208,預り金,3,源泉税,7540,00,,,,,,4月給与その他 3000 名古屋営業所,,,,,,,
,,,,,20210425,253,,,030,名古屋支店,10E200370,給与手当,,,40759,00,,,,,,000,共通部門,208,預り金,4,貯蓄・保険,40759,00,,,,,,4月給与その他 3000 名古屋営業所,,,,,,,
,,,,,20210425,253,,,030,名古屋支店,10E200370,給与手当,,,41078,00,,,,,,000,共通部門,208,預り金,9,その他,41078,00,,,,,,4月給与その他 3000 名古屋営業所,,,,,,,
,,,,,20210425,253,,,040,大阪支店,10E200370,給与手当,,,1034075,00,,,,,,000,共通部門,10A100020-3,普通預金,20,ABC銀行 本店,1034075,00,,,,,,4月給与その他 4000 大阪支店,,,,,,,
,,,,,20210425,253,,,040,大阪支店,10E200370,給与手当,,,147384,00,,,,,,000,共通部門,208,預り金,1,保険料,147384,00,,,,,,4月給与その他 4000 大阪支店,,,,,,,
,,,,,20210425,253,,,040,大阪支店,10E200370,給与手当,,,66200,00,,,,,,000,共通部門,208,預り金,2,住民税,66200,00,,,,,,4月給与その他 4000 大阪支店,,,,,,,
,,,,,20210425,253,,,040,大阪支店,10E200370,給与手当,,,24960,00,,,,,,000,共通部門,208,預り金,3,源泉税,24960,00,,,,,,4月給与その他 4000 大阪支店,,,,,,,
,,,,,20210425,253,,,040,大阪支店,10E200370,給与手当,,,27117,00,,,,,,000,共通部門,208,預り金,4,貯蓄・保険,27117,00,,,,,,4月給与その他 4000 大阪支店,,,,,,,
,,,,,20210425,253,,,040,大阪支店,10E200370,給与手当,,,22532,00,,,,,,000,共通部門,208,預り金,9,その他,22532,00,,,,,,4月給与その他 4000 大阪支店,,,,,,,
,,,,,20210425,253,,,050,九州営業所,10E200370,給与手当,,,455817,00,,,,,,000,共通部門,10A100020-3,普通預金,20,ABC銀行 本店,455817,00,,,,,,4月給与その他 5000 九州営業所,,,,,,,
,,,,,20210425,253,,,050,九州営業所,10E200370,給与手当,,,66241,00,,,,,,000,共通部門,208,預り金,1,保険料,66241,00,,,,,,4月給与その他 5000 九州営業所,,,,,,,
,,,,,20210425,253,,,050,九州営業所,10E200370,給与手当,,,31700,00,,,,,,000,共通部門,208,預り金,2,住民税,31700,00,,,,,,4月給与その他 5000 九州営業所,,,,,,,
,,,,,20210425,253,,,050,九州営業所,10E200370,給与手当,,,8630,00,,,,,,000,共通部門,208,預り金,3,源泉税,8630,00,,,,,,4月給与その他 5000 九州営業所,,,,,,,
,,,,,20210425,253,,,050,九州営業所,10E200370,給与手当,,,18540,00,,,,,,000,共通部門,208,預り金,4,貯蓄・保険,18540,00,,,,,,4月給与その他 5000 九州営業所,,,,,,,
,,,,,20210425,253,,,050,九州営業所,10E200370,給与手当,,,23023,00,,,,,,000,共通部門,208,預り金,9,その他,23023,00,,,,,,4月給与その他 5000 九州営業所,,,,,,,
,,,,,20210425,273,,,000,共通部門,130,受取手形,,,20392404,00,,,,,,000,共通部門,131,売掛金,2,株式会社桜丘百貨店,20392404,00,,,,,,4月25日伝票No201株式会社桜丘百貨店 | 売上伝票=202103分未収録;手形番号=R20210425-273-2,,,,,,,
,,,,,20210425,274,,,000,共通部門,10A100020-3,普通預金,30,GHI銀行 名古屋,2186153,00,,,,,,000,共通部門,131,売掛金,7,株式会社光彩堂商事,2186153,00,,,,,,4月25日伝票No202株式会社光彩堂商事,,,,,,,
,,,,,20210425,274,,,030,名古屋支店,512,支払手数料,,,735,31,,10,,,,000,共通部門,131,売掛金,7,株式会社光彩堂商事,735,00,,,,,,4月25日伝票No202株式会社光彩堂商事,,,,,,,
,,,,,20210425,275,,,000,共通部門,10A100020-3,普通預金,10,DEF銀行 駅前,6636909,00,,,,,,000,共通部門,131,売掛金,25,株式会社ほのかマート,6636909,00,,,,,,4月25日伝票No203株式会社ほのかマート,,,,,,,
,,,,,20210425,275,,,010,札幌営業所,512,支払手数料,,,840,31,,10,,,,000,共通部門,131,売掛金,25,株式会社ほのかマート,840,00,,,,,,4月25日伝票No203株式会社ほのかマート,,,,,,,
,,,,,20210426,62,,,020,東京支店,523,通信費,,,54356,31,,10,,,,000,共通部門,10A100020-3,普通預金,20,ABC銀行 本店,54356,00,,,,,,携帯代,,,,,,,
,,,,,20210426,78,,,030,名古屋支店,10E200020,販売手数料,,,189000,31,,10,,,,000,共通部門,204,未払金,,,189000,00,,,,,,業務委託費支払い,,,,,,,
,,,,,20210426,88,,,030,名古屋支店,10E201160,新聞図書費,,,3568,31,,10,,,,000,共通部門,100,現金,,,3568,00,,,,,,新聞代,,,,,,,
,,,,,20210426,109,,,040,大阪支店,10E201120,車両費,,,7108,31,,10,,,,000,共通部門,204,未払金,,,7108,00,,,,,,ガソリン代,,,,,,,
,,,,,20210426,120,,,040,大阪支店,10E200020,販売手数料,,,525000,31,,10,,,,000,共通部門,204,未払金,,,525000,00,,,,,,業務委託費,,,,,,,
,,,,,20210426,148,,,050,九州営業所,10E201120,車両費,,,5500,31,,10,,,,000,共通部門,100,現金,,,5500,00,,,,,,ガソリン代,,,,,,,
,,,,,20210426,148,,,050,九州営業所,10E201120,車両費,,,1143,31,,10,,,,000,共通部門,100,現金,,,1143,00,,,,,,高速代,,,,,,,
,,,,,20210426,304,,,000,共通部門,10A100020-3,普通預金,20,ABC銀行 本店,6000000,00,,,,,,000,共通部門,10A100020-3,普通預金,10,DEF銀行 駅前,6000000,00,,,,,,資金移動,,,,,,,
,,,,,20210426,304,,,000,共通部門,10A100020-3,普通預金,20,ABC銀行 本店,6500000,00,,,,,,000,共通部門,10A100020-3,普通預金,30,GHI銀行 名古屋,6500000,00,,,,,,資金移動,,,,,,,
,,,,,20210426,304,,,000,共通部門,10A100020-3,普通預金,20,ABC銀行 本店,5500000,00,,,,,,000,共通部門,10A100020-3,普通預金,40,JKL銀行 梅田,5500000,00,,,,,,資金移動,,,,,,,
,,,,,20210426,304,,,000,共通部門,10A100020-3,普通預金,20,ABC銀行 本店,3500000,00,,,,,,000,共通部門,10A100020-3,普通預金,50,MNO銀行 北九州,3500000,00,,,,,,資金移動,,,,,,,
,,,,,20210427,1,,,010,札幌営業所,10E200870,運賃,,,89820,31,,10,,,,000,共通部門,204,未払金,,,89820,00,,,,,,運賃 架空運送会社B,,,,,,,
,,,,,20210427,9,,,010,札幌営業所,521,接待交際費,,,10000,31,,10,,,,000,共通部門,100,現金,,,10000,00,,,,,,香典代,,,,,,,
,,,,,20210427,13,,,010,札幌営業所,10E201120,車両費,,,12589,31,,10,,,,000,共通部門,204,未払金,,,12589,00,,,,,,ガソリン代,,,,,,,
,,,,,20210427,14,,,010,札幌営業所,10E201120,車両費,,,3000,31,,10,,,,000,共通部門,100,現金,,,3000,00,,,,,,ガソリン代,,,,,,,
,,,,,20210427,15,,,010,札幌営業所,10E201120,車両費,,,25000,31,,10,,,,000,共通部門,100,現金,,,25000,00,,,,,,車両管理費,,,,,,,
,,,,,20210427,30,,,010,札幌営業所,531,保険料,,,54320,30,,,,,,000,共通部門,10A100020-3,普通預金,10,DEF銀行 駅前,54320,00,,,,,,保険料支払,,,,,,,
,,,,,20210427,37,,,020,東京支店,10E200020,販売手数料,,,1264000,31,,10,,,,000,共通部門,204,未払金,,,1264000,00,,,,,,業務委託費,,,,,,,
,,,,,20210427,39,,,020,東京支店,10E200140,福利厚生費,,,9000,31,,10,,,,000,共通部門,100,現金,,,9000,00,,,,,,会費,,,,,,,
,,,,,20210427,72,,,020,東京支店,10E201160,新聞図書費,,,2864,31,,10,,,,000,共通部門,100,現金,,,2864,00,,,,,,新聞代,,,,,,,
,,,,,20210427,72,,,020,東京支店,10E201160,新聞図書費,,,2815,31,,10,,,,000,共通部門,100,現金,,,2815,00,,,,,,新聞代,,,,,,,
,,,,,20210427,72,,,020,東京支店,10E201160,新聞図書費,,,3399,31,,10,,,,000,共通部門,100,現金,,,3399,00,,,,,,新聞代,,,,,,,
,,,,,20210428,27,,,010,札幌営業所,522,旅費・交通費,,,26667,31,,10,,,,000,共通部門,100,現金,,,26667,00,,,,,,旅費,,,,,,,
,,,,,20210428,27,,,010,札幌営業所,522,旅費・交通費,,,29524,31,,10,,,,000,共通部門,100,現金,,,29524,00,,,,,,旅費,,,,,,,
,,,,,20210428,27,,,010,札幌営業所,522,旅費・交通費,,,21429,31,,10,,,,000,共通部門,100,現金,,,21429,00,,,,,,旅費,,,,,,,
,,,,,20210428,93,,,030,名古屋支店,10E201000,修繕維持費,,,17850,31,,10,,,,000,共通部門,204,未払金,,,17850,00,,,,,,修繕費,,,,,,,
,,,,,20210428,315,,,000,共通部門,10A100020-3,普通預金,20,ABC銀行 本店,3000000,00,,,,,,000,共通部門,10A100020-2,当座預金,1,ABC銀行,3000000,00,,,,,,資金移動,,,,,,,
,,,,,20210430,5,,,010,札幌営業所,10E200050,広告宣伝費,,,52500,31,,10,,,,000,共通部門,10A100020-3,普通預金,10,DEF銀行 駅前,52500,00,,,,,,広告費,,,,,,,
,,,,,20210430,36,,,020,東京支店,10E200870,運賃,,,1536351,31,,10,,,,000,共通部門,204,未払金,,,1536351,00,,,,,,運賃 架空運送会社A,,,,,,,
,,,,,20210430,36,,,020,東京支店,10E200870,運賃,,,1041181,31,,10,,,,000,共通部門,204,未払金,,,1041181,00,,,,,,運賃 架空運送会社B,,,,,,,
,,,,,20210430,40,,,020,東京支店,10E200050,広告宣伝費,,,50000,31,,10,,,,000,共通部門,204,未払金,,,50000,00,,,,,,広告掲載,,,,,,,
,,,,,20210430,49,,,020,東京支店,10E201120,車両費,,,163470,31,,10,,,,000,共通部門,204,未払金,,,163470,00,,,,,,ガソリン代,,,,,,,
,,,,,20210430,49,,,020,東京支店,10E201120,車両費,,,3381,31,,10,,,,000,共通部門,100,現金,,,3381,00,,,,,,高速代,,,,,,,
,,,,,20210430,49,,,020,東京支店,10E201120,車両費,,,762,31,,10,,,,000,共通部門,100,現金,,,762,00,,,,,,駐車代,,,,,,,
,,,,,20210430,55,,,020,東京支店,10E201120,車両費,,,25000,31,,10,,,,000,共通部門,100,現金,,,25000,00,,,,,,車両管理費,,,,,,,
,,,,,20210430,55,,,020,東京支店,10E201120,車両費,,,28000,31,,10,,,,000,共通部門,100,現金,,,28000,00,,,,,,車両管理費,,,,,,,
,,,,,20210430,55,,,020,東京支店,10E201120,車両費,,,8050,31,,10,,,,000,共通部門,100,現金,,,8050,00,,,,,,高速代,,,,,,,
,,,,,20210430,60,,,020,東京支店,522,旅費・交通費,,,9750,31,,10,,,,000,共通部門,100,現金,,,9750,00,,,,,,旅費,,,,,,,
,,,,,20210430,63,,,020,東京支店,531,保険料,,,81000,30,,,,,,000,共通部門,10A100020-3,普通預金,20,ABC銀行 本店,81000,00,,,,,,保険料,,,,,,,
,,,,,20210430,66,,,020,東京支店,10E200730,リース料,,,209850,31,,10,,,,000,共通部門,10A100020-3,普通預金,20,ABC銀行 本店,209850,00,,,,,,リース料,,,,,,,
,,,,,20210430,67,,,020,東京支店,10E201140,諸会費,,,30000,00,,,,,,000,共通部門,100,現金,,,30000,00,,,,,,会費支払い,,,,,,,
,,,,,20210430,70,,,020,東京支店,10E201270,雑費,,,6000,31,,10,,,,000,共通部門,204,未払金,,,6000,00,,,,,,有線,,,,,,,
,,,,,20210430,70,,,020,東京支店,10E201270,雑費,,,52381,31,,10,,,,000,共通部門,204,未払金,,,52381,00,,,,,,警備料,,,,,,,
,,,,,20210430,70,,,020,東京支店,10E201270,雑費,,,73500,31,,10,,,,000,共通部門,204,未払金,,,73500,00,,,,,,清掃料,,,,,,,
,,,,,20210430,77,,,030,名古屋支店,10E200870,運賃,,,175565,31,,10,,,,000,共通部門,204,未払金,,,175565,00,,,,,,運賃,,,,,,,
,,,,,20210430,81,,,030,名古屋支店,10E200140,福利厚生費,,,21000,31,,10,,,,000,共通部門,204,未払金,,,21000,00,,,,,,お茶代,,,,,,,
,,,,,20210430,82,,,030,名古屋支店,10E201120,車両費,,,22066,31,,10,,,,000,共通部門,204,未払金,,,22066,00,,,,,,ガソリン代,,,,,,,
,,,,,20210430,83,,,030,名古屋支店,10E201120,車両費,,,50000,31,,10,,,,000,共通部門,100,現金,,,50000,00,,,,,,車両管理費,,,,,,,
,,,,,20210430,96,,,030,名古屋支店,10E201270,雑費,,,22470,31,,10,,,,000,共通部門,10A100020-3,普通預金,30,GHI銀行 名古屋,22470,00,,,,,,警備料,,,,,,,
,,,,,20210430,99,,,040,大阪支店,10E200870,運賃,,,584630,31,,10,,,,000,共通部門,204,未払金,,,584630,00,,,,,,運賃,,,,,,,
,,,,,20210430,100,,,040,大阪支店,10E200140,福利厚生費,,,6000,31,,10,,,,000,共通部門,100,現金,,,6000,00,,,,,,会費,,,,,,,
,,,,,20210430,115,,,040,大阪支店,531,保険料,,,64500,30,,,,,,000,共通部門,10A100020-3,普通預金,40,JKL銀行 梅田,64500,00,,,,,,保険料,,,,,,,
,,,,,20210430,116,,,040,大阪支店,10E200730,リース料,,,84000,31,,10,,,,000,共通部門,10A100020-3,普通預金,40,JKL銀行 梅田,84000,00,,,,,,リース料,,,,,,,
,,,,,20210430,128,,,010,札幌営業所,526,租税公課,,,10000,00,,,,,,000,共通部門,100,現金,,,10000,00,,,,,,収入印紙,,,,,,,
,,,,,20210430,137,,,040,大阪支店,10E201270,雑費,,,6000,31,,10,,,,000,共通部門,204,未払金,,,6000,00,,,,,,有線,,,,,,,
,,,,,20210430,137,,,040,大阪支店,10E201270,雑費,,,42858,31,,10,,,,000,共通部門,204,未払金,,,42858,00,,,,,,警備料,,,,,,,
,,,,,20210430,137,,,040,大阪支店,10E201120,車両費,,,53315,31,,10,,,,000,共通部門,10A100020-3,普通預金,40,JKL銀行 梅田,53315,00,,,,,,高速料,,,,,,,
,,,,,20210430,137,,,040,大阪支店,10E201270,雑費,,,73500,31,,10,,,,000,共通部門,204,未払金,,,73500,00,,,,,,清掃料,,,,,,,
,,,,,20210430,138,,,040,大阪支店,10E201120,車両費,,,3410,31,,10,,,,000,共通部門,100,現金,,,3410,00,,,,,,ガソリン代,,,,,,,
,,,,,20210430,138,,,040,大阪支店,10E201120,車両費,,,2524,31,,10,,,,000,共通部門,100,現金,,,2524,00,,,,,,高速代,,,,,,,
,,,,,20210430,145,,,050,九州営業所,10E200870,運賃,,,152600,31,,10,,,,000,共通部門,204,未払金,,,152600,00,,,,,,運賃,,,,,,,
,,,,,20210430,154,,,050,九州営業所,521,接待交際費,,,12000,31,,10,,,,000,共通部門,204,未払金,,,12000,00,,,,,,お花代,,,,,,,
,,,,,20210430,154,,,050,九州営業所,521,接待交際費,,,10000,31,,10,,,,000,共通部門,204,未払金,,,10000,00,,,,,,香典代,,,,,,,
,,,,,20210430,230,,,000,共通部門,208,預り金,1,保険料,734249,00,,,,,,000,共通部門,10A100020-3,普通預金,20,ABC銀行 本店,734249,00,,,,,,保険料預かり分,,,,,,,
,,,,,20210430,230,,,020,東京支店,10E200540,法定福利費,,,111192,30,,,,,,000,共通部門,10A100020-3,普通預金,20,ABC銀行 本店,111192,00,,,,,,保険料　事業主負担分,,,,,,,
,,,,,20210430,230,,,020,東京支店,10E200540,法定福利費,,,236635,30,,,,,,000,共通部門,10A100020-3,普通預金,20,ABC銀行 本店,236635,00,,,,,,保険料　事業主負担分,,,,,,,
,,,,,20210430,230,,,010,札幌営業所,10E200540,法定福利費,,,100704,30,,,,,,000,共通部門,10A100020-3,普通預金,20,ABC銀行 本店,100704,00,,,,,,保険料　事業主負担分,,,,,,,
,,,,,20210430,230,,,030,名古屋支店,10E200540,法定福利費,,,92652,30,,,,,,000,共通部門,10A100020-3,普通預金,20,ABC銀行 本店,92652,00,,,,,,保険料　事業主負担分,,,,,,,
,,,,,20210430,230,,,040,大阪支店,10E200540,法定福利費,,,126826,30,,,,,,000,共通部門,10A100020-3,普通預金,20,ABC銀行 本店,126826,00,,,,,,保険料　事業主負担分,,,,,,,
,,,,,20210430,230,,,050,九州営業所,10E200540,法定福利費,,,66245,30,,,,,,000,共通部門,10A100020-3,普通預金,20,ABC銀行 本店,66245,00,,,,,,保険料　事業主負担分,,,,,,,
,,,,,20210430,230,,,020,東京支店,10E200540,法定福利費,,,9672,30,,,,,,000,共通部門,10A100020-3,普通預金,20,ABC銀行 本店,9672,00,,,,,,児童拠出金　事業主負担分,,,,,,,
,,,,,20210430,239,,,030,名古屋支店,531,保険料,,,62000,30,,,,,,000,共通部門,10A100020-3,普通預金,30,GHI銀行 名古屋,62000,00,,,,,,保険料,,,,,,,
,,,,,20210430,240,,,050,九州営業所,531,保険料,,,57000,30,,,,,,000,共通部門,10A100020-3,普通預金,50,MNO銀行 北九州,57000,00,,,,,,保険料支払い,,,,,,,
,,,,,20210430,242,,,010,札幌営業所,525,消耗品費,,,38728,00,,,,,,000,共通部門,525,消耗品費,,,38728,00,,,,,,消耗品費　部門配賦,,,,,,,
,,,,,20210430,242,,,020,東京支店,525,消耗品費,,,168999,00,,,,,,000,共通部門,525,消耗品費,,,168999,00,,,,,,消耗品費　部門配賦,,,,,,,
,,,,,20210430,242,,,030,名古屋支店,525,消耗品費,,,35207,00,,,,,,000,共通部門,525,消耗品費,,,35207,00,,,,,,消耗品費　部門配賦,,,,,,,
,,,,,20210430,242,,,040,大阪支店,525,消耗品費,,,84498,00,,,,,,000,共通部門,525,消耗品費,,,84498,00,,,,,,消耗品費　部門配賦,,,,,,,
,,,,,20210430,242,,,050,九州営業所,525,消耗品費,,,24645,00,,,,,,000,共通部門,525,消耗品費,,,24645,00,,,,,,消耗品費　部門配賦,,,,,,,
,,,,,20210430,251,,,030,名古屋支店,522,旅費・交通費,,,9800,31,,10,,,,000,共通部門,100,現金,,,9800,00,,,,,,旅費,,,,,,,
,,,,,20210430,276,,,000,共通部門,131,売掛金,5,東雲商会株式会社,1536384,00,,,,,,010,札幌営業所,10D100100,売上高,,,1536384,01,,10,,,,4月1日～4月30日分売上,,,,,,,
,,,,,20210430,276,,,000,共通部門,131,売掛金,25,株式会社ほのかマート,3664410,00,,,,,,010,札幌営業所,10D100100,売上高,,,3664410,01,,10,,,,4月1日～4月30日分売上,,,,,,,
,,,,,20210430,276,,,000,共通部門,131,売掛金,14,株式会社花咲商事,1418200,00,,,,,,010,札幌営業所,10D100100,売上高,,,1418200,01,,10,,,,4月1日～4月30日分売上,,,,,,,
,,,,,20210430,277,,,000,共通部門,131,売掛金,2,株式会社桜丘百貨店,13321782,00,,,,,,020,東京支店,10D100100,売上高,,,13321782,01,,10,,,,4月1日～4月30日分売上,,,,,,,
,,,,,20210430,277,,,000,共通部門,131,売掛金,12,株式会社緑野百貨店,10846514,00,,,,,,020,東京支店,10D100100,売上高,,,10846514,01,,10,,,,4月1日～4月30日分売上,,,,,,,
,,,,,20210430,277,,,000,共通部門,131,売掛金,11,株式会社楓屋,620476,00,,,,,,020,東京支店,10D100100,売上高,,,620476,01,,10,,,,4月1日～4月30日分売上,,,,,,,
,,,,,20210430,277,,,000,共通部門,131,売掛金,13,星川商事株式会社,1671612,00,,,,,,020,東京支店,10D100100,売上高,,,1671612,01,,10,,,,4月1日～4月30日分売上,,,,,,,
,,,,,20210430,277,,,000,共通部門,131,売掛金,14,株式会社花咲商事,2064894,00,,,,,,020,東京支店,10D100100,売上高,,,2064894,01,,10,,,,4月1日～4月30日分売上,,,,,,,
,,,,,20210430,277,,,000,共通部門,131,売掛金,26,若松販売株式会社,976504,00,,,,,,020,東京支店,10D100100,売上高,,,976504,01,,10,,,,4月1日～4月30日分売上,,,,,,,
,,,,,20210430,277,,,000,共通部門,131,売掛金,30,株式会社彩雲トレーディング,1104852,00,,,,,,020,東京支店,10D100100,売上高,,,1104852,01,,10,,,,4月1日～4月30日分売上,,,,,,,
,,,,,20210430,277,,,020,東京支店,10D100110,売上値引戻り高,,,70720,01,,10,,,,000,共通部門,131,売掛金,13,星川商事株式会社,70720,00,,,,,,4月1日～4月30日分売上,,,,,,,
,,,,,20210430,277,,,000,共通部門,131,売掛金,10,合同会社こもれび商事,359744,00,,,,,,020,東京支店,10D100100,売上高,,,359744,01,,10,,,,4月1日～4月30日分売上,,,,,,,
,,,,,20210430,277,,,020,東京支店,10D100110,売上値引戻り高,,,38736,01,,10,,,,000,共通部門,131,売掛金,12,株式会社緑野百貨店,38736,00,,,,,,4月1日～4月30日分売上,,,,,,,
,,,,,20210430,277,,,000,共通部門,131,売掛金,24,白峰商事株式会社,430032,00,,,,,,020,東京支店,10D100100,売上高,,,430032,01,,10,,,,4月1日～4月30日分売上,,,,,,,
,,,,,20210430,278,,,000,共通部門,131,売掛金,6,株式会社瑞穂流通,1054408,00,,,,,,030,名古屋支店,10D100100,売上高,,,1054408,01,,10,,,,4月1日～4月30日分売上,,,,,,,
,,,,,20210430,278,,,000,共通部門,131,売掛金,7,株式会社光彩堂商事,1246560,00,,,,,,030,名古屋支店,10D100100,売上高,,,1246560,01,,10,,,,4月1日～4月30日分売上,,,,,,,
,,,,,20210430,278,,,000,共通部門,131,売掛金,14,株式会社花咲商事,1260302,00,,,,,,030,名古屋支店,10D100100,売上高,,,1260302,01,,10,,,,4月1日～4月30日分売上,,,,,,,
,,,,,20210430,278,,,000,共通部門,131,売掛金,19,株式会社南風商会,818910,00,,,,,,030,名古屋支店,10D100100,売上高,,,818910,01,,10,,,,4月1日～4月30日分売上,,,,,,,
,,,,,20210430,278,,,000,共通部門,131,売掛金,21,合同会社つばさ商店,845757,00,,,,,,030,名古屋支店,10D100100,売上高,,,845757,01,,10,,,,4月1日～4月30日分売上,,,,,,,
,,,,,20210430,278,,,000,共通部門,131,売掛金,27,晴海物産株式会社,883909,00,,,,,,030,名古屋支店,10D100100,売上高,,,883909,01,,10,,,,4月1日～4月30日分売上,,,,,,,
,,,,,20210430,278,,,030,名古屋支店,10D100110,売上値引戻り高,,,34000,01,,10,,,,000,共通部門,131,売掛金,6,株式会社瑞穂流通,34000,00,,,,,,4月1日～4月30日分売上,,,,,,,
,,,,,20210430,279,,,000,共通部門,131,売掛金,3,青凪商事株式会社,736072,00,,,,,,040,大阪支店,10D100100,売上高,,,736072,01,,10,,,,4月1日～4月30日分売上,,,,,,,
,,,,,20210430,279,,,000,共通部門,131,売掛金,4,株式会社ひなたマート,1200768,00,,,,,,040,大阪支店,10D100100,売上高,,,1200768,01,,10,,,,4月1日～4月30日分売上,,,,,,,
,,,,,20210430,279,,,000,共通部門,131,売掛金,8,株式会社高原マーケット,942912,00,,,,,,040,大阪支店,10D100100,売上高,,,942912,01,,10,,,,4月1日～4月30日分売上,,,,,,,
,,,,,20210430,279,,,000,共通部門,131,売掛金,9,朝凪物産株式会社,1202528,00,,,,,,040,大阪支店,10D100100,売上高,,,1202528,01,,10,,,,4月1日～4月30日分売上,,,,,,,
,,,,,20210430,279,,,000,共通部門,131,売掛金,14,株式会社花咲商事,1526316,00,,,,,,040,大阪支店,10D100100,売上高,,,1526316,01,,10,,,,4月1日～4月30日分売上,,,,,,,
,,,,,20210430,279,,,000,共通部門,131,売掛金,20,清和商事株式会社,1136086,00,,,,,,040,大阪支店,10D100100,売上高,,,1136086,01,,10,,,,4月1日～4月30日分売上,,,,,,,
,,,,,20210430,279,,,000,共通部門,131,売掛金,23,株式会社杉の木商店,694821,00,,,,,,040,大阪支店,10D100100,売上高,,,694821,01,,10,,,,4月1日～4月30日分売上,,,,,,,
,,,,,20210430,279,,,000,共通部門,131,売掛金,28,株式会社青葉百貨店,4716787,00,,,,,,040,大阪支店,10D100100,売上高,,,4716787,01,,10,,,,4月1日～4月30日分売上,,,,,,,
,,,,,20210430,279,,,040,大阪支店,10D100110,売上値引戻り高,,,24480,01,,10,,,,000,共通部門,131,売掛金,28,株式会社青葉百貨店,24480,00,,,,,,4月1日～4月30日分売上,,,,,,,
,,,,,20210430,280,,,000,共通部門,131,売掛金,1,株式会社若葉百貨店,1476232,00,,,,,,050,九州営業所,10D100100,売上高,,,1476232,01,,10,,,,4月1日～4月30日分売上,,,,,,,
,,,,,20210430,280,,,000,共通部門,131,売掛金,14,株式会社花咲商事,1081720,00,,,,,,050,九州営業所,10D100100,売上高,,,1081720,01,,10,,,,4月1日～4月30日分売上,,,,,,,
,,,,,20210430,280,,,000,共通部門,131,売掛金,22,株式会社豊原産業,1041464,00,,,,,,050,九州営業所,10D100100,売上高,,,1041464,01,,10,,,,4月1日～4月30日分売上,,,,,,,
,,,,,20210430,280,,,000,共通部門,131,売掛金,29,株式会社小春サービス,456660,00,,,,,,050,九州営業所,10D100100,売上高,,,456660,01,,10,,,,4月1日～4月30日分売上,,,,,,,
,,,,,20210430,281,,,000,共通部門,10A100020-3,普通預金,40,JKL銀行 梅田,2874761,00,,,,,,000,共通部門,131,売掛金,4,株式会社ひなたマート,2874761,00,,,,,,4月30日伝票No204株式会社ひなたマート,,,,,,,
,,,,,20210430,281,,,040,大阪支店,512,支払手数料,,,840,31,,10,,,,000,共通部門,131,売掛金,4,株式会社ひなたマート,840,00,,,,,,4月30日伝票No204株式会社ひなたマート,,,,,,,
,,,,,20210430,282,,,000,共通部門,10A100020-3,普通預金,10,DEF銀行 駅前,4014481,00,,,,,,000,共通部門,131,売掛金,5,東雲商会株式会社,4014481,00,,,,,,4月30日伝票No205東雲商会株式会社,,,,,,,
,,,,,20210430,282,,,010,札幌営業所,512,支払手数料,,,840,31,,10,,,,000,共通部門,131,売掛金,5,東雲商会株式会社,840,00,,,,,,4月30日伝票No205東雲商会株式会社,,,,,,,
,,,,,20210430,283,,,000,共通部門,130,受取手形,,,11435166,00,,,,,,000,共通部門,131,売掛金,12,株式会社緑野百貨店,11435166,00,,,,,,4月30日伝票No206株式会社緑野百貨店 | 売上伝票=202103分未収録;手形番号=R20210430-283-12,,,,,,,
,,,,,20210430,284,,,010,札幌営業所,461,仕入高,,,185975,31,,10,,,,000,共通部門,201,買掛金,2,株式会社双葉物産,185975,00,,,,,,4月1日～4月30日分仕入,,,,,,,
,,,,,20210430,284,,,010,札幌営業所,461,仕入高,,,23688,31,,10,,,,000,共通部門,201,買掛金,8,株式会社白樺商事,23688,00,,,,,,4月1日～4月30日分仕入,,,,,,,
,,,,,20210430,285,,,020,東京支店,461,仕入高,,,1263652,31,,10,,,,000,共通部門,201,買掛金,13,朝日野産業株式会社,1263652,00,,,,,,4月1日～4月30日分仕入,,,,,,,
,,,,,20210430,285,,,020,東京支店,461,仕入高,,,6031869,31,,10,,,,000,共通部門,201,買掛金,1,株式会社北辰商事,6031869,00,,,,,,4月1日～4月30日分仕入,,,,,,,
,,,,,20210430,285,,,020,東京支店,461,仕入高,,,4109548,31,,10,,,,000,共通部門,201,買掛金,11,株式会社花園商会,4109548,00,,,,,,4月1日～4月30日分仕入,,,,,,,
,,,,,20210430,285,,,020,東京支店,461,仕入高,,,322812,31,,10,,,,000,共通部門,201,買掛金,12,株式会社泉川商事,322812,00,,,,,,4月1日～4月30日分仕入,,,,,,,
,,,,,20210430,285,,,020,東京支店,461,仕入高,,,2915080,31,,10,,,,000,共通部門,201,買掛金,3,青凪商事株式会社,2915080,00,,,,,,4月1日～4月30日分仕入,,,,,,,
,,,,,20210430,285,,,020,東京支店,461,仕入高,,,2584863,31,,10,,,,000,共通部門,201,買掛金,14,合同会社あかね商会,2584863,00,,,,,,4月1日～4月30日分仕入,,,,,,,
,,,,,20210430,285,,,020,東京支店,461,仕入高,,,409145,31,,10,,,,000,共通部門,201,買掛金,2,株式会社双葉物産,409145,00,,,,,,4月1日～4月30日分仕入,,,,,,,
,,,,,20210430,285,,,000,共通部門,201,買掛金,1,株式会社北辰商事,73207,00,,,,,,020,東京支店,10E100120,仕入値引戻し高,,,73207,31,,10,,,,4月1日～4月30日分仕入,,,,,,,
,,,,,20210430,285,,,020,東京支店,461,仕入高,,,189504,31,,10,,,,000,共通部門,201,買掛金,8,株式会社白樺商事,189504,00,,,,,,4月1日～4月30日分仕入,,,,,,,
,,,,,20210430,285,,,000,共通部門,201,買掛金,3,青凪商事株式会社,21672,00,,,,,,020,東京支店,10E100120,仕入値引戻し高,,,21672,31,,10,,,,4月1日～4月30日分仕入,,,,,,,
,,,,,20210430,286,,,030,名古屋支店,461,仕入高,,,1733105,31,,10,,,,000,共通部門,201,買掛金,9,東原産業株式会社,1733105,00,,,,,,4月1日～4月30日分仕入,,,,,,,
,,,,,20210430,286,,,030,名古屋支店,461,仕入高,,,1113366,31,,10,,,,000,共通部門,201,買掛金,15,株式会社麦穂商事,1113366,00,,,,,,4月1日～4月30日分仕入,,,,,,,
,,,,,20210430,286,,,030,名古屋支店,461,仕入高,,,3387545,31,,10,,,,000,共通部門,201,買掛金,7,株式会社夕凪商会,3387545,00,,,,,,4月1日～4月30日分仕入,,,,,,,
,,,,,20210430,286,,,030,名古屋支店,461,仕入高,,,152913,31,,10,,,,000,共通部門,201,買掛金,2,株式会社双葉物産,152913,00,,,,,,4月1日～4月30日分仕入,,,,,,,
,,,,,20210430,286,,,000,共通部門,201,買掛金,15,株式会社麦穂商事,16968,00,,,,,,030,名古屋支店,10E100120,仕入値引戻し高,,,16968,31,,10,,,,4月1日～4月30日分仕入,,,,,,,
,,,,,20210430,286,,,030,名古屋支店,461,仕入高,,,42638,31,,10,,,,000,共通部門,201,買掛金,8,株式会社白樺商事,42638,00,,,,,,4月1日～4月30日分仕入,,,,,,,
,,,,,20210430,286,,,000,共通部門,201,買掛金,9,東原産業株式会社,11793,00,,,,,,030,名古屋支店,10E100120,仕入値引戻し高,,,11793,31,,10,,,,4月1日～4月30日分仕入,,,,,,,
,,,,,20210430,287,,,040,大阪支店,461,仕入高,,,905555,31,,10,,,,000,共通部門,201,買掛金,4,株式会社和泉流通,905555,00,,,,,,4月1日～4月30日分仕入,,,,,,,
,,,,,20210430,287,,,040,大阪支店,461,仕入高,,,2891993,31,,10,,,,000,共通部門,201,買掛金,10,光野販売株式会社,2891993,00,,,,,,4月1日～4月30日分仕入,,,,,,,
,,,,,20210430,287,,,000,共通部門,201,買掛金,10,光野販売株式会社,34587,00,,,,,,040,大阪支店,10E100120,仕入値引戻し高,,,34587,31,,10,,,,4月1日～4月30日分仕入,,,,,,,
,,,,,20210430,287,,,040,大阪支店,461,仕入高,,,3320176,31,,10,,,,000,共通部門,201,買掛金,6,株式会社日向産業,3320176,00,,,,,,4月1日～4月30日分仕入,,,,,,,
,,,,,20210430,287,,,040,大阪支店,461,仕入高,,,3445686,31,,10,,,,000,共通部門,201,買掛金,5,千草商事株式会社,3445686,00,,,,,,4月1日～4月30日分仕入,,,,,,,
,,,,,20210430,287,,,040,大阪支店,461,仕入高,,,71064,31,,10,,,,000,共通部門,201,買掛金,8,株式会社白樺商事,71064,00,,,,,,4月1日～4月30日分仕入,,,,,,,
,,,,,20210430,287,,,040,大阪支店,461,仕入高,,,293427,31,,10,,,,000,共通部門,201,買掛金,2,株式会社双葉物産,293427,00,,,,,,4月1日～4月30日分仕入,,,,,,,
,,,,,20210430,287,,,000,共通部門,201,買掛金,6,株式会社日向産業,22478,00,,,,,,040,大阪支店,10E100120,仕入値引戻し高,,,22478,31,,10,,,,4月1日～4月30日分仕入,,,,,,,
,,,,,20210430,287,,,000,共通部門,201,買掛金,5,千草商事株式会社,21674,00,,,,,,040,大阪支店,10E100120,仕入値引戻し高,,,21674,31,,10,,,,4月1日～4月30日分仕入,,,,,,,
,,,,,20210430,288,,,050,九州営業所,461,仕入高,,,74390,31,,10,,,,000,共通部門,201,買掛金,2,株式会社双葉物産,74390,00,,,,,,4月1日～4月30日分仕入,,,,,,,
,,,,,20210430,288,,,050,九州営業所,461,仕入高,,,23688,31,,10,,,,000,共通部門,201,買掛金,8,株式会社白樺商事,23688,00,,,,,,4月1日～4月30日分仕入,,,,,,,
,,,,,20210430,289,,,000,共通部門,201,買掛金,10,光野販売株式会社,4640751,00,,,,,,000,共通部門,10B100030,支払手形,,,4640751,00,,,,,,4月30日伝票No124光野販売株式会社,,,,,,,
,,,,,20210430,290,,,000,共通部門,201,買掛金,12,株式会社泉川商事,497372,00,,,,,,000,共通部門,10A100020-3,普通預金,20,ABC銀行 本店,497372,00,,,,,,4月30日伝票No125株式会社泉川商事,,,,,,,
,,,,,20210430,291,,,000,共通部門,201,買掛金,13,朝日野産業株式会社,1370598,00,,,,,,000,共通部門,10A100020-3,普通預金,20,ABC銀行 本店,1370598,00,,,,,,4月30日伝票No128朝日野産業株式会社,,,,,,,
,,,,,20210430,292,,,000,共通部門,201,買掛金,14,合同会社あかね商会,4036321,00,,,,,,000,共通部門,10A100020-3,普通預金,20,ABC銀行 本店,4036321,00,,,,,,4月30日伝票No129合同会社あかね商会,,,,,,,
,,,,,20210430,293,,,000,共通部門,201,買掛金,15,株式会社麦穂商事,1710087,00,,,,,,000,共通部門,10A100020-3,普通預金,20,ABC銀行 本店,1710087,00,,,,,,4月30日伝票No131株式会社麦穂商事,,,,,,,
,,,,,20210430,294,,,000,共通部門,201,買掛金,2,株式会社双葉物産,1829520,00,,,,,,000,共通部門,10A100020-3,普通預金,20,ABC銀行 本店,1829520,00,,,,,,4月30日伝票No279株式会社双葉物産,,,,,,,
,,,,,20210430,295,,,000,共通部門,201,買掛金,5,千草商事株式会社,5237507,00,,,,,,000,共通部門,10B100030,支払手形,,,5237507,00,,,,,,4月30日伝票No282千草商事株式会社,,,,,,,
,,,,,20210430,296,,,000,共通部門,201,買掛金,7,株式会社夕凪商会,5522383,00,,,,,,000,共通部門,10A100020-3,普通預金,20,ABC銀行 本店,5522383,00,,,,,,4月30日伝票No285株式会社夕凪商会,,,,,,,
,,,,,20210430,297,,,000,共通部門,201,買掛金,9,東原産業株式会社,2599235,00,,,,,,000,共通部門,10B100030,支払手形,,,2599235,00,,,,,,4月30日伝票No286東原産業株式会社,,,,,,,
,,,,,20210430,300,,,000,共通部門,10B100030,支払手形,,,4787688,00,,,,,,000,共通部門,10A100020-2,当座預金,1,ABC銀行,4787688,00,,,,,,手形期日落日 千草商事株式会社,,,,,,,
,,,,,20210430,300,,,000,共通部門,10B100030,支払手形,,,2317977,00,,,,,,000,共通部門,10A100020-2,当座預金,1,ABC銀行,2317977,00,,,,,,手形期日落日 東原産業株式会社,,,,,,,
,,,,,20210430,300,,,000,共通部門,10B100030,支払手形,,,3900829,00,,,,,,000,共通部門,10A100020-2,当座預金,1,ABC銀行,3900829,00,,,,,,手形期日落日 光野販売株式会社,,,,,,,
,,,,,20210430,303,,,000,共通部門,10A100020-2,当座預金,1,ABC銀行,7022119,00,,,,,,000,共通部門,130,受取手形,,,7022119,00,,,,,,手形満期 株式会社青葉百貨店 | 仮手形番号=U20210430-303-28;受取仕訳未特定,,,,,,,
,,,,,20210430,306,,,000,共通部門,204,未払金,,,7584692,00,,,,,,000,共通部門,10A100020-3,普通預金,20,ABC銀行 本店,7584692,00,,,,,,3月分支払,,,,,,,
,,,,,20210430,308,,,000,共通部門,10A100020-3,普通預金,20,ABC銀行 本店,40000,00,,,,,,000,共通部門,10A100610,短期貸付金,,,40000,00,,,,,,貸付金返済,,,,,,,
,,,,,20210430,313,,,000,共通部門,10A100020-4,定期積金,,,500000,00,,,,,,000,共通部門,10A100020-3,普通預金,20,ABC銀行 本店,500000,00,,,,,,定期積立金,,,,,,,
,,,,,20210430,313,,,000,共通部門,10A230570,保険積立金,,,125000,00,,,,,,000,共通部門,10A100020-3,普通預金,20,ABC銀行 本店,125000,00,,,,,,保険積立金,,,,,,,
,,,,,20210430,314,,,000,共通部門,202,借入金,,,653500,00,,,,,,000,共通部門,10A100020-2,当座預金,1,ABC銀行,653500,00,,,,,,借入金返済,,,,,,,
,,,,,20210430,314,,,020,東京支店,10E300020,支払利息,,,32675,30,,,,,,000,共通部門,10A100020-2,当座預金,1,ABC銀行,32675,00,,,,,,利息,,,,,,,
,,,,,20210430,990001,,,010,札幌営業所,10E200130,賞与,,,110000,00,,,,,,010,札幌営業所,10B100320,賞与引当金,,,110000,00,,,,,,サンプル定義：賞与半年均等引当 202104 部門010,,,,,,,
,,,,,20210430,990001,,,020,東京支店,10E200130,賞与,,,261667,00,,,,,,020,東京支店,10B100320,賞与引当金,,,261667,00,,,,,,サンプル定義：賞与半年均等引当 202104 部門020,,,,,,,
,,,,,20210430,990001,,,030,名古屋支店,10E200130,賞与,,,102667,00,,,,,,030,名古屋支店,10B100320,賞与引当金,,,102667,00,,,,,,サンプル定義：賞与半年均等引当 202104 部門030,,,,,,,
,,,,,20210430,990001,,,040,大阪支店,10E200130,賞与,,,120333,00,,,,,,040,大阪支店,10B100320,賞与引当金,,,120333,00,,,,,,サンプル定義：賞与半年均等引当 202104 部門040,,,,,,,
,,,,,20210430,990001,,,050,九州営業所,10E200130,賞与,,,79000,00,,,,,,050,九州営業所,10B100320,賞与引当金,,,79000,00,,,,,,サンプル定義：賞与半年均等引当 202104 部門050,,,,,,,
,,,,,20210501,18,,,010,札幌営業所,522,旅費・交通費,,,24800,31,,10,,,,000,共通部門,100,現金,,,24800,00,,,,,,旅費,,,,,,,
,,,,,20210501,148,,,010,札幌営業所,10E200140,福利厚生費,,,53500,31,,10,,,,000,共通部門,204,未払金,,,53500,00,,,,,,制服代,,,,,,,
,,,,,20210502,122,,,020,東京支店,523,通信費,,,1050,31,,10,,,,000,共通部門,100,現金,,,1050,00,,,,,,証明書発行手数料,,,,,,,
,,,,,20210502,124,,,010,札幌営業所,526,租税公課,,,6000,00,,,,,,000,共通部門,100,現金,,,6000,00,,,,,,収入印紙,,,,,,,
,,,,,20210502,149,,,030,名古屋支店,10E200140,福利厚生費,,,70325,31,,10,,,,000,共通部門,204,未払金,,,70325,00,,,,,,制服代,,,,,,,
,,,,,20210503,10,,,010,札幌営業所,10E201120,車両費,,,3642,31,,10,,,,000,共通部門,100,現金,,,3642,00,,,,,,ガソリン代,,,,,,,
,,,,,20210503,19,,,010,札幌営業所,522,旅費・交通費,,,15000,31,,10,,,,000,共通部門,100,現金,,,15000,00,,,,,,旅費,,,,,,,
,,,,,20210505,56,,,020,東京支店,522,旅費・交通費,,,41500,31,,10,,,,000,共通部門,100,現金,,,41500,00,,,,,,旅費,,,,,,,
,,,,,20210505,80,,,030,名古屋支店,522,旅費・交通費,,,9500,31,,10,,,,000,共通部門,100,現金,,,9500,00,,,,,,タクシー代,,,,,,,
,,,,,20210505,89,,,000,共通部門,10A100020-3,普通預金,50,MNO銀行 北九州,1040992,00,,,,,,000,共通部門,131,売掛金,22,株式会社豊原産業,1040992,00,,,,,,5月5日伝票No207株式会社豊原産業,,,,,,,
,,,,,20210505,89,,,050,九州営業所,512,支払手数料,,,472,31,,10,,,,000,共通部門,131,売掛金,22,株式会社豊原産業,472,00,,,,,,5月5日伝票No207株式会社豊原産業,,,,,,,
,,,,,20210505,90,,,000,共通部門,10A100020-3,普通預金,20,ABC銀行 本店,975874,00,,,,,,000,共通部門,131,売掛金,26,若松販売株式会社,975874,00,,,,,,5月5日伝票No208若松販売株式会社,,,,,,,
,,,,,20210505,90,,,020,東京支店,512,支払手数料,,,630,31,,10,,,,000,共通部門,131,売掛金,26,若松販売株式会社,630,00,,,,,,5月5日伝票No208若松販売株式会社,,,,,,,
,,,,,20210505,91,,,000,共通部門,10A100020-3,普通預金,30,GHI銀行 名古屋,883909,00,,,,,,000,共通部門,131,売掛金,27,晴海物産株式会社,883909,00,,,,,,5月5日伝票No209晴海物産株式会社,,,,,,,
,,,,,20210505,139,,,050,九州営業所,10E200140,福利厚生費,,,55630,31,,10,,,,000,共通部門,204,未払金,,,55630,00,,,,,,制服代,,,,,,,
,,,,,20210506,20,,,010,札幌営業所,522,旅費・交通費,,,41000,31,,10,,,,000,共通部門,100,現金,,,41000,00,,,,,,旅費,,,,,,,
,,,,,20210506,42,,,020,東京支店,521,接待交際費,,,16650,31,,10,,,,000,共通部門,100,現金,,,16650,00,,,,,,食事代 株式会社桜丘百貨店2名,,,,,,,
,,,,,20210506,106,,,040,大阪支店,521,接待交際費,,,14352,31,,10,,,,000,共通部門,100,現金,,,14352,00,,,,,,食事代,,,,,,,
,,,,,20210506,110,,,040,大阪支店,522,旅費・交通費,,,3290,31,,10,,,,000,共通部門,100,現金,,,3290,00,,,,,,タクシー代,,,,,,,
,,,,,20210506,133,,,020,東京支店,10E200600,支払報酬,,,139710,31,,10,,,,000,共通部門,10A100020-3,普通預金,20,ABC銀行 本店,139710,00,,,,,,税理士報酬,,,,,,,
,,,,,20210507,22,,,010,札幌営業所,522,旅費・交通費,,,50000,31,,10,,,,000,共通部門,100,現金,,,50000,00,,,,,,旅費,,,,,,,
,,,,,20210507,57,,,040,大阪支店,522,旅費・交通費,,,97800,31,,10,,,,000,共通部門,100,現金,,,97800,00,,,,,,架空鉄道会社A代,,,,,,,
,,,,,20210507,58,,,020,東京支店,522,旅費・交通費,,,70000,31,,10,,,,000,共通部門,100,現金,,,70000,00,,,,,,旅費,,,,,,,
,,,,,20210507,69,,,040,大阪支店,10E201270,雑費,,,2398,31,,10,,,,000,共通部門,100,現金,,,2398,00,,,,,,洗剤代他,,,,,,,
,,,,,20210507,81,,,030,名古屋支店,522,旅費・交通費,,,10000,31,,10,,,,000,共通部門,100,現金,,,10000,00,,,,,,旅費,,,,,,,
,,,,,20210507,102,,,040,大阪支店,521,接待交際費,,,1050,31,,10,,,,000,共通部門,100,現金,,,1050,00,,,,,,差し入れ,,,,,,,
,,,,,20210507,158,,,040,大阪支店,522,旅費・交通費,,,10300,31,,10,,,,000,共通部門,100,現金,,,10300,00,,,,,,出張旅費,,,,,,,
,,,,,20210508,17,,,010,札幌営業所,10E201120,車両費,,,7560,31,,10,,,,000,共通部門,100,現金,,,7560,00,,,,,,夏用ワイパー代,,,,,,,
,,,,,20210508,17,,,010,札幌営業所,10E201120,車両費,,,340,31,,10,,,,000,共通部門,100,現金,,,340,00,,,,,,ウォッシャー液,,,,,,,
,,,,,20210508,41,,,040,大阪支店,521,接待交際費,,,10000,31,,10,,,,000,共通部門,100,現金,,,10000,00,,,,,,出産祝い,,,,,,,
,,,,,20210508,43,,,020,東京支店,521,接待交際費,,,1200,31,,10,,,,000,共通部門,100,現金,,,1200,00,,,,,,コーヒー代2名,,,,,,,
,,,,,20210508,142,,,040,大阪支店,10E201120,車両費,,,762,31,,10,,,,000,共通部門,100,現金,,,762,00,,,,,,駐車代,,,,,,,
,,,,,20210508,142,,,040,大阪支店,10E201120,車両費,,,6810,31,,10,,,,000,共通部門,100,現金,,,6810,00,,,,,,ガソリン代,,,,,,,
,,,,,20210508,147,,,050,九州営業所,10E201120,車両費,,,6642,31,,10,,,,000,共通部門,204,未払金,,,6642,00,,,,,,ガソリン代,,,,,,,
,,,,,20210508,154,,,000,共通部門,100,現金,,,1000000,00,,,,,,000,共通部門,10A100020-3,普通預金,20,ABC銀行 本店,1000000,00,,,,,,引き出し,,,,,,,
,,,,,20210509,84,,,010,札幌営業所,523,通信費,,,47680,31,,10,,,,000,共通部門,100,現金,,,47680,00,,,,,,切手代,,,,,,,
,,,,,20210510,21,,,010,札幌営業所,522,旅費・交通費,,,82400,31,,10,,,,000,共通部門,100,現金,,,82400,00,,,,,,架空鉄道会社A代,,,,,,,
,,,,,20210510,46,,,020,東京支店,10E201120,車両費,,,2858,31,,10,,,,000,共通部門,100,現金,,,2858,00,,,,,,ガソリン代,,,,,,,
,,,,,20210510,46,,,020,東京支店,10E201120,車両費,,,1429,31,,10,,,,000,共通部門,100,現金,,,1429,00,,,,,,駐車代,,,,,,,
,,,,,20210510,46,,,020,東京支店,10E201120,車両費,,,6448,31,,10,,,,000,共通部門,100,現金,,,6448,00,,,,,,高速代,,,,,,,
,,,,,20210510,65,,,000,共通部門,208,預り金,3,源泉税,264713,00,,,,,,000,共通部門,10A100020-3,普通預金,20,ABC銀行 本店,264713,00,,,,,,源泉税支払,,,,,,,
,,,,,20210510,65,,,000,共通部門,208,預り金,2,住民税,475200,00,,,,,,000,共通部門,10A100020-3,普通預金,20,ABC銀行 本店,475200,00,,,,,,住民税支払,,,,,,,
,,,,,20210510,68,,,010,札幌営業所,10E201270,雑費,,,5000,31,,10,,,,000,共通部門,204,未払金,,,5000,00,,,,,,有線,,,,,,,
,,,,,20210510,68,,,010,札幌営業所,10E201270,雑費,,,34286,31,,10,,,,000,共通部門,204,未払金,,,34286,00,,,,,,警備料,,,,,,,
,,,,,20210510,69,,,010,札幌営業所,10E201270,雑費,,,976,31,,10,,,,000,共通部門,100,現金,,,976,00,,,,,,ティッシュ他,,,,,,,
,,,,,20210510,92,,,000,共通部門,10A100020-3,普通預金,30,GHI銀行 名古屋,818175,00,,,,,,000,共通部門,131,売掛金,19,株式会社南風商会,818175,00,,,,,,5月10日伝票No210株式会社南風商会,,,,,,,
,,,,,20210510,92,,,030,名古屋支店,512,支払手数料,,,735,31,,10,,,,000,共通部門,131,売掛金,19,株式会社南風商会,735,00,,,,,,5月10日伝票No210株式会社南風商会,,,,,,,
,,,,,20210510,93,,,000,共通部門,130,受取手形,,,4692307,00,,,,,,000,共通部門,131,売掛金,28,株式会社青葉百貨店,4692307,00,,,,,,5月10日伝票No211株式会社青葉百貨店 | 売上伝票=20210430-279;手形番号=R20210510-93-28,,,,,,,
,,,,,20210510,94,,,000,共通部門,201,買掛金,3,青凪商事株式会社,736072,00,,,,,,000,共通部門,131,売掛金,3,青凪商事株式会社,736072,00,,,,,,5月10日伝票No473青凪商事株式会社,,,,,,,
,,,,,20210510,95,,,000,共通部門,10A100020-3,普通預金,20,ABC銀行 本店,7350592,00,,,,,,000,共通部門,131,売掛金,14,株式会社花咲商事,7350592,00,,,,,,5月10日伝票No495株式会社花咲商事東京本社,,,,,,,
,,,,,20210510,95,,,020,東京支店,512,支払手数料,,,840,31,,10,,,,000,共通部門,131,売掛金,14,株式会社花咲商事,840,00,,,,,,5月10日伝票No495株式会社花咲商事東京本社,,,,,,,
,,,,,20210510,96,,,000,共通部門,201,買掛金,3,青凪商事株式会社,2157336,00,,,,,,000,共通部門,10B100030,支払手形,,,2157336,00,,,,,,5月10日伝票No137青凪商事株式会社,,,,,,,
,,,,,20210510,97,,,000,共通部門,201,買掛金,8,株式会社白樺商事,634838,00,,,,,,000,共通部門,10A100020-3,普通預金,20,ABC銀行 本店,634838,00,,,,,,5月10日伝票No139株式会社白樺商事,,,,,,,
,,,,,20210510,139,,,000,共通部門,10B100030,支払手形,,,5177928,00,,,,,,000,共通部門,10A100020-2,当座預金,1,ABC銀行,5177928,00,,,,,,青凪商事株式会社,,,,,,,
,,,,,20210510,141,,,040,大阪支店,522,旅費・交通費,,,45000,31,,10,,,,000,共通部門,100,現金,,,45000,00,,,,,,架空鉄道会社A代,,,,,,,
,,,,,20210510,150,,,050,九州営業所,521,接待交際費,,,24064,31,,10,,,,000,共通部門,100,現金,,,24064,00,,,,,,飲食代 架空店舗060 4名,,,,,,,
,,,,,20210510,150,,,050,九州営業所,526,租税公課,,,20000,00,,,,,,000,共通部門,100,現金,,,20000,00,,,,,,収入印紙,,,,,,,
,,,,,20210510,162,,,020,東京支店,10E201130,会議費,,,31520,31,,10,,,,000,共通部門,100,現金,,,31520,00,,,,,,会議　食事代,,,,,,,
,,,,,20210510,168,,,050,九州営業所,10E201270,雑費,,,6000,31,,10,,,,000,共通部門,204,未払金,,,6000,00,,,,,,有線,,,,,,,
,,,,,20210510,168,,,050,九州営業所,10E201270,雑費,,,42858,31,,10,,,,000,共通部門,204,未払金,,,42858,00,,,,,,警備料,,,,,,,
,,,,,20210511,33,,,010,札幌営業所,528,地代・家賃,,,320000,31,,10,,,,000,共通部門,10A100020-3,普通預金,10,DEF銀行 駅前,320000,00,,,,,,家賃支払い,,,,,,,
,,,,,20210511,33,,,010,札幌営業所,523,通信費,,,186152,31,,10,,,,000,共通部門,10A100020-3,普通預金,10,DEF銀行 駅前,186152,00,,,,,,電話代,,,,,,,
,,,,,20210511,61,,,020,東京支店,523,通信費,,,184264,31,,10,,,,000,共通部門,10A100020-3,普通預金,20,ABC銀行 本店,184264,00,,,,,,電話代,,,,,,,
,,,,,20210511,64,,,000,共通部門,100,現金,,,1000000,00,,,,,,000,共通部門,10A100020-3,普通預金,20,ABC銀行 本店,1000000,00,,,,,,引き出し,,,,,,,
,,,,,20210511,66,,,020,東京支店,528,地代・家賃,,,1260000,31,,10,,,,000,共通部門,10A100020-3,普通預金,20,ABC銀行 本店,1260000,00,,,,,,家賃支払,,,,,,,
,,,,,20210511,67,,,040,大阪支店,528,地代・家賃,,,840000,31,,10,,,,000,共通部門,10A100020-3,普通預金,40,JKL銀行 梅田,840000,00,,,,,,家賃支払,,,,,,,
,,,,,20210511,73,,,020,東京支店,521,接待交際費,,,26530,31,,10,,,,000,共通部門,100,現金,,,26530,00,,,,,,食事代,,,,,,,
,,,,,20210511,85,,,030,名古屋支店,523,通信費,,,95247,31,,10,,,,000,共通部門,10A100020-3,普通預金,30,GHI銀行 名古屋,95247,00,,,,,,電話代,,,,,,,
,,,,,20210511,112,,,040,大阪支店,523,通信費,,,196354,31,,10,,,,000,共通部門,10A100020-3,普通預金,40,JKL銀行 梅田,196354,00,,,,,,電話代,,,,,,,
,,,,,20210511,129,,,030,名古屋支店,528,地代・家賃,,,399000,31,,10,,,,000,共通部門,10A100020-3,普通預金,30,GHI銀行 名古屋,399000,00,,,,,,家賃支払い,,,,,,,
,,,,,20210511,149,,,030,名古屋支店,521,接待交際費,,,1260,31,,10,,,,000,共通部門,100,現金,,,1260,00,,,,,,コーヒー代2名,,,,,,,
,,,,,20210511,167,,,050,九州営業所,528,地代・家賃,,,630000,31,,10,,,,000,共通部門,10A100020-3,普通預金,50,MNO銀行 北九州,630000,00,,,,,,家賃支払い,,,,,,,
,,,,,20210511,167,,,050,九州営業所,523,通信費,,,153452,31,,10,,,,000,共通部門,10A100020-3,普通預金,50,MNO銀行 北九州,153452,00,,,,,,電話代,,,,,,,
,,,,,20210512,23,,,010,札幌営業所,522,旅費・交通費,,,15715,31,,10,,,,000,共通部門,100,現金,,,15715,00,,,,,,旅費,,,,,,,
,,,,,20210512,23,,,010,札幌営業所,522,旅費・交通費,,,67715,31,,10,,,,000,共通部門,100,現金,,,67715,00,,,,,,旅費,,,,,,,
,,,,,20210512,23,,,010,札幌営業所,522,旅費・交通費,,,37905,31,,10,,,,000,共通部門,100,現金,,,37905,00,,,,,,旅費,,,,,,,
,,,,,20210512,125,,,040,大阪支店,526,租税公課,,,40000,00,,,,,,000,共通部門,100,現金,,,40000,00,,,,,,収入印紙,,,,,,,
,,,,,20210512,143,,,040,大阪支店,10E201120,車両費,,,24420,31,,10,,,,000,共通部門,100,現金,,,24420,00,,,,,,点検作業料,,,,,,,
,,,,,20210512,151,,,040,大阪支店,521,接待交際費,,,8991,31,,10,,,,000,共通部門,100,現金,,,8991,00,,,,,,飲食代 架空店舗057 2名,,,,,,,
,,,,,20210512,151,,,040,大阪支店,521,接待交際費,,,21000,31,,10,,,,000,共通部門,100,現金,,,21000,00,,,,,,飲食代 架空店舗022,,,,,,,
,,,,,20210513,82,,,030,名古屋支店,522,旅費・交通費,,,8200,31,,10,,,,000,共通部門,100,現金,,,8200,00,,,,,,旅費,,,,,,,
,,,,,20210513,103,,,040,大阪支店,521,接待交際費,,,3150,31,,10,,,,000,共通部門,100,現金,,,3150,00,,,,,,コーヒー代他3名,,,,,,,
,,,,,20210513,144,,,040,大阪支店,10E201120,車両費,,,6720,31,,10,,,,000,共通部門,100,現金,,,6720,00,,,,,,ガソリン代,,,,,,,
,,,,,20210514,156,,,050,九州営業所,522,旅費・交通費,,,10000,31,,10,,,,000,共通部門,100,現金,,,10000,00,,,,,,出張旅費,,,,,,,
,,,,,20210515,9,,,010,札幌営業所,521,接待交際費,,,6000,31,,10,,,,000,共通部門,100,現金,,,6000,00,,,,,,手土産代 青凪商事株式会社,,,,,,,
,,,,,20210515,9,,,010,札幌営業所,521,接待交際費,,,28572,31,,10,,,,000,共通部門,100,現金,,,28572,00,,,,,,お米券 青凪商事株式会社,,,,,,,
,,,,,20210515,11,,,010,札幌営業所,10E201120,車両費,,,3210,31,,10,,,,000,共通部門,100,現金,,,3210,00,,,,,,ガソリン代,,,,,,,
,,,,,20210515,52,,,020,東京支店,10E201120,車両費,,,762,31,,10,,,,000,共通部門,100,現金,,,762,00,,,,,,駐車代,,,,,,,
,,,,,20210515,52,,,020,東京支店,10E201120,車両費,,,2191,31,,10,,,,000,共通部門,100,現金,,,2191,00,,,,,,高速代,,,,,,,
,,,,,20210515,52,,,020,東京支店,10E201120,車両費,,,6126,31,,10,,,,000,共通部門,100,現金,,,6126,00,,,,,,ガソリン代,,,,,,,
,,,,,20210515,61,,,010,札幌営業所,10E200050,広告宣伝費,,,31500,31,,10,,,,000,共通部門,204,未払金,,,31500,00,,,,,,広告費,,,,,,,
,,,,,20210515,72,,,020,東京支店,521,接待交際費,,,32400,31,,10,,,,000,共通部門,100,現金,,,32400,00,,,,,,ゴルフプレー代3名,,,,,,,
,,,,,20210515,79,,,020,東京支店,10E200140,福利厚生費,,,45477,31,,10,,,,000,共通部門,100,現金,,,45477,00,,,,,,景品代,,,,,,,
,,,,,20210515,85,,,020,東京支店,10E200520,雑給,,,224883,00,,,,,,000,共通部門,100,現金,,,224883,00,,,,,,5月給与その他 0060 パート･アルバイト,,,,,,,
,,,,,20210515,85,,,020,東京支店,10E200520,雑給,,,6789,00,,,,,,000,共通部門,208,預り金,9,その他,6789,00,,,,,,5月給与その他 0060 パート･アルバイト,,,,,,,
,,,,,20210515,88,,,000,共通部門,10A100020-3,普通預金,40,JKL銀行 梅田,1135771,00,,,,,,000,共通部門,131,売掛金,20,清和商事株式会社,1135771,00,,,,,,5月15日伝票No217清和商事株式会社,,,,,,,
,,,,,20210515,88,,,040,大阪支店,512,支払手数料,,,315,31,,10,,,,000,共通部門,131,売掛金,20,清和商事株式会社,315,00,,,,,,5月15日伝票No217清和商事株式会社,,,,,,,
,,,,,20210515,98,,,000,共通部門,10A100020-3,普通預金,50,MNO銀行 北九州,1475392,00,,,,,,000,共通部門,131,売掛金,1,株式会社若葉百貨店,1475392,00,,,,,,5月15日伝票No212株式会社若葉百貨店,,,,,,,
,,,,,20210515,98,,,050,九州営業所,512,支払手数料,,,840,31,,10,,,,000,共通部門,131,売掛金,1,株式会社若葉百貨店,840,00,,,,,,5月15日伝票No212株式会社若葉百貨店,,,,,,,
,,,,,20210515,99,,,000,共通部門,10A100020-3,普通預金,30,GHI銀行 名古屋,1019568,00,,,,,,000,共通部門,131,売掛金,6,株式会社瑞穂流通,1019568,00,,,,,,5月15日伝票No213株式会社瑞穂流通,,,,,,,
,,,,,20210515,99,,,030,名古屋支店,512,支払手数料,,,840,31,,10,,,,000,共通部門,131,売掛金,6,株式会社瑞穂流通,840,00,,,,,,5月15日伝票No213株式会社瑞穂流通,,,,,,,
,,,,,20210515,100,,,000,共通部門,10A100020-3,普通預金,40,JKL銀行 梅田,942072,00,,,,,,000,共通部門,131,売掛金,8,株式会社高原マーケット,942072,00,,,,,,5月15日伝票No214株式会社高原マーケット,,,,,,,
,,,,,20210515,100,,,040,大阪支店,512,支払手数料,,,840,31,,10,,,,000,共通部門,131,売掛金,8,株式会社高原マーケット,840,00,,,,,,5月15日伝票No214株式会社高原マーケット,,,,,,,
,,,,,20210515,101,,,000,共通部門,10A100020-3,普通預金,40,JKL銀行 梅田,1201688,00,,,,,,000,共通部門,131,売掛金,9,朝凪物産株式会社,1201688,00,,,,,,5月15日伝票No215朝凪物産株式会社,,,,,,,
,,,,,20210515,101,,,040,大阪支店,512,支払手数料,,,840,31,,10,,,,000,共通部門,131,売掛金,9,朝凪物産株式会社,840,00,,,,,,5月15日伝票No215朝凪物産株式会社,,,,,,,
,,,,,20210515,102,,,000,共通部門,10A100020-3,普通預金,20,ABC銀行 本店,1600892,00,,,,,,000,共通部門,131,売掛金,13,星川商事株式会社,1600892,00,,,,,,5月15日伝票No216星川商事株式会社,,,,,,,
,,,,,20210515,103,,,000,共通部門,201,買掛金,1,株式会社北辰商事,4297106,00,,,,,,000,共通部門,10A100020-3,普通預金,20,ABC銀行 本店,4297106,00,,,,,,5月15日伝票No140株式会社北辰商事,,,,,,,
,,,,,20210515,117,,,040,大阪支店,10E201140,諸会費,,,20000,00,,,,,,000,共通部門,100,現金,,,20000,00,,,,,,会費,,,,,,,
,,,,,20210515,130,,,040,大阪支店,10E201140,諸会費,,,24000,00,,,,,,000,共通部門,10A100020-3,普通預金,40,JKL銀行 梅田,24000,00,,,,,,会費,,,,,,,
,,,,,20210515,157,,,050,九州営業所,522,旅費・交通費,,,75905,31,,10,,,,000,共通部門,10A100020-3,普通預金,50,MNO銀行 北九州,75905,00,,,,,,航空券代,,,,,,,
,,,,,20210515,157,,,050,九州営業所,522,旅費・交通費,,,14200,31,,10,,,,000,共通部門,10A100020-3,普通預金,50,MNO銀行 北九州,14200,00,,,,,,宿泊代,,,,,,,
,,,,,20210516,44,,,020,東京支店,521,接待交際費,,,5890,31,,10,,,,000,共通部門,100,現金,,,5890,00,,,,,,食事代 架空店舗042,,,,,,,
,,,,,20210516,136,,,040,大阪支店,10E201270,雑費,,,16500,31,,10,,,,000,共通部門,100,現金,,,16500,00,,,,,,架空清掃会社A代,,,,,,,
,,,,,20210517,94,,,030,名古屋支店,10E201270,雑費,,,10500,31,,10,,,,000,共通部門,204,未払金,,,10500,00,,,,,,印刷代,,,,,,,
,,,,,20210518,47,,,020,東京支店,10E201120,車両費,,,2420,31,,10,,,,000,共通部門,100,現金,,,2420,00,,,,,,高速代,,,,,,,
,,,,,20210518,47,,,020,東京支店,10E201120,車両費,,,4762,31,,10,,,,000,共通部門,100,現金,,,4762,00,,,,,,ガソリン代,,,,,,,
,,,,,20210518,105,,,040,大阪支店,521,接待交際費,,,16510,31,,10,,,,000,共通部門,100,現金,,,16510,00,,,,,,飲食代 架空店舗074,,,,,,,
,,,,,20210518,109,,,040,大阪支店,10E201120,車両費,,,6570,31,,10,,,,000,共通部門,204,未払金,,,6570,00,,,,,,ガソリン代,,,,,,,
,,,,,20210518,153,,,030,名古屋支店,521,接待交際費,,,12650,31,,10,,,,000,共通部門,100,現金,,,12650,00,,,,,,飲食代 架空店舗073,,,,,,,
,,,,,20210519,6,,,010,札幌営業所,10E200050,広告宣伝費,,,43200,31,,10,,,,000,共通部門,100,現金,,,43200,00,,,,,,広告料,,,,,,,
,,,,,20210520,1,,,000,共通部門,10E200140,福利厚生費,,,21600,31,,K8.0,,,,000,共通部門,100,現金,,,21600,00,,,,,,残業夜食　軽減税率,,,,,,,
,,,,,20210520,13,,,010,札幌営業所,10E201120,車両費,,,8030,31,,10,,,,000,共通部門,100,現金,,,8030,00,,,,,,ガソリン代,,,,,,,
,,,,,20210520,24,,,010,札幌営業所,522,旅費・交通費,,,82620,31,,10,,,,000,共通部門,100,現金,,,82620,00,,,,,,架空鉄道会社A回数券,,,,,,,
,,,,,20210520,31,,,010,札幌営業所,10E201110,事務用消耗品費,,,3457,31,,10,,,,000,共通部門,204,未払金,,,3457,00,,,,,,コピー代,,,,,,,
,,,,,20210520,53,,,020,東京支店,10E201120,車両費,,,1350,31,,10,,,,000,共通部門,100,現金,,,1350,00,,,,,,高速代,,,,,,,
,,,,,20210520,70,,,030,名古屋支店,10E201270,雑費,,,5000,31,,10,,,,000,共通部門,204,未払金,,,5000,00,,,,,,有線,,,,,,,
,,,,,20210520,71,,,020,東京支店,10E201110,事務用消耗品費,,,5050,31,,10,,,,000,共通部門,204,未払金,,,5050,00,,,,,,事務用品,,,,,,,
,,,,,20210520,71,,,020,東京支店,10E201110,事務用消耗品費,,,34274,31,,10,,,,000,共通部門,204,未払金,,,34274,00,,,,,,カウンター料金,,,,,,,
,,,,,20210520,71,,,050,九州営業所,10E201110,事務用消耗品費,,,6300,31,,10,,,,000,共通部門,204,未払金,,,6300,00,,,,,,カウンター料金,,,,,,,
,,,,,20210520,76,,,000,共通部門,525,消耗品費,,,29762,31,,10,,,,000,共通部門,204,未払金,,,29762,00,,,,,,ファイル等,,,,,,,
,,,,,20210520,76,,,000,共通部門,525,消耗品費,,,190620,31,,10,,,,000,共通部門,204,未払金,,,190620,00,,,,,,飲料水,,,,,,,
,,,,,20210520,76,,,000,共通部門,525,消耗品費,,,49810,31,,10,,,,000,共通部門,204,未払金,,,49810,00,,,,,,名刺代,,,,,,,
,,,,,20210520,82,,,030,名古屋支店,10E201120,車両費,,,18861,31,,10,,,,000,共通部門,204,未払金,,,18861,00,,,,,,ガソリン代,,,,,,,
,,,,,20210520,82,,,030,名古屋支店,10E201120,車両費,,,369,31,,10,,,,000,共通部門,204,未払金,,,369,00,,,,,,ウォッシャー液,,,,,,,
,,,,,20210520,83,,,030,名古屋支店,522,旅費・交通費,,,6600,31,,10,,,,000,共通部門,100,現金,,,6600,00,,,,,,旅費,,,,,,,
,,,,,20210520,97,,,030,名古屋支店,10E201110,事務用消耗品費,,,40127,31,,10,,,,000,共通部門,204,未払金,,,40127,00,,,,,,コピー代,,,,,,,
,,,,,20210520,98,,,030,名古屋支店,10E201110,事務用消耗品費,,,38580,31,,10,,,,000,共通部門,204,未払金,,,38580,00,,,,,,事務用品,,,,,,,
,,,,,20210520,101,,,040,大阪支店,10E200050,広告宣伝費,,,52500,31,,10,,,,000,共通部門,204,未払金,,,52500,00,,,,,,広告料,,,,,,,
,,,,,20210520,104,,,000,共通部門,100,現金,,,620476,00,,,,,,000,共通部門,131,売掛金,11,株式会社楓屋,620476,00,,,,,,5月20日伝票No218株式会社楓屋,,,,,,,
,,,,,20210520,105,,,000,共通部門,10A100020-3,普通預金,30,GHI銀行 名古屋,845127,00,,,,,,000,共通部門,131,売掛金,21,合同会社つばさ商店,845127,00,,,,,,5月20日伝票No219合同会社つばさ商店,,,,,,,
,,,,,20210520,105,,,030,名古屋支店,512,支払手数料,,,630,31,,10,,,,000,共通部門,131,売掛金,21,合同会社つばさ商店,630,00,,,,,,5月20日伝票No219合同会社つばさ商店,,,,,,,
,,,,,20210520,106,,,000,共通部門,10A100020-3,普通預金,20,ABC銀行 本店,1104117,00,,,,,,000,共通部門,131,売掛金,30,株式会社彩雲トレーディング,1104117,00,,,,,,5月20日伝票No220株式会社彩雲トレーディング,,,,,,,
,,,,,20210520,106,,,020,東京支店,512,支払手数料,,,735,31,,10,,,,000,共通部門,131,売掛金,30,株式会社彩雲トレーディング,735,00,,,,,,5月20日伝票No220株式会社彩雲トレーディング,,,,,,,
,,,,,20210520,107,,,000,共通部門,201,買掛金,4,株式会社和泉流通,905555,00,,,,,,000,共通部門,10A100020-3,普通預金,20,ABC銀行 本店,905555,00,,,,,,5月20日伝票No141株式会社和泉流通,,,,,,,
,,,,,20210520,108,,,000,共通部門,201,買掛金,6,株式会社日向産業,5204428,00,,,,,,000,共通部門,10A100020-3,普通預金,20,ABC銀行 本店,5204428,00,,,,,,5月20日伝票No144株式会社日向産業,,,,,,,
,,,,,20210520,109,,,000,共通部門,201,買掛金,11,株式会社花園商会,4109548,00,,,,,,000,共通部門,10A100020-3,普通預金,20,ABC銀行 本店,4109548,00,,,,,,5月20日伝票No145株式会社花園商会,,,,,,,
,,,,,20210520,118,,,040,大阪支店,10E201110,事務用消耗品費,,,8065,31,,10,,,,000,共通部門,204,未払金,,,8065,00,,,,,,コピー代,,,,,,,
,,,,,20210520,119,,,040,大阪支店,10E201110,事務用消耗品費,,,4132,31,,10,,,,000,共通部門,204,未払金,,,4132,00,,,,,,事務用品,,,,,,,
,,,,,20210520,144,,,000,共通部門,10A100020-2,当座預金,1,ABC銀行,11349497,00,,,,,,000,共通部門,130,受取手形,,,11349497,00,,,,,,手形割引 株式会社緑野百貨店 | 手形番号=R20210430-283-12,,,,,,,
,,,,,20210520,144,,,020,東京支店,10E300020,支払利息,,,85669,30,,,,,,000,共通部門,130,受取手形,,,85669,00,,,,,,手形割引料 | 手形番号=R20210430-283-12,,,,,,,
,,,,,20210520,145,,,000,共通部門,10A100020-3,普通預金,20,ABC銀行 本店,15000000,00,,,,,,000,共通部門,10A100020-2,当座預金,1,ABC銀行,15000000,00,,,,,,資金移動,,,,,,,
,,,,,20210521,25,,,010,札幌営業所,522,旅費・交通費,,,56000,31,,10,,,,000,共通部門,100,現金,,,56000,00,,,,,,旅費,,,,,,,
,,,,,20210521,34,,,010,札幌営業所,10E201040,水道光熱費,,,92672,31,,10,,,,000,共通部門,10A100020-3,普通預金,10,DEF銀行 駅前,92672,00,,,,,,電気代,,,,,,,
,,,,,20210521,34,,,010,札幌営業所,10E201040,水道光熱費,,,5913,31,,10,,,,000,共通部門,10A100020-3,普通預金,10,DEF銀行 駅前,5913,00,,,,,,水道代,,,,,,,
,,,,,20210521,59,,,020,東京支店,522,旅費・交通費,,,40000,31,,10,,,,000,共通部門,100,現金,,,40000,00,,,,,,旅費,,,,,,,
,,,,,20210521,64,,,020,東京支店,10E201040,水道光熱費,,,163192,31,,10,,,,000,共通部門,10A100020-3,普通預金,20,ABC銀行 本店,163192,00,,,,,,電気料,,,,,,,
,,,,,20210521,64,,,020,東京支店,10E201040,水道光熱費,,,8149,31,,10,,,,000,共通部門,10A100020-3,普通預金,20,ABC銀行 本店,8149,00,,,,,,水道料,,,,,,,
,,,,,20210521,89,,,030,名古屋支店,10E201040,水道光熱費,,,84438,31,,10,,,,000,共通部門,10A100020-3,普通預金,30,GHI銀行 名古屋,84438,00,,,,,,電気料,,,,,,,
,,,,,20210521,89,,,030,名古屋支店,10E201040,水道光熱費,,,5680,31,,10,,,,000,共通部門,10A100020-3,普通預金,30,GHI銀行 名古屋,5680,00,,,,,,水道料,,,,,,,
,,,,,20210521,89,,,030,名古屋支店,10E201040,水道光熱費,,,5306,31,,10,,,,000,共通部門,10A100020-3,普通預金,30,GHI銀行 名古屋,5306,00,,,,,,ガス代,,,,,,,
,,,,,20210521,132,,,040,大阪支店,10E201040,水道光熱費,,,156512,31,,10,,,,000,共通部門,10A100020-3,普通預金,40,JKL銀行 梅田,156512,00,,,,,,電気代,,,,,,,
,,,,,20210521,132,,,040,大阪支店,10E201040,水道光熱費,,,7740,31,,10,,,,000,共通部門,10A100020-3,普通預金,40,JKL銀行 梅田,7740,00,,,,,,水道代,,,,,,,
,,,,,20210521,152,,,050,九州営業所,521,接待交際費,,,16800,31,,10,,,,000,共通部門,100,現金,,,16800,00,,,,,,食事代,,,,,,,
,,,,,20210521,160,,,020,東京支店,522,旅費・交通費,,,70000,31,,10,,,,000,共通部門,100,現金,,,70000,00,,,,,,出張旅費,,,,,,,
,,,,,20210521,163,,,050,九州営業所,10E201140,諸会費,,,18000,00,,,,,,000,共通部門,100,現金,,,18000,00,,,,,,会費,,,,,,,
,,,,,20210521,169,,,050,九州営業所,10E201040,水道光熱費,,,109906,31,,10,,,,000,共通部門,10A100020-3,普通預金,50,MNO銀行 北九州,109906,00,,,,,,電気料,,,,,,,
,,,,,20210521,169,,,050,九州営業所,10E201040,水道光熱費,,,6266,31,,10,,,,000,共通部門,10A100020-3,普通預金,50,MNO銀行 北九州,6266,00,,,,,,水道料,,,,,,,
,,,,,20210522,7,,,010,札幌営業所,521,接待交際費,,,5239,31,,10,,,,000,共通部門,100,現金,,,5239,00,,,,,,食事代　打合せ昼食　2名,,,,,,,
,,,,,20210522,7,,,010,札幌営業所,521,接待交際費,,,2096,31,,10,,,,000,共通部門,100,現金,,,2096,00,,,,,,食事代　喫茶コーヒー代　4名,,,,,,,
,,,,,20210522,38,,,020,東京支店,10E200140,福利厚生費,,,53000,31,,10,,,,000,共通部門,204,未払金,,,53000,00,,,,,,宿泊費,,,,,,,
,,,,,20210522,73,,,020,東京支店,521,接待交際費,,,9600,31,,10,,,,000,共通部門,100,現金,,,9600,00,,,,,,ゴルフプレー代,,,,,,,
,,,,,20210522,74,,,030,名古屋支店,521,接待交際費,,,5820,31,,10,,,,000,共通部門,100,現金,,,5820,00,,,,,,食事代 架空店舗008 2名,,,,,,,
,,,,,20210522,90,,,030,名古屋支店,10E201270,雑費,,,10500,31,,10,,,,000,共通部門,100,現金,,,10500,00,,,,,,架空清掃会社A代,,,,,,,
,,,,,20210522,95,,,030,名古屋支店,10E201270,雑費,,,71675,31,,10,,,,000,共通部門,204,未払金,,,71675,00,,,,,,清掃料,,,,,,,
,,,,,20210522,104,,,040,大阪支店,521,接待交際費,,,2650,31,,10,,,,000,共通部門,100,現金,,,2650,00,,,,,,手土産代 架空店舗058,,,,,,,
,,,,,20210522,138,,,040,大阪支店,10E201120,車両費,,,5650,31,,10,,,,000,共通部門,100,現金,,,5650,00,,,,,,ガソリン代,,,,,,,
,,,,,20210522,138,,,040,大阪支店,10E201120,車両費,,,4896,31,,10,,,,000,共通部門,100,現金,,,4896,00,,,,,,高速代,,,,,,,
,,,,,20210522,165,,,050,九州営業所,10E201270,雑費,,,2100,31,,10,,,,000,共通部門,100,現金,,,2100,00,,,,,,トイレットペーパー代,,,,,,,
,,,,,20210522,166,,,050,九州営業所,10E201270,雑費,,,1890,31,,10,,,,000,共通部門,100,現金,,,1890,00,,,,,,架空清掃会社A代,,,,,,,
,,,,,20210523,26,,,010,札幌営業所,522,旅費・交通費,,,11000,31,,10,,,,000,共通部門,100,現金,,,11000,00,,,,,,旅費,,,,,,,
,,,,,20210523,28,,,010,札幌営業所,522,旅費・交通費,,,2420,31,,10,,,,000,共通部門,204,未払金,,,2420,00,,,,,,タクシー代,,,,,,,
,,,,,20210523,75,,,020,東京支店,521,接待交際費,,,20515,31,,10,,,,000,共通部門,100,現金,,,20515,00,,,,,,飲食代 架空店舗028 6名,,,,,,,
,,,,,20210523,75,,,020,東京支店,521,接待交際費,,,44581,31,,10,,,,000,共通部門,100,現金,,,44581,00,,,,,,架空飲食店A6名,,,,,,,
,,,,,20210523,78,,,040,大阪支店,10E201120,車両費,,,6420,31,,10,,,,000,共通部門,100,現金,,,6420,00,,,,,,ガソリン代,,,,,,,
,,,,,20210523,121,,,040,大阪支店,10E200140,福利厚生費,,,12000,31,,10,,,,000,共通部門,100,現金,,,12000,00,,,,,,お茶代,,,,,,,
,,,,,20210523,140,,,040,大阪支店,522,旅費・交通費,,,3290,31,,10,,,,000,共通部門,100,現金,,,3290,00,,,,,,旅費,,,,,,,
,,,,,20210523,161,,,050,九州営業所,522,旅費・交通費,,,18050,31,,10,,,,000,共通部門,100,現金,,,18050,00,,,,,,旅費,,,,,,,
,,,,,20210524,37,,,020,東京支店,10E200020,販売手数料,,,1192500,31,,10,,,,000,共通部門,204,未払金,,,1192500,00,,,,,,業務委託費,,,,,,,
,,,,,20210524,108,,,040,大阪支店,521,接待交際費,,,23540,31,,10,,,,000,共通部門,100,現金,,,23540,00,,,,,,ゴルフプレー代2名,,,,,,,
,,,,,20210524,120,,,040,大阪支店,10E200020,販売手数料,,,420000,31,,10,,,,000,共通部門,204,未払金,,,420000,00,,,,,,業務委託費,,,,,,,
,,,,,20210525,3,,,010,札幌営業所,10E200140,福利厚生費,,,38000,31,,10,,,,000,共通部門,204,未払金,,,38000,00,,,,,,宿泊代,,,,,,,
,,,,,20210525,8,,,010,札幌営業所,521,接待交際費,,,4250,31,,10,,,,000,共通部門,100,現金,,,4250,00,,,,,,飲食代,,,,,,,
,,,,,20210525,29,,,010,札幌営業所,523,通信費,,,64842,31,,10,,,,000,共通部門,10A100020-3,普通預金,10,DEF銀行 駅前,64842,00,,,,,,携帯電話代,,,,,,,
,,,,,20210525,84,,,030,名古屋支店,522,旅費・交通費,,,10800,31,,10,,,,000,共通部門,100,現金,,,10800,00,,,,,,旅費,,,,,,,
,,,,,20210525,86,,,020,東京支店,523,通信費,,,8000,31,,10,,,,000,共通部門,100,現金,,,8000,00,,,,,,切手代,,,,,,,
,,,,,20210525,86,,,020,東京支店,10E200090,役員報酬,,,1131093,00,,,,,,000,共通部門,10A100020-3,普通預金,20,ABC銀行 本店,1131093,00,,,,,,5月給与その他 0001 役員,,,,,,,
,,,,,20210525,86,,,020,東京支店,10E200090,役員報酬,,,111192,00,,,,,,000,共通部門,208,預り金,1,保険料,111192,00,,,,,,5月給与その他 0001 役員,,,,,,,
,,,,,20210525,86,,,020,東京支店,10E200090,役員報酬,,,171200,00,,,,,,000,共通部門,208,預り金,2,住民税,171200,00,,,,,,5月給与その他 0001 役員,,,,,,,
,,,,,20210525,86,,,020,東京支店,10E200090,役員報酬,,,166823,00,,,,,,000,共通部門,208,預り金,3,源泉税,166823,00,,,,,,5月給与その他 0001 役員,,,,,,,
,,,,,20210525,86,,,020,東京支店,10E200090,役員報酬,,,133972,00,,,,,,000,共通部門,208,預り金,4,貯蓄・保険,133972,00,,,,,,5月給与その他 0001 役員,,,,,,,
,,,,,20210525,86,,,020,東京支店,10E200090,役員報酬,,,5720,00,,,,,,000,共通部門,208,預り金,9,その他,5720,00,,,,,,5月給与その他 0001 役員,,,,,,,
,,,,,20210525,86,,,020,東京支店,10E200370,給与手当,,,1530273,00,,,,,,000,共通部門,10A100020-3,普通預金,20,ABC銀行 本店,1530273,00,,,,,,5月給与その他 0020 営業部,,,,,,,
,,,,,20210525,86,,,020,東京支店,10E200370,給与手当,,,216077,00,,,,,,000,共通部門,208,預り金,1,保険料,216077,00,,,,,,5月給与その他 0020 営業部,,,,,,,
,,,,,20210525,86,,,020,東京支店,10E200370,給与手当,,,104300,00,,,,,,000,共通部門,208,預り金,2,住民税,104300,00,,,,,,5月給与その他 0020 営業部,,,,,,,
,,,,,20210525,86,,,020,東京支店,10E200370,給与手当,,,37790,00,,,,,,000,共通部門,208,預り金,3,源泉税,37790,00,,,,,,5月給与その他 0020 営業部,,,,,,,
,,,,,20210525,86,,,020,東京支店,10E200370,給与手当,,,43305,00,,,,,,000,共通部門,208,預り金,4,貯蓄・保険,43305,00,,,,,,5月給与その他 0020 営業部,,,,,,,
,,,,,20210525,86,,,020,東京支店,10E200370,給与手当,,,61960,00,,,,,,000,共通部門,208,預り金,9,その他,61960,00,,,,,,5月給与その他 0020 営業部,,,,,,,
,,,,,20210525,86,,,010,札幌営業所,10E200370,給与手当,,,609096,00,,,,,,000,共通部門,10A100020-3,普通預金,20,ABC銀行 本店,609096,00,,,,,,5月給与その他 1000 札幌営業所,,,,,,,
,,,,,20210525,86,,,010,札幌営業所,10E200370,給与手当,,,100704,00,,,,,,000,共通部門,208,預り金,1,保険料,100704,00,,,,,,5月給与その他 1000 札幌営業所,,,,,,,
,,,,,20210525,86,,,010,札幌営業所,10E200370,給与手当,,,46300,00,,,,,,000,共通部門,208,預り金,2,住民税,46300,00,,,,,,5月給与その他 1000 札幌営業所,,,,,,,
,,,,,20210525,86,,,010,札幌営業所,10E200370,給与手当,,,13710,00,,,,,,000,共通部門,208,預り金,3,源泉税,13710,00,,,,,,5月給与その他 1000 札幌営業所,,,,,,,
,,,,,20210525,86,,,010,札幌営業所,10E200370,給与手当,,,50648,00,,,,,,000,共通部門,208,預り金,4,貯蓄・保険,50648,00,,,,,,5月給与その他 1000 札幌営業所,,,,,,,
,,,,,20210525,86,,,010,札幌営業所,10E200370,給与手当,,,36542,00,,,,,,000,共通部門,208,預り金,9,その他,36542,00,,,,,,5月給与その他 1000 札幌営業所,,,,,,,
,,,,,20210525,86,,,030,名古屋支店,10E200370,給与手当,,,546572,00,,,,,,000,共通部門,10A100020-3,普通預金,20,ABC銀行 本店,546572,00,,,,,,5月給与その他 3000 名古屋営業所,,,,,,,
,,,,,20210525,86,,,030,名古屋支店,10E200370,給与手当,,,92651,00,,,,,,000,共通部門,208,預り金,1,保険料,92651,00,,,,,,5月給与その他 3000 名古屋営業所,,,,,,,
,,,,,20210525,86,,,030,名古屋支店,10E200370,給与手当,,,42600,00,,,,,,000,共通部門,208,預り金,2,住民税,42600,00,,,,,,5月給与その他 3000 名古屋営業所,,,,,,,
,,,,,20210525,86,,,030,名古屋支店,10E200370,給与手当,,,7540,00,,,,,,000,共通部門,208,預り金,3,源泉税,7540,00,,,,,,5月給与その他 3000 名古屋営業所,,,,,,,
,,,,,20210525,86,,,030,名古屋支店,10E200370,給与手当,,,40759,00,,,,,,000,共通部門,208,預り金,4,貯蓄・保険,40759,00,,,,,,5月給与その他 3000 名古屋営業所,,,,,,,
,,,,,20210525,86,,,030,名古屋支店,10E200370,給与手当,,,33078,00,,,,,,000,共通部門,208,預り金,9,その他,33078,00,,,,,,5月給与その他 3000 名古屋営業所,,,,,,,
,,,,,20210525,86,,,040,大阪支店,10E200370,給与手当,,,1023560,00,,,,,,000,共通部門,10A100020-3,普通預金,20,ABC銀行 本店,1023560,00,,,,,,5月給与その他 4000 大阪支店,,,,,,,
,,,,,20210525,86,,,040,大阪支店,10E200370,給与手当,,,147384,00,,,,,,000,共通部門,208,預り金,1,保険料,147384,00,,,,,,5月給与その他 4000 大阪支店,,,,,,,
,,,,,20210525,86,,,040,大阪支店,10E200370,給与手当,,,66200,00,,,,,,000,共通部門,208,預り金,2,住民税,66200,00,,,,,,5月給与その他 4000 大阪支店,,,,,,,
,,,,,20210525,86,,,040,大阪支店,10E200370,給与手当,,,24660,00,,,,,,000,共通部門,208,預り金,3,源泉税,24660,00,,,,,,5月給与その他 4000 大阪支店,,,,,,,
,,,,,20210525,86,,,040,大阪支店,10E200370,給与手当,,,27117,00,,,,,,000,共通部門,208,預り金,4,貯蓄・保険,27117,00,,,,,,5月給与その他 4000 大阪支店,,,,,,,
,,,,,20210525,86,,,040,大阪支店,10E200370,給与手当,,,24278,00,,,,,,000,共通部門,208,預り金,9,その他,24278,00,,,,,,5月給与その他 4000 大阪支店,,,,,,,
,,,,,20210525,86,,,050,九州営業所,10E200370,給与手当,,,444044,00,,,,,,000,共通部門,10A100020-3,普通預金,20,ABC銀行 本店,444044,00,,,,,,5月給与その他 5000 九州営業所,,,,,,,
,,,,,20210525,86,,,050,九州営業所,10E200370,給与手当,,,66241,00,,,,,,000,共通部門,208,預り金,1,保険料,66241,00,,,,,,5月給与その他 5000 九州営業所,,,,,,,
,,,,,20210525,86,,,050,九州営業所,10E200370,給与手当,,,31700,00,,,,,,000,共通部門,208,預り金,2,住民税,31700,00,,,,,,5月給与その他 5000 九州営業所,,,,,,,
,,,,,20210525,86,,,050,九州営業所,10E200370,給与手当,,,8070,00,,,,,,000,共通部門,208,預り金,3,源泉税,8070,00,,,,,,5月給与その他 5000 九州営業所,,,,,,,
,,,,,20210525,86,,,050,九州営業所,10E200370,給与手当,,,18540,00,,,,,,000,共通部門,208,預り金,4,貯蓄・保険,18540,00,,,,,,5月給与その他 5000 九州営業所,,,,,,,
,,,,,20210525,86,,,050,九州営業所,10E200370,給与手当,,,19931,00,,,,,,000,共通部門,208,預り金,9,その他,19931,00,,,,,,5月給与その他 5000 九州営業所,,,,,,,
,,,,,20210525,92,,,040,大阪支店,10E201000,修繕維持費,,,105000,31,,10,,,,000,共通部門,204,未払金,,,105000,00,,,,,,コピー機修繕,,,,,,,
,,,,,20210525,107,,,040,大阪支店,521,接待交際費,,,10000,31,,10,,,,000,共通部門,100,現金,,,10000,00,,,,,,結婚祝い金,,,,,,,
,,,,,20210525,110,,,000,共通部門,130,受取手形,,,13321782,00,,,,,,000,共通部門,131,売掛金,2,株式会社桜丘百貨店,13321782,00,,,,,,5月25日伝票No221株式会社桜丘百貨店 | 売上伝票=20210430-277;手形番号=R20210525-110-2,,,,,,,
,,,,,20210525,111,,,040,大阪支店,522,旅費・交通費,,,14260,31,,10,,,,000,共通部門,204,未払金,,,14260,00,,,,,,タクシー代,,,,,,,
,,,,,20210525,111,,,000,共通部門,10A100020-3,普通預金,30,GHI銀行 名古屋,1245825,00,,,,,,000,共通部門,131,売掛金,7,株式会社光彩堂商事,1245825,00,,,,,,5月25日伝票No222株式会社光彩堂商事,,,,,,,
,,,,,20210525,111,,,030,名古屋支店,512,支払手数料,,,735,31,,10,,,,000,共通部門,131,売掛金,7,株式会社光彩堂商事,735,00,,,,,,5月25日伝票No222株式会社光彩堂商事,,,,,,,
,,,,,20210525,112,,,000,共通部門,10A100020-3,普通預金,40,JKL銀行 梅田,694191,00,,,,,,000,共通部門,131,売掛金,23,株式会社杉の木商店,694191,00,,,,,,5月25日伝票No223株式会社杉の木商店,,,,,,,
,,,,,20210525,112,,,040,大阪支店,512,支払手数料,,,630,31,,10,,,,000,共通部門,131,売掛金,23,株式会社杉の木商店,630,00,,,,,,5月25日伝票No223株式会社杉の木商店,,,,,,,
,,,,,20210525,113,,,000,共通部門,10A100020-3,普通預金,10,DEF銀行 駅前,3663570,00,,,,,,000,共通部門,131,売掛金,25,株式会社ほのかマート,3663570,00,,,,,,5月25日伝票No224株式会社ほのかマート,,,,,,,
,,,,,20210525,113,,,010,札幌営業所,512,支払手数料,,,840,31,,10,,,,000,共通部門,131,売掛金,25,株式会社ほのかマート,840,00,,,,,,5月25日伝票No224株式会社ほのかマート,,,,,,,
,,,,,20210525,131,,,040,大阪支店,10E201140,諸会費,,,24000,00,,,,,,000,共通部門,10A100020-3,普通預金,40,JKL銀行 梅田,24000,00,,,,,,会費,,,,,,,
,,,,,20210525,172,,,010,札幌営業所,10E200020,販売手数料,,,94000,31,,10,,,,000,共通部門,204,未払金,,,94000,00,,,,,,業務委託費支払い,,,,,,,
,,,,,20210526,14,,,010,札幌営業所,10E201120,車両費,,,4200,31,,10,,,,000,共通部門,100,現金,,,4200,00,,,,,,ガソリン代,,,,,,,
,,,,,20210526,27,,,010,札幌営業所,522,旅費・交通費,,,27239,31,,10,,,,000,共通部門,100,現金,,,27239,00,,,,,,旅費,,,,,,,
,,,,,20210526,27,,,010,札幌営業所,522,旅費・交通費,,,31429,31,,10,,,,000,共通部門,100,現金,,,31429,00,,,,,,旅費,,,,,,,
,,,,,20210526,27,,,010,札幌営業所,522,旅費・交通費,,,21429,31,,10,,,,000,共通部門,100,現金,,,21429,00,,,,,,旅費,,,,,,,
,,,,,20210526,35,,,010,札幌営業所,10E201160,新聞図書費,,,3925,31,,10,,,,000,共通部門,100,現金,,,3925,00,,,,,,新聞代,,,,,,,
,,,,,20210526,72,,,020,東京支店,10E201160,新聞図書費,,,2864,31,,10,,,,000,共通部門,100,現金,,,2864,00,,,,,,新聞代,,,,,,,
,,,,,20210526,72,,,020,東京支店,10E201160,新聞図書費,,,2815,31,,10,,,,000,共通部門,100,現金,,,2815,00,,,,,,新聞代,,,,,,,
,,,,,20210526,72,,,020,東京支店,10E201160,新聞図書費,,,3399,31,,10,,,,000,共通部門,100,現金,,,3399,00,,,,,,新聞代,,,,,,,
,,,,,20210526,78,,,030,名古屋支店,10E200020,販売手数料,,,189000,31,,10,,,,000,共通部門,204,未払金,,,189000,00,,,,,,業務委託費支払い,,,,,,,
,,,,,20210526,83,,,030,名古屋支店,10E201120,車両費,,,45000,31,,10,,,,000,共通部門,100,現金,,,45000,00,,,,,,車両管理費,,,,,,,
,,,,,20210526,87,,,030,名古屋支店,523,通信費,,,42657,31,,10,,,,000,共通部門,10A100020-3,普通預金,30,GHI銀行 名古屋,42657,00,,,,,,携帯代,,,,,,,
,,,,,20210526,113,,,040,大阪支店,523,通信費,,,39254,31,,10,,,,000,共通部門,10A100020-3,普通預金,40,JKL銀行 梅田,39254,00,,,,,,携帯代,,,,,,,
,,,,,20210526,146,,,050,九州営業所,10E200020,販売手数料,,,147000,31,,10,,,,000,共通部門,204,未払金,,,147000,00,,,,,,業務委託費,,,,,,,
,,,,,20210526,170,,,050,九州営業所,10E201160,新聞図書費,,,3007,31,,10,,,,000,共通部門,100,現金,,,3007,00,,,,,,新聞代,,,,,,,
,,,,,20210526,171,,,050,九州営業所,523,通信費,,,86498,31,,10,,,,000,共通部門,10A100020-3,普通預金,50,MNO銀行 北九州,86498,00,,,,,,携帯代,,,,,,,
,,,,,20210527,15,,,010,札幌営業所,10E201120,車両費,,,75000,31,,10,,,,000,共通部門,100,現金,,,75000,00,,,,,,タイヤ交換,,,,,,,
,,,,,20210527,30,,,010,札幌営業所,531,保険料,,,54320,30,,,,,,000,共通部門,10A100020-3,普通預金,10,DEF銀行 駅前,54320,00,,,,,,保険料支払,,,,,,,
,,,,,20210527,39,,,020,東京支店,10E200140,福利厚生費,,,13000,31,,10,,,,000,共通部門,100,現金,,,13000,00,,,,,,会費,,,,,,,
,,,,,20210527,49,,,020,東京支店,10E201120,車両費,,,150000,31,,10,,,,000,共通部門,100,現金,,,150000,00,,,,,,ガソリン代,,,,,,,
,,,,,20210527,49,,,020,東京支店,10E201120,車両費,,,34200,31,,10,,,,000,共通部門,10A100020-3,普通預金,20,ABC銀行 本店,34200,00,,,,,,車両管理費,,,,,,,
,,,,,20210527,62,,,020,東京支店,523,通信費,,,65404,31,,10,,,,000,共通部門,10A100020-3,普通預金,20,ABC銀行 本店,65404,00,,,,,,携帯代,,,,,,,
,,,,,20210527,79,,,040,大阪支店,10E201120,車両費,,,3714,31,,10,,,,000,共通部門,100,現金,,,3714,00,,,,,,ガソリン代,,,,,,,
,,,,,20210527,88,,,030,名古屋支店,10E201160,新聞図書費,,,3568,31,,10,,,,000,共通部門,100,現金,,,3568,00,,,,,,新聞代,,,,,,,
,,,,,20210527,114,,,040,大阪支店,10E201160,新聞図書費,,,2540,31,,10,,,,000,共通部門,100,現金,,,2540,00,,,,,,新聞代,,,,,,,
,,,,,20210527,114,,,040,大阪支店,10E201160,新聞図書費,,,2864,31,,10,,,,000,共通部門,100,現金,,,2864,00,,,,,,新聞代,,,,,,,
,,,,,20210528,32,,,010,札幌営業所,10E201110,事務用消耗品費,,,3450,31,,10,,,,000,共通部門,204,未払金,,,3450,00,,,,,,事務用品費,,,,,,,
,,,,,20210528,93,,,020,東京支店,10E201000,修繕維持費,,,17700,31,,10,,,,000,共通部門,204,未払金,,,17700,00,,,,,,修繕費,,,,,,,
,,,,,20210528,159,,,050,九州営業所,522,旅費・交通費,,,16420,31,,10,,,,000,共通部門,100,現金,,,16420,00,,,,,,架空鉄道会社A代,,,,,,,
,,,,,20210529,62,,,050,九州営業所,521,接待交際費,,,36054,31,,10,,,,000,共通部門,204,未払金,,,36054,00,,,,,,飲食代,,,,,,,
,,,,,20210529,63,,,020,東京支店,10E201130,会議費,,,23954,31,,10,,,,000,共通部門,100,現金,,,23954,00,,,,,,会議　飲食代,,,,,,,
,,,,,20210529,146,,,000,共通部門,10A100020-3,普通預金,20,ABC銀行 本店,7000000,00,,,,,,000,共通部門,10A100020-3,普通預金,10,DEF銀行 駅前,7000000,00,,,,,,資金移動,,,,,,,
,,,,,20210529,146,,,000,共通部門,10A100020-3,普通預金,20,ABC銀行 本店,6500000,00,,,,,,000,共通部門,10A100020-3,普通預金,30,GHI銀行 名古屋,6500000,00,,,,,,資金移動,,,,,,,
,,,,,20210529,146,,,000,共通部門,10A100020-3,普通預金,20,ABC銀行 本店,5500000,00,,,,,,000,共通部門,10A100020-3,普通預金,40,JKL銀行 梅田,5500000,00,,,,,,資金移動,,,,,,,
,,,,,20210529,146,,,000,共通部門,10A100020-3,普通預金,20,ABC銀行 本店,2000000,00,,,,,,000,共通部門,10A100020-3,普通預金,50,MNO銀行 北九州,2000000,00,,,,,,資金移動,,,,,,,
,,,,,20210529,155,,,050,九州営業所,10E201120,車両費,,,6486,31,,10,,,,000,共通部門,100,現金,,,6486,00,,,,,,車両管理費,,,,,,,
,,,,,20210529,155,,,050,九州営業所,10E201120,車両費,,,9715,31,,10,,,,000,共通部門,100,現金,,,9715,00,,,,,,高速代,,,,,,,
,,,,,20210529,155,,,050,九州営業所,10E201120,車両費,,,1200,31,,10,,,,000,共通部門,100,現金,,,1200,00,,,,,,駐車代,,,,,,,
,,,,,20210530,70,,,020,東京支店,10E201270,雑費,,,6000,31,,10,,,,000,共通部門,204,未払金,,,6000,00,,,,,,有線,,,,,,,
,,,,,20210530,70,,,020,東京支店,10E201270,雑費,,,52381,31,,10,,,,000,共通部門,204,未払金,,,52381,00,,,,,,警備料,,,,,,,
,,,,,20210530,70,,,020,東京支店,10E201120,車両費,,,73315,31,,10,,,,000,共通部門,100,現金,,,73315,00,,,,,,高速料,,,,,,,
,,,,,20210530,70,,,020,東京支店,10E201270,雑費,,,73500,31,,10,,,,000,共通部門,204,未払金,,,73500,00,,,,,,清掃料,,,,,,,
,,,,,20210530,96,,,030,名古屋支店,10E201270,雑費,,,22470,31,,10,,,,000,共通部門,10A100020-3,普通預金,30,GHI銀行 名古屋,22470,00,,,,,,警備料,,,,,,,
,,,,,20210530,100,,,040,大阪支店,10E200140,福利厚生費,,,14000,31,,10,,,,000,共通部門,100,現金,,,14000,00,,,,,,会費,,,,,,,
,,,,,20210530,115,,,040,大阪支店,531,保険料,,,64500,30,,,,,,000,共通部門,10A100020-3,普通預金,40,JKL銀行 梅田,64500,00,,,,,,保険料,,,,,,,
,,,,,20210530,137,,,040,大阪支店,10E201270,雑費,,,6000,31,,10,,,,000,共通部門,204,未払金,,,6000,00,,,,,,有線,,,,,,,
,,,,,20210530,137,,,040,大阪支店,10E201270,雑費,,,42858,31,,10,,,,000,共通部門,204,未払金,,,42858,00,,,,,,警備料,,,,,,,
,,,,,20210530,137,,,040,大阪支店,10E201120,車両費,,,53315,31,,10,,,,000,共通部門,10A100020-3,普通預金,40,JKL銀行 梅田,53315,00,,,,,,高速料,,,,,,,
,,,,,20210530,137,,,040,大阪支店,10E201270,雑費,,,73500,31,,10,,,,000,共通部門,204,未払金,,,73500,00,,,,,,清掃料,,,,,,,
,,,,,20210530,148,,,040,大阪支店,10E201120,車両費,,,630,31,,10,,,,000,共通部門,100,現金,,,630,00,,,,,,ウォッシャー液他,,,,,,,
,,,,,20210530,164,,,050,九州営業所,10E201110,事務用消耗品費,,,5320,31,,10,,,,000,共通部門,100,現金,,,5320,00,,,,,,事務用品,,,,,,,
,,,,,20210531,1,,,010,札幌営業所,10E200870,運賃,,,89140,31,,10,,,,000,共通部門,204,未払金,,,89140,00,,,,,,運賃 架空運送会社B,,,,,,,
,,,,,20210531,36,,,020,東京支店,10E200870,運賃,,,1456324,31,,10,,,,000,共通部門,204,未払金,,,1456324,00,,,,,,運賃 架空運送会社A,,,,,,,
,,,,,20210531,36,,,020,東京支店,10E200870,運賃,,,952915,31,,10,,,,000,共通部門,204,未払金,,,952915,00,,,,,,運賃 架空運送会社B,,,,,,,
,,,,,20210531,40,,,020,東京支店,10E200050,広告宣伝費,,,50000,31,,10,,,,000,共通部門,204,未払金,,,50000,00,,,,,,広告掲載,,,,,,,
,,,,,20210531,55,,,020,東京支店,10E201120,車両費,,,9700,31,,10,,,,000,共通部門,100,現金,,,9700,00,,,,,,高速代,,,,,,,
,,,,,20210531,60,,,020,東京支店,522,旅費・交通費,,,18750,31,,10,,,,000,共通部門,100,現金,,,18750,00,,,,,,旅費,,,,,,,
,,,,,20210531,63,,,020,東京支店,531,保険料,,,81000,30,,,,,,000,共通部門,10A100020-3,普通預金,20,ABC銀行 本店,81000,00,,,,,,保険料,,,,,,,
,,,,,20210531,66,,,020,東京支店,10E200730,リース料,,,209850,31,,10,,,,000,共通部門,10A100020-3,普通預金,20,ABC銀行 本店,209850,00,,,,,,リース料,,,,,,,
,,,,,20210531,67,,,020,東京支店,10E201140,諸会費,,,30000,00,,,,,,000,共通部門,100,現金,,,30000,00,,,,,,会費支払い,,,,,,,
,,,,,20210531,74,,,030,名古屋支店,531,保険料,,,62000,30,,,,,,000,共通部門,10A100020-3,普通預金,30,GHI銀行 名古屋,62000,00,,,,,,保険料,,,,,,,
,,,,,20210531,75,,,050,九州営業所,531,保険料,,,57000,30,,,,,,000,共通部門,10A100020-3,普通預金,50,MNO銀行 北九州,57000,00,,,,,,保険料支払い,,,,,,,
,,,,,20210531,77,,,010,札幌営業所,525,消耗品費,,,29721,00,,,,,,000,共通部門,525,消耗品費,,,29721,00,,,,,,消耗品費　部門配賦,,,,,,,
,,,,,20210531,77,,,020,東京支店,525,消耗品費,,,129693,00,,,,,,000,共通部門,525,消耗品費,,,129693,00,,,,,,消耗品費　部門配賦,,,,,,,
,,,,,20210531,77,,,030,名古屋支店,525,消耗品費,,,27019,00,,,,,,000,共通部門,525,消耗品費,,,27019,00,,,,,,消耗品費　部門配賦,,,,,,,
,,,,,20210531,77,,,040,大阪支店,525,消耗品費,,,64846,00,,,,,,000,共通部門,525,消耗品費,,,64846,00,,,,,,消耗品費　部門配賦,,,,,,,
,,,,,20210531,77,,,050,九州営業所,525,消耗品費,,,18913,00,,,,,,000,共通部門,525,消耗品費,,,18913,00,,,,,,消耗品費　部門配賦,,,,,,,
,,,,,20210531,77,,,030,名古屋支店,10E200870,運賃,,,152525,31,,10,,,,000,共通部門,204,未払金,,,152525,00,,,,,,運賃 架空運送会社A,,,,,,,
,,,,,20210531,81,,,030,名古屋支店,10E200140,福利厚生費,,,26300,31,,10,,,,000,共通部門,204,未払金,,,26300,00,,,,,,お茶代,,,,,,,
,,,,,20210531,87,,,000,共通部門,204,未払金,,,7369946,00,,,,,,000,共通部門,10A100020-3,普通預金,20,ABC銀行 本店,7369946,00,,,,,,4月分支払,,,,,,,
,,,,,20210531,99,,,040,大阪支店,10E200870,運賃,,,748350,31,,10,,,,000,共通部門,204,未払金,,,748350,00,,,,,,運賃,,,,,,,
,,,,,20210531,114,,,000,共通部門,131,売掛金,5,東雲商会株式会社,1245400,00,,,,,,010,札幌営業所,10D100100,売上高,,,1245400,01,,10,,,,5月1日～5月31日分売上,,,,,,,
,,,,,20210531,114,,,000,共通部門,131,売掛金,14,株式会社花咲商事,1329984,00,,,,,,010,札幌営業所,10D100100,売上高,,,1329984,01,,10,,,,5月1日～5月31日分売上,,,,,,,
,,,,,20210531,114,,,000,共通部門,131,売掛金,25,株式会社ほのかマート,3964716,00,,,,,,010,札幌営業所,10D100100,売上高,,,3964716,01,,10,,,,5月1日～5月31日分売上,,,,,,,
,,,,,20210531,114,,,010,札幌営業所,10D100110,売上値引戻り高,,,101952,01,,10,,,,000,共通部門,131,売掛金,25,株式会社ほのかマート,101952,00,,,,,,5月1日～5月31日分売上,,,,,,,
,,,,,20210531,114,,,010,札幌営業所,10D100110,売上値引戻り高,,,40800,01,,10,,,,000,共通部門,131,売掛金,5,東雲商会株式会社,40800,00,,,,,,5月1日～5月31日分売上,,,,,,,
,,,,,20210531,115,,,000,共通部門,131,売掛金,30,株式会社彩雲トレーディング,1379070,00,,,,,,020,東京支店,10D100100,売上高,,,1379070,01,,10,,,,5月1日～5月31日分売上,,,,,,,
,,,,,20210531,115,,,000,共通部門,131,売掛金,2,株式会社桜丘百貨店,15044472,00,,,,,,020,東京支店,10D100100,売上高,,,15044472,01,,10,,,,5月1日～5月31日分売上,,,,,,,
,,,,,20210531,115,,,000,共通部門,131,売掛金,11,株式会社楓屋,859668,00,,,,,,020,東京支店,10D100100,売上高,,,859668,01,,10,,,,5月1日～5月31日分売上,,,,,,,
,,,,,20210531,115,,,000,共通部門,131,売掛金,12,株式会社緑野百貨店,8059094,00,,,,,,020,東京支店,10D100100,売上高,,,8059094,01,,10,,,,5月1日～5月31日分売上,,,,,,,
,,,,,20210531,115,,,000,共通部門,131,売掛金,13,星川商事株式会社,883097,00,,,,,,020,東京支店,10D100100,売上高,,,883097,01,,10,,,,5月1日～5月31日分売上,,,,,,,
,,,,,20210531,115,,,000,共通部門,131,売掛金,14,株式会社花咲商事,1587526,00,,,,,,020,東京支店,10D100100,売上高,,,1587526,01,,10,,,,5月1日～5月31日分売上,,,,,,,
,,,,,20210531,115,,,000,共通部門,131,売掛金,24,白峰商事株式会社,730124,00,,,,,,020,東京支店,10D100100,売上高,,,730124,01,,10,,,,5月1日～5月31日分売上,,,,,,,
,,,,,20210531,115,,,000,共通部門,131,売掛金,26,若松販売株式会社,1163584,00,,,,,,020,東京支店,10D100100,売上高,,,1163584,01,,10,,,,5月1日～5月31日分売上,,,,,,,
,,,,,20210531,115,,,000,共通部門,131,売掛金,10,合同会社こもれび商事,560672,00,,,,,,020,東京支店,10D100100,売上高,,,560672,01,,10,,,,5月1日～5月31日分売上,,,,,,,
,,,,,20210531,115,,,020,東京支店,10D100110,売上値引戻り高,,,32640,01,,10,,,,000,共通部門,131,売掛金,26,若松販売株式会社,32640,00,,,,,,5月1日～5月31日分売上,,,,,,,
,,,,,20210531,115,,,020,東京支店,10D100110,売上値引戻り高,,,26496,01,,10,,,,000,共通部門,131,売掛金,2,株式会社桜丘百貨店,26496,00,,,,,,5月1日～5月31日分売上,,,,,,,
,,,,,20210531,115,,,020,東京支店,10D100110,売上値引戻り高,,,38736,01,,10,,,,000,共通部門,131,売掛金,11,株式会社楓屋,38736,00,,,,,,5月1日～5月31日分売上,,,,,,,
,,,,,20210531,115,,,020,東京支店,10D100110,売上値引戻り高,,,58400,01,,10,,,,000,共通部門,131,売掛金,12,株式会社緑野百貨店,58400,00,,,,,,5月1日～5月31日分売上,,,,,,,
,,,,,20210531,116,,,000,共通部門,131,売掛金,7,株式会社光彩堂商事,1216464,00,,,,,,030,名古屋支店,10D100100,売上高,,,1216464,01,,10,,,,5月1日～5月31日分売上,,,,,,,
,,,,,20210531,116,,,000,共通部門,131,売掛金,14,株式会社花咲商事,1192362,00,,,,,,030,名古屋支店,10D100100,売上高,,,1192362,01,,10,,,,5月1日～5月31日分売上,,,,,,,
,,,,,20210531,116,,,000,共通部門,131,売掛金,19,株式会社南風商会,1012572,00,,,,,,030,名古屋支店,10D100100,売上高,,,1012572,01,,10,,,,5月1日～5月31日分売上,,,,,,,
,,,,,20210531,116,,,000,共通部門,131,売掛金,27,晴海物産株式会社,764268,00,,,,,,030,名古屋支店,10D100100,売上高,,,764268,01,,10,,,,5月1日～5月31日分売上,,,,,,,
,,,,,20210531,116,,,000,共通部門,131,売掛金,6,株式会社瑞穂流通,713868,00,,,,,,030,名古屋支店,10D100100,売上高,,,713868,01,,10,,,,5月1日～5月31日分売上,,,,,,,
,,,,,20210531,116,,,000,共通部門,131,売掛金,21,合同会社つばさ商店,750780,00,,,,,,030,名古屋支店,10D100100,売上高,,,750780,01,,10,,,,5月1日～5月31日分売上,,,,,,,
,,,,,20210531,116,,,030,名古屋支店,10D100110,売上値引戻り高,,,74240,01,,10,,,,000,共通部門,131,売掛金,7,株式会社光彩堂商事,74240,00,,,,,,5月1日～5月31日分売上,,,,,,,
,,,,,20210531,116,,,040,大阪支店,10E200730,リース料,,,84000,31,,10,,,,000,共通部門,10A100020-3,普通預金,40,JKL銀行 梅田,84000,00,,,,,,リース料,,,,,,,
,,,,,20210531,117,,,000,共通部門,131,売掛金,3,青凪商事株式会社,733365,00,,,,,,040,大阪支店,10D100100,売上高,,,733365,01,,10,,,,5月1日～5月31日分売上,,,,,,,
,,,,,20210531,117,,,000,共通部門,131,売掛金,9,朝凪物産株式会社,806520,00,,,,,,040,大阪支店,10D100100,売上高,,,806520,01,,10,,,,5月1日～5月31日分売上,,,,,,,
,,,,,20210531,117,,,000,共通部門,131,売掛金,20,清和商事株式会社,871688,00,,,,,,040,大阪支店,10D100100,売上高,,,871688,01,,10,,,,5月1日～5月31日分売上,,,,,,,
,,,,,20210531,117,,,000,共通部門,131,売掛金,23,株式会社杉の木商店,910136,00,,,,,,040,大阪支店,10D100100,売上高,,,910136,01,,10,,,,5月1日～5月31日分売上,,,,,,,
,,,,,20210531,117,,,000,共通部門,131,売掛金,28,株式会社青葉百貨店,6725128,00,,,,,,040,大阪支店,10D100100,売上高,,,6725128,01,,10,,,,5月1日～5月31日分売上,,,,,,,
,,,,,20210531,117,,,000,共通部門,131,売掛金,8,株式会社高原マーケット,428130,00,,,,,,040,大阪支店,10D100100,売上高,,,428130,01,,10,,,,5月1日～5月31日分売上,,,,,,,
,,,,,20210531,117,,,000,共通部門,131,売掛金,14,株式会社花咲商事,2209402,00,,,,,,040,大阪支店,10D100100,売上高,,,2209402,01,,10,,,,5月1日～5月31日分売上,,,,,,,
,,,,,20210531,117,,,000,共通部門,131,売掛金,4,株式会社ひなたマート,1274640,00,,,,,,040,大阪支店,10D100100,売上高,,,1274640,01,,10,,,,5月1日～5月31日分売上,,,,,,,
,,,,,20210531,117,,,040,大阪支店,10D100110,売上値引戻り高,,,31440,01,,10,,,,000,共通部門,131,売掛金,14,株式会社花咲商事,31440,00,,,,,,5月1日～5月31日分売上,,,,,,,
,,,,,20210531,117,,,040,大阪支店,10D100110,売上値引戻り高,,,21600,01,,10,,,,000,共通部門,131,売掛金,20,清和商事株式会社,21600,00,,,,,,5月1日～5月31日分売上,,,,,,,
,,,,,20210531,117,,,040,大阪支店,10D100110,売上値引戻り高,,,18000,01,,10,,,,000,共通部門,131,売掛金,28,株式会社青葉百貨店,18000,00,,,,,,5月1日～5月31日分売上,,,,,,,
,,,,,20210531,118,,,000,共通部門,131,売掛金,1,株式会社若葉百貨店,1642082,00,,,,,,050,九州営業所,10D100100,売上高,,,1642082,01,,10,,,,5月1日～5月31日分売上,,,,,,,
,,,,,20210531,118,,,000,共通部門,131,売掛金,14,株式会社花咲商事,991728,00,,,,,,050,九州営業所,10D100100,売上高,,,991728,01,,10,,,,5月1日～5月31日分売上,,,,,,,
,,,,,20210531,118,,,000,共通部門,131,売掛金,22,株式会社豊原産業,1295648,00,,,,,,050,九州営業所,10D100100,売上高,,,1295648,01,,10,,,,5月1日～5月31日分売上,,,,,,,
,,,,,20210531,118,,,000,共通部門,131,売掛金,29,株式会社小春サービス,843660,00,,,,,,050,九州営業所,10D100100,売上高,,,843660,01,,10,,,,5月1日～5月31日分売上,,,,,,,
,,,,,20210531,118,,,050,九州営業所,10D100110,売上値引戻り高,,,35200,01,,10,,,,000,共通部門,131,売掛金,14,株式会社花咲商事,35200,00,,,,,,5月1日～5月31日分売上,,,,,,,
,,,,,20210531,118,,,050,九州営業所,10D100110,売上値引戻り高,,,24960,01,,10,,,,000,共通部門,131,売掛金,1,株式会社若葉百貨店,24960,00,,,,,,5月1日～5月31日分売上,,,,,,,
,,,,,20210531,119,,,000,共通部門,10A100020-3,普通預金,40,JKL銀行 梅田,1199928,00,,,,,,000,共通部門,131,売掛金,4,株式会社ひなたマート,1199928,00,,,,,,5月31日伝票No225株式会社ひなたマート,,,,,,,
,,,,,20210531,119,,,040,大阪支店,512,支払手数料,,,840,31,,10,,,,000,共通部門,131,売掛金,4,株式会社ひなたマート,840,00,,,,,,5月31日伝票No225株式会社ひなたマート,,,,,,,
,,,,,20210531,120,,,000,共通部門,10A100020-3,普通預金,10,DEF銀行 駅前,1535544,00,,,,,,000,共通部門,131,売掛金,5,東雲商会株式会社,1535544,00,,,,,,5月31日伝票No226東雲商会株式会社,,,,,,,
,,,,,20210531,120,,,010,札幌営業所,512,支払手数料,,,840,31,,10,,,,000,共通部門,131,売掛金,5,東雲商会株式会社,840,00,,,,,,5月31日伝票No226東雲商会株式会社,,,,,,,
,,,,,20210531,121,,,000,共通部門,130,受取手形,,,10807778,00,,,,,,000,共通部門,131,売掛金,12,株式会社緑野百貨店,10807778,00,,,,,,5月31日伝票No227株式会社緑野百貨店 | 売上伝票=20210430-277;手形番号=R20210531-121-12,,,,,,,
,,,,,20210531,122,,,000,共通部門,10A100020-3,普通預金,20,ABC銀行 本店,429402,00,,,,,,000,共通部門,131,売掛金,24,白峰商事株式会社,429402,00,,,,,,5月31日伝票No228白峰商事株式会社,,,,,,,
,,,,,20210531,122,,,020,東京支店,512,支払手数料,,,630,31,,10,,,,000,共通部門,131,売掛金,24,白峰商事株式会社,630,00,,,,,,5月31日伝票No228白峰商事株式会社,,,,,,,
,,,,,20210531,123,,,000,共通部門,10A100020-3,普通預金,50,MNO銀行 北九州,456450,00,,,,,,000,共通部門,131,売掛金,29,株式会社小春サービス,456450,00,,,,,,5月31日伝票No229株式会社小春サービス,,,,,,,
,,,,,20210531,123,,,050,九州営業所,512,支払手数料,,,210,31,,10,,,,000,共通部門,131,売掛金,29,株式会社小春サービス,210,00,,,,,,5月31日伝票No229株式会社小春サービス,,,,,,,
,,,,,20210531,124,,,000,共通部門,100,現金,,,359744,00,,,,,,000,共通部門,131,売掛金,10,合同会社こもれび商事,359744,00,,,,,,5月31日伝票No451合同会社こもれび商事,,,,,,,
,,,,,20210531,125,,,010,札幌営業所,461,仕入高,,,72576,31,,10,,,,000,共通部門,201,買掛金,8,株式会社白樺商事,72576,00,,,,,,5月1日～5月31日分仕入,,,,,,,
,,,,,20210531,125,,,010,札幌営業所,461,仕入高,,,135474,31,,10,,,,000,共通部門,201,買掛金,2,株式会社双葉物産,135474,00,,,,,,5月1日～5月31日分仕入,,,,,,,
,,,,,20210531,126,,,020,東京支店,461,仕入高,,,4270793,31,,10,,,,000,共通部門,201,買掛金,11,株式会社花園商会,4270793,00,,,,,,5月1日～5月31日分仕入,,,,,,,
,,,,,20210531,126,,,020,東京支店,461,仕入高,,,6139435,31,,10,,,,000,共通部門,201,買掛金,1,株式会社北辰商事,6139435,00,,,,,,5月1日～5月31日分仕入,,,,,,,
,,,,,20210531,126,,,000,共通部門,201,買掛金,11,株式会社花園商会,42386,00,,,,,,020,東京支店,10E100120,仕入値引戻し高,,,42386,31,,10,,,,5月1日～5月31日分仕入,,,,,,,
,,,,,20210531,126,,,020,東京支店,461,仕入高,,,2895984,31,,10,,,,000,共通部門,201,買掛金,14,合同会社あかね商会,2895984,00,,,,,,5月1日～5月31日分仕入,,,,,,,
,,,,,20210531,126,,,020,東京支店,461,仕入高,,,3107835,31,,10,,,,000,共通部門,201,買掛金,3,青凪商事株式会社,3107835,00,,,,,,5月1日～5月31日分仕入,,,,,,,
,,,,,20210531,126,,,020,東京支店,461,仕入高,,,630800,31,,10,,,,000,共通部門,201,買掛金,2,株式会社双葉物産,630800,00,,,,,,5月1日～5月31日分仕入,,,,,,,
,,,,,20210531,126,,,020,東京支店,461,仕入高,,,1291839,31,,10,,,,000,共通部門,201,買掛金,13,朝日野産業株式会社,1291839,00,,,,,,5月1日～5月31日分仕入,,,,,,,
,,,,,20210531,126,,,020,東京支店,461,仕入高,,,330220,31,,10,,,,000,共通部門,201,買掛金,12,株式会社泉川商事,330220,00,,,,,,5月1日～5月31日分仕入,,,,,,,
,,,,,20210531,126,,,020,東京支店,461,仕入高,,,140313,31,,10,,,,000,共通部門,201,買掛金,8,株式会社白樺商事,140313,00,,,,,,5月1日～5月31日分仕入,,,,,,,
,,,,,20210531,126,,,000,共通部門,201,買掛金,3,青凪商事株式会社,81144,00,,,,,,020,東京支店,10E100120,仕入値引戻し高,,,81144,31,,10,,,,5月1日～5月31日分仕入,,,,,,,
,,,,,20210531,127,,,030,名古屋支店,461,仕入高,,,3549759,31,,10,,,,000,共通部門,201,買掛金,7,株式会社夕凪商会,3549759,00,,,,,,5月1日～5月31日分仕入,,,,,,,
,,,,,20210531,127,,,030,名古屋支店,461,仕入高,,,1772046,31,,10,,,,000,共通部門,201,買掛金,9,東原産業株式会社,1772046,00,,,,,,5月1日～5月31日分仕入,,,,,,,
,,,,,20210531,127,,,030,名古屋支店,461,仕入高,,,1154355,31,,10,,,,000,共通部門,201,買掛金,15,株式会社麦穂商事,1154355,00,,,,,,5月1日～5月31日分仕入,,,,,,,
,,,,,20210531,127,,,000,共通部門,201,買掛金,9,東原産業株式会社,12903,00,,,,,,030,名古屋支店,10E100120,仕入値引戻し高,,,12903,31,,10,,,,5月1日～5月31日分仕入,,,,,,,
,,,,,20210531,127,,,000,共通部門,201,買掛金,7,株式会社夕凪商会,17337,00,,,,,,030,名古屋支店,10E100120,仕入値引戻し高,,,17337,31,,10,,,,5月1日～5月31日分仕入,,,,,,,
,,,,,20210531,127,,,030,名古屋支店,461,仕入高,,,190510,31,,10,,,,000,共通部門,201,買掛金,2,株式会社双葉物産,190510,00,,,,,,5月1日～5月31日分仕入,,,,,,,
,,,,,20210531,128,,,040,大阪支店,461,仕入高,,,3030717,31,,10,,,,000,共通部門,201,買掛金,10,光野販売株式会社,3030717,00,,,,,,5月1日～5月31日分仕入,,,,,,,
,,,,,20210531,128,,,040,大阪支店,461,仕入高,,,3530262,31,,10,,,,000,共通部門,201,買掛金,6,株式会社日向産業,3530262,00,,,,,,5月1日～5月31日分仕入,,,,,,,
,,,,,20210531,128,,,040,大阪支店,461,仕入高,,,3744310,31,,10,,,,000,共通部門,201,買掛金,5,千草商事株式会社,3744310,00,,,,,,5月1日～5月31日分仕入,,,,,,,
,,,,,20210531,128,,,040,大阪支店,461,仕入高,,,926133,31,,10,,,,000,共通部門,201,買掛金,4,株式会社和泉流通,926133,00,,,,,,5月1日～5月31日分仕入,,,,,,,
,,,,,20210531,128,,,040,大阪支店,461,仕入高,,,169344,31,,10,,,,000,共通部門,201,買掛金,8,株式会社白樺商事,169344,00,,,,,,5月1日～5月31日分仕入,,,,,,,
,,,,,20210531,128,,,000,共通部門,201,買掛金,10,光野販売株式会社,56044,00,,,,,,040,大阪支店,10E100120,仕入値引戻し高,,,56044,31,,10,,,,5月1日～5月31日分仕入,,,,,,,
,,,,,20210531,128,,,040,大阪支店,461,仕入高,,,283648,31,,10,,,,000,共通部門,201,買掛金,2,株式会社双葉物産,283648,00,,,,,,5月1日～5月31日分仕入,,,,,,,
,,,,,20210531,128,,,000,共通部門,201,買掛金,5,千草商事株式会社,22176,00,,,,,,040,大阪支店,10E100120,仕入値引戻し高,,,22176,31,,10,,,,5月1日～5月31日分仕入,,,,,,,
,,,,,20210531,129,,,050,九州営業所,461,仕入高,,,24192,31,,10,,,,000,共通部門,201,買掛金,8,株式会社白樺商事,24192,00,,,,,,5月1日～5月31日分仕入,,,,,,,
,,,,,20210531,129,,,050,九州営業所,461,仕入高,,,55036,31,,10,,,,000,共通部門,201,買掛金,2,株式会社双葉物産,55036,00,,,,,,5月1日～5月31日分仕入,,,,,,,
,,,,,20210531,130,,,000,共通部門,201,買掛金,2,株式会社双葉物産,1115850,00,,,,,,000,共通部門,10A100020-3,普通預金,20,ABC銀行 本店,1115850,00,,,,,,5月31日伝票No146株式会社双葉物産,,,,,,,
,,,,,20210531,131,,,000,共通部門,201,買掛金,5,千草商事株式会社,3424012,00,,,,,,000,共通部門,10B100030,支払手形,,,3424012,00,,,,,,5月31日伝票No147千草商事株式会社,,,,,,,
,,,,,20210531,132,,,000,共通部門,201,買掛金,7,株式会社夕凪商会,3387545,00,,,,,,000,共通部門,10A100020-3,普通預金,20,ABC銀行 本店,3387545,00,,,,,,5月31日伝票No148株式会社夕凪商会,,,,,,,
,,,,,20210531,133,,,000,共通部門,201,買掛金,9,東原産業株式会社,1721312,00,,,,,,000,共通部門,10B100030,支払手形,,,1721312,00,,,,,,5月31日伝票No149東原産業株式会社,,,,,,,
,,,,,20210531,134,,,000,共通部門,201,買掛金,10,光野販売株式会社,2857406,00,,,,,,000,共通部門,10A100020-3,普通預金,20,ABC銀行 本店,2857406,00,,,,,,5月31日伝票No150光野販売株式会社,,,,,,,
,,,,,20210531,135,,,000,共通部門,201,買掛金,12,株式会社泉川商事,322812,00,,,,,,000,共通部門,10A100020-3,普通預金,20,ABC銀行 本店,322812,00,,,,,,5月31日伝票No151株式会社泉川商事,,,,,,,
,,,,,20210531,136,,,000,共通部門,201,買掛金,13,朝日野産業株式会社,1985810,00,,,,,,000,共通部門,10A100020-3,普通預金,20,ABC銀行 本店,1985810,00,,,,,,5月31日伝票No152朝日野産業株式会社,,,,,,,
,,,,,20210531,137,,,000,共通部門,201,買掛金,14,合同会社あかね商会,2584863,00,,,,,,000,共通部門,10A100020-3,普通預金,20,ABC銀行 本店,2584863,00,,,,,,5月31日伝票No153合同会社あかね商会,,,,,,,
,,,,,20210531,138,,,000,共通部門,201,買掛金,15,株式会社麦穂商事,1096398,00,,,,,,000,共通部門,10A100020-3,普通預金,20,ABC銀行 本店,1096398,00,,,,,,5月31日伝票No154株式会社麦穂商事,,,,,,,
,,,,,20210531,138,,,000,共通部門,10A100020-2,当座預金,1,ABC銀行,13153880,00,,,,,,000,共通部門,130,受取手形,,,13153880,00,,,,,,手形満期 株式会社桜丘百貨店 | 仮手形番号=U20210531-138-2;受取仕訳未特定,,,,,,,
,,,,,20210531,139,,,000,共通部門,10A100020-2,当座預金,1,ABC銀行,7756692,00,,,,,,000,共通部門,130,受取手形,,,7756692,00,,,,,,手形満期 株式会社青葉百貨店 | 仮手形番号=U20210531-139-28;受取仕訳未特定,,,,,,,
,,,,,20210531,140,,,000,共通部門,10B100030,支払手形,,,3512659,00,,,,,,000,共通部門,10A100020-2,当座預金,1,ABC銀行,3512659,00,,,,,,手形期日落日 千草商事株式会社,,,,,,,
,,,,,20210531,140,,,000,共通部門,10B100030,支払手形,,,1647815,00,,,,,,000,共通部門,10A100020-2,当座預金,1,ABC銀行,1647815,00,,,,,,手形期日落日 東原産業株式会社,,,,,,,
,,,,,20210531,140,,,000,共通部門,10B100030,支払手形,,,3005608,00,,,,,,000,共通部門,10A100020-2,当座預金,1,ABC銀行,3005608,00,,,,,,手形期日落日 光野販売株式会社,,,,,,,
,,,,,20210531,145,,,050,九州営業所,10E200870,運賃,,,170900,31,,10,,,,000,共通部門,204,未払金,,,170900,00,,,,,,運賃,,,,,,,
,,,,,20210531,147,,,000,共通部門,10A100020-3,普通預金,20,ABC銀行 本店,40000,00,,,,,,000,共通部門,10A100610,短期貸付金,,,40000,00,,,,,,貸付金返済,,,,,,,
,,,,,20210531,151,,,000,共通部門,10B100670-1,未払事業税等,,,1862000,00,,,,,,000,共通部門,10A100020-3,普通預金,20,ABC銀行 本店,1862000,00,,,,,,事業税等支払,,,,,,,
,,,,,20210531,151,,,000,共通部門,10B100640,未払法人税等,,,2864378,00,,,,,,000,共通部門,10A100020-3,普通預金,20,ABC銀行 本店,2864378,00,,,,,,法人税支払,,,,,,,
,,,,,20210531,151,,,000,共通部門,10B100660,未払消費税等,,,4947100,00,,,,,,000,共通部門,10A100020-3,普通預金,20,ABC銀行 本店,4947100,00,,,,,,消費税支払,,,,,,,
,,,,,20210531,152,,,000,共通部門,10A100020-4,定期積金,,,500000,00,,,,,,000,共通部門,10A100020-3,普通預金,20,ABC銀行 本店,500000,00,,,,,,定期積立金,,,,,,,
,,,,,20210531,152,,,000,共通部門,10A230570,保険積立金,,,125000,00,,,,,,000,共通部門,10A100020-3,普通預金,20,ABC銀行 本店,125000,00,,,,,,保険積立金,,,,,,,
,,,,,20210531,153,,,000,共通部門,202,借入金,,,653500,00,,,,,,000,共通部門,10A100020-2,当座預金,1,ABC銀行,653500,00,,,,,,借入金返済,,,,,,,
,,,,,20210531,153,,,020,東京支店,10E300020,支払利息,,,32675,30,,,,,,000,共通部門,10A100020-2,当座預金,1,ABC銀行,32675,00,,,,,,利息,,,,,,,
,,,,,20210531,154,,,040,大阪支店,521,接待交際費,,,12000,31,,10,,,,000,共通部門,204,未払金,,,12000,00,,,,,,お花代,,,,,,,
,,,,,20210531,154,,,040,大阪支店,521,接待交際費,,,10000,31,,10,,,,000,共通部門,204,未払金,,,10000,00,,,,,,香典代,,,,,,,
,,,,,20210531,155,,,000,共通部門,10A100020-3,普通預金,20,ABC銀行 本店,3000000,00,,,,,,000,共通部門,10A100020-2,当座預金,1,ABC銀行,3000000,00,,,,,,資金移動,,,,,,,
,,,,,20210531,208,,,000,共通部門,208,預り金,1,保険料,754807,00,,,,,,000,共通部門,10A100020-3,普通預金,20,ABC銀行 本店,754807,00,,,,,,保険料預かり分,,,,,,,
,,,,,20210531,208,,,020,東京支店,10E200540,法定福利費,,,111192,30,,,,,,000,共通部門,10A100020-3,普通預金,20,ABC銀行 本店,111192,00,,,,,,保険料　事業主負担分,,,,,,,
,,,,,20210531,208,,,020,東京支店,10E200540,法定福利費,,,236635,30,,,,,,000,共通部門,10A100020-3,普通預金,20,ABC銀行 本店,236635,00,,,,,,保険料　事業主負担分,,,,,,,
,,,,,20210531,208,,,010,札幌営業所,10E200540,法定福利費,,,100704,30,,,,,,000,共通部門,10A100020-3,普通預金,20,ABC銀行 本店,100704,00,,,,,,保険料　事業主負担分,,,,,,,
,,,,,20210531,208,,,030,名古屋支店,10E200540,法定福利費,,,92652,30,,,,,,000,共通部門,10A100020-3,普通預金,20,ABC銀行 本店,92652,00,,,,,,保険料　事業主負担分,,,,,,,
,,,,,20210531,208,,,040,大阪支店,10E200540,法定福利費,,,147385,30,,,,,,000,共通部門,10A100020-3,普通預金,20,ABC銀行 本店,147385,00,,,,,,保険料　事業主負担分,,,,,,,
,,,,,20210531,208,,,050,九州営業所,10E200540,法定福利費,,,66245,30,,,,,,000,共通部門,10A100020-3,普通預金,20,ABC銀行 本店,66245,00,,,,,,保険料　事業主負担分,,,,,,,
,,,,,20210531,208,,,020,東京支店,10E200540,法定福利費,,,9672,30,,,,,,000,共通部門,10A100020-3,普通預金,20,ABC銀行 本店,9672,00,,,,,,児童拠出金　事業主負担分,,,,,,,
,,,,,20210531,990002,,,010,札幌営業所,10E200130,賞与,,,110000,00,,,,,,010,札幌営業所,10B100320,賞与引当金,,,110000,00,,,,,,サンプル定義：賞与半年均等引当 202105 部門010,,,,,,,
,,,,,20210531,990002,,,020,東京支店,10E200130,賞与,,,261666,00,,,,,,020,東京支店,10B100320,賞与引当金,,,261666,00,,,,,,サンプル定義：賞与半年均等引当 202105 部門020,,,,,,,
,,,,,20210531,990002,,,030,名古屋支店,10E200130,賞与,,,102666,00,,,,,,030,名古屋支店,10B100320,賞与引当金,,,102666,00,,,,,,サンプル定義：賞与半年均等引当 202105 部門030,,,,,,,
,,,,,20210531,990002,,,040,大阪支店,10E200130,賞与,,,120334,00,,,,,,040,大阪支店,10B100320,賞与引当金,,,120334,00,,,,,,サンプル定義：賞与半年均等引当 202105 部門040,,,,,,,
,,,,,20210531,990002,,,050,九州営業所,10E200130,賞与,,,79000,00,,,,,,050,九州営業所,10B100320,賞与引当金,,,79000,00,,,,,,サンプル定義：賞与半年均等引当 202105 部門050,,,,,,,
,,,,,20210601,94,,,030,名古屋支店,10E201270,雑費,,,3150,31,,10,,,,000,共通部門,100,現金,,,3150,00,,,,,,お茶代,,,,,,,
,,,,,20210601,106,,,040,大阪支店,521,接待交際費,,,7267,31,,10,,,,000,共通部門,100,現金,,,7267,00,,,,,,食事代 架空店舗006 4名,,,,,,,
,,,,,20210601,106,,,040,大阪支店,521,接待交際費,,,20629,31,,10,,,,000,共通部門,100,現金,,,20629,00,,,,,,飲食代 架空店舗022,,,,,,,
,,,,,20210601,147,,,050,九州営業所,10E201120,車両費,,,5416,31,,10,,,,000,共通部門,204,未払金,,,5416,00,,,,,,ガソリン代,,,,,,,
,,,,,20210601,147,,,050,九州営業所,10E201120,車両費,,,572,31,,10,,,,000,共通部門,204,未払金,,,572,00,,,,,,高速代,,,,,,,
,,,,,20210602,10,,,010,札幌営業所,10E201120,車両費,,,4224,31,,10,,,,000,共通部門,100,現金,,,4224,00,,,,,,ガソリン代,,,,,,,
,,,,,20210602,18,,,010,札幌営業所,522,旅費・交通費,,,21700,31,,10,,,,000,共通部門,100,現金,,,21700,00,,,,,,旅費,,,,,,,
,,,,,20210602,42,,,020,東京支店,521,接待交際費,,,3420,31,,10,,,,000,共通部門,100,現金,,,3420,00,,,,,,昼食代 架空店舗066 3名,,,,,,,
,,,,,20210602,56,,,020,東京支店,522,旅費・交通費,,,32600,31,,10,,,,000,共通部門,100,現金,,,32600,00,,,,,,旅費,,,,,,,
,,,,,20210602,77,,,010,札幌営業所,521,接待交際費,,,6800,31,,10,,,,000,共通部門,100,現金,,,6800,00,,,,,,ゴルフプレー代,,,,,,,
,,,,,20210604,19,,,010,札幌営業所,522,旅費・交通費,,,15000,31,,10,,,,000,共通部門,100,現金,,,15000,00,,,,,,旅費,,,,,,,
,,,,,20210604,161,,,050,九州営業所,522,旅費・交通費,,,7500,31,,10,,,,000,共通部門,100,現金,,,7500,00,,,,,,旅費,,,,,,,
,,,,,20210605,94,,,000,共通部門,10A100020-3,普通預金,50,MNO銀行 北九州,1295176,00,,,,,,000,共通部門,131,売掛金,22,株式会社豊原産業,1295176,00,,,,,,6月5日伝票No230株式会社豊原産業,,,,,,,
,,,,,20210605,94,,,050,九州営業所,512,支払手数料,,,472,31,,10,,,,000,共通部門,131,売掛金,22,株式会社豊原産業,472,00,,,,,,6月5日伝票No230株式会社豊原産業,,,,,,,
,,,,,20210605,95,,,000,共通部門,10A100020-3,普通預金,20,ABC銀行 本店,1130472,00,,,,,,000,共通部門,131,売掛金,26,若松販売株式会社,1130472,00,,,,,,6月5日伝票No231若松販売株式会社,,,,,,,
,,,,,20210605,95,,,020,東京支店,512,支払手数料,,,472,31,,10,,,,000,共通部門,131,売掛金,26,若松販売株式会社,472,00,,,,,,6月5日伝票No231若松販売株式会社,,,,,,,
,,,,,20210605,96,,,000,共通部門,10A100020-3,普通預金,30,GHI銀行 名古屋,764268,00,,,,,,000,共通部門,131,売掛金,27,晴海物産株式会社,764268,00,,,,,,6月5日伝票No232晴海物産株式会社,,,,,,,
,,,,,20210605,133,,,020,東京支店,10E200600,支払報酬,,,139710,31,,10,,,,000,共通部門,10A100020-3,普通預金,20,ABC銀行 本店,139710,00,,,,,,税理士報酬,,,,,,,
,,,,,20210606,20,,,010,札幌営業所,522,旅費・交通費,,,41000,31,,10,,,,000,共通部門,100,現金,,,41000,00,,,,,,航空券代,,,,,,,
,,,,,20210606,84,,,030,名古屋支店,523,通信費,,,4000,31,,10,,,,000,共通部門,100,現金,,,4000,00,,,,,,切手代,,,,,,,
,,,,,20210606,110,,,040,大阪支店,522,旅費・交通費,,,2290,31,,10,,,,000,共通部門,100,現金,,,2290,00,,,,,,タクシー代,,,,,,,
,,,,,20210606,122,,,040,大阪支店,523,通信費,,,1050,31,,10,,,,000,共通部門,100,現金,,,1050,00,,,,,,証明書発行手数料,,,,,,,
,,,,,20210606,142,,,040,大阪支店,10E201120,車両費,,,6267,31,,10,,,,000,共通部門,100,現金,,,6267,00,,,,,,ガソリン代,,,,,,,
,,,,,20210606,142,,,040,大阪支店,10E201120,車両費,,,1572,31,,10,,,,000,共通部門,100,現金,,,1572,00,,,,,,高速代,,,,,,,
,,,,,20210606,142,,,040,大阪支店,10E201120,車両費,,,620,31,,10,,,,000,共通部門,100,現金,,,620,00,,,,,,駐車代,,,,,,,
,,,,,20210606,142,,,040,大阪支店,10E201120,車両費,,,1000,31,,10,,,,000,共通部門,100,現金,,,1000,00,,,,,,洗車代,,,,,,,
,,,,,20210607,22,,,010,札幌営業所,522,旅費・交通費,,,50000,31,,10,,,,000,共通部門,100,現金,,,50000,00,,,,,,旅費,,,,,,,
,,,,,20210607,58,,,020,東京支店,522,旅費・交通費,,,70000,31,,10,,,,000,共通部門,100,現金,,,70000,00,,,,,,旅費,,,,,,,
,,,,,20210607,69,,,020,東京支店,10E201270,雑費,,,1332,31,,10,,,,000,共通部門,100,現金,,,1332,00,,,,,,電池代,,,,,,,
,,,,,20210607,69,,,020,東京支店,10E201270,雑費,,,1758,31,,10,,,,000,共通部門,100,現金,,,1758,00,,,,,,洗剤等,,,,,,,
,,,,,20210607,78,,,010,札幌営業所,521,接待交際費,,,12600,31,,10,,,,000,共通部門,100,現金,,,12600,00,,,,,,ゴルフプレー代,,,,,,,
,,,,,20210607,141,,,040,大阪支店,522,旅費・交通費,,,16000,31,,10,,,,000,共通部門,100,現金,,,16000,00,,,,,,架空鉄道会社A代,,,,,,,
,,,,,20210608,50,,,020,東京支店,10E201120,車両費,,,1200,31,,10,,,,000,共通部門,100,現金,,,1200,00,,,,,,高速代,,,,,,,
,,,,,20210608,85,,,030,名古屋支店,522,旅費・交通費,,,8200,31,,10,,,,000,共通部門,100,現金,,,8200,00,,,,,,旅費,,,,,,,
,,,,,20210608,149,,,030,名古屋支店,521,接待交際費,,,1260,31,,10,,,,000,共通部門,100,現金,,,1260,00,,,,,,コーヒー代,,,,,,,
,,,,,20210609,33,,,010,札幌営業所,528,地代・家賃,,,320000,31,,10,,,,000,共通部門,10A100020-3,普通預金,10,DEF銀行 駅前,320000,00,,,,,,家賃支払い,,,,,,,
,,,,,20210609,33,,,010,札幌営業所,523,通信費,,,123450,31,,10,,,,000,共通部門,10A100020-3,普通預金,10,DEF銀行 駅前,123450,00,,,,,,電話代,,,,,,,
,,,,,20210609,70,,,020,東京支店,528,地代・家賃,,,1260000,31,,10,,,,000,共通部門,10A100020-3,普通預金,20,ABC銀行 本店,1260000,00,,,,,,家賃支払,,,,,,,
,,,,,20210609,71,,,040,大阪支店,528,地代・家賃,,,840000,31,,10,,,,000,共通部門,10A100020-3,普通預金,40,JKL銀行 梅田,840000,00,,,,,,家賃支払,,,,,,,
,,,,,20210609,112,,,040,大阪支店,523,通信費,,,215577,31,,10,,,,000,共通部門,10A100020-3,普通預金,40,JKL銀行 梅田,215577,00,,,,,,電話代,,,,,,,
,,,,,20210609,129,,,030,名古屋支店,528,地代・家賃,,,399000,31,,10,,,,000,共通部門,10A100020-3,普通預金,30,GHI銀行 名古屋,399000,00,,,,,,家賃支払い,,,,,,,
,,,,,20210609,167,,,050,九州営業所,528,地代・家賃,,,630000,31,,10,,,,000,共通部門,10A100020-3,普通預金,50,MNO銀行 北九州,630000,00,,,,,,家賃支払い,,,,,,,
,,,,,20210609,167,,,050,九州営業所,523,通信費,,,149355,31,,10,,,,000,共通部門,10A100020-3,普通預金,50,MNO銀行 北九州,149355,00,,,,,,電話代,,,,,,,
,,,,,20210610,21,,,010,札幌営業所,522,旅費・交通費,,,64580,31,,10,,,,000,共通部門,100,現金,,,64580,00,,,,,,架空鉄道会社A代,,,,,,,
,,,,,20210610,44,,,020,東京支店,521,接待交際費,,,1260,31,,10,,,,000,共通部門,100,現金,,,1260,00,,,,,,コーヒー代2名,,,,,,,
,,,,,20210610,57,,,020,東京支店,522,旅費・交通費,,,65870,31,,10,,,,000,共通部門,100,現金,,,65870,00,,,,,,架空鉄道会社A代,,,,,,,
,,,,,20210610,64,,,000,共通部門,100,現金,,,1000000,00,,,,,,000,共通部門,10A100020-2,当座預金,1,ABC銀行,1000000,00,,,,,,引き出し,,,,,,,
,,,,,20210610,68,,,000,共通部門,208,預り金,3,源泉税,258593,00,,,,,,000,共通部門,10A100020-3,普通預金,20,ABC銀行 本店,258593,00,,,,,,源泉税支払,,,,,,,
,,,,,20210610,68,,,000,共通部門,208,預り金,2,住民税,462300,00,,,,,,000,共通部門,10A100020-3,普通預金,20,ABC銀行 本店,462300,00,,,,,,住民税支払,,,,,,,
,,,,,20210610,72,,,010,札幌営業所,10E201270,雑費,,,5000,31,,10,,,,000,共通部門,204,未払金,,,5000,00,,,,,,有線,,,,,,,
,,,,,20210610,72,,,010,札幌営業所,10E201270,雑費,,,34286,31,,10,,,,000,共通部門,204,未払金,,,34286,00,,,,,,警備料,,,,,,,
,,,,,20210610,76,,,020,東京支店,10E200140,福利厚生費,,,12500,31,,10,,,,000,共通部門,204,未払金,,,12500,00,,,,,,社員夜食代,,,,,,,
,,,,,20210610,85,,,030,名古屋支店,523,通信費,,,76546,31,,10,,,,000,共通部門,10A100020-3,普通預金,30,GHI銀行 名古屋,76546,00,,,,,,電話代,,,,,,,
,,,,,20210610,86,,,030,名古屋支店,522,旅費・交通費,,,5050,31,,10,,,,000,共通部門,100,現金,,,5050,00,,,,,,タクシー代,,,,,,,
,,,,,20210610,97,,,000,共通部門,10A100020-3,普通預金,30,GHI銀行 名古屋,1011837,00,,,,,,000,共通部門,131,売掛金,19,株式会社南風商会,1011837,00,,,,,,6月10日伝票No233株式会社南風商会,,,,,,,
,,,,,20210610,97,,,030,名古屋支店,512,支払手数料,,,735,31,,10,,,,000,共通部門,131,売掛金,19,株式会社南風商会,735,00,,,,,,6月10日伝票No233株式会社南風商会,,,,,,,
,,,,,20210610,98,,,000,共通部門,130,受取手形,,,6707128,00,,,,,,000,共通部門,131,売掛金,28,株式会社青葉百貨店,6707128,00,,,,,,6月10日伝票No234株式会社青葉百貨店 | 売上伝票=20210531-117;手形番号=R20210610-98-28,,,,,,,
,,,,,20210610,99,,,000,共通部門,201,買掛金,3,青凪商事株式会社,733365,00,,,,,,000,共通部門,131,売掛金,3,青凪商事株式会社,733365,00,,,,,,6月10日伝票No474青凪商事株式会社,,,,,,,
,,,,,20210610,100,,,000,共通部門,10A100020-3,普通預金,20,ABC銀行 本店,7243522,00,,,,,,000,共通部門,131,売掛金,14,株式会社花咲商事,7243522,00,,,,,,6月10日伝票No496株式会社花咲商事東京本社,,,,,,,
,,,,,20210610,100,,,020,東京支店,512,支払手数料,,,840,31,,10,,,,000,共通部門,131,売掛金,14,株式会社花咲商事,840,00,,,,,,6月10日伝票No496株式会社花咲商事東京本社,,,,,,,
,,,,,20210610,101,,,000,共通部門,201,買掛金,3,青凪商事株式会社,2293326,00,,,,,,000,共通部門,10B100030,支払手形,,,2293326,00,,,,,,6月10日伝票No155青凪商事株式会社,,,,,,,
,,,,,20210610,102,,,000,共通部門,201,買掛金,8,株式会社白樺商事,350582,00,,,,,,000,共通部門,10A100020-3,普通預金,20,ABC銀行 本店,350582,00,,,,,,6月10日伝票No156株式会社白樺商事,,,,,,,
,,,,,20210610,145,,,000,共通部門,10B100030,支払手形,,,5714131,00,,,,,,000,共通部門,10A100020-2,当座預金,1,ABC銀行,5714131,00,,,,,,手形期日落日 青凪商事株式会社,,,,,,,
,,,,,20210610,162,,,020,東京支店,10E201130,会議費,,,24995,31,,10,,,,000,共通部門,100,現金,,,24995,00,,,,,,会議　食事代,,,,,,,
,,,,,20210610,168,,,050,九州営業所,10E201270,雑費,,,6000,31,,10,,,,000,共通部門,204,未払金,,,6000,00,,,,,,有線,,,,,,,
,,,,,20210610,168,,,050,九州営業所,10E201270,雑費,,,42858,31,,10,,,,000,共通部門,204,未払金,,,42858,00,,,,,,警備料,,,,,,,
,,,,,20210611,8,,,010,札幌営業所,521,接待交際費,,,6570,31,,10,,,,000,共通部門,100,現金,,,6570,00,,,,,,食事代　昼食3名,,,,,,,
,,,,,20210611,23,,,010,札幌営業所,522,旅費・交通費,,,30000,31,,10,,,,000,共通部門,100,現金,,,30000,00,,,,,,旅費,,,,,,,
,,,,,20210611,23,,,010,札幌営業所,522,旅費・交通費,,,28381,31,,10,,,,000,共通部門,100,現金,,,28381,00,,,,,,旅費,,,,,,,
,,,,,20210611,23,,,010,札幌営業所,522,旅費・交通費,,,39620,31,,10,,,,000,共通部門,100,現金,,,39620,00,,,,,,旅費,,,,,,,
,,,,,20210611,87,,,030,名古屋支店,522,旅費・交通費,,,10500,31,,10,,,,000,共通部門,100,現金,,,10500,00,,,,,,旅費,,,,,,,
,,,,,20210611,88,,,030,名古屋支店,522,旅費・交通費,,,11000,31,,10,,,,000,共通部門,100,現金,,,11000,00,,,,,,架空鉄道会社A代,,,,,,,
,,,,,20210611,158,,,040,大阪支店,522,旅費・交通費,,,22000,31,,10,,,,000,共通部門,100,現金,,,22000,00,,,,,,出張旅費,,,,,,,
,,,,,20210612,7,,,010,札幌営業所,521,接待交際費,,,7562,31,,10,,,,000,共通部門,100,現金,,,7562,00,,,,,,食事代 架空店舗069,,,,,,,
,,,,,20210612,7,,,010,札幌営業所,521,接待交際費,,,25704,31,,10,,,,000,共通部門,100,現金,,,25704,00,,,,,,飲食代 架空店舗017,,,,,,,
,,,,,20210612,159,,,050,九州営業所,522,旅費・交通費,,,7420,31,,10,,,,000,共通部門,100,現金,,,7420,00,,,,,,タクシー代,,,,,,,
,,,,,20210613,73,,,020,東京支店,521,接待交際費,,,11430,31,,10,,,,000,共通部門,100,現金,,,11430,00,,,,,,飲食代 架空店舗086 3名,,,,,,,
,,,,,20210613,73,,,010,札幌営業所,10E201270,雑費,,,463,31,,10,,,,000,共通部門,100,現金,,,463,00,,,,,,電池代,,,,,,,
,,,,,20210613,143,,,040,大阪支店,10E201120,車両費,,,7248,31,,10,,,,000,共通部門,100,現金,,,7248,00,,,,,,ガソリン代,,,,,,,
,,,,,20210613,150,,,050,九州営業所,521,接待交際費,,,14625,31,,10,,,,000,共通部門,100,現金,,,14625,00,,,,,,手土産代,,,,,,,
,,,,,20210613,151,,,040,大阪支店,521,接待交際費,,,6496,31,,10,,,,000,共通部門,100,現金,,,6496,00,,,,,,食事代 架空店舗003 4名,,,,,,,
,,,,,20210613,151,,,040,大阪支店,521,接待交際費,,,23477,31,,10,,,,000,共通部門,100,現金,,,23477,00,,,,,,飲食代 架空店舗031 4名,,,,,,,
,,,,,20210613,152,,,050,九州営業所,521,接待交際費,,,7308,31,,10,,,,000,共通部門,100,現金,,,7308,00,,,,,,食事代,,,,,,,
,,,,,20210614,51,,,020,東京支店,10E201120,車両費,,,10929,31,,10,,,,000,共通部門,100,現金,,,10929,00,,,,,,ガソリン代,,,,,,,
,,,,,20210614,51,,,020,東京支店,10E201120,車両費,,,762,31,,10,,,,000,共通部門,100,現金,,,762,00,,,,,,駐車代,,,,,,,
,,,,,20210614,51,,,020,東京支店,10E201120,車両費,,,3143,31,,10,,,,000,共通部門,100,現金,,,3143,00,,,,,,高速代,,,,,,,
,,,,,20210615,11,,,010,札幌営業所,10E201120,車両費,,,3210,31,,10,,,,000,共通部門,100,現金,,,3210,00,,,,,,高速代,,,,,,,
,,,,,20210615,52,,,020,東京支店,10E201120,車両費,,,750,31,,10,,,,000,共通部門,100,現金,,,750,00,,,,,,高速代,,,,,,,
,,,,,20210615,61,,,020,東京支店,523,通信費,,,169547,31,,10,,,,000,共通部門,10A100020-3,普通預金,20,ABC銀行 本店,169547,00,,,,,,電話代,,,,,,,
,,,,,20210615,90,,,020,東京支店,10E200520,雑給,,,272337,00,,,,,,000,共通部門,100,現金,,,272337,00,,,,,,6月給与その他 0060 パート･アルバイト,,,,,,,
,,,,,20210615,90,,,020,東京支店,10E200520,雑給,,,7528,00,,,,,,000,共通部門,208,預り金,9,その他,7528,00,,,,,,6月給与その他 0060 パート･アルバイト,,,,,,,
,,,,,20210615,103,,,000,共通部門,10A100020-3,普通預金,50,MNO銀行 北九州,1616282,00,,,,,,000,共通部門,131,売掛金,1,株式会社若葉百貨店,1616282,00,,,,,,6月15日伝票No235株式会社若葉百貨店,,,,,,,
,,,,,20210615,103,,,050,九州営業所,512,支払手数料,,,840,31,,10,,,,000,共通部門,131,売掛金,1,株式会社若葉百貨店,840,00,,,,,,6月15日伝票No235株式会社若葉百貨店,,,,,,,
,,,,,20210615,104,,,000,共通部門,10A100020-3,普通預金,30,GHI銀行 名古屋,713028,00,,,,,,000,共通部門,131,売掛金,6,株式会社瑞穂流通,713028,00,,,,,,6月15日伝票No236株式会社瑞穂流通,,,,,,,
,,,,,20210615,104,,,030,名古屋支店,512,支払手数料,,,840,31,,10,,,,000,共通部門,131,売掛金,6,株式会社瑞穂流通,840,00,,,,,,6月15日伝票No236株式会社瑞穂流通,,,,,,,
,,,,,20210615,105,,,000,共通部門,10A100020-3,普通預金,40,JKL銀行 梅田,427500,00,,,,,,000,共通部門,131,売掛金,8,株式会社高原マーケット,427500,00,,,,,,6月15日伝票No237株式会社高原マーケット,,,,,,,
,,,,,20210615,105,,,040,大阪支店,512,支払手数料,,,630,31,,10,,,,000,共通部門,131,売掛金,8,株式会社高原マーケット,630,00,,,,,,6月15日伝票No237株式会社高原マーケット,,,,,,,
,,,,,20210615,106,,,000,共通部門,10A100020-3,普通預金,40,JKL銀行 梅田,805785,00,,,,,,000,共通部門,131,売掛金,9,朝凪物産株式会社,805785,00,,,,,,6月15日伝票No238朝凪物産株式会社,,,,,,,
,,,,,20210615,106,,,040,大阪支店,512,支払手数料,,,735,31,,10,,,,000,共通部門,131,売掛金,9,朝凪物産株式会社,735,00,,,,,,6月15日伝票No238朝凪物産株式会社,,,,,,,
,,,,,20210615,107,,,000,共通部門,10A100020-3,普通預金,20,ABC銀行 本店,883097,00,,,,,,000,共通部門,131,売掛金,13,星川商事株式会社,883097,00,,,,,,6月15日伝票No239星川商事株式会社,,,,,,,
,,,,,20210615,108,,,000,共通部門,10A100020-3,普通預金,40,JKL銀行 梅田,849773,00,,,,,,000,共通部門,131,売掛金,20,清和商事株式会社,849773,00,,,,,,6月15日伝票No240清和商事株式会社,,,,,,,
,,,,,20210615,108,,,040,大阪支店,512,支払手数料,,,315,31,,10,,,,000,共通部門,131,売掛金,20,清和商事株式会社,315,00,,,,,,6月15日伝票No240清和商事株式会社,,,,,,,
,,,,,20210615,109,,,000,共通部門,201,買掛金,1,株式会社北辰商事,5958662,00,,,,,,000,共通部門,10A100020-3,普通預金,20,ABC銀行 本店,5958662,00,,,,,,6月15日伝票No157株式会社北辰商事,,,,,,,
,,,,,20210615,117,,,040,大阪支店,10E201140,諸会費,,,20000,00,,,,,,000,共通部門,100,現金,,,20000,00,,,,,,会費,,,,,,,
,,,,,20210615,130,,,040,大阪支店,10E201140,諸会費,,,24000,00,,,,,,000,共通部門,10A100020-3,普通預金,40,JKL銀行 梅田,24000,00,,,,,,会費,,,,,,,
,,,,,20210615,164,,,050,九州営業所,10E201110,事務用消耗品費,,,3007,31,,10,,,,000,共通部門,100,現金,,,3007,00,,,,,,事務用品,,,,,,,
,,,,,20210616,83,,,050,九州営業所,10E201120,車両費,,,4957,31,,10,,,,000,共通部門,204,未払金,,,4957,00,,,,,,ガソリン代,,,,,,,
,,,,,20210616,136,,,040,大阪支店,10E201270,雑費,,,16500,31,,10,,,,000,共通部門,100,現金,,,16500,00,,,,,,架空清掃会社A代,,,,,,,
,,,,,20210617,4,,,010,札幌営業所,10E200050,広告宣伝費,,,31500,31,,10,,,,000,共通部門,204,未払金,,,31500,00,,,,,,広告費,,,,,,,
,,,,,20210617,86,,,030,名古屋支店,523,通信費,,,8000,31,,10,,,,000,共通部門,100,現金,,,8000,00,,,,,,切手代,,,,,,,
,,,,,20210617,144,,,040,大阪支店,10E201120,車両費,,,5528,31,,10,,,,000,共通部門,100,現金,,,5528,00,,,,,,ガソリン代,,,,,,,
,,,,,20210617,144,,,040,大阪支店,10E201120,車両費,,,762,31,,10,,,,000,共通部門,100,現金,,,762,00,,,,,,高速代,,,,,,,
,,,,,20210617,144,,,040,大阪支店,10E201120,車両費,,,1429,31,,10,,,,000,共通部門,100,現金,,,1429,00,,,,,,駐車代,,,,,,,
,,,,,20210618,82,,,030,名古屋支店,10E201120,車両費,,,31087,31,,10,,,,000,共通部門,204,未払金,,,31087,00,,,,,,ガソリン代,,,,,,,
,,,,,20210618,103,,,040,大阪支店,521,接待交際費,,,12570,31,,10,,,,000,共通部門,100,現金,,,12570,00,,,,,,ゴルフプレー代,,,,,,,
,,,,,20210619,46,,,020,東京支店,10E201120,車両費,,,12587,31,,10,,,,000,共通部門,100,現金,,,12587,00,,,,,,ガソリン代,,,,,,,
,,,,,20210619,74,,,020,東京支店,521,接待交際費,,,32400,31,,10,,,,000,共通部門,100,現金,,,32400,00,,,,,,飲食代 架空店舗019 4名,,,,,,,
,,,,,20210620,1,,,000,共通部門,10E200140,福利厚生費,,,32400,31,,K8.0,,,,000,共通部門,100,現金,,,32400,00,,,,,,残業夜食　軽減税率,,,,,,,
,,,,,20210620,3,,,010,札幌営業所,10E200140,福利厚生費,,,31210,31,,10,,,,000,共通部門,204,未払金,,,31210,00,,,,,,宿泊代,,,,,,,
,,,,,20210620,6,,,010,札幌営業所,10E200050,広告宣伝費,,,5000,31,,10,,,,000,共通部門,100,現金,,,5000,00,,,,,,広告料,,,,,,,
,,,,,20210620,31,,,010,札幌営業所,10E201110,事務用消耗品費,,,2753,31,,10,,,,000,共通部門,204,未払金,,,2753,00,,,,,,コピー代,,,,,,,
,,,,,20210620,34,,,010,札幌営業所,10E201040,水道光熱費,,,74915,31,,10,,,,000,共通部門,10A100020-3,普通預金,10,DEF銀行 駅前,74915,00,,,,,,電気代,,,,,,,
,,,,,20210620,34,,,010,札幌営業所,10E201040,水道光熱費,,,4058,31,,10,,,,000,共通部門,10A100020-3,普通預金,10,DEF銀行 駅前,4058,00,,,,,,水道代,,,,,,,
,,,,,20210620,53,,,020,東京支店,10E201120,車両費,,,2500,31,,10,,,,000,共通部門,100,現金,,,2500,00,,,,,,高速代,,,,,,,
,,,,,20210620,64,,,020,東京支店,10E201040,水道光熱費,,,172641,31,,10,,,,000,共通部門,10A100020-3,普通預金,20,ABC銀行 本店,172641,00,,,,,,電気料,,,,,,,
,,,,,20210620,64,,,020,東京支店,10E201040,水道光熱費,,,6952,31,,10,,,,000,共通部門,10A100020-3,普通預金,20,ABC銀行 本店,6952,00,,,,,,水道料,,,,,,,
,,,,,20210620,65,,,000,共通部門,10A100020-3,普通預金,20,ABC銀行 本店,6000000,00,,,,,,000,共通部門,10A100020-2,当座預金,1,ABC銀行,6000000,00,,,,,,資金移動,,,,,,,
,,,,,20210620,66,,,050,九州営業所,10E200140,福利厚生費,,,10500,31,,10,,,,000,共通部門,204,未払金,,,10500,00,,,,,,お茶代,,,,,,,
,,,,,20210620,71,,,020,東京支店,10E201110,事務用消耗品費,,,1505,31,,10,,,,000,共通部門,204,未払金,,,1505,00,,,,,,事務用品,,,,,,,
,,,,,20210620,71,,,020,東京支店,10E201110,事務用消耗品費,,,31854,31,,10,,,,000,共通部門,204,未払金,,,31854,00,,,,,,カウンター料金,,,,,,,
,,,,,20210620,74,,,030,名古屋支店,10E201270,雑費,,,5000,31,,10,,,,000,共通部門,204,未払金,,,5000,00,,,,,,有線,,,,,,,
,,,,,20210620,75,,,040,大阪支店,10E201270,雑費,,,1079,31,,10,,,,000,共通部門,100,現金,,,1079,00,,,,,,トイレットペーパー他,,,,,,,
,,,,,20210620,76,,,050,九州営業所,10E201110,事務用消耗品費,,,6300,31,,10,,,,000,共通部門,204,未払金,,,6300,00,,,,,,カウンター料金,,,,,,,
,,,,,20210620,80,,,030,名古屋支店,10E200140,福利厚生費,,,417375,31,,10,,,,000,共通部門,204,未払金,,,417375,00,,,,,,会費支払い,,,,,,,
,,,,,20210620,81,,,000,共通部門,525,消耗品費,,,16667,31,,10,,,,000,共通部門,204,未払金,,,16667,00,,,,,,ファイル等,,,,,,,
,,,,,20210620,81,,,000,共通部門,525,消耗品費,,,210000,31,,10,,,,000,共通部門,204,未払金,,,210000,00,,,,,,飲料水,,,,,,,
,,,,,20210620,81,,,000,共通部門,525,消耗品費,,,31905,31,,10,,,,000,共通部門,204,未払金,,,31905,00,,,,,,名刺代,,,,,,,
,,,,,20210620,89,,,030,名古屋支店,10E201040,水道光熱費,,,78737,31,,10,,,,000,共通部門,10A100020-3,普通預金,30,GHI銀行 名古屋,78737,00,,,,,,電気料,,,,,,,
,,,,,20210620,89,,,030,名古屋支店,10E201040,水道光熱費,,,3327,31,,10,,,,000,共通部門,10A100020-3,普通預金,30,GHI銀行 名古屋,3327,00,,,,,,水道料,,,,,,,
,,,,,20210620,89,,,030,名古屋支店,10E201040,水道光熱費,,,2825,31,,10,,,,000,共通部門,10A100020-3,普通預金,30,GHI銀行 名古屋,2825,00,,,,,,ガス代,,,,,,,
,,,,,20210620,97,,,030,名古屋支店,10E201110,事務用消耗品費,,,38845,31,,10,,,,000,共通部門,204,未払金,,,38845,00,,,,,,コピー代,,,,,,,
,,,,,20210620,98,,,030,名古屋支店,10E201110,事務用消耗品費,,,2390,31,,10,,,,000,共通部門,204,未払金,,,2390,00,,,,,,事務用品,,,,,,,
,,,,,20210620,101,,,040,大阪支店,10E200050,広告宣伝費,,,52500,31,,10,,,,000,共通部門,204,未払金,,,52500,00,,,,,,広告料,,,,,,,
,,,,,20210620,110,,,000,共通部門,100,現金,,,820932,00,,,,,,000,共通部門,131,売掛金,11,株式会社楓屋,820932,00,,,,,,6月20日伝票No241株式会社楓屋,,,,,,,
,,,,,20210620,111,,,000,共通部門,10A100020-3,普通預金,30,GHI銀行 名古屋,750150,00,,,,,,000,共通部門,131,売掛金,21,合同会社つばさ商店,750150,00,,,,,,6月20日伝票No242合同会社つばさ商店,,,,,,,
,,,,,20210620,111,,,030,名古屋支店,512,支払手数料,,,630,31,,10,,,,000,共通部門,131,売掛金,21,合同会社つばさ商店,630,00,,,,,,6月20日伝票No242合同会社つばさ商店,,,,,,,
,,,,,20210620,112,,,000,共通部門,10A100020-3,普通預金,20,ABC銀行 本店,1378335,00,,,,,,000,共通部門,131,売掛金,30,株式会社彩雲トレーディング,1378335,00,,,,,,6月20日伝票No243株式会社彩雲トレーディング,,,,,,,
,,,,,20210620,112,,,020,東京支店,512,支払手数料,,,735,31,,10,,,,000,共通部門,131,売掛金,30,株式会社彩雲トレーディング,735,00,,,,,,6月20日伝票No243株式会社彩雲トレーディング,,,,,,,
,,,,,20210620,113,,,000,共通部門,201,買掛金,4,株式会社和泉流通,926133,00,,,,,,000,共通部門,10A100020-3,普通預金,20,ABC銀行 本店,926133,00,,,,,,6月20日伝票No158株式会社和泉流通,,,,,,,
,,,,,20210620,114,,,000,共通部門,201,買掛金,6,株式会社日向産業,3297698,00,,,,,,000,共通部門,10A100020-3,普通預金,20,ABC銀行 本店,3297698,00,,,,,,6月20日伝票No159株式会社日向産業,,,,,,,
,,,,,20210620,115,,,000,共通部門,201,買掛金,11,株式会社花園商会,4228407,00,,,,,,000,共通部門,10A100020-3,普通預金,20,ABC銀行 本店,4228407,00,,,,,,6月20日伝票No160株式会社花園商会,,,,,,,
,,,,,20210620,118,,,040,大阪支店,10E201110,事務用消耗品費,,,7123,31,,10,,,,000,共通部門,204,未払金,,,7123,00,,,,,,コピー代,,,,,,,
,,,,,20210620,132,,,040,大阪支店,10E201040,水道光熱費,,,95300,31,,10,,,,000,共通部門,10A100020-3,普通預金,40,JKL銀行 梅田,95300,00,,,,,,電気代,,,,,,,
,,,,,20210620,132,,,040,大阪支店,10E201040,水道光熱費,,,5559,31,,10,,,,000,共通部門,10A100020-3,普通預金,40,JKL銀行 梅田,5559,00,,,,,,水道代,,,,,,,
,,,,,20210620,134,,,020,東京支店,10E201110,事務用消耗品費,,,23000,31,,10,,,,000,共通部門,204,未払金,,,23000,00,,,,,,用紙,,,,,,,
,,,,,20210620,135,,,040,大阪支店,10E201110,事務用消耗品費,,,7302,31,,10,,,,000,共通部門,204,未払金,,,7302,00,,,,,,事務用品,,,,,,,
,,,,,20210620,141,,,000,共通部門,10A100020-2,当座預金,1,ABC銀行,10722057,00,,,,,,000,共通部門,130,受取手形,,,10722057,00,,,,,,手形割引 株式会社緑野百貨店 | 手形番号=R20210531-121-12;受取額に決済額を訂正,,,,,,,
,,,,,20210620,141,,,020,東京支店,10E300020,支払利息,,,85721,30,,,,,,000,共通部門,130,受取手形,,,85721,00,,,,,,手形割引料 | 手形番号=R20210531-121-12,,,,,,,
,,,,,20210620,143,,,000,共通部門,10A100020-2,当座預金,1,ABC銀行,4629728,00,,,,,,000,共通部門,130,受取手形,,,4629728,00,,,,,,手形割引 株式会社青葉百貨店 | 手形番号=R20210510-93-28;受取額に決済額を訂正,,,,,,,
,,,,,20210620,143,,,020,東京支店,10E300020,支払利息,,,62579,30,,,,,,000,共通部門,130,受取手形,,,62579,00,,,,,,手形割引料 | 手形番号=R20210510-93-28,,,,,,,
,,,,,20210620,150,,,000,共通部門,10A100020-3,普通預金,20,ABC銀行 本店,7000000,00,,,,,,000,共通部門,10A100020-2,当座預金,1,ABC銀行,7000000,00,,,,,,資金移動,,,,,,,
,,,,,20210620,169,,,050,九州営業所,10E201040,水道光熱費,,,95768,31,,10,,,,000,共通部門,10A100020-3,普通預金,50,MNO銀行 北九州,95768,00,,,,,,電気料,,,,,,,
,,,,,20210620,169,,,050,九州営業所,10E201040,水道光熱費,,,6821,31,,10,,,,000,共通部門,10A100020-3,普通預金,50,MNO銀行 北九州,6821,00,,,,,,水道料,,,,,,,
,,,,,20210621,12,,,010,札幌営業所,10E201120,車両費,,,4456,31,,10,,,,000,共通部門,100,現金,,,4456,00,,,,,,ガソリン代,,,,,,,
,,,,,20210621,12,,,010,札幌営業所,10E201120,車両費,,,2313,31,,10,,,,000,共通部門,100,現金,,,2313,00,,,,,,ガソリン添加剤代,,,,,,,
,,,,,20210621,12,,,010,札幌営業所,10E201120,車両費,,,1048,31,,10,,,,000,共通部門,100,現金,,,1048,00,,,,,,高速代,,,,,,,
,,,,,20210621,24,,,010,札幌営業所,522,旅費・交通費,,,82620,31,,10,,,,000,共通部門,100,現金,,,82620,00,,,,,,架空鉄道会社A回数券,,,,,,,
,,,,,20210621,89,,,030,名古屋支店,522,旅費・交通費,,,9800,31,,10,,,,000,共通部門,100,現金,,,9800,00,,,,,,旅費,,,,,,,
,,,,,20210621,160,,,020,東京支店,522,旅費・交通費,,,70000,31,,10,,,,000,共通部門,100,現金,,,70000,00,,,,,,出張旅費,,,,,,,
,,,,,20210622,9,,,010,札幌営業所,521,接待交際費,,,3239,31,,10,,,,000,共通部門,100,現金,,,3239,00,,,,,,お菓子詰め合わせ 株式会社高原マーケット,,,,,,,
,,,,,20210622,9,,,010,札幌営業所,521,接待交際費,,,4762,31,,10,,,,000,共通部門,100,現金,,,4762,00,,,,,,商品券 株式会社高原マーケット,,,,,,,
,,,,,20210622,90,,,030,名古屋支店,10E201270,雑費,,,10500,31,,10,,,,000,共通部門,100,現金,,,10500,00,,,,,,架空清掃会社A代,,,,,,,
,,,,,20210622,95,,,030,名古屋支店,10E201270,雑費,,,71675,31,,10,,,,000,共通部門,204,未払金,,,71675,00,,,,,,清掃料,,,,,,,
,,,,,20210622,109,,,040,大阪支店,10E201120,車両費,,,6962,31,,10,,,,000,共通部門,204,未払金,,,6962,00,,,,,,ガソリン代,,,,,,,
,,,,,20210622,153,,,030,名古屋支店,521,接待交際費,,,16540,31,,10,,,,000,共通部門,100,現金,,,16540,00,,,,,,飲食代 架空店舗082,,,,,,,
,,,,,20210622,155,,,050,九州営業所,10E201120,車両費,,,5713,31,,10,,,,000,共通部門,100,現金,,,5713,00,,,,,,ガソリン代,,,,,,,
,,,,,20210622,155,,,050,九州営業所,10E201120,車両費,,,762,31,,10,,,,000,共通部門,100,現金,,,762,00,,,,,,高速代,,,,,,,
,,,,,20210622,155,,,050,九州営業所,10E201120,車両費,,,381,31,,10,,,,000,共通部門,100,現金,,,381,00,,,,,,駐車代,,,,,,,
,,,,,20210622,163,,,050,九州営業所,10E201140,諸会費,,,18000,00,,,,,,000,共通部門,100,現金,,,18000,00,,,,,,会費,,,,,,,
,,,,,20210622,166,,,050,九州営業所,10E201270,雑費,,,1890,31,,10,,,,000,共通部門,100,現金,,,1890,00,,,,,,架空清掃会社A代,,,,,,,
,,,,,20210623,25,,,010,札幌営業所,522,旅費・交通費,,,61000,31,,10,,,,000,共通部門,100,現金,,,61000,00,,,,,,旅費,,,,,,,
,,,,,20210623,28,,,010,札幌営業所,522,旅費・交通費,,,2420,31,,10,,,,000,共通部門,204,未払金,,,2420,00,,,,,,タクシー代,,,,,,,
,,,,,20210623,38,,,020,東京支店,10E200140,福利厚生費,,,48164,31,,10,,,,000,共通部門,204,未払金,,,48164,00,,,,,,宿泊費,,,,,,,
,,,,,20210623,59,,,020,東京支店,522,旅費・交通費,,,65000,31,,10,,,,000,共通部門,100,現金,,,65000,00,,,,,,旅費,,,,,,,
,,,,,20210623,140,,,040,大阪支店,522,旅費・交通費,,,7450,31,,10,,,,000,共通部門,100,現金,,,7450,00,,,,,,旅費,,,,,,,
,,,,,20210624,26,,,010,札幌営業所,522,旅費・交通費,,,12000,31,,10,,,,000,共通部門,100,現金,,,12000,00,,,,,,旅費,,,,,,,
,,,,,20210624,29,,,010,札幌営業所,523,通信費,,,49551,31,,10,,,,000,共通部門,10A100020-3,普通預金,10,DEF銀行 駅前,49551,00,,,,,,携帯電話代,,,,,,,
,,,,,20210624,81,,,030,名古屋支店,10E200140,福利厚生費,,,18000,31,,10,,,,000,共通部門,204,未払金,,,18000,00,,,,,,お茶代,,,,,,,
,,,,,20210624,131,,,040,大阪支店,10E201140,諸会費,,,24000,00,,,,,,000,共通部門,10A100020-3,普通預金,40,JKL銀行 梅田,24000,00,,,,,,会費,,,,,,,
,,,,,20210624,154,,,050,九州営業所,521,接待交際費,,,18240,31,,10,,,,000,共通部門,204,未払金,,,18240,00,,,,,,ゴルフプレー代,,,,,,,
,,,,,20210625,27,,,010,札幌営業所,522,旅費・交通費,,,23810,31,,10,,,,000,共通部門,100,現金,,,23810,00,,,,,,旅費,,,,,,,
,,,,,20210625,27,,,010,札幌営業所,522,旅費・交通費,,,32381,31,,10,,,,000,共通部門,100,現金,,,32381,00,,,,,,旅費,,,,,,,
,,,,,20210625,27,,,010,札幌営業所,522,旅費・交通費,,,23905,31,,10,,,,000,共通部門,100,現金,,,23905,00,,,,,,旅費,,,,,,,
,,,,,20210625,54,,,020,東京支店,10E201120,車両費,,,2000,31,,10,,,,000,共通部門,100,現金,,,2000,00,,,,,,駐車代,,,,,,,
,,,,,20210625,62,,,020,東京支店,523,通信費,,,126581,31,,10,,,,000,共通部門,10A100020-3,普通預金,20,ABC銀行 本店,126581,00,,,,,,携帯代,,,,,,,
,,,,,20210625,72,,,020,東京支店,10E201160,新聞図書費,,,2864,31,,10,,,,000,共通部門,100,現金,,,2864,00,,,,,,新聞代,,,,,,,
,,,,,20210625,72,,,020,東京支店,10E201160,新聞図書費,,,2815,31,,10,,,,000,共通部門,100,現金,,,2815,00,,,,,,新聞代,,,,,,,
,,,,,20210625,72,,,020,東京支店,10E201160,新聞図書費,,,3399,31,,10,,,,000,共通部門,100,現金,,,3399,00,,,,,,新聞代,,,,,,,
,,,,,20210625,91,,,020,東京支店,10E200090,役員報酬,,,1172293,00,,,,,,000,共通部門,10A100020-3,普通預金,20,ABC銀行 本店,1172293,00,,,,,,6月給与その他 0001 役員,,,,,,,
,,,,,20210625,91,,,020,東京支店,10E200090,役員報酬,,,111192,00,,,,,,000,共通部門,208,預り金,1,保険料,111192,00,,,,,,6月給与その他 0001 役員,,,,,,,
,,,,,20210625,91,,,020,東京支店,10E200090,役員報酬,,,130000,00,,,,,,000,共通部門,208,預り金,2,住民税,130000,00,,,,,,6月給与その他 0001 役員,,,,,,,
,,,,,20210625,91,,,020,東京支店,10E200090,役員報酬,,,166823,00,,,,,,000,共通部門,208,預り金,3,源泉税,166823,00,,,,,,6月給与その他 0001 役員,,,,,,,
,,,,,20210625,91,,,020,東京支店,10E200090,役員報酬,,,133972,00,,,,,,000,共通部門,208,預り金,4,貯蓄・保険,133972,00,,,,,,6月給与その他 0001 役員,,,,,,,
,,,,,20210625,91,,,020,東京支店,10E200090,役員報酬,,,5720,00,,,,,,000,共通部門,208,預り金,9,その他,5720,00,,,,,,6月給与その他 0001 役員,,,,,,,
,,,,,20210625,91,,,020,東京支店,10E200370,給与手当,,,1530004,00,,,,,,000,共通部門,10A100020-3,普通預金,20,ABC銀行 本店,1530004,00,,,,,,6月給与その他 0020 営業部,,,,,,,
,,,,,20210625,91,,,020,東京支店,10E200370,給与手当,,,216077,00,,,,,,000,共通部門,208,預り金,1,保険料,216077,00,,,,,,6月給与その他 0020 営業部,,,,,,,
,,,,,20210625,91,,,020,東京支店,10E200370,給与手当,,,62200,00,,,,,,000,共通部門,208,預り金,2,住民税,62200,00,,,,,,6月給与その他 0020 営業部,,,,,,,
,,,,,20210625,91,,,020,東京支店,10E200370,給与手当,,,37200,00,,,,,,000,共通部門,208,預り金,3,源泉税,37200,00,,,,,,6月給与その他 0020 営業部,,,,,,,
,,,,,20210625,91,,,020,東京支店,10E200370,給与手当,,,43305,00,,,,,,000,共通部門,208,預り金,4,貯蓄・保険,43305,00,,,,,,6月給与その他 0020 営業部,,,,,,,
,,,,,20210625,91,,,020,東京支店,10E200370,給与手当,,,85242,00,,,,,,000,共通部門,208,預り金,9,その他,85242,00,,,,,,6月給与その他 0020 営業部,,,,,,,
,,,,,20210625,91,,,010,札幌営業所,10E200370,給与手当,,,603524,00,,,,,,000,共通部門,10A100020-3,普通預金,20,ABC銀行 本店,603524,00,,,,,,6月給与その他 1000 札幌営業所,,,,,,,
,,,,,20210625,91,,,010,札幌営業所,10E200370,給与手当,,,100704,00,,,,,,000,共通部門,208,預り金,1,保険料,100704,00,,,,,,6月給与その他 1000 札幌営業所,,,,,,,
,,,,,20210625,91,,,010,札幌営業所,10E200370,給与手当,,,34600,00,,,,,,000,共通部門,208,預り金,2,住民税,34600,00,,,,,,6月給与その他 1000 札幌営業所,,,,,,,
,,,,,20210625,91,,,010,札幌営業所,10E200370,給与手当,,,13430,00,,,,,,000,共通部門,208,預り金,3,源泉税,13430,00,,,,,,6月給与その他 1000 札幌営業所,,,,,,,
,,,,,20210625,91,,,010,札幌営業所,10E200370,給与手当,,,50648,00,,,,,,000,共通部門,208,預り金,4,貯蓄・保険,50648,00,,,,,,6月給与その他 1000 札幌営業所,,,,,,,
,,,,,20210625,91,,,010,札幌営業所,10E200370,給与手当,,,46094,00,,,,,,000,共通部門,208,預り金,9,その他,46094,00,,,,,,6月給与その他 1000 札幌営業所,,,,,,,
,,,,,20210625,91,,,030,名古屋支店,10E200370,給与手当,,,599450,00,,,,,,000,共通部門,10A100020-3,普通預金,20,ABC銀行 本店,599450,00,,,,,,6月給与その他 3000 名古屋営業所,,,,,,,
,,,,,20210625,91,,,030,名古屋支店,10E200370,給与手当,,,92651,00,,,,,,000,共通部門,208,預り金,1,保険料,92651,00,,,,,,6月給与その他 3000 名古屋営業所,,,,,,,
,,,,,20210625,91,,,030,名古屋支店,10E200370,給与手当,,,21500,00,,,,,,000,共通部門,208,預り金,2,住民税,21500,00,,,,,,6月給与その他 3000 名古屋営業所,,,,,,,
,,,,,20210625,91,,,030,名古屋支店,10E200370,給与手当,,,8970,00,,,,,,000,共通部門,208,預り金,3,源泉税,8970,00,,,,,,6月給与その他 3000 名古屋営業所,,,,,,,
,,,,,20210625,91,,,030,名古屋支店,10E200370,給与手当,,,40759,00,,,,,,000,共通部門,208,預り金,4,貯蓄・保険,40759,00,,,,,,6月給与その他 3000 名古屋営業所,,,,,,,
,,,,,20210625,91,,,030,名古屋支店,10E200370,給与手当,,,41327,00,,,,,,000,共通部門,208,預り金,9,その他,41327,00,,,,,,6月給与その他 3000 名古屋営業所,,,,,,,
,,,,,20210625,91,,,040,大阪支店,10E200370,給与手当,,,879567,00,,,,,,000,共通部門,10A100020-3,普通預金,20,ABC銀行 本店,879567,00,,,,,,6月給与その他 4000 大阪支店,,,,,,,
,,,,,20210625,91,,,040,大阪支店,10E200370,給与手当,,,119974,00,,,,,,000,共通部門,208,預り金,1,保険料,119974,00,,,,,,6月給与その他 4000 大阪支店,,,,,,,
,,,,,20210625,91,,,040,大阪支店,10E200370,給与手当,,,29900,00,,,,,,000,共通部門,208,預り金,2,住民税,29900,00,,,,,,6月給与その他 4000 大阪支店,,,,,,,
,,,,,20210625,91,,,040,大阪支店,10E200370,給与手当,,,20020,00,,,,,,000,共通部門,208,預り金,3,源泉税,20020,00,,,,,,6月給与その他 4000 大阪支店,,,,,,,
,,,,,20210625,91,,,040,大阪支店,10E200370,給与手当,,,13570,00,,,,,,000,共通部門,208,預り金,4,貯蓄・保険,13570,00,,,,,,6月給与その他 4000 大阪支店,,,,,,,
,,,,,20210625,91,,,040,大阪支店,10E200370,給与手当,,,15269,00,,,,,,000,共通部門,208,預り金,9,その他,15269,00,,,,,,6月給与その他 4000 大阪支店,,,,,,,
,,,,,20210625,91,,,050,九州営業所,10E200370,給与手当,,,448753,00,,,,,,000,共通部門,10A100020-3,普通預金,20,ABC銀行 本店,448753,00,,,,,,6月給与その他 5000 九州営業所,,,,,,,
,,,,,20210625,91,,,050,九州営業所,10E200370,給与手当,,,66241,00,,,,,,000,共通部門,208,預り金,1,保険料,66241,00,,,,,,6月給与その他 5000 九州営業所,,,,,,,
,,,,,20210625,91,,,050,九州営業所,10E200370,給与手当,,,17600,00,,,,,,000,共通部門,208,預り金,2,住民税,17600,00,,,,,,6月給与その他 5000 九州営業所,,,,,,,
,,,,,20210625,91,,,050,九州営業所,10E200370,給与手当,,,7960,00,,,,,,000,共通部門,208,預り金,3,源泉税,7960,00,,,,,,6月給与その他 5000 九州営業所,,,,,,,
,,,,,20210625,91,,,050,九州営業所,10E200370,給与手当,,,18540,00,,,,,,000,共通部門,208,預り金,4,貯蓄・保険,18540,00,,,,,,6月給与その他 5000 九州営業所,,,,,,,
,,,,,20210625,91,,,050,九州営業所,10E200370,給与手当,,,25306,00,,,,,,000,共通部門,208,預り金,9,その他,25306,00,,,,,,6月給与その他 5000 九州営業所,,,,,,,
,,,,,20210625,111,,,040,大阪支店,522,旅費・交通費,,,9800,31,,10,,,,000,共通部門,204,未払金,,,9800,00,,,,,,タクシー代,,,,,,,
,,,,,20210625,116,,,000,共通部門,130,受取手形,,,15017976,00,,,,,,000,共通部門,131,売掛金,2,株式会社桜丘百貨店,15017976,00,,,,,,6月25日伝票No244株式会社桜丘百貨店 | 売上伝票=20210531-115;手形番号=R20210625-116-2,,,,,,,
,,,,,20210625,117,,,000,共通部門,10A100020-3,普通預金,30,GHI銀行 名古屋,1141489,00,,,,,,000,共通部門,131,売掛金,7,株式会社光彩堂商事,1141489,00,,,,,,6月25日伝票No245株式会社光彩堂商事,,,,,,,
,,,,,20210625,117,,,030,名古屋支店,512,支払手数料,,,735,31,,10,,,,000,共通部門,131,売掛金,7,株式会社光彩堂商事,735,00,,,,,,6月25日伝票No245株式会社光彩堂商事,,,,,,,
,,,,,20210625,118,,,000,共通部門,10A100020-3,普通預金,40,JKL銀行 梅田,909506,00,,,,,,000,共通部門,131,売掛金,23,株式会社杉の木商店,909506,00,,,,,,6月25日伝票No246株式会社杉の木商店,,,,,,,
,,,,,20210625,118,,,040,大阪支店,512,支払手数料,,,630,31,,10,,,,000,共通部門,131,売掛金,23,株式会社杉の木商店,630,00,,,,,,6月25日伝票No246株式会社杉の木商店,,,,,,,
,,,,,20210625,119,,,000,共通部門,10A100020-3,普通預金,10,DEF銀行 駅前,3861924,00,,,,,,000,共通部門,131,売掛金,25,株式会社ほのかマート,3861924,00,,,,,,6月25日伝票No247株式会社ほのかマート,,,,,,,
,,,,,20210625,119,,,010,札幌営業所,512,支払手数料,,,840,31,,10,,,,000,共通部門,131,売掛金,25,株式会社ほのかマート,840,00,,,,,,6月25日伝票No247株式会社ほのかマート,,,,,,,
,,,,,20210625,121,,,040,大阪支店,10E200140,福利厚生費,,,11500,31,,10,,,,000,共通部門,100,現金,,,11500,00,,,,,,お茶代,,,,,,,
,,,,,20210625,170,,,050,九州営業所,10E201160,新聞図書費,,,3007,31,,10,,,,000,共通部門,100,現金,,,3007,00,,,,,,新聞代,,,,,,,
,,,,,20210625,171,,,050,九州営業所,523,通信費,,,42103,31,,10,,,,000,共通部門,10A100020-3,普通預金,50,MNO銀行 北九州,42103,00,,,,,,携帯代,,,,,,,
,,,,,20210626,13,,,010,札幌営業所,10E201120,車両費,,,3462,31,,10,,,,000,共通部門,100,現金,,,3462,00,,,,,,ガソリン代,,,,,,,
,,,,,20210626,14,,,010,札幌営業所,10E201120,車両費,,,3000,31,,10,,,,000,共通部門,100,現金,,,3000,00,,,,,,洗車代,,,,,,,
,,,,,20210626,37,,,020,東京支店,10E200020,販売手数料,,,1320000,31,,10,,,,000,共通部門,204,未払金,,,1320000,00,,,,,,業務委託費,,,,,,,
,,,,,20210626,75,,,020,東京支店,521,接待交際費,,,10000,31,,10,,,,000,共通部門,100,現金,,,10000,00,,,,,,香典代,,,,,,,
,,,,,20210626,87,,,030,名古屋支店,523,通信費,,,42562,31,,10,,,,000,共通部門,10A100020-3,普通預金,30,GHI銀行 名古屋,42562,00,,,,,,携帯代,,,,,,,
,,,,,20210626,88,,,030,名古屋支店,10E201160,新聞図書費,,,3568,31,,10,,,,000,共通部門,100,現金,,,3568,00,,,,,,新聞代,,,,,,,
,,,,,20210626,113,,,040,大阪支店,523,通信費,,,61364,31,,10,,,,000,共通部門,10A100020-3,普通預金,40,JKL銀行 梅田,61364,00,,,,,,携帯代,,,,,,,
,,,,,20210626,114,,,040,大阪支店,10E201160,新聞図書費,,,2540,31,,10,,,,000,共通部門,100,現金,,,2540,00,,,,,,新聞代,,,,,,,
,,,,,20210626,114,,,040,大阪支店,10E201160,新聞図書費,,,2864,31,,10,,,,000,共通部門,100,現金,,,2864,00,,,,,,新聞代,,,,,,,
,,,,,20210626,120,,,040,大阪支店,10E200020,販売手数料,,,472500,31,,10,,,,000,共通部門,204,未払金,,,472500,00,,,,,,業務委託費,,,,,,,
,,,,,20210626,138,,,040,大阪支店,10E201120,車両費,,,7093,31,,10,,,,000,共通部門,100,現金,,,7093,00,,,,,,高速代,,,,,,,
,,,,,20210626,146,,,050,九州営業所,10E200020,販売手数料,,,147000,31,,10,,,,000,共通部門,204,未払金,,,147000,00,,,,,,業務委託費,,,,,,,
,,,,,20210626,172,,,010,札幌営業所,10E200020,販売手数料,,,145000,31,,10,,,,000,共通部門,204,未払金,,,145000,00,,,,,,業務委託費支払い,,,,,,,
,,,,,20210627,30,,,010,札幌営業所,531,保険料,,,54320,30,,,,,,000,共通部門,10A100020-3,普通預金,10,DEF銀行 駅前,54320,00,,,,,,保険料支払,,,,,,,
,,,,,20210627,35,,,010,札幌営業所,10E201160,新聞図書費,,,3925,31,,10,,,,000,共通部門,100,現金,,,3925,00,,,,,,新聞代,,,,,,,
,,,,,20210627,39,,,020,東京支店,10E200140,福利厚生費,,,9000,31,,10,,,,000,共通部門,100,現金,,,9000,00,,,,,,会費,,,,,,,
,,,,,20210627,78,,,030,名古屋支店,10E200020,販売手数料,,,189000,31,,10,,,,000,共通部門,204,未払金,,,189000,00,,,,,,業務委託費支払い,,,,,,,
,,,,,20210627,127,,,030,名古屋支店,526,租税公課,,,9000,00,,,,,,000,共通部門,100,現金,,,9000,00,,,,,,収入印紙,,,,,,,
,,,,,20210628,60,,,020,東京支店,522,旅費・交通費,,,14500,31,,10,,,,000,共通部門,100,現金,,,14500,00,,,,,,旅費,,,,,,,
,,,,,20210628,93,,,030,名古屋支店,10E201000,修繕維持費,,,17850,31,,10,,,,000,共通部門,204,未払金,,,17850,00,,,,,,修繕費,,,,,,,
,,,,,20210628,108,,,040,大阪支店,521,接待交際費,,,1120,31,,10,,,,000,共通部門,100,現金,,,1120,00,,,,,,コーヒー代2名,,,,,,,
,,,,,20210628,149,,,000,共通部門,10A100020-3,普通預金,20,ABC銀行 本店,5500000,00,,,,,,000,共通部門,10A100020-3,普通預金,10,DEF銀行 駅前,5500000,00,,,,,,資金移動,,,,,,,
,,,,,20210628,149,,,000,共通部門,10A100020-3,普通預金,20,ABC銀行 本店,4000000,00,,,,,,000,共通部門,10A100020-3,普通預金,30,GHI銀行 名古屋,4000000,00,,,,,,資金移動,,,,,,,
,,,,,20210628,149,,,000,共通部門,10A100020-3,普通預金,20,ABC銀行 本店,3000000,00,,,,,,000,共通部門,10A100020-3,普通預金,40,JKL銀行 梅田,3000000,00,,,,,,資金移動,,,,,,,
,,,,,20210628,149,,,000,共通部門,10A100020-3,普通預金,20,ABC銀行 本店,6000000,00,,,,,,000,共通部門,10A100020-3,普通預金,50,MNO銀行 北九州,6000000,00,,,,,,資金移動,,,,,,,
,,,,,20210629,83,,,030,名古屋支店,10E201120,車両費,,,51500,31,,10,,,,000,共通部門,100,現金,,,51500,00,,,,,,車両管理費,,,,,,,
,,,,,20210630,1,,,010,札幌営業所,10E200870,運賃,,,61350,31,,10,,,,000,共通部門,204,未払金,,,61350,00,,,,,,運賃 架空運送会社B,,,,,,,
,,,,,20210630,36,,,020,東京支店,10E200870,運賃,,,1637000,31,,10,,,,000,共通部門,204,未払金,,,1637000,00,,,,,,運賃 架空運送会社A,,,,,,,
,,,,,20210630,36,,,020,東京支店,10E200870,運賃,,,805743,31,,10,,,,000,共通部門,204,未払金,,,805743,00,,,,,,運賃 架空運送会社B,,,,,,,
,,,,,20210630,40,,,020,東京支店,10E200050,広告宣伝費,,,50000,31,,10,,,,000,共通部門,204,未払金,,,50000,00,,,,,,広告掲載,,,,,,,
,,,,,20210630,49,,,020,東京支店,10E201120,車両費,,,120000,31,,10,,,,000,共通部門,10A100020-3,普通預金,20,ABC銀行 本店,120000,00,,,,,,ガソリン代,,,,,,,
,,,,,20210630,63,,,020,東京支店,531,保険料,,,81000,30,,,,,,000,共通部門,10A100020-3,普通預金,20,ABC銀行 本店,81000,00,,,,,,保険料,,,,,,,
,,,,,20210630,67,,,020,東京支店,10E201140,諸会費,,,30000,00,,,,,,000,共通部門,100,現金,,,30000,00,,,,,,会費支払い,,,,,,,
,,,,,20210630,70,,,020,東京支店,10E201270,雑費,,,6000,31,,10,,,,000,共通部門,204,未払金,,,6000,00,,,,,,有線,,,,,,,
,,,,,20210630,70,,,020,東京支店,10E201270,雑費,,,52381,31,,10,,,,000,共通部門,204,未払金,,,52381,00,,,,,,警備料,,,,,,,
,,,,,20210630,70,,,020,東京支店,10E201120,車両費,,,63350,31,,10,,,,000,共通部門,10A100020-3,普通預金,20,ABC銀行 本店,63350,00,,,,,,高速料,,,,,,,
,,,,,20210630,70,,,020,東京支店,10E201270,雑費,,,73500,31,,10,,,,000,共通部門,204,未払金,,,73500,00,,,,,,清掃料,,,,,,,
,,,,,20210630,77,,,030,名古屋支店,10E200870,運賃,,,149265,31,,10,,,,000,共通部門,204,未払金,,,149265,00,,,,,,運賃,,,,,,,
,,,,,20210630,79,,,030,名古屋支店,531,保険料,,,62000,30,,,,,,000,共通部門,10A100020-3,普通預金,30,GHI銀行 名古屋,62000,00,,,,,,保険料,,,,,,,
,,,,,20210630,80,,,050,九州営業所,531,保険料,,,57000,30,,,,,,000,共通部門,10A100020-3,普通預金,50,MNO銀行 北九州,57000,00,,,,,,保険料支払い,,,,,,,
,,,,,20210630,82,,,010,札幌営業所,525,消耗品費,,,28442,00,,,,,,000,共通部門,525,消耗品費,,,28442,00,,,,,,消耗品費　部門配賦,,,,,,,
,,,,,20210630,82,,,020,東京支店,525,消耗品費,,,124116,00,,,,,,000,共通部門,525,消耗品費,,,124116,00,,,,,,消耗品費　部門配賦,,,,,,,
,,,,,20210630,82,,,030,名古屋支店,525,消耗品費,,,25857,00,,,,,,000,共通部門,525,消耗品費,,,25857,00,,,,,,消耗品費　部門配賦,,,,,,,
,,,,,20210630,82,,,040,大阪支店,525,消耗品費,,,62057,00,,,,,,000,共通部門,525,消耗品費,,,62057,00,,,,,,消耗品費　部門配賦,,,,,,,
,,,,,20210630,82,,,050,九州営業所,525,消耗品費,,,18100,00,,,,,,000,共通部門,525,消耗品費,,,18100,00,,,,,,消耗品費　部門配賦,,,,,,,
,,,,,20210630,84,,,050,九州営業所,10E201120,車両費,,,3411,31,,10,,,,000,共通部門,100,現金,,,3411,00,,,,,,ガソリン代,,,,,,,
,,,,,20210630,92,,,020,東京支店,10B100320,賞与引当金,,,1246323,00,,,,,,000,共通部門,10A100020-3,普通預金,20,ABC銀行 本店,1246323,00,,,,,,6月賞与その他 0020 営業部,,,,,,,
,,,,,20210630,92,,,020,東京支店,10B100320,賞与引当金,,,185182,00,,,,,,000,共通部門,208,預り金,1,保険料,185182,00,,,,,,6月賞与その他 0020 営業部,,,,,,,
,,,,,20210630,92,,,020,東京支店,10B100320,賞与引当金,,,129075,00,,,,,,000,共通部門,208,預り金,3,源泉税,129075,00,,,,,,6月賞与その他 0020 営業部,,,,,,,
,,,,,20210630,92,,,020,東京支店,10B100320,賞与引当金,,,9420,00,,,,,,000,共通部門,208,預り金,9,その他,9420,00,,,,,,6月賞与その他 0020 営業部,,,,,,,
,,,,,20210630,92,,,010,札幌営業所,10B100320,賞与引当金,,,526495,00,,,,,,000,共通部門,10A100020-3,普通預金,20,ABC銀行 本店,526495,00,,,,,,6月賞与その他 1000 札幌営業所,,,,,,,
,,,,,20210630,92,,,010,札幌営業所,10B100320,賞与引当金,,,77070,00,,,,,,000,共通部門,208,預り金,1,保険料,77070,00,,,,,,6月賞与その他 1000 札幌営業所,,,,,,,
,,,,,20210630,92,,,010,札幌営業所,10B100320,賞与引当金,,,52475,00,,,,,,000,共通部門,208,預り金,3,源泉税,52475,00,,,,,,6月賞与その他 1000 札幌営業所,,,,,,,
,,,,,20210630,92,,,010,札幌営業所,10B100320,賞与引当金,,,3960,00,,,,,,000,共通部門,208,預り金,9,その他,3960,00,,,,,,6月賞与その他 1000 札幌営業所,,,,,,,
,,,,,20210630,92,,,030,名古屋支店,10B100320,賞与引当金,,,492891,00,,,,,,000,共通部門,10A100020-3,普通預金,20,ABC銀行 本店,492891,00,,,,,,6月賞与その他 3000 名古屋営業所,,,,,,,
,,,,,20210630,92,,,030,名古屋支店,10B100320,賞与引当金,,,72997,00,,,,,,000,共通部門,208,預り金,1,保険料,72997,00,,,,,,6月賞与その他 3000 名古屋営業所,,,,,,,
,,,,,20210630,92,,,030,名古屋支店,10B100320,賞与引当金,,,46416,00,,,,,,000,共通部門,208,預り金,3,源泉税,46416,00,,,,,,6月賞与その他 3000 名古屋営業所,,,,,,,
,,,,,20210630,92,,,030,名古屋支店,10B100320,賞与引当金,,,3696,00,,,,,,000,共通部門,208,預り金,9,その他,3696,00,,,,,,6月賞与その他 3000 名古屋営業所,,,,,,,
,,,,,20210630,92,,,040,大阪支店,10B100320,賞与引当金,,,570872,00,,,,,,000,共通部門,10A100020-3,普通預金,20,ABC銀行 本店,570872,00,,,,,,6月賞与その他 4000 大阪支店,,,,,,,
,,,,,20210630,92,,,040,大阪支店,10B100320,賞与引当金,,,84304,00,,,,,,000,共通部門,208,預り金,1,保険料,84304,00,,,,,,6月賞与その他 4000 大阪支店,,,,,,,
,,,,,20210630,92,,,040,大阪支店,10B100320,賞与引当金,,,62492,00,,,,,,000,共通部門,208,預り金,3,源泉税,62492,00,,,,,,6月賞与その他 4000 大阪支店,,,,,,,
,,,,,20210630,92,,,040,大阪支店,10B100320,賞与引当金,,,4332,00,,,,,,000,共通部門,208,預り金,9,その他,4332,00,,,,,,6月賞与その他 4000 大阪支店,,,,,,,
,,,,,20210630,92,,,050,九州営業所,10B100320,賞与引当金,,,376270,00,,,,,,000,共通部門,10A100020-3,普通預金,20,ABC銀行 本店,376270,00,,,,,,6月賞与その他 5000 九州営業所,,,,,,,
,,,,,20210630,92,,,050,九州営業所,10B100320,賞与引当金,,,54135,00,,,,,,000,共通部門,208,預り金,1,保険料,54135,00,,,,,,6月賞与その他 5000 九州営業所,,,,,,,
,,,,,20210630,92,,,050,九州営業所,10B100320,賞与引当金,,,40751,00,,,,,,000,共通部門,208,預り金,3,源泉税,40751,00,,,,,,6月賞与その他 5000 九州営業所,,,,,,,
,,,,,20210630,92,,,050,九州営業所,10B100320,賞与引当金,,,2844,00,,,,,,000,共通部門,208,預り金,9,その他,2844,00,,,,,,6月賞与その他 5000 九州営業所,,,,,,,
,,,,,20210630,93,,,000,共通部門,204,未払金,,,7116470,00,,,,,,000,共通部門,10A100020-3,普通預金,20,ABC銀行 本店,7116470,00,,,,,,5月分支払,,,,,,,
,,,,,20210630,96,,,030,名古屋支店,10E201270,雑費,,,22470,31,,10,,,,000,共通部門,10A100020-3,普通預金,30,GHI銀行 名古屋,22470,00,,,,,,警備料,,,,,,,
,,,,,20210630,99,,,040,大阪支店,10E200870,運賃,,,612430,31,,10,,,,000,共通部門,204,未払金,,,612430,00,,,,,,運賃,,,,,,,
,,,,,20210630,100,,,040,大阪支店,10E200140,福利厚生費,,,6000,31,,10,,,,000,共通部門,100,現金,,,6000,00,,,,,,会費,,,,,,,
,,,,,20210630,100,,,000,共通部門,208,預り金,1,保険料,734249,00,,,,,,000,共通部門,10A100020-3,普通預金,20,ABC銀行 本店,734249,00,,,,,,保険料預かり分,,,,,,,
,,,,,20210630,100,,,020,東京支店,10E200540,法定福利費,,,111192,30,,,,,,000,共通部門,10A100020-3,普通預金,20,ABC銀行 本店,111192,00,,,,,,保険料　事業主負担分,,,,,,,
,,,,,20210630,100,,,020,東京支店,10E200540,法定福利費,,,216077,30,,,,,,000,共通部門,10A100020-3,普通預金,20,ABC銀行 本店,216077,00,,,,,,保険料　事業主負担分,,,,,,,
,,,,,20210630,100,,,010,札幌営業所,10E200540,法定福利費,,,100704,30,,,,,,000,共通部門,10A100020-3,普通預金,20,ABC銀行 本店,100704,00,,,,,,保険料　事業主負担分,,,,,,,
,,,,,20210630,100,,,030,名古屋支店,10E200540,法定福利費,,,92652,30,,,,,,000,共通部門,10A100020-3,普通預金,20,ABC銀行 本店,92652,00,,,,,,保険料　事業主負担分,,,,,,,
,,,,,20210630,100,,,040,大阪支店,10E200540,法定福利費,,,147385,30,,,,,,000,共通部門,10A100020-3,普通預金,20,ABC銀行 本店,147385,00,,,,,,保険料　事業主負担分,,,,,,,
,,,,,20210630,100,,,050,九州営業所,10E200540,法定福利費,,,66245,30,,,,,,000,共通部門,10A100020-3,普通預金,20,ABC銀行 本店,66245,00,,,,,,保険料　事業主負担分,,,,,,,
,,,,,20210630,100,,,020,東京支店,10E200540,法定福利費,,,9672,30,,,,,,000,共通部門,10A100020-3,普通預金,20,ABC銀行 本店,9672,00,,,,,,児童拠出金　事業主負担分,,,,,,,
,,,,,20210630,115,,,040,大阪支店,531,保険料,,,64500,30,,,,,,000,共通部門,10A100020-3,普通預金,40,JKL銀行 梅田,64500,00,,,,,,保険料,,,,,,,
,,,,,20210630,120,,,000,共通部門,131,売掛金,5,東雲商会株式会社,904048,00,,,,,,010,札幌営業所,10D100100,売上高,,,904048,01,,10,,,,6月1日～6月30日分売上,,,,,,,
,,,,,20210630,120,,,000,共通部門,131,売掛金,25,株式会社ほのかマート,2998818,00,,,,,,010,札幌営業所,10D100100,売上高,,,2998818,01,,10,,,,6月1日～6月30日分売上,,,,,,,
,,,,,20210630,120,,,000,共通部門,131,売掛金,14,株式会社花咲商事,1536704,00,,,,,,010,札幌営業所,10D100100,売上高,,,1536704,01,,10,,,,6月1日～6月30日分売上,,,,,,,
,,,,,20210630,120,,,010,札幌営業所,10D100110,売上値引戻り高,,,66560,01,,10,,,,000,共通部門,131,売掛金,14,株式会社花咲商事,66560,00,,,,,,6月1日～6月30日分売上,,,,,,,
,,,,,20210630,121,,,000,共通部門,131,売掛金,12,株式会社緑野百貨店,10195015,00,,,,,,020,東京支店,10D100100,売上高,,,10195015,01,,10,,,,6月1日～6月30日分売上,,,,,,,
,,,,,20210630,121,,,000,共通部門,131,売掛金,2,株式会社桜丘百貨店,14067110,00,,,,,,020,東京支店,10D100100,売上高,,,14067110,01,,10,,,,6月1日～6月30日分売上,,,,,,,
,,,,,20210630,121,,,000,共通部門,131,売掛金,30,株式会社彩雲トレーディング,1019738,00,,,,,,020,東京支店,10D100100,売上高,,,1019738,01,,10,,,,6月1日～6月30日分売上,,,,,,,
,,,,,20210630,121,,,000,共通部門,131,売掛金,24,白峰商事株式会社,602808,00,,,,,,020,東京支店,10D100100,売上高,,,602808,01,,10,,,,6月1日～6月30日分売上,,,,,,,
,,,,,20210630,121,,,000,共通部門,131,売掛金,11,株式会社楓屋,603296,00,,,,,,020,東京支店,10D100100,売上高,,,603296,01,,10,,,,6月1日～6月30日分売上,,,,,,,
,,,,,20210630,121,,,000,共通部門,131,売掛金,13,星川商事株式会社,1101380,00,,,,,,020,東京支店,10D100100,売上高,,,1101380,01,,10,,,,6月1日～6月30日分売上,,,,,,,
,,,,,20210630,121,,,000,共通部門,131,売掛金,14,株式会社花咲商事,1903676,00,,,,,,020,東京支店,10D100100,売上高,,,1903676,01,,10,,,,6月1日～6月30日分売上,,,,,,,
,,,,,20210630,121,,,000,共通部門,131,売掛金,10,合同会社こもれび商事,372176,00,,,,,,020,東京支店,10D100100,売上高,,,372176,01,,10,,,,6月1日～6月30日分売上,,,,,,,
,,,,,20210630,121,,,000,共通部門,131,売掛金,26,若松販売株式会社,763160,00,,,,,,020,東京支店,10D100100,売上高,,,763160,01,,10,,,,6月1日～6月30日分売上,,,,,,,
,,,,,20210630,121,,,020,東京支店,10D100110,売上値引戻り高,,,40500,01,,10,,,,000,共通部門,131,売掛金,2,株式会社桜丘百貨店,40500,00,,,,,,6月1日～6月30日分売上,,,,,,,
,,,,,20210630,121,,,020,東京支店,10D100110,売上値引戻り高,,,64752,01,,10,,,,000,共通部門,131,売掛金,12,株式会社緑野百貨店,64752,00,,,,,,6月1日～6月30日分売上,,,,,,,
,,,,,20210630,122,,,000,共通部門,131,売掛金,27,晴海物産株式会社,799276,00,,,,,,030,名古屋支店,10D100100,売上高,,,799276,01,,10,,,,6月1日～6月30日分売上,,,,,,,
,,,,,20210630,122,,,000,共通部門,131,売掛金,7,株式会社光彩堂商事,1108544,00,,,,,,030,名古屋支店,10D100100,売上高,,,1108544,01,,10,,,,6月1日～6月30日分売上,,,,,,,
,,,,,20210630,122,,,000,共通部門,131,売掛金,6,株式会社瑞穂流通,893412,00,,,,,,030,名古屋支店,10D100100,売上高,,,893412,01,,10,,,,6月1日～6月30日分売上,,,,,,,
,,,,,20210630,122,,,000,共通部門,131,売掛金,14,株式会社花咲商事,1472424,00,,,,,,030,名古屋支店,10D100100,売上高,,,1472424,01,,10,,,,6月1日～6月30日分売上,,,,,,,
,,,,,20210630,122,,,000,共通部門,131,売掛金,19,株式会社南風商会,804060,00,,,,,,030,名古屋支店,10D100100,売上高,,,804060,01,,10,,,,6月1日～6月30日分売上,,,,,,,
,,,,,20210630,122,,,000,共通部門,131,売掛金,21,合同会社つばさ商店,504450,00,,,,,,030,名古屋支店,10D100100,売上高,,,504450,01,,10,,,,6月1日～6月30日分売上,,,,,,,
,,,,,20210630,122,,,030,名古屋支店,10D100110,売上値引戻り高,,,23376,01,,10,,,,000,共通部門,131,売掛金,14,株式会社花咲商事,23376,00,,,,,,6月1日～6月30日分売上,,,,,,,
,,,,,20210630,123,,,000,共通部門,131,売掛金,20,清和商事株式会社,1016210,00,,,,,,040,大阪支店,10D100100,売上高,,,1016210,01,,10,,,,6月1日～6月30日分売上,,,,,,,
,,,,,20210630,123,,,000,共通部門,131,売掛金,28,株式会社青葉百貨店,5645572,00,,,,,,040,大阪支店,10D100100,売上高,,,5645572,01,,10,,,,6月1日～6月30日分売上,,,,,,,
,,,,,20210630,123,,,000,共通部門,131,売掛金,4,株式会社ひなたマート,908128,00,,,,,,040,大阪支店,10D100100,売上高,,,908128,01,,10,,,,6月1日～6月30日分売上,,,,,,,
,,,,,20210630,123,,,000,共通部門,131,売掛金,14,株式会社花咲商事,2319041,00,,,,,,040,大阪支店,10D100100,売上高,,,2319041,01,,10,,,,6月1日～6月30日分売上,,,,,,,
,,,,,20210630,123,,,000,共通部門,131,売掛金,23,株式会社杉の木商店,859929,00,,,,,,040,大阪支店,10D100100,売上高,,,859929,01,,10,,,,6月1日～6月30日分売上,,,,,,,
,,,,,20210630,123,,,000,共通部門,131,売掛金,8,株式会社高原マーケット,746892,00,,,,,,040,大阪支店,10D100100,売上高,,,746892,01,,10,,,,6月1日～6月30日分売上,,,,,,,
,,,,,20210630,123,,,000,共通部門,131,売掛金,3,青凪商事株式会社,335052,00,,,,,,040,大阪支店,10D100100,売上高,,,335052,01,,10,,,,6月1日～6月30日分売上,,,,,,,
,,,,,20210630,123,,,000,共通部門,131,売掛金,9,朝凪物産株式会社,746304,00,,,,,,040,大阪支店,10D100100,売上高,,,746304,01,,10,,,,6月1日～6月30日分売上,,,,,,,
,,,,,20210630,123,,,040,大阪支店,10D100110,売上値引戻り高,,,28800,01,,10,,,,000,共通部門,131,売掛金,4,株式会社ひなたマート,28800,00,,,,,,6月1日～6月30日分売上,,,,,,,
,,,,,20210630,123,,,040,大阪支店,10D100110,売上値引戻り高,,,26496,01,,10,,,,000,共通部門,131,売掛金,28,株式会社青葉百貨店,26496,00,,,,,,6月1日～6月30日分売上,,,,,,,
,,,,,20210630,124,,,000,共通部門,131,売掛金,14,株式会社花咲商事,1335240,00,,,,,,050,九州営業所,10D100100,売上高,,,1335240,01,,10,,,,6月1日～6月30日分売上,,,,,,,
,,,,,20210630,124,,,000,共通部門,131,売掛金,29,株式会社小春サービス,404352,00,,,,,,050,九州営業所,10D100100,売上高,,,404352,01,,10,,,,6月1日～6月30日分売上,,,,,,,
,,,,,20210630,124,,,000,共通部門,131,売掛金,1,株式会社若葉百貨店,1221480,00,,,,,,050,九州営業所,10D100100,売上高,,,1221480,01,,10,,,,6月1日～6月30日分売上,,,,,,,
,,,,,20210630,124,,,000,共通部門,131,売掛金,22,株式会社豊原産業,915480,00,,,,,,050,九州営業所,10D100100,売上高,,,915480,01,,10,,,,6月1日～6月30日分売上,,,,,,,
,,,,,20210630,124,,,050,九州営業所,10D100110,売上値引戻り高,,,21600,01,,10,,,,000,共通部門,131,売掛金,1,株式会社若葉百貨店,21600,00,,,,,,6月1日～6月30日分売上,,,,,,,
,,,,,20210630,125,,,000,共通部門,10A100020-3,普通預金,40,JKL銀行 梅田,1273800,00,,,,,,000,共通部門,131,売掛金,4,株式会社ひなたマート,1273800,00,,,,,,6月30日伝票No248株式会社ひなたマート,,,,,,,
,,,,,20210630,125,,,040,大阪支店,512,支払手数料,,,840,31,,10,,,,000,共通部門,131,売掛金,4,株式会社ひなたマート,840,00,,,,,,6月30日伝票No248株式会社ひなたマート,,,,,,,
,,,,,20210630,126,,,000,共通部門,10A100020-3,普通預金,10,DEF銀行 駅前,1203760,00,,,,,,000,共通部門,131,売掛金,5,東雲商会株式会社,1203760,00,,,,,,6月30日伝票No249東雲商会株式会社,,,,,,,
,,,,,20210630,126,,,010,札幌営業所,512,支払手数料,,,840,31,,10,,,,000,共通部門,131,売掛金,5,東雲商会株式会社,840,00,,,,,,6月30日伝票No249東雲商会株式会社,,,,,,,
,,,,,20210630,127,,,000,共通部門,130,受取手形,,,8000694,00,,,,,,000,共通部門,131,売掛金,12,株式会社緑野百貨店,8000694,00,,,,,,6月30日伝票No250株式会社緑野百貨店 | 売上伝票=20210531-115;手形番号=R20210630-127-12,,,,,,,
,,,,,20210630,128,,,010,札幌営業所,526,租税公課,,,4000,00,,,,,,000,共通部門,100,現金,,,4000,00,,,,,,収入印紙,,,,,,,
,,,,,20210630,128,,,000,共通部門,10A100020-3,普通預金,20,ABC銀行 本店,729494,00,,,,,,000,共通部門,131,売掛金,24,白峰商事株式会社,729494,00,,,,,,6月30日伝票No251白峰商事株式会社,,,,,,,
,,,,,20210630,128,,,020,東京支店,512,支払手数料,,,630,31,,10,,,,000,共通部門,131,売掛金,24,白峰商事株式会社,630,00,,,,,,6月30日伝票No251白峰商事株式会社,,,,,,,
,,,,,20210630,129,,,000,共通部門,10A100020-3,普通預金,50,MNO銀行 北九州,843450,00,,,,,,000,共通部門,131,売掛金,29,株式会社小春サービス,843450,00,,,,,,6月30日伝票No252株式会社小春サービス,,,,,,,
,,,,,20210630,129,,,050,九州営業所,512,支払手数料,,,210,31,,10,,,,000,共通部門,131,売掛金,29,株式会社小春サービス,210,00,,,,,,6月30日伝票No252株式会社小春サービス,,,,,,,
,,,,,20210630,130,,,000,共通部門,100,現金,,,560672,00,,,,,,000,共通部門,131,売掛金,10,合同会社こもれび商事,560672,00,,,,,,6月30日伝票No452合同会社こもれび商事,,,,,,,
,,,,,20210630,131,,,010,札幌営業所,461,仕入高,,,77565,31,,10,,,,000,共通部門,201,買掛金,2,株式会社双葉物産,77565,00,,,,,,6月1日～6月30日分仕入,,,,,,,
,,,,,20210630,131,,,010,札幌営業所,461,仕入高,,,49392,31,,10,,,,000,共通部門,201,買掛金,8,株式会社白樺商事,49392,00,,,,,,6月1日～6月30日分仕入,,,,,,,
,,,,,20210630,132,,,020,東京支店,461,仕入高,,,4187544,31,,10,,,,000,共通部門,201,買掛金,11,株式会社花園商会,4187544,00,,,,,,6月1日～6月30日分仕入,,,,,,,
,,,,,20210630,132,,,020,東京支店,461,仕入高,,,5813524,31,,10,,,,000,共通部門,201,買掛金,1,株式会社北辰商事,5813524,00,,,,,,6月1日～6月30日分仕入,,,,,,,
,,,,,20210630,132,,,020,東京支店,461,仕入高,,,2864586,31,,10,,,,000,共通部門,201,買掛金,14,合同会社あかね商会,2864586,00,,,,,,6月1日～6月30日分仕入,,,,,,,
,,,,,20210630,132,,,020,東京支店,461,仕入高,,,3136658,31,,10,,,,000,共通部門,201,買掛金,3,青凪商事株式会社,3136658,00,,,,,,6月1日～6月30日分仕入,,,,,,,
,,,,,20210630,132,,,020,東京支店,461,仕入高,,,1224976,31,,10,,,,000,共通部門,201,買掛金,13,朝日野産業株式会社,1224976,00,,,,,,6月1日～6月30日分仕入,,,,,,,
,,,,,20210630,132,,,000,共通部門,201,買掛金,13,朝日野産業株式会社,14784,00,,,,,,020,東京支店,10E100120,仕入値引戻し高,,,14784,31,,10,,,,6月1日～6月30日分仕入,,,,,,,
,,,,,20210630,132,,,020,東京支店,461,仕入高,,,316537,31,,10,,,,000,共通部門,201,買掛金,12,株式会社泉川商事,316537,00,,,,,,6月1日～6月30日分仕入,,,,,,,
,,,,,20210630,132,,,000,共通部門,201,買掛金,11,株式会社花園商会,67512,00,,,,,,020,東京支店,10E100120,仕入値引戻し高,,,67512,31,,10,,,,6月1日～6月30日分仕入,,,,,,,
,,,,,20210630,132,,,020,東京支店,461,仕入高,,,222264,31,,10,,,,000,共通部門,201,買掛金,8,株式会社白樺商事,222264,00,,,,,,6月1日～6月30日分仕入,,,,,,,
,,,,,20210630,132,,,000,共通部門,201,買掛金,3,青凪商事株式会社,20580,00,,,,,,020,東京支店,10E100120,仕入値引戻し高,,,20580,31,,10,,,,6月1日～6月30日分仕入,,,,,,,
,,,,,20210630,132,,,020,東京支店,461,仕入高,,,616209,31,,10,,,,000,共通部門,201,買掛金,2,株式会社双葉物産,616209,00,,,,,,6月1日～6月30日分仕入,,,,,,,
,,,,,20210630,133,,,030,名古屋支店,461,仕入高,,,3490290,31,,10,,,,000,共通部門,201,買掛金,7,株式会社夕凪商会,3490290,00,,,,,,6月1日～6月30日分仕入,,,,,,,
,,,,,20210630,133,,,030,名古屋支店,461,仕入高,,,1712425,31,,10,,,,000,共通部門,201,買掛金,9,東原産業株式会社,1712425,00,,,,,,6月1日～6月30日分仕入,,,,,,,
,,,,,20210630,133,,,030,名古屋支店,461,仕入高,,,1109128,31,,10,,,,000,共通部門,201,買掛金,15,株式会社麦穂商事,1109128,00,,,,,,6月1日～6月30日分仕入,,,,,,,
,,,,,20210630,133,,,030,名古屋支店,461,仕入高,,,116346,31,,10,,,,000,共通部門,201,買掛金,2,株式会社双葉物産,116346,00,,,,,,6月1日～6月30日分仕入,,,,,,,
,,,,,20210630,133,,,030,名古屋支店,461,仕入高,,,24696,31,,10,,,,000,共通部門,201,買掛金,8,株式会社白樺商事,24696,00,,,,,,6月1日～6月30日分仕入,,,,,,,
,,,,,20210630,133,,,000,共通部門,201,買掛金,7,株式会社夕凪商会,42806,00,,,,,,030,名古屋支店,10E100120,仕入値引戻し高,,,42806,31,,10,,,,6月1日～6月30日分仕入,,,,,,,
,,,,,20210630,134,,,040,大阪支店,461,仕入高,,,3040340,31,,10,,,,000,共通部門,201,買掛金,10,光野販売株式会社,3040340,00,,,,,,6月1日～6月30日分仕入,,,,,,,
,,,,,20210630,134,,,040,大阪支店,461,仕入高,,,3482789,31,,10,,,,000,共通部門,201,買掛金,6,株式会社日向産業,3482789,00,,,,,,6月1日～6月30日分仕入,,,,,,,
,,,,,20210630,134,,,040,大阪支店,461,仕入高,,,3702978,31,,10,,,,000,共通部門,201,買掛金,5,千草商事株式会社,3702978,00,,,,,,6月1日～6月30日分仕入,,,,,,,
,,,,,20210630,134,,,040,大阪支店,461,仕入高,,,888656,31,,10,,,,000,共通部門,201,買掛金,4,株式会社和泉流通,888656,00,,,,,,6月1日～6月30日分仕入,,,,,,,
,,,,,20210630,134,,,040,大阪支店,461,仕入高,,,349042,31,,10,,,,000,共通部門,201,買掛金,2,株式会社双葉物産,349042,00,,,,,,6月1日～6月30日分仕入,,,,,,,
,,,,,20210630,134,,,000,共通部門,201,買掛金,10,光野販売株式会社,20160,00,,,,,,040,大阪支店,10E100120,仕入値引戻し高,,,20160,31,,10,,,,6月1日～6月30日分仕入,,,,,,,
,,,,,20210630,134,,,040,大阪支店,461,仕入高,,,44452,31,,10,,,,000,共通部門,201,買掛金,8,株式会社白樺商事,44452,00,,,,,,6月1日～6月30日分仕入,,,,,,,
,,,,,20210630,134,,,000,共通部門,201,買掛金,5,千草商事株式会社,22596,00,,,,,,040,大阪支店,10E100120,仕入値引戻し高,,,22596,31,,10,,,,6月1日～6月30日分仕入,,,,,,,
,,,,,20210630,134,,,000,共通部門,201,買掛金,6,株式会社日向産業,23436,00,,,,,,040,大阪支店,10E100120,仕入値引戻し高,,,23436,31,,10,,,,6月1日～6月30日分仕入,,,,,,,
,,,,,20210630,135,,,050,九州営業所,461,仕入高,,,137893,31,,10,,,,000,共通部門,201,買掛金,2,株式会社双葉物産,137893,00,,,,,,6月1日～6月30日分仕入,,,,,,,
,,,,,20210630,135,,,050,九州営業所,461,仕入高,,,49392,31,,10,,,,000,共通部門,201,買掛金,8,株式会社白樺商事,49392,00,,,,,,6月1日～6月30日分仕入,,,,,,,
,,,,,20210630,136,,,000,共通部門,201,買掛金,2,株式会社双葉物産,1295468,00,,,,,,000,共通部門,10A100020-3,普通預金,20,ABC銀行 本店,1295468,00,,,,,,6月30日伝票No161株式会社双葉物産,,,,,,,
,,,,,20210630,137,,,040,大阪支店,10E201270,雑費,,,6000,31,,10,,,,000,共通部門,204,未払金,,,6000,00,,,,,,有線,,,,,,,
,,,,,20210630,137,,,040,大阪支店,10E201270,雑費,,,42858,31,,10,,,,000,共通部門,204,未払金,,,42858,00,,,,,,警備料,,,,,,,
,,,,,20210630,137,,,040,大阪支店,10E201120,車両費,,,53315,31,,10,,,,000,共通部門,10A100020-3,普通預金,40,JKL銀行 梅田,53315,00,,,,,,高速料,,,,,,,
,,,,,20210630,137,,,040,大阪支店,10E201270,雑費,,,73500,31,,10,,,,000,共通部門,204,未払金,,,73500,00,,,,,,清掃料,,,,,,,
,,,,,20210630,137,,,000,共通部門,201,買掛金,5,千草商事株式会社,3722134,00,,,,,,000,共通部門,10B100030,支払手形,,,3722134,00,,,,,,6月30日伝票No162千草商事株式会社,,,,,,,
,,,,,20210630,138,,,000,共通部門,201,買掛金,7,株式会社夕凪商会,3532422,00,,,,,,000,共通部門,10A100020-3,普通預金,20,ABC銀行 本店,3532422,00,,,,,,6月30日伝票No163株式会社夕凪商会,,,,,,,
,,,,,20210630,139,,,000,共通部門,201,買掛金,9,東原産業株式会社,1759143,00,,,,,,000,共通部門,10B100030,支払手形,,,1759143,00,,,,,,6月30日伝票No164東原産業株式会社,,,,,,,
,,,,,20210630,140,,,000,共通部門,201,買掛金,10,光野販売株式会社,2974673,00,,,,,,000,共通部門,10B100030,支払手形,,,2974673,00,,,,,,6月30日伝票No165光野販売株式会社,,,,,,,
,,,,,20210630,141,,,000,共通部門,201,買掛金,12,株式会社泉川商事,330220,00,,,,,,000,共通部門,10A100020-3,普通預金,20,ABC銀行 本店,330220,00,,,,,,6月30日伝票No166株式会社泉川商事,,,,,,,
,,,,,20210630,142,,,000,共通部門,201,買掛金,13,朝日野産業株式会社,1263652,00,,,,,,000,共通部門,10A100020-3,普通預金,20,ABC銀行 本店,1263652,00,,,,,,6月30日伝票No167朝日野産業株式会社,,,,,,,
,,,,,20210630,143,,,000,共通部門,201,買掛金,14,合同会社あかね商会,2895984,00,,,,,,000,共通部門,10A100020-3,普通預金,20,ABC銀行 本店,2895984,00,,,,,,6月30日伝票No168合同会社あかね商会,,,,,,,
,,,,,20210630,144,,,000,共通部門,201,買掛金,15,株式会社麦穂商事,1154355,00,,,,,,000,共通部門,10A100020-3,普通預金,20,ABC銀行 本店,1154355,00,,,,,,6月30日伝票No169株式会社麦穂商事,,,,,,,
,,,,,20210630,144,,,000,共通部門,10A100020-2,当座預金,1,ABC銀行,7862107,00,,,,,,000,共通部門,130,受取手形,,,7862107,00,,,,,,手形満期 株式会社青葉百貨店 | 手形番号=R20210410-258-28,,,,,,,
,,,,,20210630,145,,,050,九州営業所,10E200870,運賃,,,142450,31,,10,,,,000,共通部門,204,未払金,,,142450,00,,,,,,運賃,,,,,,,
,,,,,20210630,145,,,000,共通部門,10A100020-2,当座預金,1,ABC銀行,13932999,00,,,,,,000,共通部門,130,受取手形,,,13932999,00,,,,,,手形満期 株式会社桜丘百貨店 | 仮手形番号=U20210630-145-2;受取仕訳未特定,,,,,,,
,,,,,20210630,146,,,000,共通部門,10B100030,支払手形,,,4161432,00,,,,,,000,共通部門,10A100020-2,当座預金,1,ABC銀行,4161432,00,,,,,,手形期日落日 千草商事株式会社,,,,,,,
,,,,,20210630,146,,,000,共通部門,10B100030,支払手形,,,1798460,00,,,,,,000,共通部門,10A100020-2,当座預金,1,ABC銀行,1798460,00,,,,,,手形期日落日 東原産業株式会社,,,,,,,
,,,,,20210630,146,,,000,共通部門,10B100030,支払手形,,,3129144,00,,,,,,000,共通部門,10A100020-2,当座預金,1,ABC銀行,3129144,00,,,,,,手形期日落日 光野販売株式会社,,,,,,,
,,,,,20210630,151,,,000,共通部門,10A100020-3,普通預金,20,ABC銀行 本店,40000,00,,,,,,000,共通部門,10A100610,短期貸付金,,,40000,00,,,,,,貸付金返済,,,,,,,
,,,,,20210630,152,,,000,共通部門,10A100020-4,定期積金,,,500000,00,,,,,,000,共通部門,10A100020-3,普通預金,20,ABC銀行 本店,500000,00,,,,,,定期積立金,,,,,,,
,,,,,20210630,152,,,000,共通部門,10A230570,保険積立金,,,125000,00,,,,,,000,共通部門,10A100020-3,普通預金,20,ABC銀行 本店,125000,00,,,,,,保険積立金,,,,,,,
,,,,,20210630,153,,,000,共通部門,202,借入金,,,653500,00,,,,,,000,共通部門,10A100020-2,当座預金,1,ABC銀行,653500,00,,,,,,借入金返済,,,,,,,
,,,,,20210630,153,,,020,東京支店,10E300020,支払利息,,,32675,30,,,,,,000,共通部門,10A100020-2,当座預金,1,ABC銀行,32675,00,,,,,,利息,,,,,,,
,,,,,20210630,990003,,,010,札幌営業所,10E200130,賞与,,,110000,00,,,,,,010,札幌営業所,10B100320,賞与引当金,,,110000,00,,,,,,サンプル定義：賞与半年均等引当 202106 部門010,,,,,,,
,,,,,20210630,990003,,,020,東京支店,10E200130,賞与,,,261667,00,,,,,,020,東京支店,10B100320,賞与引当金,,,261667,00,,,,,,サンプル定義：賞与半年均等引当 202106 部門020,,,,,,,
,,,,,20210630,990003,,,030,名古屋支店,10E200130,賞与,,,102667,00,,,,,,030,名古屋支店,10B100320,賞与引当金,,,102667,00,,,,,,サンプル定義：賞与半年均等引当 202106 部門030,,,,,,,
,,,,,20210630,990003,,,040,大阪支店,10E200130,賞与,,,120333,00,,,,,,040,大阪支店,10B100320,賞与引当金,,,120333,00,,,,,,サンプル定義：賞与半年均等引当 202106 部門040,,,,,,,
,,,,,20210630,990003,,,050,九州営業所,10E200130,賞与,,,79000,00,,,,,,050,九州営業所,10B100320,賞与引当金,,,79000,00,,,,,,サンプル定義：賞与半年均等引当 202106 部門050,,,,,,,
,,,,,20210701,56,,,020,東京支店,522,旅費・交通費,,,19800,31,,10,,,,000,共通部門,100,現金,,,19800,00,,,,,,旅費,,,,,,,
,,,,,20210701,66,,,020,東京支店,10E200730,リース料,,,209850,31,,10,,,,000,共通部門,10A100020-3,普通預金,20,ABC銀行 本店,209850,00,,,,,,リース料,,,,,,,
,,,,,20210701,70,,,040,大阪支店,10E201270,雑費,,,458,31,,10,,,,000,共通部門,100,現金,,,458,00,,,,,,電池代,,,,,,,
,,,,,20210701,79,,,030,名古屋支店,10E200140,福利厚生費,,,35077,31,,10,,,,000,共通部門,100,現金,,,35077,00,,,,,,景品代,,,,,,,
,,,,,20210701,116,,,040,大阪支店,10E200730,リース料,,,84000,31,,10,,,,000,共通部門,10A100020-3,普通預金,40,JKL銀行 梅田,84000,00,,,,,,リース料,,,,,,,
,,,,,20210702,32,,,010,札幌営業所,10E201110,事務用消耗品費,,,2233,31,,10,,,,000,共通部門,204,未払金,,,2233,00,,,,,,事務用品費,,,,,,,
,,,,,20210702,142,,,040,大阪支店,10E201120,車両費,,,2458,31,,10,,,,000,共通部門,100,現金,,,2458,00,,,,,,洗車代,,,,,,,
,,,,,20210702,142,,,040,大阪支店,10E201120,車両費,,,6229,31,,10,,,,000,共通部門,100,現金,,,6229,00,,,,,,ガソリン代,,,,,,,
,,,,,20210702,142,,,040,大阪支店,10E201120,車両費,,,3086,31,,10,,,,000,共通部門,100,現金,,,3086,00,,,,,,高速代,,,,,,,
,,,,,20210702,142,,,040,大阪支店,10E201120,車両費,,,477,31,,10,,,,000,共通部門,100,現金,,,477,00,,,,,,高速代,,,,,,,
,,,,,20210702,142,,,040,大阪支店,10E201120,車両費,,,8097,31,,10,,,,000,共通部門,100,現金,,,8097,00,,,,,,高速代,,,,,,,
,,,,,20210702,142,,,040,大阪支店,10E201120,車両費,,,3858,31,,10,,,,000,共通部門,100,現金,,,3858,00,,,,,,ガソリン代,,,,,,,
,,,,,20210702,151,,,040,大阪支店,521,接待交際費,,,6143,31,,10,,,,000,共通部門,100,現金,,,6143,00,,,,,,食事代 架空店舗027 2名,,,,,,,
,,,,,20210702,151,,,040,大阪支店,521,接待交際費,,,8912,31,,10,,,,000,共通部門,100,現金,,,8912,00,,,,,,食事代 架空店舗007 4名,,,,,,,
,,,,,20210703,19,,,010,札幌営業所,522,旅費・交通費,,,10450,31,,10,,,,000,共通部門,100,現金,,,10450,00,,,,,,旅費,,,,,,,
,,,,,20210703,80,,,030,名古屋支店,522,旅費・交通費,,,6500,31,,10,,,,000,共通部門,100,現金,,,6500,00,,,,,,タクシー代,,,,,,,
,,,,,20210703,134,,,030,名古屋支店,10E201110,事務用消耗品費,,,13780,31,,10,,,,000,共通部門,100,現金,,,13780,00,,,,,,用紙,,,,,,,
,,,,,20210704,10,,,010,札幌営業所,10E201120,車両費,,,7320,31,,10,,,,000,共通部門,100,現金,,,7320,00,,,,,,ガソリン代,,,,,,,
,,,,,20210704,41,,,020,東京支店,521,接待交際費,,,12000,31,,10,,,,000,共通部門,100,現金,,,12000,00,,,,,,結婚式会費,,,,,,,
,,,,,20210704,73,,,020,東京支店,521,接待交際費,,,14630,31,,10,,,,000,共通部門,100,現金,,,14630,00,,,,,,飲食代 架空店舗011,,,,,,,
,,,,,20210704,82,,,030,名古屋支店,10E201120,車両費,,,18900,31,,10,,,,000,共通部門,204,未払金,,,18900,00,,,,,,ガソリン代,,,,,,,
,,,,,20210705,18,,,010,札幌営業所,522,旅費・交通費,,,24500,31,,10,,,,000,共通部門,100,現金,,,24500,00,,,,,,航空券,,,,,,,
,,,,,20210705,42,,,020,東京支店,521,接待交際費,,,1575,31,,10,,,,000,共通部門,100,現金,,,1575,00,,,,,,コーヒー代3名,,,,,,,
,,,,,20210705,87,,,000,共通部門,10A100020-3,普通預金,50,MNO銀行 北九州,905008,00,,,,,,000,共通部門,131,売掛金,22,株式会社豊原産業,905008,00,,,,,,7月5日伝票No253株式会社豊原産業,,,,,,,
,,,,,20210705,87,,,050,九州営業所,10D100110-2,売上割戻し高,,,10000,01,,10,,,,000,共通部門,131,売掛金,22,株式会社豊原産業,10000,00,,,,,,7月5日伝票No253株式会社豊原産業,,,,,,,
,,,,,20210705,87,,,050,九州営業所,512,支払手数料,,,472,31,,10,,,,000,共通部門,131,売掛金,22,株式会社豊原産業,472,00,,,,,,7月5日伝票No253株式会社豊原産業,,,,,,,
,,,,,20210705,88,,,000,共通部門,10A100020-3,普通預金,20,ABC銀行 本店,762688,00,,,,,,000,共通部門,131,売掛金,26,若松販売株式会社,762688,00,,,,,,7月5日伝票No254若松販売株式会社,,,,,,,
,,,,,20210705,88,,,020,東京支店,512,支払手数料,,,472,31,,10,,,,000,共通部門,131,売掛金,26,若松販売株式会社,472,00,,,,,,7月5日伝票No254若松販売株式会社,,,,,,,
,,,,,20210705,89,,,000,共通部門,10A100020-3,普通預金,30,GHI銀行 名古屋,799276,00,,,,,,000,共通部門,131,売掛金,27,晴海物産株式会社,799276,00,,,,,,7月5日伝票No255晴海物産株式会社,,,,,,,
,,,,,20210705,133,,,020,東京支店,10E200600,支払報酬,,,139710,31,,10,,,,000,共通部門,10A100020-3,普通預金,20,ABC銀行 本店,139710,00,,,,,,税理士報酬,,,,,,,
,,,,,20210706,7,,,010,札幌営業所,521,接待交際費,,,5543,31,,10,,,,000,共通部門,100,現金,,,5543,00,,,,,,食事代 架空店舗046 2名,,,,,,,
,,,,,20210706,7,,,010,札幌営業所,521,接待交際費,,,1048,31,,10,,,,000,共通部門,100,現金,,,1048,00,,,,,,コーヒー代2名,,,,,,,
,,,,,20210706,43,,,020,東京支店,521,接待交際費,,,7140,31,,10,,,,000,共通部門,100,現金,,,7140,00,,,,,,昼食代 架空店舗054 3名,,,,,,,
,,,,,20210706,94,,,030,名古屋支店,10E201270,雑費,,,3102,31,,10,,,,000,共通部門,100,現金,,,3102,00,,,,,,トイレットペーパー代,,,,,,,
,,,,,20210706,110,,,040,大阪支店,522,旅費・交通費,,,2290,31,,10,,,,000,共通部門,100,現金,,,2290,00,,,,,,タクシー代,,,,,,,
,,,,,20210706,156,,,050,九州営業所,522,旅費・交通費,,,12000,31,,10,,,,000,共通部門,100,現金,,,12000,00,,,,,,出張旅費,,,,,,,
,,,,,20210707,21,,,010,札幌営業所,522,旅費・交通費,,,69500,31,,10,,,,000,共通部門,100,現金,,,69500,00,,,,,,架空鉄道会社A代,,,,,,,
,,,,,20210707,22,,,010,札幌営業所,522,旅費・交通費,,,50000,31,,10,,,,000,共通部門,100,現金,,,50000,00,,,,,,旅費,,,,,,,
,,,,,20210707,50,,,020,東京支店,10E201120,車両費,,,12000,31,,10,,,,000,共通部門,100,現金,,,12000,00,,,,,,ガソリン代,,,,,,,
,,,,,20210708,20,,,010,札幌営業所,522,旅費・交通費,,,42000,31,,10,,,,000,共通部門,100,現金,,,42000,00,,,,,,旅費,,,,,,,
,,,,,20210708,68,,,010,札幌営業所,10E201270,雑費,,,2361,31,,10,,,,000,共通部門,100,現金,,,2361,00,,,,,,トイレットペーパー他,,,,,,,
,,,,,20210708,76,,,020,東京支店,10E200140,福利厚生費,,,61050,31,,10,,,,000,共通部門,204,未払金,,,61050,00,,,,,,景品代,,,,,,,
,,,,,20210708,103,,,040,大阪支店,521,接待交際費,,,2210,31,,10,,,,000,共通部門,100,現金,,,2210,00,,,,,,コーヒー代4名,,,,,,,
,,,,,20210708,147,,,050,九州営業所,10E201120,車両費,,,5412,31,,10,,,,000,共通部門,204,未払金,,,5412,00,,,,,,ガソリン代,,,,,,,
,,,,,20210708,147,,,050,九州営業所,10E201120,車両費,,,4858,31,,10,,,,000,共通部門,204,未払金,,,4858,00,,,,,,高速代,,,,,,,
,,,,,20210708,147,,,050,九州営業所,10E201120,車両費,,,572,31,,10,,,,000,共通部門,204,未払金,,,572,00,,,,,,駐車代,,,,,,,
,,,,,20210708,150,,,050,九州営業所,521,接待交際費,,,18240,31,,10,,,,000,共通部門,100,現金,,,18240,00,,,,,,ゴルフプレー代2名,,,,,,,
,,,,,20210708,157,,,050,九州営業所,522,旅費・交通費,,,45000,31,,10,,,,000,共通部門,10A100020-3,普通預金,50,MNO銀行 北九州,45000,00,,,,,,航空券代,,,,,,,
,,,,,20210709,79,,,050,九州営業所,10E201120,車両費,,,3519,31,,10,,,,000,共通部門,100,現金,,,3519,00,,,,,,ガソリン代,,,,,,,
,,,,,20210709,143,,,040,大阪支店,10E201120,車両費,,,40000,31,,10,,,,000,共通部門,100,現金,,,40000,00,,,,,,点検作業料,,,,,,,
,,,,,20210710,33,,,010,札幌営業所,528,地代・家賃,,,320000,31,,10,,,,000,共通部門,10A100020-3,普通預金,10,DEF銀行 駅前,320000,00,,,,,,家賃支払い,,,,,,,
,,,,,20210710,33,,,010,札幌営業所,523,通信費,,,155351,31,,10,,,,000,共通部門,10A100020-3,普通預金,10,DEF銀行 駅前,155351,00,,,,,,電話代,,,,,,,
,,,,,20210710,57,,,020,東京支店,522,旅費・交通費,,,78074,31,,10,,,,000,共通部門,100,現金,,,78074,00,,,,,,架空鉄道会社A代,,,,,,,
,,,,,20210710,65,,,040,大阪支店,528,地代・家賃,,,840000,31,,10,,,,000,共通部門,10A100020-3,普通預金,40,JKL銀行 梅田,840000,00,,,,,,家賃支払,,,,,,,
,,,,,20210710,67,,,010,札幌営業所,10E201270,雑費,,,5000,31,,10,,,,000,共通部門,204,未払金,,,5000,00,,,,,,有線,,,,,,,
,,,,,20210710,67,,,010,札幌営業所,10E201270,雑費,,,34286,31,,10,,,,000,共通部門,204,未払金,,,34286,00,,,,,,警備料,,,,,,,
,,,,,20210710,69,,,000,共通部門,208,預り金,3,源泉税,585612,00,,,,,,000,共通部門,10A100020-3,普通預金,20,ABC銀行 本店,585612,00,,,,,,源泉税支払,,,,,,,
,,,,,20210710,69,,,000,共通部門,208,預り金,2,住民税,295800,00,,,,,,000,共通部門,10A100020-3,普通預金,20,ABC銀行 本店,295800,00,,,,,,住民税支払,,,,,,,
,,,,,20210710,85,,,030,名古屋支店,523,通信費,,,83624,31,,10,,,,000,共通部門,10A100020-3,普通預金,30,GHI銀行 名古屋,83624,00,,,,,,電話代,,,,,,,
,,,,,20210710,90,,,000,共通部門,10A100020-3,普通預金,30,GHI銀行 名古屋,803325,00,,,,,,000,共通部門,131,売掛金,19,株式会社南風商会,803325,00,,,,,,7月10日伝票No256株式会社南風商会,,,,,,,
,,,,,20210710,90,,,030,名古屋支店,512,支払手数料,,,735,31,,10,,,,000,共通部門,131,売掛金,19,株式会社南風商会,735,00,,,,,,7月10日伝票No256株式会社南風商会,,,,,,,
,,,,,20210710,91,,,000,共通部門,130,受取手形,,,5619076,00,,,,,,000,共通部門,131,売掛金,28,株式会社青葉百貨店,5619076,00,,,,,,7月10日伝票No257株式会社青葉百貨店 | 売上伝票=20210630-123;手形番号=R20210710-91-28,,,,,,,
,,,,,20210710,92,,,000,共通部門,201,買掛金,3,青凪商事株式会社,335052,00,,,,,,000,共通部門,131,売掛金,3,青凪商事株式会社,335052,00,,,,,,7月10日伝票No475青凪商事株式会社,,,,,,,
,,,,,20210710,93,,,000,共通部門,10A100020-3,普通預金,20,ABC銀行 本店,8476309,00,,,,,,000,共通部門,131,売掛金,14,株式会社花咲商事,8476309,00,,,,,,7月10日伝票No497株式会社花咲商事東京本社,,,,,,,
,,,,,20210710,93,,,020,東京支店,512,支払手数料,,,840,31,,10,,,,000,共通部門,131,売掛金,14,株式会社花咲商事,840,00,,,,,,7月10日伝票No497株式会社花咲商事東京本社,,,,,,,
,,,,,20210710,94,,,000,共通部門,201,買掛金,3,青凪商事株式会社,2781026,00,,,,,,000,共通部門,10B100030,支払手形,,,2781026,00,,,,,,7月10日伝票No170青凪商事株式会社,,,,,,,
,,,,,20210710,95,,,000,共通部門,201,買掛金,8,株式会社白樺商事,406425,00,,,,,,000,共通部門,10A100020-3,普通預金,20,ABC銀行 本店,406425,00,,,,,,7月10日伝票No171株式会社白樺商事,,,,,,,
,,,,,20210710,96,,,020,東京支店,528,地代・家賃,,,1260000,31,,10,,,,000,共通部門,10A100020-3,普通預金,20,ABC銀行 本店,1260000,00,,,,,,家賃支払,,,,,,,
,,,,,20210710,112,,,040,大阪支店,523,通信費,,,246816,31,,10,,,,000,共通部門,10A100020-3,普通預金,40,JKL銀行 梅田,246816,00,,,,,,電話代,,,,,,,
,,,,,20210710,129,,,030,名古屋支店,528,地代・家賃,,,399000,31,,10,,,,000,共通部門,10A100020-3,普通預金,30,GHI銀行 名古屋,399000,00,,,,,,家賃支払い,,,,,,,
,,,,,20210710,138,,,000,共通部門,10B100030,支払手形,,,7368349,00,,,,,,000,共通部門,10A100020-2,当座預金,1,ABC銀行,7368349,00,,,,,,手形期日落日 青凪商事株式会社,,,,,,,
,,,,,20210710,152,,,050,九州営業所,521,接待交際費,,,1570,31,,10,,,,000,共通部門,100,現金,,,1570,00,,,,,,コーヒー代2名,,,,,,,
,,,,,20210710,162,,,020,東京支店,10E201130,会議費,,,24995,31,,10,,,,000,共通部門,100,現金,,,24995,00,,,,,,会議　食事代,,,,,,,
,,,,,20210710,167,,,050,九州営業所,528,地代・家賃,,,600000,31,,10,,,,000,共通部門,10A100020-3,普通預金,50,MNO銀行 北九州,600000,00,,,,,,家賃支払い,,,,,,,
,,,,,20210710,167,,,050,九州営業所,523,通信費,,,158107,31,,10,,,,000,共通部門,10A100020-3,普通預金,50,MNO銀行 北九州,158107,00,,,,,,電話代,,,,,,,
,,,,,20210710,168,,,050,九州営業所,10E201270,雑費,,,6000,31,,10,,,,000,共通部門,204,未払金,,,6000,00,,,,,,有線,,,,,,,
,,,,,20210710,168,,,050,九州営業所,10E201270,雑費,,,42858,31,,10,,,,000,共通部門,204,未払金,,,42858,00,,,,,,警備料,,,,,,,
,,,,,20210711,23,,,010,札幌営業所,522,旅費・交通費,,,34953,31,,10,,,,000,共通部門,100,現金,,,34953,00,,,,,,旅費,,,,,,,
,,,,,20210711,23,,,010,札幌営業所,522,旅費・交通費,,,27334,31,,10,,,,000,共通部門,100,現金,,,27334,00,,,,,,旅費,,,,,,,
,,,,,20210711,23,,,010,札幌営業所,522,旅費・交通費,,,55912,31,,10,,,,000,共通部門,100,現金,,,55912,00,,,,,,旅費,,,,,,,
,,,,,20210711,61,,,000,共通部門,100,現金,,,2000000,00,,,,,,000,共通部門,10A100020-2,当座預金,1,ABC銀行,2000000,00,,,,,,引き出し,,,,,,,
,,,,,20210711,69,,,020,東京支店,10E201270,雑費,,,760,31,,10,,,,000,共通部門,100,現金,,,760,00,,,,,,トイレットペーパー代,,,,,,,
,,,,,20210711,69,,,020,東京支店,10E201270,雑費,,,805,31,,10,,,,000,共通部門,100,現金,,,805,00,,,,,,洗剤代,,,,,,,
,,,,,20210712,58,,,020,東京支店,522,旅費・交通費,,,59870,31,,10,,,,000,共通部門,100,現金,,,59870,00,,,,,,旅費,,,,,,,
,,,,,20210712,74,,,020,東京支店,521,接待交際費,,,8690,31,,10,,,,000,共通部門,100,現金,,,8690,00,,,,,,食事代 架空店舗030 4名,,,,,,,
,,,,,20210712,81,,,030,名古屋支店,522,旅費・交通費,,,20500,31,,10,,,,000,共通部門,100,現金,,,20500,00,,,,,,旅費,,,,,,,
,,,,,20210712,149,,,030,名古屋支店,521,接待交際費,,,10000,31,,10,,,,000,共通部門,100,現金,,,10000,00,,,,,,香典代,,,,,,,
,,,,,20210714,51,,,020,東京支店,10E201120,車両費,,,760,31,,10,,,,000,共通部門,100,現金,,,760,00,,,,,,高速代,,,,,,,
,,,,,20210714,51,,,020,東京支店,10E201120,車両費,,,805,31,,10,,,,000,共通部門,100,現金,,,805,00,,,,,,駐車代,,,,,,,
,,,,,20210714,74,,,020,東京支店,521,接待交際費,,,7900,31,,10,,,,000,共通部門,100,現金,,,7900,00,,,,,,ゴルフプレー代,,,,,,,
,,,,,20210714,104,,,040,大阪支店,521,接待交際費,,,1575,31,,10,,,,000,共通部門,100,現金,,,1575,00,,,,,,手土産代 架空店舗089,,,,,,,
,,,,,20210715,46,,,020,東京支店,10E201120,車両費,,,14000,31,,10,,,,000,共通部門,100,現金,,,14000,00,,,,,,ガソリン代,,,,,,,
,,,,,20210715,84,,,020,東京支店,10E200520,雑給,,,351930,00,,,,,,000,共通部門,100,現金,,,351930,00,,,,,,7月給与その他 0060 パート･アルバイト,,,,,,,
,,,,,20210715,84,,,020,東京支店,10E200520,雑給,,,860,00,,,,,,000,共通部門,208,預り金,3,源泉税,860,00,,,,,,7月給与その他 0060 パート･アルバイト,,,,,,,
,,,,,20210715,84,,,020,東京支店,10E200520,雑給,,,11635,00,,,,,,000,共通部門,208,預り金,9,その他,11635,00,,,,,,7月給与その他 0060 パート･アルバイト,,,,,,,
,,,,,20210715,96,,,000,共通部門,10A100020-3,普通預金,50,MNO銀行 北九州,1199040,00,,,,,,000,共通部門,131,売掛金,1,株式会社若葉百貨店,1199040,00,,,,,,7月15日伝票No258株式会社若葉百貨店,,,,,,,
,,,,,20210715,96,,,050,九州営業所,512,支払手数料,,,840,31,,10,,,,000,共通部門,131,売掛金,1,株式会社若葉百貨店,840,00,,,,,,7月15日伝票No258株式会社若葉百貨店,,,,,,,
,,,,,20210715,97,,,000,共通部門,10A100020-3,普通預金,30,GHI銀行 名古屋,892572,00,,,,,,000,共通部門,131,売掛金,6,株式会社瑞穂流通,892572,00,,,,,,7月15日伝票No259株式会社瑞穂流通,,,,,,,
,,,,,20210715,97,,,030,名古屋支店,512,支払手数料,,,840,31,,10,,,,000,共通部門,131,売掛金,6,株式会社瑞穂流通,840,00,,,,,,7月15日伝票No259株式会社瑞穂流通,,,,,,,
,,,,,20210715,98,,,000,共通部門,10A100020-3,普通預金,40,JKL銀行 梅田,746052,00,,,,,,000,共通部門,131,売掛金,8,株式会社高原マーケット,746052,00,,,,,,7月15日伝票No260株式会社高原マーケット,,,,,,,
,,,,,20210715,98,,,040,大阪支店,512,支払手数料,,,840,31,,10,,,,000,共通部門,131,売掛金,8,株式会社高原マーケット,840,00,,,,,,7月15日伝票No260株式会社高原マーケット,,,,,,,
,,,,,20210715,99,,,000,共通部門,10A100020-3,普通預金,40,JKL銀行 梅田,745464,00,,,,,,000,共通部門,131,売掛金,9,朝凪物産株式会社,745464,00,,,,,,7月15日伝票No261朝凪物産株式会社,,,,,,,
,,,,,20210715,99,,,040,大阪支店,512,支払手数料,,,840,31,,10,,,,000,共通部門,131,売掛金,9,朝凪物産株式会社,840,00,,,,,,7月15日伝票No261朝凪物産株式会社,,,,,,,
,,,,,20210715,100,,,000,共通部門,10A100020-3,普通預金,20,ABC銀行 本店,1101380,00,,,,,,000,共通部門,131,売掛金,13,星川商事株式会社,1101380,00,,,,,,7月15日伝票No262星川商事株式会社,,,,,,,
,,,,,20210715,101,,,000,共通部門,10A100020-3,普通預金,40,JKL銀行 梅田,1015895,00,,,,,,000,共通部門,131,売掛金,20,清和商事株式会社,1015895,00,,,,,,7月15日伝票No263清和商事株式会社,,,,,,,
,,,,,20210715,101,,,040,大阪支店,512,支払手数料,,,315,31,,10,,,,000,共通部門,131,売掛金,20,清和商事株式会社,315,00,,,,,,7月15日伝票No263清和商事株式会社,,,,,,,
,,,,,20210715,102,,,000,共通部門,201,買掛金,1,株式会社北辰商事,6139435,00,,,,,,000,共通部門,10A100020-3,普通預金,20,ABC銀行 本店,6139435,00,,,,,,7月15日伝票No172株式会社北辰商事,,,,,,,
,,,,,20210715,117,,,040,大阪支店,10E201140,諸会費,,,20000,00,,,,,,000,共通部門,100,現金,,,20000,00,,,,,,会費,,,,,,,
,,,,,20210715,130,,,040,大阪支店,10E201140,諸会費,,,24000,00,,,,,,000,共通部門,10A100020-3,普通預金,40,JKL銀行 梅田,24000,00,,,,,,会費,,,,,,,
,,,,,20210715,141,,,040,大阪支店,522,旅費・交通費,,,7500,31,,10,,,,000,共通部門,100,現金,,,7500,00,,,,,,架空鉄道会社A代,,,,,,,
,,,,,20210716,11,,,010,札幌営業所,10E201120,車両費,,,3210,31,,10,,,,000,共通部門,100,現金,,,3210,00,,,,,,ガソリン代,,,,,,,
,,,,,20210716,52,,,020,東京支店,10E201120,車両費,,,3381,31,,10,,,,000,共通部門,100,現金,,,3381,00,,,,,,高速代,,,,,,,
,,,,,20210716,52,,,020,東京支店,10E201120,車両費,,,71429,31,,10,,,,000,共通部門,100,現金,,,71429,00,,,,,,ガソリン代,,,,,,,
,,,,,20210716,61,,,020,東京支店,523,通信費,,,134577,31,,10,,,,000,共通部門,10A100020-3,普通預金,20,ABC銀行 本店,134577,00,,,,,,電話代,,,,,,,
,,,,,20210716,105,,,040,大阪支店,521,接待交際費,,,17461,31,,10,,,,000,共通部門,100,現金,,,17461,00,,,,,,飲食代 架空店舗027 4名,,,,,,,
,,,,,20210716,105,,,040,大阪支店,521,接待交際費,,,31305,31,,10,,,,000,共通部門,100,現金,,,31305,00,,,,,,飲食代 架空店舗026 4名,,,,,,,
,,,,,20210716,136,,,040,大阪支店,10E201270,雑費,,,16500,31,,10,,,,000,共通部門,100,現金,,,16500,00,,,,,,架空清掃会社A代,,,,,,,
,,,,,20210716,161,,,050,九州営業所,522,旅費・交通費,,,3500,31,,10,,,,000,共通部門,100,現金,,,3500,00,,,,,,旅費,,,,,,,
,,,,,20210717,4,,,010,札幌営業所,10E200050,広告宣伝費,,,31500,31,,10,,,,000,共通部門,204,未払金,,,31500,00,,,,,,広告費,,,,,,,
,,,,,20210717,12,,,010,札幌営業所,10E201120,車両費,,,800,31,,10,,,,000,共通部門,100,現金,,,800,00,,,,,,駐車代,,,,,,,
,,,,,20210717,12,,,010,札幌営業所,10E201120,車両費,,,4456,31,,10,,,,000,共通部門,100,現金,,,4456,00,,,,,,ガソリン代,,,,,,,
,,,,,20210717,12,,,010,札幌営業所,10E201120,車両費,,,4015,31,,10,,,,000,共通部門,100,現金,,,4015,00,,,,,,ガソリン代,,,,,,,
,,,,,20210718,59,,,020,東京支店,522,旅費・交通費,,,45000,31,,10,,,,000,共通部門,100,現金,,,45000,00,,,,,,旅費,,,,,,,
,,,,,20210718,82,,,030,名古屋支店,522,旅費・交通費,,,9800,31,,10,,,,000,共通部門,100,現金,,,9800,00,,,,,,旅費,,,,,,,
,,,,,20210718,123,,,040,大阪支店,523,通信費,,,16000,31,,10,,,,000,共通部門,100,現金,,,16000,00,,,,,,切手代,,,,,,,
,,,,,20210718,139,,,040,大阪支店,10E200140,福利厚生費,,,45020,31,,10,,,,000,共通部門,204,未払金,,,45020,00,,,,,,社員夜食代,,,,,,,
,,,,,20210718,148,,,050,九州営業所,10E201120,車両費,,,4486,31,,10,,,,000,共通部門,100,現金,,,4486,00,,,,,,ガソリン代,,,,,,,
,,,,,20210718,148,,,050,九州営業所,10E201120,車両費,,,1600,31,,10,,,,000,共通部門,100,現金,,,1600,00,,,,,,ウォッシャー液他,,,,,,,
,,,,,20210719,8,,,010,札幌営業所,521,接待交際費,,,4486,31,,10,,,,000,共通部門,100,現金,,,4486,00,,,,,,定例ミーティング会費,,,,,,,
,,,,,20210719,8,,,010,札幌営業所,521,接待交際費,,,1600,31,,10,,,,000,共通部門,100,現金,,,1600,00,,,,,,景品,,,,,,,
,,,,,20210719,47,,,020,東京支店,10E201120,車両費,,,8540,31,,10,,,,000,共通部門,100,現金,,,8540,00,,,,,,ガソリン代,,,,,,,
,,,,,20210719,160,,,020,東京支店,522,旅費・交通費,,,86700,31,,10,,,,000,共通部門,100,現金,,,86700,00,,,,,,出張旅費,,,,,,,
,,,,,20210720,1,,,000,共通部門,10E200140,福利厚生費,,,10800,31,,K8.0,,,,000,共通部門,100,現金,,,10800,00,,,,,,残業夜食　軽減税率,,,,,,,
,,,,,20210720,6,,,010,札幌営業所,10E200050,広告宣伝費,,,5000,31,,10,,,,000,共通部門,100,現金,,,5000,00,,,,,,広告料,,,,,,,
,,,,,20210720,31,,,010,札幌営業所,10E201110,事務用消耗品費,,,2866,31,,10,,,,000,共通部門,204,未払金,,,2866,00,,,,,,コピー代,,,,,,,
,,,,,20210720,45,,,020,東京支店,521,接待交際費,,,1260,31,,10,,,,000,共通部門,100,現金,,,1260,00,,,,,,コーヒー代2名,,,,,,,
,,,,,20210720,48,,,020,東京支店,10E201120,車両費,,,4303,31,,10,,,,000,共通部門,100,現金,,,4303,00,,,,,,ガソリン代,,,,,,,
,,,,,20210720,53,,,020,東京支店,10E201120,車両費,,,6381,31,,10,,,,000,共通部門,100,現金,,,6381,00,,,,,,ガソリン代,,,,,,,
,,,,,20210720,53,,,020,東京支店,10E201120,車両費,,,1429,31,,10,,,,000,共通部門,100,現金,,,1429,00,,,,,,駐車代,,,,,,,
,,,,,20210720,53,,,020,東京支店,10E201120,車両費,,,715,31,,10,,,,000,共通部門,100,現金,,,715,00,,,,,,高速代,,,,,,,
,,,,,20210720,69,,,030,名古屋支店,10E201270,雑費,,,5000,31,,10,,,,000,共通部門,204,未払金,,,5000,00,,,,,,有線,,,,,,,
,,,,,20210720,71,,,020,東京支店,10E201110,事務用消耗品費,,,11407,31,,10,,,,000,共通部門,204,未払金,,,11407,00,,,,,,事務用品,,,,,,,
,,,,,20210720,71,,,020,東京支店,10E201110,事務用消耗品費,,,31320,31,,10,,,,000,共通部門,204,未払金,,,31320,00,,,,,,カウンター料金,,,,,,,
,,,,,20210720,72,,,050,九州営業所,10E201110,事務用消耗品費,,,6300,31,,10,,,,000,共通部門,204,未払金,,,6300,00,,,,,,カウンター料金,,,,,,,
,,,,,20210720,77,,,000,共通部門,525,消耗品費,,,19387,31,,10,,,,000,共通部門,204,未払金,,,19387,00,,,,,,ファイル等,,,,,,,
,,,,,20210720,77,,,000,共通部門,525,消耗品費,,,239019,31,,10,,,,000,共通部門,204,未払金,,,239019,00,,,,,,飲料水,,,,,,,
,,,,,20210720,77,,,000,共通部門,525,消耗品費,,,10096,31,,10,,,,000,共通部門,204,未払金,,,10096,00,,,,,,名刺代,,,,,,,
,,,,,20210720,97,,,030,名古屋支店,10E201110,事務用消耗品費,,,35789,31,,10,,,,000,共通部門,204,未払金,,,35789,00,,,,,,コピー代,,,,,,,
,,,,,20210720,98,,,030,名古屋支店,10E201110,事務用消耗品費,,,5890,31,,10,,,,000,共通部門,204,未払金,,,5890,00,,,,,,事務用品,,,,,,,
,,,,,20210720,101,,,040,大阪支店,10E200050,広告宣伝費,,,52500,31,,10,,,,000,共通部門,204,未払金,,,52500,00,,,,,,広告料,,,,,,,
,,,,,20210720,103,,,000,共通部門,100,現金,,,603296,00,,,,,,000,共通部門,131,売掛金,11,株式会社楓屋,603296,00,,,,,,7月20日伝票No264株式会社楓屋,,,,,,,
,,,,,20210720,104,,,000,共通部門,10A100020-3,普通預金,30,GHI銀行 名古屋,503820,00,,,,,,000,共通部門,131,売掛金,21,合同会社つばさ商店,503820,00,,,,,,7月20日伝票No265合同会社つばさ商店,,,,,,,
,,,,,20210720,104,,,030,名古屋支店,512,支払手数料,,,630,31,,10,,,,000,共通部門,131,売掛金,21,合同会社つばさ商店,630,00,,,,,,7月20日伝票No265合同会社つばさ商店,,,,,,,
,,,,,20210720,105,,,000,共通部門,10A100020-3,普通預金,20,ABC銀行 本店,1019003,00,,,,,,000,共通部門,131,売掛金,30,株式会社彩雲トレーディング,1019003,00,,,,,,7月20日伝票No266株式会社彩雲トレーディング,,,,,,,
,,,,,20210720,105,,,020,東京支店,512,支払手数料,,,735,31,,10,,,,000,共通部門,131,売掛金,30,株式会社彩雲トレーディング,735,00,,,,,,7月20日伝票No266株式会社彩雲トレーディング,,,,,,,
,,,,,20210720,106,,,000,共通部門,201,買掛金,4,株式会社和泉流通,888656,00,,,,,,000,共通部門,10A100020-3,普通預金,20,ABC銀行 本店,888656,00,,,,,,7月20日伝票No173株式会社和泉流通,,,,,,,
,,,,,20210720,107,,,000,共通部門,201,買掛金,6,株式会社日向産業,3530262,00,,,,,,000,共通部門,10A100020-3,普通預金,20,ABC銀行 本店,3530262,00,,,,,,7月20日伝票No174株式会社日向産業,,,,,,,
,,,,,20210720,108,,,000,共通部門,201,買掛金,11,株式会社花園商会,4120032,00,,,,,,000,共通部門,10A100020-3,普通預金,20,ABC銀行 本店,4120032,00,,,,,,7月20日伝票No175株式会社花園商会,,,,,,,
,,,,,20210720,118,,,040,大阪支店,10E201110,事務用消耗品費,,,7223,31,,10,,,,000,共通部門,204,未払金,,,7223,00,,,,,,コピー代,,,,,,,
,,,,,20210720,119,,,040,大阪支店,10E201110,事務用消耗品費,,,1480,31,,10,,,,000,共通部門,204,未払金,,,1480,00,,,,,,事務用品,,,,,,,
,,,,,20210720,137,,,000,共通部門,10A100020-2,当座預金,1,ABC銀行,7936852,00,,,,,,000,共通部門,130,受取手形,,,7936852,00,,,,,,手形割引 株式会社緑野百貨店 | 手形番号=R20210630-127-12;受取額に決済額を訂正,,,,,,,
,,,,,20210720,137,,,020,東京支店,10E300020,支払利息,,,63842,30,,,,,,000,共通部門,130,受取手形,,,63842,00,,,,,,手形割引料 | 手形番号=R20210630-127-12,,,,,,,
,,,,,20210720,139,,,000,共通部門,10B100030,支払手形,,,6181724,00,,,,,,000,共通部門,10A100020-2,当座預金,1,ABC銀行,6181724,00,,,,,,手形期日落日 株式会社花園商会,,,,,,,
,,,,,20210720,139,,,000,共通部門,10A100020-2,当座預金,1,ABC銀行,6654846,00,,,,,,000,共通部門,130,受取手形,,,6654846,00,,,,,,手形割引 株式会社青葉百貨店 | 手形番号=R20210610-98-28;受取額に決済額を訂正,,,,,,,
,,,,,20210720,139,,,020,東京支店,10E300020,支払利息,,,52282,30,,,,,,000,共通部門,130,受取手形,,,52282,00,,,,,,手形割引料 | 手形番号=R20210610-98-28,,,,,,,
,,,,,20210720,142,,,000,共通部門,10A100020-3,普通預金,20,ABC銀行 本店,19000000,00,,,,,,000,共通部門,10A100020-2,当座預金,1,ABC銀行,19000000,00,,,,,,資金移動,,,,,,,
,,,,,20210720,144,,,040,大阪支店,10E201120,車両費,,,4324,31,,10,,,,000,共通部門,100,現金,,,4324,00,,,,,,ガソリン代,,,,,,,
,,,,,20210720,144,,,040,大阪支店,10E201120,車両費,,,3408,31,,10,,,,000,共通部門,100,現金,,,3408,00,,,,,,高速代,,,,,,,
,,,,,20210720,144,,,040,大阪支店,10E201120,車両費,,,7048,31,,10,,,,000,共通部門,100,現金,,,7048,00,,,,,,ガソリン代,,,,,,,
,,,,,20210720,158,,,040,大阪支店,522,旅費・交通費,,,10000,31,,10,,,,000,共通部門,100,現金,,,10000,00,,,,,,出張旅費,,,,,,,
,,,,,20210720,163,,,050,九州営業所,10E201140,諸会費,,,18000,00,,,,,,000,共通部門,100,現金,,,18000,00,,,,,,会費,,,,,,,
,,,,,20210720,164,,,050,九州営業所,10E201110,事務用消耗品費,,,5980,31,,10,,,,000,共通部門,100,現金,,,5980,00,,,,,,事務用品,,,,,,,
,,,,,20210721,25,,,010,札幌営業所,522,旅費・交通費,,,56000,31,,10,,,,000,共通部門,100,現金,,,56000,00,,,,,,旅費,,,,,,,
,,,,,20210721,63,,,050,九州営業所,10E200140,福利厚生費,,,11050,31,,10,,,,000,共通部門,204,未払金,,,11050,00,,,,,,お茶代,,,,,,,
,,,,,20210721,159,,,050,九州営業所,522,旅費・交通費,,,9780,31,,10,,,,000,共通部門,100,現金,,,9780,00,,,,,,タクシー代,,,,,,,
,,,,,20210722,26,,,010,札幌営業所,522,旅費・交通費,,,19050,31,,10,,,,000,共通部門,100,現金,,,19050,00,,,,,,旅費,,,,,,,
,,,,,20210722,34,,,010,札幌営業所,10E201040,水道光熱費,,,96715,31,,10,,,,000,共通部門,10A100020-3,普通預金,10,DEF銀行 駅前,96715,00,,,,,,電気代,,,,,,,
,,,,,20210722,34,,,010,札幌営業所,10E201040,水道光熱費,,,5258,31,,10,,,,000,共通部門,10A100020-3,普通預金,10,DEF銀行 駅前,5258,00,,,,,,水道代,,,,,,,
,,,,,20210722,64,,,020,東京支店,10E201040,水道光熱費,,,170932,31,,10,,,,000,共通部門,10A100020-3,普通預金,20,ABC銀行 本店,170932,00,,,,,,電気料,,,,,,,
,,,,,20210722,64,,,020,東京支店,10E201040,水道光熱費,,,7660,31,,10,,,,000,共通部門,10A100020-3,普通預金,20,ABC銀行 本店,7660,00,,,,,,水道料,,,,,,,
,,,,,20210722,89,,,030,名古屋支店,10E201040,水道光熱費,,,78783,31,,10,,,,000,共通部門,10A100020-3,普通預金,30,GHI銀行 名古屋,78783,00,,,,,,電気料,,,,,,,
,,,,,20210722,89,,,030,名古屋支店,10E201040,水道光熱費,,,3400,31,,10,,,,000,共通部門,10A100020-3,普通預金,30,GHI銀行 名古屋,3400,00,,,,,,水道料,,,,,,,
,,,,,20210722,89,,,030,名古屋支店,10E201040,水道光熱費,,,3062,31,,10,,,,000,共通部門,10A100020-3,普通預金,30,GHI銀行 名古屋,3062,00,,,,,,ガス代,,,,,,,
,,,,,20210722,90,,,030,名古屋支店,10E201270,雑費,,,10500,31,,10,,,,000,共通部門,100,現金,,,10500,00,,,,,,架空清掃会社A代,,,,,,,
,,,,,20210722,95,,,030,名古屋支店,10E201270,雑費,,,71675,31,,10,,,,000,共通部門,204,未払金,,,71675,00,,,,,,清掃料,,,,,,,
,,,,,20210722,132,,,040,大阪支店,10E201040,水道光熱費,,,93957,31,,10,,,,000,共通部門,10A100020-3,普通預金,40,JKL銀行 梅田,93957,00,,,,,,電気代,,,,,,,
,,,,,20210722,132,,,040,大阪支店,10E201040,水道光熱費,,,4736,31,,10,,,,000,共通部門,10A100020-3,普通預金,40,JKL銀行 梅田,4736,00,,,,,,水道代,,,,,,,
,,,,,20210722,165,,,050,九州営業所,10E201270,雑費,,,2530,31,,10,,,,000,共通部門,100,現金,,,2530,00,,,,,,洗剤他,,,,,,,
,,,,,20210722,166,,,050,九州営業所,10E201270,雑費,,,1890,31,,10,,,,000,共通部門,100,現金,,,1890,00,,,,,,架空清掃会社A代,,,,,,,
,,,,,20210722,169,,,050,九州営業所,10E201040,水道光熱費,,,106261,31,,10,,,,000,共通部門,10A100020-3,普通預金,50,MNO銀行 北九州,106261,00,,,,,,電気料,,,,,,,
,,,,,20210722,169,,,050,九州営業所,10E201040,水道光熱費,,,6656,31,,10,,,,000,共通部門,10A100020-3,普通預金,50,MNO銀行 北九州,6656,00,,,,,,水道料,,,,,,,
,,,,,20210723,24,,,010,札幌営業所,522,旅費・交通費,,,82620,31,,10,,,,000,共通部門,100,現金,,,82620,00,,,,,,架空鉄道会社A回数券,,,,,,,
,,,,,20210723,140,,,040,大阪支店,522,旅費・交通費,,,11000,31,,10,,,,000,共通部門,100,現金,,,11000,00,,,,,,旅費,,,,,,,
,,,,,20210724,38,,,020,東京支店,10E200140,福利厚生費,,,48164,31,,10,,,,000,共通部門,204,未払金,,,48164,00,,,,,,宿泊費,,,,,,,
,,,,,20210724,54,,,020,東京支店,10E201120,車両費,,,2858,31,,10,,,,000,共通部門,100,現金,,,2858,00,,,,,,高速代,,,,,,,
,,,,,20210724,54,,,020,東京支店,10E201120,車両費,,,4412,31,,10,,,,000,共通部門,100,現金,,,4412,00,,,,,,ガソリン代,,,,,,,
,,,,,20210724,137,,,040,大阪支店,10E201270,雑費,,,6000,31,,10,,,,000,共通部門,204,未払金,,,6000,00,,,,,,有線,,,,,,,
,,,,,20210724,137,,,040,大阪支店,10E201270,雑費,,,42858,31,,10,,,,000,共通部門,204,未払金,,,42858,00,,,,,,警備料,,,,,,,
,,,,,20210724,137,,,040,大阪支店,10E201120,車両費,,,29740,31,,10,,,,000,共通部門,10A100020-3,普通預金,40,JKL銀行 梅田,29740,00,,,,,,高速料,,,,,,,
,,,,,20210724,137,,,040,大阪支店,10E201270,雑費,,,73500,31,,10,,,,000,共通部門,204,未払金,,,73500,00,,,,,,清掃料,,,,,,,
,,,,,20210724,137,,,040,大阪支店,10E201120,車両費,,,3507,31,,10,,,,000,共通部門,100,現金,,,3507,00,,,,,,駐車代,,,,,,,
,,,,,20210724,154,,,050,九州営業所,521,接待交際費,,,13029,31,,10,,,,000,共通部門,204,未払金,,,13029,00,,,,,,飲食代 架空店舗060 3名,,,,,,,
,,,,,20210724,154,,,050,九州営業所,521,接待交際費,,,23477,31,,10,,,,000,共通部門,204,未払金,,,23477,00,,,,,,飲食代 架空店舗015,,,,,,,
,,,,,20210724,172,,,010,札幌営業所,10E200020,販売手数料,,,132000,31,,10,,,,000,共通部門,204,未払金,,,132000,00,,,,,,業務委託費支払い,,,,,,,
,,,,,20210725,3,,,010,札幌営業所,10E200140,福利厚生費,,,30012,31,,10,,,,000,共通部門,204,未払金,,,30012,00,,,,,,宿泊代,,,,,,,
,,,,,20210725,28,,,010,札幌営業所,522,旅費・交通費,,,5987,31,,10,,,,000,共通部門,204,未払金,,,5987,00,,,,,,タクシー代,,,,,,,
,,,,,20210725,29,,,010,札幌営業所,523,通信費,,,84352,31,,10,,,,000,共通部門,10A100020-3,普通預金,10,DEF銀行 駅前,84352,00,,,,,,携帯電話代,,,,,,,
,,,,,20210725,35,,,010,札幌営業所,10E201160,新聞図書費,,,3925,31,,10,,,,000,共通部門,100,現金,,,3925,00,,,,,,新聞代,,,,,,,
,,,,,20210725,60,,,020,東京支店,522,旅費・交通費,,,11200,31,,10,,,,000,共通部門,100,現金,,,11200,00,,,,,,旅費,,,,,,,
,,,,,20210725,78,,,030,名古屋支店,10E200020,販売手数料,,,189000,31,,10,,,,000,共通部門,204,未払金,,,189000,00,,,,,,業務委託費支払い,,,,,,,
,,,,,20210725,85,,,020,東京支店,10E200090,役員報酬,,,1129093,00,,,,,,000,共通部門,10A100020-3,普通預金,20,ABC銀行 本店,1129093,00,,,,,,7月給与その他 0001 役員,,,,,,,
,,,,,20210725,85,,,020,東京支店,10E200090,役員報酬,,,111192,00,,,,,,000,共通部門,208,預り金,1,保険料,111192,00,,,,,,7月給与その他 0001 役員,,,,,,,
,,,,,20210725,85,,,020,東京支店,10E200090,役員報酬,,,171200,00,,,,,,000,共通部門,208,預り金,2,住民税,171200,00,,,,,,7月給与その他 0001 役員,,,,,,,
,,,,,20210725,85,,,020,東京支店,10E200090,役員報酬,,,166823,00,,,,,,000,共通部門,208,預り金,3,源泉税,166823,00,,,,,,7月給与その他 0001 役員,,,,,,,
,,,,,20210725,85,,,020,東京支店,10E200090,役員報酬,,,133972,00,,,,,,000,共通部門,208,預り金,4,貯蓄・保険,133972,00,,,,,,7月給与その他 0001 役員,,,,,,,
,,,,,20210725,85,,,020,東京支店,10E200090,役員報酬,,,7720,00,,,,,,000,共通部門,208,預り金,9,その他,7720,00,,,,,,7月給与その他 0001 役員,,,,,,,
,,,,,20210725,85,,,020,東京支店,10E200370,給与手当,,,1476277,00,,,,,,000,共通部門,10A100020-3,普通預金,20,ABC銀行 本店,1476277,00,,,,,,7月給与その他 0020 営業部,,,,,,,
,,,,,20210725,85,,,020,東京支店,10E200370,給与手当,,,216077,00,,,,,,000,共通部門,208,預り金,1,保険料,216077,00,,,,,,7月給与その他 0020 営業部,,,,,,,
,,,,,20210725,85,,,020,東京支店,10E200370,給与手当,,,104300,00,,,,,,000,共通部門,208,預り金,2,住民税,104300,00,,,,,,7月給与その他 0020 営業部,,,,,,,
,,,,,20210725,85,,,020,東京支店,10E200370,給与手当,,,35770,00,,,,,,000,共通部門,208,預り金,3,源泉税,35770,00,,,,,,7月給与その他 0020 営業部,,,,,,,
,,,,,20210725,85,,,020,東京支店,10E200370,給与手当,,,43305,00,,,,,,000,共通部門,208,預り金,4,貯蓄・保険,43305,00,,,,,,7月給与その他 0020 営業部,,,,,,,
,,,,,20210725,85,,,020,東京支店,10E200370,給与手当,,,60416,00,,,,,,000,共通部門,208,預り金,9,その他,60416,00,,,,,,7月給与その他 0020 営業部,,,,,,,
,,,,,20210725,85,,,010,札幌営業所,10E200370,給与手当,,,616860,00,,,,,,000,共通部門,10A100020-3,普通預金,20,ABC銀行 本店,616860,00,,,,,,7月給与その他 1000 札幌営業所,,,,,,,
,,,,,20210725,85,,,010,札幌営業所,10E200370,給与手当,,,94847,00,,,,,,000,共通部門,208,預り金,1,保険料,94847,00,,,,,,7月給与その他 1000 札幌営業所,,,,,,,
,,,,,20210725,85,,,010,札幌営業所,10E200370,給与手当,,,46300,00,,,,,,000,共通部門,208,預り金,2,住民税,46300,00,,,,,,7月給与その他 1000 札幌営業所,,,,,,,
,,,,,20210725,85,,,010,札幌営業所,10E200370,給与手当,,,14070,00,,,,,,000,共通部門,208,預り金,3,源泉税,14070,00,,,,,,7月給与その他 1000 札幌営業所,,,,,,,
,,,,,20210725,85,,,010,札幌営業所,10E200370,給与手当,,,50648,00,,,,,,000,共通部門,208,預り金,4,貯蓄・保険,50648,00,,,,,,7月給与その他 1000 札幌営業所,,,,,,,
,,,,,20210725,85,,,010,札幌営業所,10E200370,給与手当,,,37762,00,,,,,,000,共通部門,208,預り金,9,その他,37762,00,,,,,,7月給与その他 1000 札幌営業所,,,,,,,
,,,,,20210725,85,,,030,名古屋支店,10E200370,給与手当,,,553900,00,,,,,,000,共通部門,10A100020-3,普通預金,20,ABC銀行 本店,553900,00,,,,,,7月給与その他 3000 名古屋営業所,,,,,,,
,,,,,20210725,85,,,030,名古屋支店,10E200370,給与手当,,,92651,00,,,,,,000,共通部門,208,預り金,1,保険料,92651,00,,,,,,7月給与その他 3000 名古屋営業所,,,,,,,
,,,,,20210725,85,,,030,名古屋支店,10E200370,給与手当,,,42600,00,,,,,,000,共通部門,208,預り金,2,住民税,42600,00,,,,,,7月給与その他 3000 名古屋営業所,,,,,,,
,,,,,20210725,85,,,030,名古屋支店,10E200370,給与手当,,,8030,00,,,,,,000,共通部門,208,預り金,3,源泉税,8030,00,,,,,,7月給与その他 3000 名古屋営業所,,,,,,,
,,,,,20210725,85,,,030,名古屋支店,10E200370,給与手当,,,40759,00,,,,,,000,共通部門,208,預り金,4,貯蓄・保険,40759,00,,,,,,7月給与その他 3000 名古屋営業所,,,,,,,
,,,,,20210725,85,,,030,名古屋支店,10E200370,給与手当,,,40168,00,,,,,,000,共通部門,208,預り金,9,その他,40168,00,,,,,,7月給与その他 3000 名古屋営業所,,,,,,,
,,,,,20210725,85,,,040,大阪支店,10E200370,給与手当,,,849396,00,,,,,,000,共通部門,10A100020-3,普通預金,20,ABC銀行 本店,849396,00,,,,,,7月給与その他 4000 大阪支店,,,,,,,
,,,,,20210725,85,,,040,大阪支店,10E200370,給与手当,,,119974,00,,,,,,000,共通部門,208,預り金,1,保険料,119974,00,,,,,,7月給与その他 4000 大阪支店,,,,,,,
,,,,,20210725,85,,,040,大阪支店,10E200370,給与手当,,,53400,00,,,,,,000,共通部門,208,預り金,2,住民税,53400,00,,,,,,7月給与その他 4000 大阪支店,,,,,,,
,,,,,20210725,85,,,040,大阪支店,10E200370,給与手当,,,19740,00,,,,,,000,共通部門,208,預り金,3,源泉税,19740,00,,,,,,7月給与その他 4000 大阪支店,,,,,,,
,,,,,20210725,85,,,040,大阪支店,10E200370,給与手当,,,13570,00,,,,,,000,共通部門,208,預り金,4,貯蓄・保険,13570,00,,,,,,7月給与その他 4000 大阪支店,,,,,,,
,,,,,20210725,85,,,040,大阪支店,10E200370,給与手当,,,14020,00,,,,,,000,共通部門,208,預り金,9,その他,14020,00,,,,,,7月給与その他 4000 大阪支店,,,,,,,
,,,,,20210725,85,,,050,九州営業所,10E200370,給与手当,,,434653,00,,,,,,000,共通部門,10A100020-3,普通預金,20,ABC銀行 本店,434653,00,,,,,,7月給与その他 5000 九州営業所,,,,,,,
,,,,,20210725,85,,,050,九州営業所,10E200370,給与手当,,,66241,00,,,,,,000,共通部門,208,預り金,1,保険料,66241,00,,,,,,7月給与その他 5000 九州営業所,,,,,,,
,,,,,20210725,85,,,050,九州営業所,10E200370,給与手当,,,31700,00,,,,,,000,共通部門,208,預り金,2,住民税,31700,00,,,,,,7月給与その他 5000 九州営業所,,,,,,,
,,,,,20210725,85,,,050,九州営業所,10E200370,給与手当,,,7960,00,,,,,,000,共通部門,208,預り金,3,源泉税,7960,00,,,,,,7月給与その他 5000 九州営業所,,,,,,,
,,,,,20210725,85,,,050,九州営業所,10E200370,給与手当,,,18540,00,,,,,,000,共通部門,208,預り金,4,貯蓄・保険,18540,00,,,,,,7月給与その他 5000 九州営業所,,,,,,,
,,,,,20210725,85,,,050,九州営業所,10E200370,給与手当,,,25306,00,,,,,,000,共通部門,208,預り金,9,その他,25306,00,,,,,,7月給与その他 5000 九州営業所,,,,,,,
,,,,,20210725,87,,,030,名古屋支店,523,通信費,,,63248,31,,10,,,,000,共通部門,10A100020-3,普通預金,30,GHI銀行 名古屋,63248,00,,,,,,携帯代,,,,,,,
,,,,,20210725,88,,,030,名古屋支店,10E201160,新聞図書費,,,3568,31,,10,,,,000,共通部門,100,現金,,,3568,00,,,,,,新聞代,,,,,,,
,,,,,20210725,92,,,030,名古屋支店,10E201000,修繕維持費,,,18000,31,,10,,,,000,共通部門,204,未払金,,,18000,00,,,,,,コピー機修繕,,,,,,,
,,,,,20210725,109,,,040,大阪支店,10E201120,車両費,,,44500,31,,10,,,,000,共通部門,204,未払金,,,44500,00,,,,,,ガソリン代,,,,,,,
,,,,,20210725,109,,,000,共通部門,130,受取手形,,,14026610,00,,,,,,000,共通部門,131,売掛金,2,株式会社桜丘百貨店,14026610,00,,,,,,7月25日伝票No267株式会社桜丘百貨店 | 売上伝票=20210630-121;手形番号=R20210725-109-2,,,,,,,
,,,,,20210725,110,,,000,共通部門,10A100020-3,普通預金,30,GHI銀行 名古屋,1107809,00,,,,,,000,共通部門,131,売掛金,7,株式会社光彩堂商事,1107809,00,,,,,,7月25日伝票No268株式会社光彩堂商事,,,,,,,
,,,,,20210725,110,,,030,名古屋支店,512,支払手数料,,,735,31,,10,,,,000,共通部門,131,売掛金,7,株式会社光彩堂商事,735,00,,,,,,7月25日伝票No268株式会社光彩堂商事,,,,,,,
,,,,,20210725,111,,,040,大阪支店,522,旅費・交通費,,,23600,31,,10,,,,000,共通部門,204,未払金,,,23600,00,,,,,,タクシー代,,,,,,,
,,,,,20210725,111,,,000,共通部門,10A100020-3,普通預金,40,JKL銀行 梅田,859299,00,,,,,,000,共通部門,131,売掛金,23,株式会社杉の木商店,859299,00,,,,,,7月25日伝票No269株式会社杉の木商店,,,,,,,
,,,,,20210725,111,,,040,大阪支店,512,支払手数料,,,630,31,,10,,,,000,共通部門,131,売掛金,23,株式会社杉の木商店,630,00,,,,,,7月25日伝票No269株式会社杉の木商店,,,,,,,
,,,,,20210725,112,,,000,共通部門,10A100020-3,普通預金,10,DEF銀行 駅前,2997978,00,,,,,,000,共通部門,131,売掛金,25,株式会社ほのかマート,2997978,00,,,,,,7月25日伝票No270株式会社ほのかマート,,,,,,,
,,,,,20210725,112,,,010,札幌営業所,512,支払手数料,,,840,31,,10,,,,000,共通部門,131,売掛金,25,株式会社ほのかマート,840,00,,,,,,7月25日伝票No270株式会社ほのかマート,,,,,,,
,,,,,20210725,114,,,040,大阪支店,10E201160,新聞図書費,,,2540,31,,10,,,,000,共通部門,100,現金,,,2540,00,,,,,,新聞代,,,,,,,
,,,,,20210725,114,,,040,大阪支店,10E201160,新聞図書費,,,2864,31,,10,,,,000,共通部門,100,現金,,,2864,00,,,,,,新聞代,,,,,,,
,,,,,20210725,131,,,040,大阪支店,10E201140,諸会費,,,24000,00,,,,,,000,共通部門,10A100020-3,普通預金,40,JKL銀行 梅田,24000,00,,,,,,会費,,,,,,,
,,,,,20210725,153,,,030,名古屋支店,521,接待交際費,,,3540,31,,10,,,,000,共通部門,100,現金,,,3540,00,,,,,,食事代 架空店舗008 2名,,,,,,,
,,,,,20210725,155,,,050,九州営業所,10E201120,車両費,,,7246,31,,10,,,,000,共通部門,100,現金,,,7246,00,,,,,,ガソリン代,,,,,,,
,,,,,20210725,170,,,050,九州営業所,10E201160,新聞図書費,,,3007,31,,10,,,,000,共通部門,100,現金,,,3007,00,,,,,,新聞代,,,,,,,
,,,,,20210725,171,,,050,九州営業所,523,通信費,,,71096,31,,10,,,,000,共通部門,10A100020-3,普通預金,50,MNO銀行 北九州,71096,00,,,,,,携帯代,,,,,,,
,,,,,20210726,27,,,010,札幌営業所,522,旅費・交通費,,,14324,31,,10,,,,000,共通部門,100,現金,,,14324,00,,,,,,旅費,,,,,,,
,,,,,20210726,27,,,010,札幌営業所,522,旅費・交通費,,,43686,31,,10,,,,000,共通部門,100,現金,,,43686,00,,,,,,旅費,,,,,,,
,,,,,20210726,27,,,010,札幌営業所,522,旅費・交通費,,,30077,31,,10,,,,000,共通部門,100,現金,,,30077,00,,,,,,旅費,,,,,,,
,,,,,20210726,73,,,020,東京支店,521,接待交際費,,,32200,31,,10,,,,000,共通部門,100,現金,,,32200,00,,,,,,ゴルフプレー代2名,,,,,,,
,,,,,20210726,83,,,030,名古屋支店,522,旅費・交通費,,,12000,31,,10,,,,000,共通部門,100,現金,,,12000,00,,,,,,架空鉄道会社A代,,,,,,,
,,,,,20210726,113,,,040,大阪支店,523,通信費,,,49243,31,,10,,,,000,共通部門,10A100020-3,普通預金,40,JKL銀行 梅田,49243,00,,,,,,携帯代,,,,,,,
,,,,,20210726,120,,,040,大阪支店,10E200020,販売手数料,,,336000,31,,10,,,,000,共通部門,204,未払金,,,336000,00,,,,,,業務委託費,,,,,,,
,,,,,20210726,146,,,050,九州営業所,10E200020,販売手数料,,,147000,31,,10,,,,000,共通部門,204,未払金,,,147000,00,,,,,,業務委託費,,,,,,,
,,,,,20210727,15,,,010,札幌営業所,10E201120,車両費,,,3000,31,,10,,,,000,共通部門,100,現金,,,3000,00,,,,,,高速代,,,,,,,
,,,,,20210727,30,,,010,札幌営業所,531,保険料,,,54320,30,,,,,,000,共通部門,10A100020-3,普通預金,10,DEF銀行 駅前,54320,00,,,,,,保険料支払,,,,,,,
,,,,,20210727,37,,,020,東京支店,10E200020,販売手数料,,,477334,31,,10,,,,000,共通部門,204,未払金,,,477334,00,,,,,,業務委託費,,,,,,,
,,,,,20210727,37,,,020,東京支店,10E200020,販売手数料,,,266000,31,,10,,,,000,共通部門,204,未払金,,,266000,00,,,,,,業務委託費,,,,,,,
,,,,,20210727,37,,,020,東京支店,10E200020,販売手数料,,,816374,31,,10,,,,000,共通部門,204,未払金,,,816374,00,,,,,,業務委託費,,,,,,,
,,,,,20210727,39,,,020,東京支店,10E200140,福利厚生費,,,9000,31,,10,,,,000,共通部門,100,現金,,,9000,00,,,,,,会費,,,,,,,
,,,,,20210727,62,,,020,東京支店,523,通信費,,,110245,31,,10,,,,000,共通部門,10A100020-3,普通預金,20,ABC銀行 本店,110245,00,,,,,,携帯代,,,,,,,
,,,,,20210727,83,,,030,名古屋支店,10E201120,車両費,,,45000,31,,10,,,,000,共通部門,100,現金,,,45000,00,,,,,,車両管理費,,,,,,,
,,,,,20210728,9,,,010,札幌営業所,521,接待交際費,,,2520,31,,10,,,,000,共通部門,100,現金,,,2520,00,,,,,,手土産ジュース他 株式会社光彩堂商事,,,,,,,
,,,,,20210728,72,,,020,東京支店,10E201160,新聞図書費,,,2864,31,,10,,,,000,共通部門,100,現金,,,2864,00,,,,,,新聞代,,,,,,,
,,,,,20210728,72,,,020,東京支店,10E201160,新聞図書費,,,2815,31,,10,,,,000,共通部門,100,現金,,,2815,00,,,,,,新聞代,,,,,,,
,,,,,20210728,72,,,020,東京支店,10E201160,新聞図書費,,,3399,31,,10,,,,000,共通部門,100,現金,,,3399,00,,,,,,新聞代,,,,,,,
,,,,,20210728,81,,,030,名古屋支店,10E200140,福利厚生費,,,22000,31,,10,,,,000,共通部門,204,未払金,,,22000,00,,,,,,お茶代,,,,,,,
,,,,,20210728,93,,,020,東京支店,10E201000,修繕維持費,,,17850,31,,10,,,,000,共通部門,204,未払金,,,17850,00,,,,,,修繕費,,,,,,,
,,,,,20210728,121,,,040,大阪支店,10E200140,福利厚生費,,,10500,31,,10,,,,000,共通部門,100,現金,,,10500,00,,,,,,お茶代,,,,,,,
,,,,,20210728,138,,,040,大阪支店,10E201120,車両費,,,4290,31,,10,,,,000,共通部門,100,現金,,,4290,00,,,,,,高速代,,,,,,,
,,,,,20210728,138,,,040,大阪支店,10E201120,車両費,,,3049,31,,10,,,,000,共通部門,100,現金,,,3049,00,,,,,,駐車代,,,,,,,
,,,,,20210728,138,,,040,大阪支店,10E201120,車両費,,,6229,31,,10,,,,000,共通部門,100,現金,,,6229,00,,,,,,高速代,,,,,,,
,,,,,20210728,138,,,040,大阪支店,10E201120,車両費,,,477,31,,10,,,,000,共通部門,100,現金,,,477,00,,,,,,高速代,,,,,,,
,,,,,20210728,138,,,040,大阪支店,10E201120,車両費,,,2353,31,,10,,,,000,共通部門,100,現金,,,2353,00,,,,,,高速代,,,,,,,
,,,,,20210728,138,,,040,大阪支店,10E201120,車両費,,,6198,31,,10,,,,000,共通部門,100,現金,,,6198,00,,,,,,ガソリン代,,,,,,,
,,,,,20210729,14,,,010,札幌営業所,10E201120,車両費,,,3000,31,,10,,,,000,共通部門,100,現金,,,3000,00,,,,,,ガソリン代,,,,,,,
,,,,,20210729,108,,,040,大阪支店,521,接待交際費,,,1570,31,,10,,,,000,共通部門,100,現金,,,1570,00,,,,,,コーヒー代他　2名,,,,,,,
,,,,,20210730,49,,,020,東京支店,10E201120,車両費,,,170000,31,,10,,,,000,共通部門,100,現金,,,170000,00,,,,,,ガソリン代,,,,,,,
,,,,,20210730,49,,,020,東京支店,10E201120,車両費,,,21000,31,,10,,,,000,共通部門,100,現金,,,21000,00,,,,,,車両管理費,,,,,,,
,,,,,20210730,61,,,000,共通部門,10A100020-3,普通預金,20,ABC銀行 本店,4000000,00,,,,,,000,共通部門,10A100020-3,普通預金,10,DEF銀行 駅前,4000000,00,,,,,,資金移動,,,,,,,
,,,,,20210730,61,,,000,共通部門,10A100020-3,普通預金,20,ABC銀行 本店,3500000,00,,,,,,000,共通部門,10A100020-3,普通預金,30,GHI銀行 名古屋,3500000,00,,,,,,資金移動,,,,,,,
,,,,,20210730,61,,,000,共通部門,10A100020-3,普通預金,20,ABC銀行 本店,3000000,00,,,,,,000,共通部門,10A100020-3,普通預金,40,JKL銀行 梅田,3000000,00,,,,,,資金移動,,,,,,,
,,,,,20210730,61,,,000,共通部門,10A100020-3,普通預金,20,ABC銀行 本店,2000000,00,,,,,,000,共通部門,10A100020-3,普通預金,50,MNO銀行 北九州,2000000,00,,,,,,資金移動,,,,,,,
,,,,,20210730,63,,,020,東京支店,531,保険料,,,81000,30,,,,,,000,共通部門,10A100020-3,普通預金,20,ABC銀行 本店,81000,00,,,,,,保険料,,,,,,,
,,,,,20210730,67,,,020,東京支店,10E201140,諸会費,,,30000,00,,,,,,000,共通部門,100,現金,,,30000,00,,,,,,会費支払い,,,,,,,
,,,,,20210730,70,,,020,東京支店,10E201270,雑費,,,6000,31,,10,,,,000,共通部門,204,未払金,,,6000,00,,,,,,有線,,,,,,,
,,,,,20210730,70,,,020,東京支店,10E201270,雑費,,,52381,31,,10,,,,000,共通部門,204,未払金,,,52381,00,,,,,,警備料,,,,,,,
,,,,,20210730,70,,,020,東京支店,10E201270,雑費,,,73500,31,,10,,,,000,共通部門,204,未払金,,,73500,00,,,,,,清掃料,,,,,,,
,,,,,20210730,71,,,040,大阪支店,10E201270,雑費,,,798,31,,10,,,,000,共通部門,100,現金,,,798,00,,,,,,洗剤代,,,,,,,
,,,,,20210730,96,,,030,名古屋支店,10E201270,雑費,,,22470,31,,10,,,,000,共通部門,10A100020-3,普通預金,30,GHI銀行 名古屋,22470,00,,,,,,警備料,,,,,,,
,,,,,20210730,100,,,040,大阪支店,10E200140,福利厚生費,,,6000,31,,10,,,,000,共通部門,100,現金,,,6000,00,,,,,,会費,,,,,,,
,,,,,20210730,115,,,040,大阪支店,531,保険料,,,64500,30,,,,,,000,共通部門,10A100020-3,普通預金,40,JKL銀行 梅田,64500,00,,,,,,保険料,,,,,,,
,,,,,20210731,1,,,010,札幌営業所,10E200870,運賃,,,162800,31,,10,,,,000,共通部門,204,未払金,,,162800,00,,,,,,運賃 架空運送会社B,,,,,,,
,,,,,20210731,36,,,020,東京支店,10E200870,運賃,,,1835020,31,,10,,,,000,共通部門,204,未払金,,,1835020,00,,,,,,運賃 架空運送会社A,,,,,,,
,,,,,20210731,36,,,020,東京支店,10E200870,運賃,,,964048,31,,10,,,,000,共通部門,204,未払金,,,964048,00,,,,,,運賃 架空運送会社B,,,,,,,
,,,,,20210731,40,,,020,東京支店,10E200050,広告宣伝費,,,50000,31,,10,,,,000,共通部門,204,未払金,,,50000,00,,,,,,広告掲載,,,,,,,
,,,,,20210731,66,,,020,東京支店,10E200730,リース料,,,209850,31,,10,,,,000,共通部門,10A100020-3,普通預金,20,ABC銀行 本店,209850,00,,,,,,リース料,,,,,,,
,,,,,20210731,74,,,000,共通部門,208,預り金,1,保険料,1180527,00,,,,,,000,共通部門,10A100020-3,普通預金,20,ABC銀行 本店,1180527,00,,,,,,保険料預かり分,,,,,,,
,,,,,20210731,74,,,020,東京支店,10E200540,法定福利費,,,111192,30,,,,,,000,共通部門,10A100020-3,普通預金,20,ABC銀行 本店,111192,00,,,,,,保険料　事業主負担分,,,,,,,
,,,,,20210731,74,,,020,東京支店,10E200540,法定福利費,,,401259,30,,,,,,000,共通部門,10A100020-3,普通預金,20,ABC銀行 本店,401259,00,,,,,,保険料　事業主負担分,,,,,,,
,,,,,20210731,74,,,010,札幌営業所,10E200540,法定福利費,,,177774,30,,,,,,000,共通部門,10A100020-3,普通預金,20,ABC銀行 本店,177774,00,,,,,,保険料　事業主負担分,,,,,,,
,,,,,20210731,74,,,030,名古屋支店,10E200540,法定福利費,,,165649,30,,,,,,000,共通部門,10A100020-3,普通預金,20,ABC銀行 本店,165649,00,,,,,,保険料　事業主負担分,,,,,,,
,,,,,20210731,74,,,040,大阪支店,10E200540,法定福利費,,,204278,30,,,,,,000,共通部門,10A100020-3,普通預金,20,ABC銀行 本店,204278,00,,,,,,保険料　事業主負担分,,,,,,,
,,,,,20210731,74,,,050,九州営業所,10E200540,法定福利費,,,120377,30,,,,,,000,共通部門,10A100020-3,普通預金,20,ABC銀行 本店,120377,00,,,,,,保険料　事業主負担分,,,,,,,
,,,,,20210731,74,,,020,東京支店,10E200540,法定福利費,,,9672,30,,,,,,000,共通部門,10A100020-3,普通預金,20,ABC銀行 本店,9672,00,,,,,,児童拠出金　事業主負担分,,,,,,,
,,,,,20210731,75,,,030,名古屋支店,531,保険料,,,62000,30,,,,,,000,共通部門,10A100020-3,普通預金,30,GHI銀行 名古屋,62000,00,,,,,,保険料,,,,,,,
,,,,,20210731,76,,,050,九州営業所,531,保険料,,,57000,30,,,,,,000,共通部門,10A100020-3,普通預金,50,MNO銀行 北九州,57000,00,,,,,,保険料支払い,,,,,,,
,,,,,20210731,77,,,030,名古屋支店,10E200870,運賃,,,125560,31,,10,,,,000,共通部門,204,未払金,,,125560,00,,,,,,運賃,,,,,,,
,,,,,20210731,78,,,010,札幌営業所,525,消耗品費,,,29535,00,,,,,,000,共通部門,525,消耗品費,,,29535,00,,,,,,消耗品費　部門配賦,,,,,,,
,,,,,20210731,78,,,020,東京支店,525,消耗品費,,,128882,00,,,,,,000,共通部門,525,消耗品費,,,128882,00,,,,,,消耗品費　部門配賦,,,,,,,
,,,,,20210731,78,,,030,名古屋支店,525,消耗品費,,,26850,00,,,,,,000,共通部門,525,消耗品費,,,26850,00,,,,,,消耗品費　部門配賦,,,,,,,
,,,,,20210731,78,,,040,大阪支店,525,消耗品費,,,64440,00,,,,,,000,共通部門,525,消耗品費,,,64440,00,,,,,,消耗品費　部門配賦,,,,,,,
,,,,,20210731,78,,,050,九州営業所,525,消耗品費,,,18795,00,,,,,,000,共通部門,525,消耗品費,,,18795,00,,,,,,消耗品費　部門配賦,,,,,,,
,,,,,20210731,86,,,000,共通部門,204,未払金,,,7249493,00,,,,,,000,共通部門,10A100020-3,普通預金,20,ABC銀行 本店,7249493,00,,,,,,6月分支払,,,,,,,
,,,,,20210731,99,,,040,大阪支店,10E200870,運賃,,,755200,31,,10,,,,000,共通部門,204,未払金,,,755200,00,,,,,,運賃,,,,,,,
,,,,,20210731,113,,,000,共通部門,131,売掛金,25,株式会社ほのかマート,4665496,00,,,,,,010,札幌営業所,10D100100,売上高,,,4665496,01,,10,,,,7月1日～7月31日分売上,,,,,,,
,,,,,20210731,113,,,000,共通部門,131,売掛金,5,東雲商会株式会社,1299624,00,,,,,,010,札幌営業所,10D100100,売上高,,,1299624,01,,10,,,,7月1日～7月31日分売上,,,,,,,
,,,,,20210731,113,,,000,共通部門,131,売掛金,14,株式会社花咲商事,1052584,00,,,,,,010,札幌営業所,10D100100,売上高,,,1052584,01,,10,,,,7月1日～7月31日分売上,,,,,,,
,,,,,20210731,113,,,010,札幌営業所,10D100110,売上値引戻り高,,,32640,01,,10,,,,000,共通部門,131,売掛金,5,東雲商会株式会社,32640,00,,,,,,7月1日～7月31日分売上,,,,,,,
,,,,,20210731,113,,,010,札幌営業所,10D100110,売上値引戻り高,,,63360,01,,10,,,,000,共通部門,131,売掛金,14,株式会社花咲商事,63360,00,,,,,,7月1日～7月31日分売上,,,,,,,
,,,,,20210731,114,,,000,共通部門,131,売掛金,12,株式会社緑野百貨店,9706318,00,,,,,,020,東京支店,10D100100,売上高,,,9706318,01,,10,,,,7月1日～7月31日分売上,,,,,,,
,,,,,20210731,114,,,000,共通部門,131,売掛金,2,株式会社桜丘百貨店,16459173,00,,,,,,020,東京支店,10D100100,売上高,,,16459173,01,,10,,,,7月1日～7月31日分売上,,,,,,,
,,,,,20210731,114,,,000,共通部門,131,売掛金,30,株式会社彩雲トレーディング,1740812,00,,,,,,020,東京支店,10D100100,売上高,,,1740812,01,,10,,,,7月1日～7月31日分売上,,,,,,,
,,,,,20210731,114,,,000,共通部門,131,売掛金,13,星川商事株式会社,862193,00,,,,,,020,東京支店,10D100100,売上高,,,862193,01,,10,,,,7月1日～7月31日分売上,,,,,,,
,,,,,20210731,114,,,000,共通部門,131,売掛金,14,株式会社花咲商事,1678938,00,,,,,,020,東京支店,10D100100,売上高,,,1678938,01,,10,,,,7月1日～7月31日分売上,,,,,,,
,,,,,20210731,114,,,000,共通部門,131,売掛金,26,若松販売株式会社,1056864,00,,,,,,020,東京支店,10D100100,売上高,,,1056864,01,,10,,,,7月1日～7月31日分売上,,,,,,,
,,,,,20210731,114,,,000,共通部門,131,売掛金,11,株式会社楓屋,366976,00,,,,,,020,東京支店,10D100100,売上高,,,366976,01,,10,,,,7月1日～7月31日分売上,,,,,,,
,,,,,20210731,114,,,020,東京支店,10D100110,売上値引戻り高,,,64000,01,,10,,,,000,共通部門,131,売掛金,2,株式会社桜丘百貨店,64000,00,,,,,,7月1日～7月31日分売上,,,,,,,
,,,,,20210731,114,,,020,東京支店,10D100110,売上値引戻り高,,,36000,01,,10,,,,000,共通部門,131,売掛金,12,株式会社緑野百貨店,36000,00,,,,,,7月1日～7月31日分売上,,,,,,,
,,,,,20210731,114,,,000,共通部門,131,売掛金,24,白峰商事株式会社,376504,00,,,,,,020,東京支店,10D100100,売上高,,,376504,01,,10,,,,7月1日～7月31日分売上,,,,,,,
,,,,,20210731,114,,,000,共通部門,131,売掛金,10,合同会社こもれび商事,305388,00,,,,,,020,東京支店,10D100100,売上高,,,305388,01,,10,,,,7月1日～7月31日分売上,,,,,,,
,,,,,20210731,114,,,020,東京支店,10D100110,売上値引戻り高,,,50400,01,,10,,,,000,共通部門,131,売掛金,26,若松販売株式会社,50400,00,,,,,,7月1日～7月31日分売上,,,,,,,
,,,,,20210731,115,,,000,共通部門,131,売掛金,27,晴海物産株式会社,1184900,00,,,,,,030,名古屋支店,10D100100,売上高,,,1184900,01,,10,,,,7月1日～7月31日分売上,,,,,,,
,,,,,20210731,115,,,000,共通部門,131,売掛金,7,株式会社光彩堂商事,925880,00,,,,,,030,名古屋支店,10D100100,売上高,,,925880,01,,10,,,,7月1日～7月31日分売上,,,,,,,
,,,,,20210731,115,,,000,共通部門,131,売掛金,14,株式会社花咲商事,928386,00,,,,,,030,名古屋支店,10D100100,売上高,,,928386,01,,10,,,,7月1日～7月31日分売上,,,,,,,
,,,,,20210731,115,,,000,共通部門,131,売掛金,19,株式会社南風商会,378495,00,,,,,,030,名古屋支店,10D100100,売上高,,,378495,01,,10,,,,7月1日～7月31日分売上,,,,,,,
,,,,,20210731,115,,,000,共通部門,131,売掛金,21,合同会社つばさ商店,610974,00,,,,,,030,名古屋支店,10D100100,売上高,,,610974,01,,10,,,,7月1日～7月31日分売上,,,,,,,
,,,,,20210731,115,,,000,共通部門,131,売掛金,6,株式会社瑞穂流通,911211,00,,,,,,030,名古屋支店,10D100100,売上高,,,911211,01,,10,,,,7月1日～7月31日分売上,,,,,,,
,,,,,20210731,116,,,000,共通部門,131,売掛金,28,株式会社青葉百貨店,6131174,00,,,,,,040,大阪支店,10D100100,売上高,,,6131174,01,,10,,,,7月1日～7月31日分売上,,,,,,,
,,,,,20210731,116,,,000,共通部門,131,売掛金,23,株式会社杉の木商店,1135138,00,,,,,,040,大阪支店,10D100100,売上高,,,1135138,01,,10,,,,7月1日～7月31日分売上,,,,,,,
,,,,,20210731,116,,,000,共通部門,131,売掛金,14,株式会社花咲商事,2487704,00,,,,,,040,大阪支店,10D100100,売上高,,,2487704,01,,10,,,,7月1日～7月31日分売上,,,,,,,
,,,,,20210731,116,,,000,共通部門,131,売掛金,4,株式会社ひなたマート,1186200,00,,,,,,040,大阪支店,10D100100,売上高,,,1186200,01,,10,,,,7月1日～7月31日分売上,,,,,,,
,,,,,20210731,116,,,000,共通部門,131,売掛金,8,株式会社高原マーケット,560430,00,,,,,,040,大阪支店,10D100100,売上高,,,560430,01,,10,,,,7月1日～7月31日分売上,,,,,,,
,,,,,20210731,116,,,000,共通部門,131,売掛金,9,朝凪物産株式会社,1013480,00,,,,,,040,大阪支店,10D100100,売上高,,,1013480,01,,10,,,,7月1日～7月31日分売上,,,,,,,
,,,,,20210731,116,,,000,共通部門,131,売掛金,20,清和商事株式会社,942360,00,,,,,,040,大阪支店,10D100100,売上高,,,942360,01,,10,,,,7月1日～7月31日分売上,,,,,,,
,,,,,20210731,116,,,000,共通部門,131,売掛金,3,青凪商事株式会社,588672,00,,,,,,040,大阪支店,10D100100,売上高,,,588672,01,,10,,,,7月1日～7月31日分売上,,,,,,,
,,,,,20210731,116,,,040,大阪支店,10D100110,売上値引戻り高,,,66560,01,,10,,,,000,共通部門,131,売掛金,4,株式会社ひなたマート,66560,00,,,,,,7月1日～7月31日分売上,,,,,,,
,,,,,20210731,116,,,040,大阪支店,10E200730,リース料,,,84000,31,,10,,,,000,共通部門,10A100020-3,普通預金,40,JKL銀行 梅田,84000,00,,,,,,リース料,,,,,,,
,,,,,20210731,117,,,000,共通部門,131,売掛金,14,株式会社花咲商事,943160,00,,,,,,050,九州営業所,10D100100,売上高,,,943160,01,,10,,,,7月1日～7月31日分売上,,,,,,,
,,,,,20210731,117,,,000,共通部門,131,売掛金,22,株式会社豊原産業,1402208,00,,,,,,050,九州営業所,10D100100,売上高,,,1402208,01,,10,,,,7月1日～7月31日分売上,,,,,,,
,,,,,20210731,117,,,000,共通部門,131,売掛金,1,株式会社若葉百貨店,1369532,00,,,,,,050,九州営業所,10D100100,売上高,,,1369532,01,,10,,,,7月1日～7月31日分売上,,,,,,,
,,,,,20210731,117,,,000,共通部門,131,売掛金,29,株式会社小春サービス,963720,00,,,,,,050,九州営業所,10D100100,売上高,,,963720,01,,10,,,,7月1日～7月31日分売上,,,,,,,
,,,,,20210731,118,,,000,共通部門,10A100020-3,普通預金,40,JKL銀行 梅田,878488,00,,,,,,000,共通部門,131,売掛金,4,株式会社ひなたマート,878488,00,,,,,,7月31日伝票No271株式会社ひなたマート,,,,,,,
,,,,,20210731,118,,,040,大阪支店,512,支払手数料,,,840,31,,10,,,,000,共通部門,131,売掛金,4,株式会社ひなたマート,840,00,,,,,,7月31日伝票No271株式会社ひなたマート,,,,,,,
,,,,,20210731,119,,,000,共通部門,10A100020-3,普通預金,10,DEF銀行 駅前,903208,00,,,,,,000,共通部門,131,売掛金,5,東雲商会株式会社,903208,00,,,,,,7月31日伝票No272東雲商会株式会社,,,,,,,
,,,,,20210731,119,,,010,札幌営業所,512,支払手数料,,,840,31,,10,,,,000,共通部門,131,売掛金,5,東雲商会株式会社,840,00,,,,,,7月31日伝票No272東雲商会株式会社,,,,,,,
,,,,,20210731,120,,,000,共通部門,130,受取手形,,,10130263,00,,,,,,000,共通部門,131,売掛金,12,株式会社緑野百貨店,10130263,00,,,,,,7月31日伝票No273株式会社緑野百貨店 | 売上伝票=20210630-121;手形番号=R20210731-120-12,,,,,,,
,,,,,20210731,121,,,000,共通部門,10A100020-3,普通預金,20,ABC銀行 本店,602336,00,,,,,,000,共通部門,131,売掛金,24,白峰商事株式会社,602336,00,,,,,,7月31日伝票No274白峰商事株式会社,,,,,,,
,,,,,20210731,121,,,020,東京支店,512,支払手数料,,,472,31,,10,,,,000,共通部門,131,売掛金,24,白峰商事株式会社,472,00,,,,,,7月31日伝票No274白峰商事株式会社,,,,,,,
,,,,,20210731,122,,,000,共通部門,10A100020-3,普通預金,50,MNO銀行 北九州,404142,00,,,,,,000,共通部門,131,売掛金,29,株式会社小春サービス,404142,00,,,,,,7月31日伝票No275株式会社小春サービス,,,,,,,
,,,,,20210731,122,,,050,九州営業所,512,支払手数料,,,210,31,,10,,,,000,共通部門,131,売掛金,29,株式会社小春サービス,210,00,,,,,,7月31日伝票No275株式会社小春サービス,,,,,,,
,,,,,20210731,123,,,000,共通部門,100,現金,,,372176,00,,,,,,000,共通部門,131,売掛金,10,合同会社こもれび商事,372176,00,,,,,,7月31日伝票No453合同会社こもれび商事,,,,,,,
,,,,,20210731,124,,,010,札幌営業所,461,仕入高,,,49392,31,,10,,,,000,共通部門,201,買掛金,8,株式会社白樺商事,49392,00,,,,,,7月1日～7月31日分仕入,,,,,,,
,,,,,20210731,124,,,010,札幌営業所,461,仕入高,,,176676,31,,10,,,,000,共通部門,201,買掛金,2,株式会社双葉物産,176676,00,,,,,,7月1日～7月31日分仕入,,,,,,,
,,,,,20210731,125,,,020,東京支店,461,仕入高,,,2953512,31,,10,,,,000,共通部門,201,買掛金,14,合同会社あかね商会,2953512,00,,,,,,7月1日～7月31日分仕入,,,,,,,
,,,,,20210731,125,,,020,東京支店,461,仕入高,,,3216642,31,,10,,,,000,共通部門,201,買掛金,3,青凪商事株式会社,3216642,00,,,,,,7月1日～7月31日分仕入,,,,,,,
,,,,,20210731,125,,,000,共通部門,201,買掛金,3,青凪商事株式会社,34523,00,,,,,,020,東京支店,10E100120,仕入値引戻し高,,,34523,31,,10,,,,7月1日～7月31日分仕入,,,,,,,
,,,,,20210731,125,,,020,東京支店,461,仕入高,,,1317476,31,,10,,,,000,共通部門,201,買掛金,13,朝日野産業株式会社,1317476,00,,,,,,7月1日～7月31日分仕入,,,,,,,
,,,,,20210731,125,,,020,東京支店,461,仕入高,,,6120204,31,,10,,,,000,共通部門,201,買掛金,1,株式会社北辰商事,6120204,00,,,,,,7月1日～7月31日分仕入,,,,,,,
,,,,,20210731,125,,,020,東京支店,461,仕入高,,,4398969,31,,10,,,,000,共通部門,201,買掛金,11,株式会社花園商会,4398969,00,,,,,,7月1日～7月31日分仕入,,,,,,,
,,,,,20210731,125,,,020,東京支店,461,仕入高,,,336571,31,,10,,,,000,共通部門,201,買掛金,12,株式会社泉川商事,336571,00,,,,,,7月1日～7月31日分仕入,,,,,,,
,,,,,20210731,125,,,020,東京支店,461,仕入高,,,650681,31,,10,,,,000,共通部門,201,買掛金,2,株式会社双葉物産,650681,00,,,,,,7月1日～7月31日分仕入,,,,,,,
,,,,,20210731,125,,,020,東京支店,461,仕入高,,,167932,31,,10,,,,000,共通部門,201,買掛金,8,株式会社白樺商事,167932,00,,,,,,7月1日～7月31日分仕入,,,,,,,
,,,,,20210731,125,,,000,共通部門,201,買掛金,1,株式会社北辰商事,19252,00,,,,,,020,東京支店,10E100120,仕入値引戻し高,,,19252,31,,10,,,,7月1日～7月31日分仕入,,,,,,,
,,,,,20210731,126,,,030,名古屋支店,461,仕入高,,,1819272,31,,10,,,,000,共通部門,201,買掛金,9,東原産業株式会社,1819272,00,,,,,,7月1日～7月31日分仕入,,,,,,,
,,,,,20210731,126,,,030,名古屋支店,461,仕入高,,,1159628,31,,10,,,,000,共通部門,201,買掛金,15,株式会社麦穂商事,1159628,00,,,,,,7月1日～7月31日分仕入,,,,,,,
,,,,,20210731,126,,,030,名古屋支店,461,仕入高,,,3639444,31,,10,,,,000,共通部門,201,買掛金,7,株式会社夕凪商会,3639444,00,,,,,,7月1日～7月31日分仕入,,,,,,,
,,,,,20210731,126,,,000,共通部門,201,買掛金,15,株式会社麦穂商事,18748,00,,,,,,030,名古屋支店,10E100120,仕入値引戻し高,,,18748,31,,10,,,,7月1日～7月31日分仕入,,,,,,,
,,,,,20210731,126,,,030,名古屋支店,461,仕入高,,,77565,31,,10,,,,000,共通部門,201,買掛金,2,株式会社双葉物産,77565,00,,,,,,7月1日～7月31日分仕入,,,,,,,
,,,,,20210731,126,,,030,名古屋支店,461,仕入高,,,24696,31,,10,,,,000,共通部門,201,買掛金,8,株式会社白樺商事,24696,00,,,,,,7月1日～7月31日分仕入,,,,,,,
,,,,,20210731,127,,,040,大阪支店,461,仕入高,,,3841014,31,,10,,,,000,共通部門,201,買掛金,5,千草商事株式会社,3841014,00,,,,,,7月1日～7月31日分仕入,,,,,,,
,,,,,20210731,127,,,040,大阪支店,461,仕入高,,,929328,31,,10,,,,000,共通部門,201,買掛金,4,株式会社和泉流通,929328,00,,,,,,7月1日～7月31日分仕入,,,,,,,
,,,,,20210731,127,,,040,大阪支店,461,仕入高,,,3148603,31,,10,,,,000,共通部門,201,買掛金,10,光野販売株式会社,3148603,00,,,,,,7月1日～7月31日分仕入,,,,,,,
,,,,,20210731,127,,,040,大阪支店,461,仕入高,,,3600809,31,,10,,,,000,共通部門,201,買掛金,6,株式会社日向産業,3600809,00,,,,,,7月1日～7月31日分仕入,,,,,,,
,,,,,20210731,127,,,000,共通部門,201,買掛金,4,株式会社和泉流通,14817,00,,,,,,040,大阪支店,10E100120,仕入値引戻し高,,,14817,31,,10,,,,7月1日～7月31日分仕入,,,,,,,
,,,,,20210731,127,,,040,大阪支店,461,仕入高,,,148176,31,,10,,,,000,共通部門,201,買掛金,8,株式会社白樺商事,148176,00,,,,,,7月1日～7月31日分仕入,,,,,,,
,,,,,20210731,127,,,040,大阪支店,461,仕入高,,,215458,31,,10,,,,000,共通部門,201,買掛金,2,株式会社双葉物産,215458,00,,,,,,7月1日～7月31日分仕入,,,,,,,
,,,,,20210731,128,,,050,九州営業所,461,仕入高,,,24696,31,,10,,,,000,共通部門,201,買掛金,8,株式会社白樺商事,24696,00,,,,,,7月1日～7月31日分仕入,,,,,,,
,,,,,20210731,128,,,050,九州営業所,461,仕入高,,,198221,31,,10,,,,000,共通部門,201,買掛金,2,株式会社双葉物産,198221,00,,,,,,7月1日～7月31日分仕入,,,,,,,
,,,,,20210731,129,,,000,共通部門,201,買掛金,2,株式会社双葉物産,1297055,00,,,,,,000,共通部門,10A100020-3,普通預金,20,ABC銀行 本店,1297055,00,,,,,,7月31日伝票No176株式会社双葉物産,,,,,,,
,,,,,20210731,130,,,000,共通部門,201,買掛金,5,千草商事株式会社,3680382,00,,,,,,000,共通部門,10B100030,支払手形,,,3680382,00,,,,,,7月31日伝票No177千草商事株式会社,,,,,,,
,,,,,20210731,131,,,000,共通部門,201,買掛金,7,株式会社夕凪商会,3447484,00,,,,,,000,共通部門,10A100020-3,普通預金,20,ABC銀行 本店,3447484,00,,,,,,7月31日伝票No178株式会社夕凪商会,,,,,,,
,,,,,20210731,132,,,000,共通部門,201,買掛金,9,東原産業株式会社,1712425,00,,,,,,000,共通部門,10B100030,支払手形,,,1712425,00,,,,,,7月31日伝票No179東原産業株式会社,,,,,,,
,,,,,20210731,133,,,000,共通部門,201,買掛金,10,光野販売株式会社,3020180,00,,,,,,000,共通部門,10B100030,支払手形,,,3020180,00,,,,,,7月31日伝票No181光野販売株式会社,,,,,,,
,,,,,20210731,134,,,000,共通部門,201,買掛金,12,株式会社泉川商事,316537,00,,,,,,000,共通部門,10A100020-3,普通預金,20,ABC銀行 本店,316537,00,,,,,,7月31日伝票No182株式会社泉川商事,,,,,,,
,,,,,20210731,135,,,000,共通部門,201,買掛金,13,朝日野産業株式会社,1291839,00,,,,,,000,共通部門,10A100020-3,普通預金,20,ABC銀行 本店,1291839,00,,,,,,7月31日伝票No183朝日野産業株式会社,,,,,,,
,,,,,20210731,136,,,000,共通部門,201,買掛金,14,合同会社あかね商会,2864586,00,,,,,,000,共通部門,10A100020-3,普通預金,20,ABC銀行 本店,2864586,00,,,,,,7月31日伝票No184合同会社あかね商会,,,,,,,
,,,,,20210731,137,,,000,共通部門,201,買掛金,15,株式会社麦穂商事,1109128,00,,,,,,000,共通部門,10A100020-3,普通預金,20,ABC銀行 本店,1109128,00,,,,,,7月31日伝票No185株式会社麦穂商事,,,,,,,
,,,,,20210731,139,,,000,共通部門,10A100020-2,当座預金,1,ABC銀行,20392404,00,,,,,,000,共通部門,130,受取手形,,,20392404,00,,,,,,手形満期 株式会社桜丘百貨店 | 手形番号=R20210425-273-2,,,,,,,
,,,,,20210731,140,,,000,共通部門,10B100030,支払手形,,,5237507,00,,,,,,000,共通部門,10A100020-2,当座預金,1,ABC銀行,5237507,00,,,,,,手形期日落日 千草商事株式会社,,,,,,,
,,,,,20210731,140,,,000,共通部門,10B100030,支払手形,,,2599235,00,,,,,,000,共通部門,10A100020-2,当座預金,1,ABC銀行,2599235,00,,,,,,手形期日落日 東原産業株式会社,,,,,,,
,,,,,20210731,140,,,000,共通部門,10B100030,支払手形,,,4640751,00,,,,,,000,共通部門,10A100020-2,当座預金,1,ABC銀行,4640751,00,,,,,,手形期日落日 光野販売株式会社,,,,,,,
,,,,,20210731,145,,,050,九州営業所,10E200870,運賃,,,165200,31,,10,,,,000,共通部門,204,未払金,,,165200,00,,,,,,運賃,,,,,,,
,,,,,20210731,146,,,000,共通部門,10A100020-3,普通預金,20,ABC銀行 本店,40000,00,,,,,,000,共通部門,10A100610,短期貸付金,,,40000,00,,,,,,貸付金返済,,,,,,,
,,,,,20210731,147,,,000,共通部門,10A100020-4,定期積金,,,500000,00,,,,,,000,共通部門,10A100020-3,普通預金,20,ABC銀行 本店,500000,00,,,,,,定期積立金,,,,,,,
,,,,,20210731,147,,,000,共通部門,10A230570,保険積立金,,,125000,00,,,,,,000,共通部門,10A100020-3,普通預金,20,ABC銀行 本店,125000,00,,,,,,保険積立金,,,,,,,
,,,,,20210731,148,,,000,共通部門,202,借入金,,,653500,00,,,,,,000,共通部門,10A100020-2,当座預金,1,ABC銀行,653500,00,,,,,,借入金返済,,,,,,,
,,,,,20210731,148,,,020,東京支店,10E300020,支払利息,,,32675,30,,,,,,000,共通部門,10A100020-2,当座預金,1,ABC銀行,32675,00,,,,,,利息,,,,,,,
,,,,,20210731,990004,,,010,札幌営業所,10E200130,賞与,,,190000,00,,,,,,010,札幌営業所,10B100320,賞与引当金,,,190000,00,,,,,,サンプル定義：賞与半年均等引当 202107 部門010,,,,,,,
,,,,,20210731,990004,,,020,東京支店,10E200130,賞与,,,451667,00,,,,,,020,東京支店,10B100320,賞与引当金,,,451667,00,,,,,,サンプル定義：賞与半年均等引当 202107 部門020,,,,,,,
,,,,,20210731,990004,,,030,名古屋支店,10E200130,賞与,,,178333,00,,,,,,030,名古屋支店,10B100320,賞与引当金,,,178333,00,,,,,,サンプル定義：賞与半年均等引当 202107 部門030,,,,,,,
,,,,,20210731,990004,,,040,大阪支店,10E200130,賞与,,,216667,00,,,,,,040,大阪支店,10B100320,賞与引当金,,,216667,00,,,,,,サンプル定義：賞与半年均等引当 202107 部門040,,,,,,,
,,,,,20210731,990004,,,050,九州営業所,10E200130,賞与,,,136667,00,,,,,,050,九州営業所,10B100320,賞与引当金,,,136667,00,,,,,,サンプル定義：賞与半年均等引当 202107 部門050,,,,,,,
,,,,,20210801,18,,,010,札幌営業所,522,旅費・交通費,,,21000,31,,10,,,,000,共通部門,100,現金,,,21000,00,,,,,,旅費,,,,,,,
,,,,,20210801,41,,,020,東京支店,521,接待交際費,,,3510,31,,10,,,,000,共通部門,100,現金,,,3510,00,,,,,,食事代 架空店舗050 3名,,,,,,,
,,,,,20210801,50,,,020,東京支店,10E201120,車両費,,,600,31,,10,,,,000,共通部門,100,現金,,,600,00,,,,,,高速代,,,,,,,
,,,,,20210801,102,,,040,大阪支店,521,接待交際費,,,2100,31,,10,,,,000,共通部門,100,現金,,,2100,00,,,,,,手土産代 架空店舗089,,,,,,,
,,,,,20210802,147,,,050,九州営業所,10E201120,車両費,,,6648,31,,10,,,,000,共通部門,204,未払金,,,6648,00,,,,,,ガソリン代,,,,,,,
,,,,,20210803,56,,,020,東京支店,522,旅費・交通費,,,15700,31,,10,,,,000,共通部門,100,現金,,,15700,00,,,,,,旅費,,,,,,,
,,,,,20210803,82,,,030,名古屋支店,10E201120,車両費,,,18021,31,,10,,,,000,共通部門,204,未払金,,,18021,00,,,,,,ガソリン代,,,,,,,
,,,,,20210803,134,,,050,九州営業所,10E201110,事務用消耗品費,,,15780,31,,10,,,,000,共通部門,204,未払金,,,15780,00,,,,,,用紙,,,,,,,
,,,,,20210803,134,,,040,大阪支店,10E201110,事務用消耗品費,,,16800,31,,10,,,,000,共通部門,204,未払金,,,16800,00,,,,,,用紙,,,,,,,
,,,,,20210803,139,,,040,大阪支店,10E200140,福利厚生費,,,25400,31,,10,,,,000,共通部門,204,未払金,,,25400,00,,,,,,社員夜食代,,,,,,,
,,,,,20210803,142,,,040,大阪支店,10E201120,車両費,,,2458,31,,10,,,,000,共通部門,100,現金,,,2458,00,,,,,,高速代,,,,,,,
,,,,,20210803,142,,,040,大阪支店,10E201120,車両費,,,3052,31,,10,,,,000,共通部門,100,現金,,,3052,00,,,,,,ガソリン代,,,,,,,
,,,,,20210803,142,,,040,大阪支店,10E201120,車両費,,,1191,31,,10,,,,000,共通部門,100,現金,,,1191,00,,,,,,高速代,,,,,,,
,,,,,20210803,142,,,040,大阪支店,10E201120,車両費,,,8543,31,,10,,,,000,共通部門,100,現金,,,8543,00,,,,,,高速代,,,,,,,
,,,,,20210803,142,,,040,大阪支店,10E201120,車両費,,,4290,31,,10,,,,000,共通部門,100,現金,,,4290,00,,,,,,高速代,,,,,,,
,,,,,20210804,42,,,020,東京支店,521,接待交際費,,,4650,31,,10,,,,000,共通部門,100,現金,,,4650,00,,,,,,昼食代3名 架空店舗038,,,,,,,
,,,,,20210804,141,,,040,大阪支店,522,旅費・交通費,,,8600,31,,10,,,,000,共通部門,100,現金,,,8600,00,,,,,,架空鉄道会社A代,,,,,,,
,,,,,20210805,19,,,010,札幌営業所,522,旅費・交通費,,,10500,31,,10,,,,000,共通部門,100,現金,,,10500,00,,,,,,旅費,,,,,,,
,,,,,20210805,57,,,020,東京支店,522,旅費・交通費,,,89700,31,,10,,,,000,共通部門,100,現金,,,89700,00,,,,,,架空鉄道会社A代,,,,,,,
,,,,,20210805,84,,,000,共通部門,10A100020-3,普通預金,50,MNO銀行 北九州,1401736,00,,,,,,000,共通部門,131,売掛金,22,株式会社豊原産業,1401736,00,,,,,,8月5日伝票No276株式会社豊原産業,,,,,,,
,,,,,20210805,84,,,050,九州営業所,512,支払手数料,,,472,31,,10,,,,000,共通部門,131,売掛金,22,株式会社豊原産業,472,00,,,,,,8月5日伝票No276株式会社豊原産業,,,,,,,
,,,,,20210805,85,,,000,共通部門,10A100020-3,普通預金,20,ABC銀行 本店,1005992,00,,,,,,000,共通部門,131,売掛金,26,若松販売株式会社,1005992,00,,,,,,8月5日伝票No277若松販売株式会社,,,,,,,
,,,,,20210805,85,,,020,東京支店,512,支払手数料,,,472,31,,10,,,,000,共通部門,131,売掛金,26,若松販売株式会社,472,00,,,,,,8月5日伝票No277若松販売株式会社,,,,,,,
,,,,,20210805,86,,,000,共通部門,10A100020-3,普通預金,30,GHI銀行 名古屋,1184900,00,,,,,,000,共通部門,131,売掛金,27,晴海物産株式会社,1184900,00,,,,,,8月5日伝票No278晴海物産株式会社,,,,,,,
,,,,,20210805,133,,,020,東京支店,10E200600,支払報酬,,,139710,31,,10,,,,000,共通部門,10A100020-3,普通預金,20,ABC銀行 本店,139710,00,,,,,,税理士報酬,,,,,,,
,,,,,20210806,71,,,010,札幌営業所,521,接待交際費,,,24200,31,,10,,,,000,共通部門,100,現金,,,24200,00,,,,,,ゴルフプレー代2名,,,,,,,
,,,,,20210806,106,,,040,大阪支店,521,接待交際費,,,36814,31,,10,,,,000,共通部門,100,現金,,,36814,00,,,,,,お中元 架空店舗058,,,,,,,
,,,,,20210806,106,,,040,大阪支店,521,接待交際費,,,9750,31,,10,,,,000,共通部門,100,現金,,,9750,00,,,,,,お中元 架空店舗089,,,,,,,
,,,,,20210806,110,,,040,大阪支店,522,旅費・交通費,,,2290,31,,10,,,,000,共通部門,100,現金,,,2290,00,,,,,,タクシー代,,,,,,,
,,,,,20210806,156,,,050,九州営業所,522,旅費・交通費,,,2500,31,,10,,,,000,共通部門,100,現金,,,2500,00,,,,,,出張旅費,,,,,,,
,,,,,20210807,10,,,010,札幌営業所,10E201120,車両費,,,4224,31,,10,,,,000,共通部門,100,現金,,,4224,00,,,,,,ガソリン代,,,,,,,
,,,,,20210807,21,,,010,札幌営業所,522,旅費・交通費,,,69500,31,,10,,,,000,共通部門,100,現金,,,69500,00,,,,,,架空鉄道会社A代,,,,,,,
,,,,,20210807,22,,,010,札幌営業所,522,旅費・交通費,,,50000,31,,10,,,,000,共通部門,100,現金,,,50000,00,,,,,,旅費,,,,,,,
,,,,,20210807,58,,,020,東京支店,522,旅費・交通費,,,70000,31,,10,,,,000,共通部門,100,現金,,,70000,00,,,,,,旅費,,,,,,,
,,,,,20210808,149,,,030,名古屋支店,521,接待交際費,,,10500,31,,10,,,,000,共通部門,100,現金,,,10500,00,,,,,,手土産代 架空店舗058,,,,,,,
,,,,,20210808,150,,,050,九州営業所,521,接待交際費,,,75244,31,,10,,,,000,共通部門,100,現金,,,75244,00,,,,,,お中元 株式会社桜丘百貨店,,,,,,,
,,,,,20210809,20,,,010,札幌営業所,522,旅費・交通費,,,41000,31,,10,,,,000,共通部門,100,現金,,,41000,00,,,,,,旅費,,,,,,,
,,,,,20210809,44,,,020,東京支店,521,接待交際費,,,2840,31,,10,,,,000,共通部門,100,現金,,,2840,00,,,,,,手土産代 株式会社瑞穂流通,,,,,,,
,,,,,20210809,46,,,020,東京支店,10E201120,車両費,,,3298,31,,10,,,,000,共通部門,100,現金,,,3298,00,,,,,,レーダー代,,,,,,,
,,,,,20210809,46,,,020,東京支店,10E201120,車両費,,,4207,31,,10,,,,000,共通部門,100,現金,,,4207,00,,,,,,ガソリン代,,,,,,,
,,,,,20210809,76,,,020,東京支店,10E200140,福利厚生費,,,35450,31,,10,,,,000,共通部門,204,未払金,,,35450,00,,,,,,社員夜食代,,,,,,,
,,,,,20210809,112,,,040,大阪支店,523,通信費,,,182458,31,,10,,,,000,共通部門,10A100020-3,普通預金,40,JKL銀行 梅田,182458,00,,,,,,電話代,,,,,,,
,,,,,20210809,143,,,040,大阪支店,10E201120,車両費,,,31502,31,,10,,,,000,共通部門,100,現金,,,31502,00,,,,,,点検作業料,,,,,,,
,,,,,20210810,32,,,010,札幌営業所,10E201110,事務用消耗品費,,,3908,31,,10,,,,000,共通部門,204,未払金,,,3908,00,,,,,,事務用品費,,,,,,,
,,,,,20210810,33,,,010,札幌営業所,528,地代・家賃,,,320000,31,,10,,,,000,共通部門,10A100020-3,普通預金,10,DEF銀行 駅前,320000,00,,,,,,家賃支払い,,,,,,,
,,,,,20210810,33,,,010,札幌営業所,523,通信費,,,128650,31,,10,,,,000,共通部門,10A100020-3,普通預金,10,DEF銀行 駅前,128650,00,,,,,,電話代,,,,,,,
,,,,,20210810,64,,,000,共通部門,208,預り金,3,源泉税,253253,00,,,,,,000,共通部門,10A100020-3,普通預金,20,ABC銀行 本店,253253,00,,,,,,源泉税支払,,,,,,,
,,,,,20210810,64,,,000,共通部門,208,預り金,2,住民税,449500,00,,,,,,000,共通部門,10A100020-3,普通預金,20,ABC銀行 本店,449500,00,,,,,,住民税支払,,,,,,,
,,,,,20210810,66,,,010,札幌営業所,10E201270,雑費,,,5000,31,,10,,,,000,共通部門,204,未払金,,,5000,00,,,,,,有線,,,,,,,
,,,,,20210810,66,,,010,札幌営業所,10E201270,雑費,,,34286,31,,10,,,,000,共通部門,204,未払金,,,34286,00,,,,,,警備料,,,,,,,
,,,,,20210810,66,,,040,大阪支店,528,地代・家賃,,,840000,31,,10,,,,000,共通部門,10A100020-3,普通預金,40,JKL銀行 梅田,840000,00,,,,,,家賃支払,,,,,,,
,,,,,20210810,77,,,030,名古屋支店,522,旅費・交通費,,,15000,31,,10,,,,000,共通部門,100,現金,,,15000,00,,,,,,旅費,,,,,,,
,,,,,20210810,79,,,030,名古屋支店,10E200140,福利厚生費,,,29875,31,,10,,,,000,共通部門,100,現金,,,29875,00,,,,,,景品代,,,,,,,
,,,,,20210810,87,,,000,共通部門,10A100020-3,普通預金,30,GHI銀行 名古屋,377760,00,,,,,,000,共通部門,131,売掛金,19,株式会社南風商会,377760,00,,,,,,8月10日伝票No279株式会社南風商会,,,,,,,
,,,,,20210810,87,,,030,名古屋支店,512,支払手数料,,,735,31,,10,,,,000,共通部門,131,売掛金,19,株式会社南風商会,735,00,,,,,,8月10日伝票No279株式会社南風商会,,,,,,,
,,,,,20210810,88,,,000,共通部門,130,受取手形,,,6131174,00,,,,,,000,共通部門,131,売掛金,28,株式会社青葉百貨店,6131174,00,,,,,,8月10日伝票No280株式会社青葉百貨店 | 売上伝票=20210731-116;手形番号=R20210810-88-28,,,,,,,
,,,,,20210810,89,,,000,共通部門,201,買掛金,3,青凪商事株式会社,588672,00,,,,,,000,共通部門,131,売掛金,3,青凪商事株式会社,588672,00,,,,,,8月10日伝票No476青凪商事株式会社,,,,,,,
,,,,,20210810,90,,,000,共通部門,10A100020-3,普通預金,20,ABC銀行 本店,7026572,00,,,,,,000,共通部門,131,売掛金,14,株式会社花咲商事,7026572,00,,,,,,8月10日伝票No498株式会社花咲商事東京本社,,,,,,,
,,,,,20210810,90,,,020,東京支店,512,支払手数料,,,840,31,,10,,,,000,共通部門,131,売掛金,14,株式会社花咲商事,840,00,,,,,,8月10日伝票No498株式会社花咲商事東京本社,,,,,,,
,,,,,20210810,91,,,000,共通部門,201,買掛金,3,青凪商事株式会社,2593447,00,,,,,,000,共通部門,10B100030,支払手形,,,2593447,00,,,,,,8月10日伝票No186青凪商事株式会社,,,,,,,
,,,,,20210810,92,,,000,共通部門,201,買掛金,8,株式会社白樺商事,390196,00,,,,,,000,共通部門,10A100020-3,普通預金,20,ABC銀行 本店,390196,00,,,,,,8月10日伝票No188株式会社白樺商事,,,,,,,
,,,,,20210810,95,,,020,東京支店,528,地代・家賃,,,1260000,31,,10,,,,000,共通部門,10A100020-3,普通預金,20,ABC銀行 本店,1260000,00,,,,,,家賃支払,,,,,,,
,,,,,20210810,129,,,030,名古屋支店,528,地代・家賃,,,399000,31,,10,,,,000,共通部門,10A100020-3,普通預金,30,GHI銀行 名古屋,399000,00,,,,,,家賃支払い,,,,,,,
,,,,,20210810,135,,,000,共通部門,10B100030,支払手形,,,1379646,00,,,,,,000,共通部門,10A100020-2,当座預金,1,ABC銀行,1379646,00,,,,,,手形期日落日 青凪商事株式会社,,,,,,,
,,,,,20210810,148,,,050,九州営業所,10E201120,車両費,,,3942,31,,10,,,,000,共通部門,100,現金,,,3942,00,,,,,,ガソリン代,,,,,,,
,,,,,20210810,151,,,040,大阪支店,521,接待交際費,,,2876,31,,10,,,,000,共通部門,100,現金,,,2876,00,,,,,,食事代 架空店舗003 2名,,,,,,,
,,,,,20210810,152,,,050,九州営業所,521,接待交際費,,,3150,31,,10,,,,000,共通部門,100,現金,,,3150,00,,,,,,手土産代 架空店舗067,,,,,,,
,,,,,20210810,162,,,020,東京支店,10E201130,会議費,,,24995,31,,10,,,,000,共通部門,100,現金,,,24995,00,,,,,,会議　食事代,,,,,,,
,,,,,20210810,167,,,050,九州営業所,528,地代・家賃,,,630000,31,,10,,,,000,共通部門,10A100020-3,普通預金,50,MNO銀行 北九州,630000,00,,,,,,家賃支払い,,,,,,,
,,,,,20210810,167,,,050,九州営業所,523,通信費,,,120711,31,,10,,,,000,共通部門,10A100020-3,普通預金,50,MNO銀行 北九州,120711,00,,,,,,電話代,,,,,,,
,,,,,20210810,168,,,050,九州営業所,10E201270,雑費,,,6000,31,,10,,,,000,共通部門,204,未払金,,,6000,00,,,,,,有線,,,,,,,
,,,,,20210810,168,,,050,九州営業所,10E201270,雑費,,,42858,31,,10,,,,000,共通部門,204,未払金,,,42858,00,,,,,,警備料,,,,,,,
,,,,,20210811,7,,,010,札幌営業所,521,接待交際費,,,8140,31,,10,,,,000,共通部門,100,現金,,,8140,00,,,,,,昼食代 架空店舗041 3名,,,,,,,
,,,,,20210811,60,,,000,共通部門,100,現金,,,1500000,00,,,,,,000,共通部門,10A100020-2,当座預金,1,ABC銀行,1500000,00,,,,,,引き出し,,,,,,,
,,,,,20210811,78,,,030,名古屋支店,522,旅費・交通費,,,8200,31,,10,,,,000,共通部門,100,現金,,,8200,00,,,,,,架空鉄道会社A代,,,,,,,
,,,,,20210811,85,,,030,名古屋支店,523,通信費,,,88468,31,,10,,,,000,共通部門,10A100020-3,普通預金,30,GHI銀行 名古屋,88468,00,,,,,,電話代,,,,,,,
,,,,,20210811,144,,,040,大阪支店,10E201120,車両費,,,3294,31,,10,,,,000,共通部門,100,現金,,,3294,00,,,,,,ガソリン代,,,,,,,
,,,,,20210811,144,,,040,大阪支店,10E201120,車両費,,,6195,31,,10,,,,000,共通部門,100,現金,,,6195,00,,,,,,ガソリン代,,,,,,,
,,,,,20210811,144,,,040,大阪支店,10E201120,車両費,,,1905,31,,10,,,,000,共通部門,100,現金,,,1905,00,,,,,,洗車代,,,,,,,
,,,,,20210811,165,,,050,九州営業所,10E201270,雑費,,,780,31,,10,,,,000,共通部門,100,現金,,,780,00,,,,,,ティッシュ他,,,,,,,
,,,,,20210812,153,,,030,名古屋支店,521,接待交際費,,,3430,31,,10,,,,000,共通部門,100,現金,,,3430,00,,,,,,食事代 架空店舗040 2名,,,,,,,
,,,,,20210813,11,,,010,札幌営業所,10E201120,車両費,,,3210,31,,10,,,,000,共通部門,100,現金,,,3210,00,,,,,,ガソリン代,,,,,,,
,,,,,20210813,158,,,040,大阪支店,522,旅費・交通費,,,8900,31,,10,,,,000,共通部門,100,現金,,,8900,00,,,,,,出張旅費,,,,,,,
,,,,,20210814,61,,,020,東京支店,523,通信費,,,146592,31,,10,,,,000,共通部門,10A100020-3,普通預金,20,ABC銀行 本店,146592,00,,,,,,電話代,,,,,,,
,,,,,20210815,4,,,010,札幌営業所,10E200050,広告宣伝費,,,31500,31,,10,,,,000,共通部門,204,未払金,,,31500,00,,,,,,広告費,,,,,,,
,,,,,20210815,59,,,020,東京支店,522,旅費・交通費,,,26000,31,,10,,,,000,共通部門,100,現金,,,26000,00,,,,,,旅費,,,,,,,
,,,,,20210815,81,,,020,東京支店,10E200520,雑給,,,508535,00,,,,,,000,共通部門,100,現金,,,508535,00,,,,,,8月給与その他 0060 パート･アルバイト,,,,,,,
,,,,,20210815,81,,,020,東京支店,10E200520,雑給,,,6960,00,,,,,,000,共通部門,208,預り金,3,源泉税,6960,00,,,,,,8月給与その他 0060 パート･アルバイト,,,,,,,
,,,,,20210815,81,,,020,東京支店,10E200520,雑給,,,13975,00,,,,,,000,共通部門,208,預り金,9,その他,13975,00,,,,,,8月給与その他 0060 パート･アルバイト,,,,,,,
,,,,,20210815,93,,,000,共通部門,10A100020-3,普通預金,50,MNO銀行 北九州,1368692,00,,,,,,000,共通部門,131,売掛金,1,株式会社若葉百貨店,1368692,00,,,,,,8月15日伝票No281株式会社若葉百貨店,,,,,,,
,,,,,20210815,93,,,050,九州営業所,512,支払手数料,,,840,31,,10,,,,000,共通部門,131,売掛金,1,株式会社若葉百貨店,840,00,,,,,,8月15日伝票No281株式会社若葉百貨店,,,,,,,
,,,,,20210815,94,,,000,共通部門,10A100020-3,普通預金,30,GHI銀行 名古屋,910371,00,,,,,,000,共通部門,131,売掛金,6,株式会社瑞穂流通,910371,00,,,,,,8月15日伝票No282株式会社瑞穂流通,,,,,,,
,,,,,20210815,94,,,030,名古屋支店,512,支払手数料,,,840,31,,10,,,,000,共通部門,131,売掛金,6,株式会社瑞穂流通,840,00,,,,,,8月15日伝票No282株式会社瑞穂流通,,,,,,,
,,,,,20210815,95,,,000,共通部門,10A100020-3,普通預金,40,JKL銀行 梅田,559590,00,,,,,,000,共通部門,131,売掛金,8,株式会社高原マーケット,559590,00,,,,,,8月15日伝票No283株式会社高原マーケット,,,,,,,
,,,,,20210815,95,,,040,大阪支店,512,支払手数料,,,840,31,,10,,,,000,共通部門,131,売掛金,8,株式会社高原マーケット,840,00,,,,,,8月15日伝票No283株式会社高原マーケット,,,,,,,
,,,,,20210815,96,,,000,共通部門,10A100020-3,普通預金,40,JKL銀行 梅田,1012640,00,,,,,,000,共通部門,131,売掛金,9,朝凪物産株式会社,1012640,00,,,,,,8月15日伝票No284朝凪物産株式会社,,,,,,,
,,,,,20210815,96,,,040,大阪支店,512,支払手数料,,,840,31,,10,,,,000,共通部門,131,売掛金,9,朝凪物産株式会社,840,00,,,,,,8月15日伝票No284朝凪物産株式会社,,,,,,,
,,,,,20210815,97,,,000,共通部門,10A100020-3,普通預金,20,ABC銀行 本店,862193,00,,,,,,000,共通部門,131,売掛金,13,星川商事株式会社,862193,00,,,,,,8月15日伝票No285星川商事株式会社,,,,,,,
,,,,,20210815,98,,,000,共通部門,10A100020-3,普通預金,40,JKL銀行 梅田,942045,00,,,,,,000,共通部門,131,売掛金,20,清和商事株式会社,942045,00,,,,,,8月15日伝票No286清和商事株式会社,,,,,,,
,,,,,20210815,98,,,040,大阪支店,512,支払手数料,,,315,31,,10,,,,000,共通部門,131,売掛金,20,清和商事株式会社,315,00,,,,,,8月15日伝票No286清和商事株式会社,,,,,,,
,,,,,20210815,99,,,000,共通部門,201,買掛金,1,株式会社北辰商事,5813524,00,,,,,,000,共通部門,10A100020-3,普通預金,20,ABC銀行 本店,5813524,00,,,,,,8月15日伝票No198株式会社北辰商事,,,,,,,
,,,,,20210815,130,,,040,大阪支店,10E201140,諸会費,,,24000,00,,,,,,000,共通部門,10A100020-3,普通預金,40,JKL銀行 梅田,24000,00,,,,,,会費,,,,,,,
,,,,,20210816,12,,,010,札幌営業所,10E201120,車両費,,,4456,31,,10,,,,000,共通部門,100,現金,,,4456,00,,,,,,ガソリン代,,,,,,,
,,,,,20210816,12,,,010,札幌営業所,10E201120,車両費,,,2313,31,,10,,,,000,共通部門,100,現金,,,2313,00,,,,,,高速代,,,,,,,
,,,,,20210816,12,,,010,札幌営業所,10E201120,車両費,,,300,31,,10,,,,000,共通部門,100,現金,,,300,00,,,,,,ウォッシャー液,,,,,,,
,,,,,20210816,51,,,020,東京支店,10E201120,車両費,,,3362,31,,10,,,,000,共通部門,100,現金,,,3362,00,,,,,,高速代,,,,,,,
,,,,,20210816,51,,,020,東京支店,10E201120,車両費,,,4412,31,,10,,,,000,共通部門,100,現金,,,4412,00,,,,,,ガソリン代,,,,,,,
,,,,,20210816,51,,,020,東京支店,10E201120,車両費,,,1762,31,,10,,,,000,共通部門,100,現金,,,1762,00,,,,,,駐車代,,,,,,,
,,,,,20210816,74,,,020,東京支店,521,接待交際費,,,9350,31,,10,,,,000,共通部門,100,現金,,,9350,00,,,,,,飲食代 架空店舗009,,,,,,,
,,,,,20210816,136,,,040,大阪支店,10E201270,雑費,,,16500,31,,10,,,,000,共通部門,100,現金,,,16500,00,,,,,,架空清掃会社A代,,,,,,,
,,,,,20210817,52,,,020,東京支店,10E201120,車両費,,,3800,31,,10,,,,000,共通部門,100,現金,,,3800,00,,,,,,ガソリン代,,,,,,,
,,,,,20210817,117,,,040,大阪支店,10E201140,諸会費,,,20000,00,,,,,,000,共通部門,100,現金,,,20000,00,,,,,,会費,,,,,,,
,,,,,20210817,154,,,050,九州営業所,521,接待交際費,,,10000,31,,10,,,,000,共通部門,204,未払金,,,10000,00,,,,,,香典代,,,,,,,
,,,,,20210817,159,,,050,九州営業所,522,旅費・交通費,,,11020,31,,10,,,,000,共通部門,100,現金,,,11020,00,,,,,,タクシー代,,,,,,,
,,,,,20210818,23,,,010,札幌営業所,522,旅費・交通費,,,26229,31,,10,,,,000,共通部門,100,現金,,,26229,00,,,,,,旅費,,,,,,,
,,,,,20210818,23,,,010,札幌営業所,522,旅費・交通費,,,33720,31,,10,,,,000,共通部門,100,現金,,,33720,00,,,,,,旅費,,,,,,,
,,,,,20210818,23,,,010,札幌営業所,522,旅費・交通費,,,39639,31,,10,,,,000,共通部門,100,現金,,,39639,00,,,,,,旅費,,,,,,,
,,,,,20210818,103,,,040,大阪支店,521,接待交際費,,,3150,31,,10,,,,000,共通部門,100,現金,,,3150,00,,,,,,手土産代 株式会社桜丘百貨店,,,,,,,
,,,,,20210819,47,,,020,東京支店,10E201120,車両費,,,850,31,,10,,,,000,共通部門,100,現金,,,850,00,,,,,,駐車代,,,,,,,
,,,,,20210819,68,,,040,大阪支店,10E201270,雑費,,,2460,31,,10,,,,000,共通部門,100,現金,,,2460,00,,,,,,お茶代,,,,,,,
,,,,,20210819,84,,,050,九州営業所,523,通信費,,,8000,31,,10,,,,000,共通部門,100,現金,,,8000,00,,,,,,切手代,,,,,,,
,,,,,20210819,164,,,050,九州営業所,10E201110,事務用消耗品費,,,2150,31,,10,,,,000,共通部門,100,現金,,,2150,00,,,,,,事務用品,,,,,,,
,,,,,20210820,1,,,000,共通部門,10E200140,福利厚生費,,,32400,31,,K8.0,,,,000,共通部門,100,現金,,,32400,00,,,,,,残業夜食　軽減税率,,,,,,,
,,,,,20210820,31,,,010,札幌営業所,10E201110,事務用消耗品費,,,2397,31,,10,,,,000,共通部門,204,未払金,,,2397,00,,,,,,コピー代,,,,,,,
,,,,,20210820,34,,,010,札幌営業所,10E201040,水道光熱費,,,94429,31,,10,,,,000,共通部門,10A100020-3,普通預金,10,DEF銀行 駅前,94429,00,,,,,,電気代,,,,,,,
,,,,,20210820,34,,,010,札幌営業所,10E201040,水道光熱費,,,4253,31,,10,,,,000,共通部門,10A100020-3,普通預金,10,DEF銀行 駅前,4253,00,,,,,,水道代,,,,,,,
,,,,,20210820,53,,,020,東京支店,10E201120,車両費,,,10372,31,,10,,,,000,共通部門,100,現金,,,10372,00,,,,,,ガソリン代,,,,,,,
,,,,,20210820,64,,,020,東京支店,10E201040,水道光熱費,,,156017,31,,10,,,,000,共通部門,10A100020-3,普通預金,20,ABC銀行 本店,156017,00,,,,,,電気料,,,,,,,
,,,,,20210820,64,,,020,東京支店,10E201040,水道光熱費,,,6778,31,,10,,,,000,共通部門,10A100020-3,普通預金,20,ABC銀行 本店,6778,00,,,,,,水道料,,,,,,,
,,,,,20210820,67,,,030,名古屋支店,10E201270,雑費,,,5000,31,,10,,,,000,共通部門,204,未払金,,,5000,00,,,,,,有線,,,,,,,
,,,,,20210820,69,,,050,九州営業所,10E201110,事務用消耗品費,,,6300,31,,10,,,,000,共通部門,204,未払金,,,6300,00,,,,,,カウンター料金,,,,,,,
,,,,,20210820,71,,,020,東京支店,10E201110,事務用消耗品費,,,7275,31,,10,,,,000,共通部門,204,未払金,,,7275,00,,,,,,事務用品,,,,,,,
,,,,,20210820,71,,,020,東京支店,10E201110,事務用消耗品費,,,32493,31,,10,,,,000,共通部門,204,未払金,,,32493,00,,,,,,カウンター料金,,,,,,,
,,,,,20210820,74,,,000,共通部門,525,消耗品費,,,12620,31,,10,,,,000,共通部門,204,未払金,,,12620,00,,,,,,ファイル等,,,,,,,
,,,,,20210820,74,,,000,共通部門,525,消耗品費,,,263155,31,,10,,,,000,共通部門,204,未払金,,,263155,00,,,,,,飲料水,,,,,,,
,,,,,20210820,74,,,000,共通部門,525,消耗品費,,,5334,31,,10,,,,000,共通部門,204,未払金,,,5334,00,,,,,,名刺代,,,,,,,
,,,,,20210820,79,,,030,名古屋支店,522,旅費・交通費,,,12000,31,,10,,,,000,共通部門,100,現金,,,12000,00,,,,,,旅費,,,,,,,
,,,,,20210820,80,,,030,名古屋支店,10E200140,福利厚生費,,,417375,31,,10,,,,000,共通部門,204,未払金,,,417375,00,,,,,,会費支払い,,,,,,,
,,,,,20210820,89,,,030,名古屋支店,10E201040,水道光熱費,,,66075,31,,10,,,,000,共通部門,10A100020-3,普通預金,30,GHI銀行 名古屋,66075,00,,,,,,電気料,,,,,,,
,,,,,20210820,89,,,030,名古屋支店,10E201040,水道光熱費,,,3500,31,,10,,,,000,共通部門,10A100020-3,普通預金,30,GHI銀行 名古屋,3500,00,,,,,,水道料,,,,,,,
,,,,,20210820,89,,,030,名古屋支店,10E201040,水道光熱費,,,3693,31,,10,,,,000,共通部門,10A100020-3,普通預金,30,GHI銀行 名古屋,3693,00,,,,,,ガス代,,,,,,,
,,,,,20210820,97,,,030,名古屋支店,10E201110,事務用消耗品費,,,34155,31,,10,,,,000,共通部門,204,未払金,,,34155,00,,,,,,コピー代,,,,,,,
,,,,,20210820,98,,,030,名古屋支店,10E201110,事務用消耗品費,,,6030,31,,10,,,,000,共通部門,204,未払金,,,6030,00,,,,,,事務用品,,,,,,,
,,,,,20210820,100,,,000,共通部門,100,現金,,,366976,00,,,,,,000,共通部門,131,売掛金,11,株式会社楓屋,366976,00,,,,,,8月20日伝票No287株式会社楓屋,,,,,,,
,,,,,20210820,101,,,040,大阪支店,10E200050,広告宣伝費,,,52500,31,,10,,,,000,共通部門,204,未払金,,,52500,00,,,,,,広告料,,,,,,,
,,,,,20210820,101,,,000,共通部門,10A100020-3,普通預金,30,GHI銀行 名古屋,610344,00,,,,,,000,共通部門,131,売掛金,21,合同会社つばさ商店,610344,00,,,,,,8月20日伝票No288合同会社つばさ商店,,,,,,,
,,,,,20210820,101,,,030,名古屋支店,512,支払手数料,,,630,31,,10,,,,000,共通部門,131,売掛金,21,合同会社つばさ商店,630,00,,,,,,8月20日伝票No288合同会社つばさ商店,,,,,,,
,,,,,20210820,102,,,000,共通部門,10A100020-3,普通預金,20,ABC銀行 本店,1740077,00,,,,,,000,共通部門,131,売掛金,30,株式会社彩雲トレーディング,1740077,00,,,,,,8月20日伝票No289株式会社彩雲トレーディング,,,,,,,
,,,,,20210820,102,,,020,東京支店,512,支払手数料,,,735,31,,10,,,,000,共通部門,131,売掛金,30,株式会社彩雲トレーディング,735,00,,,,,,8月20日伝票No289株式会社彩雲トレーディング,,,,,,,
,,,,,20210820,103,,,000,共通部門,201,買掛金,4,株式会社和泉流通,914511,00,,,,,,000,共通部門,10A100020-3,普通預金,20,ABC銀行 本店,914511,00,,,,,,8月20日伝票No200株式会社和泉流通,,,,,,,
,,,,,20210820,104,,,040,大阪支店,521,接待交際費,,,1260,31,,10,,,,000,共通部門,100,現金,,,1260,00,,,,,,コーヒー代2名,,,,,,,
,,,,,20210820,104,,,000,共通部門,201,買掛金,6,株式会社日向産業,3459353,00,,,,,,000,共通部門,10A100020-3,普通預金,20,ABC銀行 本店,3459353,00,,,,,,8月20日伝票No202株式会社日向産業,,,,,,,
,,,,,20210820,105,,,000,共通部門,201,買掛金,11,株式会社花園商会,4398969,00,,,,,,000,共通部門,10A100020-3,普通預金,20,ABC銀行 本店,4398969,00,,,,,,8月20日伝票No204株式会社花園商会,,,,,,,
,,,,,20210820,118,,,040,大阪支店,10E201110,事務用消耗品費,,,7025,31,,10,,,,000,共通部門,204,未払金,,,7025,00,,,,,,コピー代,,,,,,,
,,,,,20210820,119,,,040,大阪支店,10E201110,事務用消耗品費,,,2680,31,,10,,,,000,共通部門,204,未払金,,,2680,00,,,,,,事務用品,,,,,,,
,,,,,20210820,132,,,040,大阪支店,10E201040,水道光熱費,,,96817,31,,10,,,,000,共通部門,10A100020-3,普通預金,40,JKL銀行 梅田,96817,00,,,,,,電気代,,,,,,,
,,,,,20210820,132,,,040,大阪支店,10E201040,水道光熱費,,,5768,31,,10,,,,000,共通部門,10A100020-3,普通預金,40,JKL銀行 梅田,5768,00,,,,,,水道代,,,,,,,
,,,,,20210820,145,,,000,共通部門,10A100020-2,当座預金,1,ABC銀行,14899392,00,,,,,,000,共通部門,130,受取手形,,,14899392,00,,,,,,手形割引 株式会社桜丘百貨店 | 手形番号=R20210625-116-2;受取額に決済額を訂正,,,,,,,
,,,,,20210820,145,,,020,東京支店,10E300020,支払利息,,,118584,30,,,,,,000,共通部門,130,受取手形,,,118584,00,,,,,,手形割引料 | 手形番号=R20210625-116-2,,,,,,,
,,,,,20210820,146,,,000,共通部門,10A100020-3,普通預金,20,ABC銀行 本店,20000000,00,,,,,,000,共通部門,10A100020-2,当座預金,1,ABC銀行,20000000,00,,,,,,資金移動,,,,,,,
,,,,,20210820,161,,,050,九州営業所,522,旅費・交通費,,,8420,31,,10,,,,000,共通部門,100,現金,,,8420,00,,,,,,旅費,,,,,,,
,,,,,20210820,169,,,050,九州営業所,10E201040,水道光熱費,,,94736,31,,10,,,,000,共通部門,10A100020-3,普通預金,50,MNO銀行 北九州,94736,00,,,,,,電気料,,,,,,,
,,,,,20210820,169,,,050,九州営業所,10E201040,水道光熱費,,,4426,31,,10,,,,000,共通部門,10A100020-3,普通預金,50,MNO銀行 北九州,4426,00,,,,,,水道料,,,,,,,
,,,,,20210821,5,,,010,札幌営業所,10E200050,広告宣伝費,,,52500,31,,10,,,,000,共通部門,10A100020-3,普通預金,10,DEF銀行 駅前,52500,00,,,,,,広告費,,,,,,,
,,,,,20210821,6,,,010,札幌営業所,10E200050,広告宣伝費,,,5000,31,,10,,,,000,共通部門,100,現金,,,5000,00,,,,,,広告料,,,,,,,
,,,,,20210821,25,,,010,札幌営業所,522,旅費・交通費,,,56000,31,,10,,,,000,共通部門,100,現金,,,56000,00,,,,,,旅費,,,,,,,
,,,,,20210821,38,,,020,東京支店,10E200140,福利厚生費,,,48164,31,,10,,,,000,共通部門,204,未払金,,,48164,00,,,,,,宿泊費,,,,,,,
,,,,,20210821,45,,,020,東京支店,521,接待交際費,,,10000,31,,10,,,,000,共通部門,100,現金,,,10000,00,,,,,,香典代,,,,,,,
,,,,,20210821,126,,,020,東京支店,526,租税公課,,,40000,00,,,,,,000,共通部門,100,現金,,,40000,00,,,,,,収入印紙,,,,,,,
,,,,,20210821,155,,,050,九州営業所,10E201120,車両費,,,7055,31,,10,,,,000,共通部門,100,現金,,,7055,00,,,,,,ガソリン代,,,,,,,
,,,,,20210821,160,,,020,東京支店,522,旅費・交通費,,,70000,31,,10,,,,000,共通部門,100,現金,,,70000,00,,,,,,出張旅費,,,,,,,
,,,,,20210822,24,,,010,札幌営業所,522,旅費・交通費,,,82620,31,,10,,,,000,共通部門,100,現金,,,82620,00,,,,,,架空鉄道会社A回数券,,,,,,,
,,,,,20210822,48,,,020,東京支店,10E201120,車両費,,,5117,31,,10,,,,000,共通部門,100,現金,,,5117,00,,,,,,ガソリン代,,,,,,,
,,,,,20210822,69,,,020,東京支店,10E201270,雑費,,,300,31,,10,,,,000,共通部門,100,現金,,,300,00,,,,,,のし袋,,,,,,,
,,,,,20210822,69,,,020,東京支店,10E201270,雑費,,,740,31,,10,,,,000,共通部門,100,現金,,,740,00,,,,,,電池,,,,,,,
,,,,,20210822,90,,,030,名古屋支店,10E201270,雑費,,,10500,31,,10,,,,000,共通部門,100,現金,,,10500,00,,,,,,架空清掃会社A代,,,,,,,
,,,,,20210822,95,,,030,名古屋支店,10E201270,雑費,,,71675,31,,10,,,,000,共通部門,204,未払金,,,71675,00,,,,,,清掃料,,,,,,,
,,,,,20210822,107,,,040,大阪支店,521,接待交際費,,,10000,31,,10,,,,000,共通部門,100,現金,,,10000,00,,,,,,お見舞い,,,,,,,
,,,,,20210822,109,,,040,大阪支店,10E201120,車両費,,,56640,31,,10,,,,000,共通部門,204,未払金,,,56640,00,,,,,,ガソリン代,,,,,,,
,,,,,20210822,163,,,050,九州営業所,10E201140,諸会費,,,18000,00,,,,,,000,共通部門,100,現金,,,18000,00,,,,,,会費,,,,,,,
,,,,,20210822,166,,,050,九州営業所,10E201270,雑費,,,1890,31,,10,,,,000,共通部門,100,現金,,,1890,00,,,,,,架空清掃会社A代,,,,,,,
,,,,,20210823,28,,,010,札幌営業所,522,旅費・交通費,,,2420,31,,10,,,,000,共通部門,204,未払金,,,2420,00,,,,,,タクシー代,,,,,,,
,,,,,20210823,29,,,010,札幌営業所,523,通信費,,,72406,31,,10,,,,000,共通部門,10A100020-3,普通預金,10,DEF銀行 駅前,72406,00,,,,,,携帯電話代,,,,,,,
,,,,,20210823,140,,,040,大阪支店,522,旅費・交通費,,,6450,31,,10,,,,000,共通部門,100,現金,,,6450,00,,,,,,旅費,,,,,,,
,,,,,20210824,8,,,010,札幌営業所,521,接待交際費,,,19048,31,,10,,,,000,共通部門,100,現金,,,19048,00,,,,,,定例ミーティング会費,,,,,,,
,,,,,20210824,8,,,010,札幌営業所,521,接待交際費,,,31048,31,,10,,,,000,共通部門,100,現金,,,31048,00,,,,,,飲食代 架空店舗021 6名,,,,,,,
,,,,,20210824,62,,,050,九州営業所,10E200140,福利厚生費,,,14500,31,,10,,,,000,共通部門,204,未払金,,,14500,00,,,,,,お茶代,,,,,,,
,,,,,20210824,82,,,020,東京支店,10E200090,役員報酬,,,1127093,00,,,,,,000,共通部門,10A100020-3,普通預金,20,ABC銀行 本店,1127093,00,,,,,,8月給与その他 0001 役員,,,,,,,
,,,,,20210824,82,,,020,東京支店,10E200090,役員報酬,,,111192,00,,,,,,000,共通部門,208,預り金,1,保険料,111192,00,,,,,,8月給与その他 0001 役員,,,,,,,
,,,,,20210824,82,,,020,東京支店,10E200090,役員報酬,,,171200,00,,,,,,000,共通部門,208,預り金,2,住民税,171200,00,,,,,,8月給与その他 0001 役員,,,,,,,
,,,,,20210824,82,,,020,東京支店,10E200090,役員報酬,,,166823,00,,,,,,000,共通部門,208,預り金,3,源泉税,166823,00,,,,,,8月給与その他 0001 役員,,,,,,,
,,,,,20210824,82,,,020,東京支店,10E200090,役員報酬,,,133972,00,,,,,,000,共通部門,208,預り金,4,貯蓄・保険,133972,00,,,,,,8月給与その他 0001 役員,,,,,,,
,,,,,20210824,82,,,020,東京支店,10E200090,役員報酬,,,9720,00,,,,,,000,共通部門,208,預り金,9,その他,9720,00,,,,,,8月給与その他 0001 役員,,,,,,,
,,,,,20210824,82,,,020,東京支店,10E200370,給与手当,,,1497454,00,,,,,,000,共通部門,10A100020-3,普通預金,20,ABC銀行 本店,1497454,00,,,,,,8月給与その他 0020 営業部,,,,,,,
,,,,,20210824,82,,,020,東京支店,10E200370,給与手当,,,216077,00,,,,,,000,共通部門,208,預り金,1,保険料,216077,00,,,,,,8月給与その他 0020 営業部,,,,,,,
,,,,,20210824,82,,,020,東京支店,10E200370,給与手当,,,104300,00,,,,,,000,共通部門,208,預り金,2,住民税,104300,00,,,,,,8月給与その他 0020 営業部,,,,,,,
,,,,,20210824,82,,,020,東京支店,10E200370,給与手当,,,36360,00,,,,,,000,共通部門,208,預り金,3,源泉税,36360,00,,,,,,8月給与その他 0020 営業部,,,,,,,
,,,,,20210824,82,,,020,東京支店,10E200370,給与手当,,,43305,00,,,,,,000,共通部門,208,預り金,4,貯蓄・保険,43305,00,,,,,,8月給与その他 0020 営業部,,,,,,,
,,,,,20210824,82,,,020,東京支店,10E200370,給与手当,,,58132,00,,,,,,000,共通部門,208,預り金,9,その他,58132,00,,,,,,8月給与その他 0020 営業部,,,,,,,
,,,,,20210824,82,,,010,札幌営業所,10E200370,給与手当,,,608919,00,,,,,,000,共通部門,10A100020-3,普通預金,20,ABC銀行 本店,608919,00,,,,,,8月給与その他 1000 札幌営業所,,,,,,,
,,,,,20210824,82,,,010,札幌営業所,10E200370,給与手当,,,100704,00,,,,,,000,共通部門,208,預り金,1,保険料,100704,00,,,,,,8月給与その他 1000 札幌営業所,,,,,,,
,,,,,20210824,82,,,010,札幌営業所,10E200370,給与手当,,,46300,00,,,,,,000,共通部門,208,預り金,2,住民税,46300,00,,,,,,8月給与その他 1000 札幌営業所,,,,,,,
,,,,,20210824,82,,,010,札幌営業所,10E200370,給与手当,,,13710,00,,,,,,000,共通部門,208,預り金,3,源泉税,13710,00,,,,,,8月給与その他 1000 札幌営業所,,,,,,,
,,,,,20210824,82,,,010,札幌営業所,10E200370,給与手当,,,50648,00,,,,,,000,共通部門,208,預り金,4,貯蓄・保険,50648,00,,,,,,8月給与その他 1000 札幌営業所,,,,,,,
,,,,,20210824,82,,,010,札幌営業所,10E200370,給与手当,,,37747,00,,,,,,000,共通部門,208,預り金,9,その他,37747,00,,,,,,8月給与その他 1000 札幌営業所,,,,,,,
,,,,,20210824,82,,,030,名古屋支店,10E200370,給与手当,,,558416,00,,,,,,000,共通部門,10A100020-3,普通預金,20,ABC銀行 本店,558416,00,,,,,,8月給与その他 3000 名古屋営業所,,,,,,,
,,,,,20210824,82,,,030,名古屋支店,10E200370,給与手当,,,92651,00,,,,,,000,共通部門,208,預り金,1,保険料,92651,00,,,,,,8月給与その他 3000 名古屋営業所,,,,,,,
,,,,,20210824,82,,,030,名古屋支店,10E200370,給与手当,,,42600,00,,,,,,000,共通部門,208,預り金,2,住民税,42600,00,,,,,,8月給与その他 3000 名古屋営業所,,,,,,,
,,,,,20210824,82,,,030,名古屋支店,10E200370,給与手当,,,7850,00,,,,,,000,共通部門,208,預り金,3,源泉税,7850,00,,,,,,8月給与その他 3000 名古屋営業所,,,,,,,
,,,,,20210824,82,,,030,名古屋支店,10E200370,給与手当,,,40759,00,,,,,,000,共通部門,208,預り金,4,貯蓄・保険,40759,00,,,,,,8月給与その他 3000 名古屋営業所,,,,,,,
,,,,,20210824,82,,,030,名古屋支店,10E200370,給与手当,,,32648,00,,,,,,000,共通部門,208,預り金,9,その他,32648,00,,,,,,8月給与その他 3000 名古屋営業所,,,,,,,
,,,,,20210824,82,,,040,大阪支店,10E200370,給与手当,,,856766,00,,,,,,000,共通部門,10A100020-3,普通預金,20,ABC銀行 本店,856766,00,,,,,,8月給与その他 4000 大阪支店,,,,,,,
,,,,,20210824,82,,,040,大阪支店,10E200370,給与手当,,,119974,00,,,,,,000,共通部門,208,預り金,1,保険料,119974,00,,,,,,8月給与その他 4000 大阪支店,,,,,,,
,,,,,20210824,82,,,040,大阪支店,10E200370,給与手当,,,53400,00,,,,,,000,共通部門,208,預り金,2,住民税,53400,00,,,,,,8月給与その他 4000 大阪支店,,,,,,,
,,,,,20210824,82,,,040,大阪支店,10E200370,給与手当,,,20550,00,,,,,,000,共通部門,208,預り金,3,源泉税,20550,00,,,,,,8月給与その他 4000 大阪支店,,,,,,,
,,,,,20210824,82,,,040,大阪支店,10E200370,給与手当,,,13570,00,,,,,,000,共通部門,208,預り金,4,貯蓄・保険,13570,00,,,,,,8月給与その他 4000 大阪支店,,,,,,,
,,,,,20210824,82,,,040,大阪支店,10E200370,給与手当,,,24934,00,,,,,,000,共通部門,208,預り金,9,その他,24934,00,,,,,,8月給与その他 4000 大阪支店,,,,,,,
,,,,,20210824,82,,,050,九州営業所,10E200370,給与手当,,,452129,00,,,,,,000,共通部門,10A100020-3,普通預金,20,ABC銀行 本店,452129,00,,,,,,8月給与その他 5000 九州営業所,,,,,,,
,,,,,20210824,82,,,050,九州営業所,10E200370,給与手当,,,66241,00,,,,,,000,共通部門,208,預り金,1,保険料,66241,00,,,,,,8月給与その他 5000 九州営業所,,,,,,,
,,,,,20210824,82,,,050,九州営業所,10E200370,給与手当,,,31700,00,,,,,,000,共通部門,208,預り金,2,住民税,31700,00,,,,,,8月給与その他 5000 九州営業所,,,,,,,
,,,,,20210824,82,,,050,九州営業所,10E200370,給与手当,,,8240,00,,,,,,000,共通部門,208,預り金,3,源泉税,8240,00,,,,,,8月給与その他 5000 九州営業所,,,,,,,
,,,,,20210824,82,,,050,九州営業所,10E200370,給与手当,,,18540,00,,,,,,000,共通部門,208,預り金,4,貯蓄・保険,18540,00,,,,,,8月給与その他 5000 九州営業所,,,,,,,
,,,,,20210824,82,,,050,九州営業所,10E200370,給与手当,,,15755,00,,,,,,000,共通部門,208,預り金,9,その他,15755,00,,,,,,8月給与その他 5000 九州営業所,,,,,,,
,,,,,20210824,105,,,040,大阪支店,521,接待交際費,,,12124,31,,10,,,,000,共通部門,100,現金,,,12124,00,,,,,,飲食代 架空店舗081,,,,,,,
,,,,,20210824,105,,,040,大阪支店,521,接待交際費,,,18734,31,,10,,,,000,共通部門,100,現金,,,18734,00,,,,,,飲食代 架空店舗022,,,,,,,
,,,,,20210824,120,,,040,大阪支店,10E200020,販売手数料,,,315000,31,,10,,,,000,共通部門,204,未払金,,,315000,00,,,,,,業務委託費,,,,,,,
,,,,,20210825,15,,,010,札幌営業所,10E201120,車両費,,,3000,31,,10,,,,000,共通部門,100,現金,,,3000,00,,,,,,洗車代,,,,,,,
,,,,,20210825,26,,,010,札幌営業所,522,旅費・交通費,,,15980,31,,10,,,,000,共通部門,100,現金,,,15980,00,,,,,,旅費,,,,,,,
,,,,,20210825,37,,,020,東京支店,10E200020,販売手数料,,,1158000,31,,10,,,,000,共通部門,204,未払金,,,1158000,00,,,,,,業務委託費,,,,,,,
,,,,,20210825,62,,,020,東京支店,523,通信費,,,96457,31,,10,,,,000,共通部門,10A100020-3,普通預金,20,ABC銀行 本店,96457,00,,,,,,携帯代,,,,,,,
,,,,,20210825,72,,,020,東京支店,10E201160,新聞図書費,,,2864,31,,10,,,,000,共通部門,100,現金,,,2864,00,,,,,,新聞代,,,,,,,
,,,,,20210825,72,,,020,東京支店,10E201160,新聞図書費,,,2815,31,,10,,,,000,共通部門,100,現金,,,2815,00,,,,,,新聞代,,,,,,,
,,,,,20210825,72,,,020,東京支店,10E201160,新聞図書費,,,3399,31,,10,,,,000,共通部門,100,現金,,,3399,00,,,,,,新聞代,,,,,,,
,,,,,20210825,80,,,030,名古屋支店,522,旅費・交通費,,,9800,31,,10,,,,000,共通部門,100,現金,,,9800,00,,,,,,タクシー代,,,,,,,
,,,,,20210825,87,,,030,名古屋支店,523,通信費,,,51634,31,,10,,,,000,共通部門,10A100020-3,普通預金,30,GHI銀行 名古屋,51634,00,,,,,,携帯代,,,,,,,
,,,,,20210825,106,,,000,共通部門,130,受取手形,,,16395173,00,,,,,,000,共通部門,131,売掛金,2,株式会社桜丘百貨店,16395173,00,,,,,,8月25日伝票No290株式会社桜丘百貨店 | 売上伝票=20210731-114;手形番号=R20210825-106-2,,,,,,,
,,,,,20210825,107,,,000,共通部門,10A100020-3,普通預金,30,GHI銀行 名古屋,925145,00,,,,,,000,共通部門,131,売掛金,7,株式会社光彩堂商事,925145,00,,,,,,8月25日伝票No291株式会社光彩堂商事,,,,,,,
,,,,,20210825,107,,,030,名古屋支店,512,支払手数料,,,735,31,,10,,,,000,共通部門,131,売掛金,7,株式会社光彩堂商事,735,00,,,,,,8月25日伝票No291株式会社光彩堂商事,,,,,,,
,,,,,20210825,108,,,000,共通部門,10A100020-3,普通預金,40,JKL銀行 梅田,1134508,00,,,,,,000,共通部門,131,売掛金,23,株式会社杉の木商店,1134508,00,,,,,,8月25日伝票No292株式会社杉の木商店,,,,,,,
,,,,,20210825,108,,,040,大阪支店,512,支払手数料,,,630,31,,10,,,,000,共通部門,131,売掛金,23,株式会社杉の木商店,630,00,,,,,,8月25日伝票No292株式会社杉の木商店,,,,,,,
,,,,,20210825,109,,,000,共通部門,10A100020-3,普通預金,10,DEF銀行 駅前,4664656,00,,,,,,000,共通部門,131,売掛金,25,株式会社ほのかマート,4664656,00,,,,,,8月25日伝票No293株式会社ほのかマート,,,,,,,
,,,,,20210825,109,,,010,札幌営業所,512,支払手数料,,,840,31,,10,,,,000,共通部門,131,売掛金,25,株式会社ほのかマート,840,00,,,,,,8月25日伝票No293株式会社ほのかマート,,,,,,,
,,,,,20210825,111,,,040,大阪支店,522,旅費・交通費,,,16300,31,,10,,,,000,共通部門,204,未払金,,,16300,00,,,,,,タクシー代,,,,,,,
,,,,,20210825,114,,,040,大阪支店,10E201160,新聞図書費,,,2540,31,,10,,,,000,共通部門,100,現金,,,2540,00,,,,,,新聞代,,,,,,,
,,,,,20210825,114,,,040,大阪支店,10E201160,新聞図書費,,,2864,31,,10,,,,000,共通部門,100,現金,,,2864,00,,,,,,新聞代,,,,,,,
,,,,,20210825,171,,,050,九州営業所,523,通信費,,,69329,31,,10,,,,000,共通部門,10A100020-3,普通預金,50,MNO銀行 北九州,69329,00,,,,,,携帯代,,,,,,,
,,,,,20210826,27,,,010,札幌営業所,522,旅費・交通費,,,26648,31,,10,,,,000,共通部門,100,現金,,,26648,00,,,,,,旅費,,,,,,,
,,,,,20210826,27,,,010,札幌営業所,522,旅費・交通費,,,34077,31,,10,,,,000,共通部門,100,現金,,,34077,00,,,,,,旅費,,,,,,,
,,,,,20210826,27,,,010,札幌営業所,522,旅費・交通費,,,25591,31,,10,,,,000,共通部門,100,現金,,,25591,00,,,,,,旅費,,,,,,,
,,,,,20210826,60,,,020,東京支店,522,旅費・交通費,,,8700,31,,10,,,,000,共通部門,100,現金,,,8700,00,,,,,,旅費,,,,,,,
,,,,,20210826,113,,,040,大阪支店,523,通信費,,,82456,31,,10,,,,000,共通部門,10A100020-3,普通預金,40,JKL銀行 梅田,82456,00,,,,,,携帯代,,,,,,,
,,,,,20210826,131,,,040,大阪支店,10E201140,諸会費,,,24000,00,,,,,,000,共通部門,10A100020-3,普通預金,40,JKL銀行 梅田,24000,00,,,,,,会費,,,,,,,
,,,,,20210826,138,,,040,大阪支店,10E201120,車両費,,,5381,31,,10,,,,000,共通部門,100,現金,,,5381,00,,,,,,高速代,,,,,,,
,,,,,20210826,138,,,040,大阪支店,10E201120,車両費,,,3858,31,,10,,,,000,共通部門,100,現金,,,3858,00,,,,,,高速代,,,,,,,
,,,,,20210826,138,,,040,大阪支店,10E201120,車両費,,,6381,31,,10,,,,000,共通部門,100,現金,,,6381,00,,,,,,ガソリン代,,,,,,,
,,,,,20210826,138,,,040,大阪支店,10E201120,車両費,,,3400,31,,10,,,,000,共通部門,100,現金,,,3400,00,,,,,,駐車代,,,,,,,
,,,,,20210826,146,,,050,九州営業所,10E200020,販売手数料,,,147000,31,,10,,,,000,共通部門,204,未払金,,,147000,00,,,,,,業務委託費,,,,,,,
,,,,,20210826,172,,,010,札幌営業所,10E200020,販売手数料,,,104000,31,,10,,,,000,共通部門,204,未払金,,,104000,00,,,,,,業務委託費支払い,,,,,,,
,,,,,20210827,13,,,010,札幌営業所,10E201120,車両費,,,7648,31,,10,,,,000,共通部門,100,現金,,,7648,00,,,,,,ガソリン代,,,,,,,
,,,,,20210827,14,,,010,札幌営業所,10E201120,車両費,,,3000,31,,10,,,,000,共通部門,100,現金,,,3000,00,,,,,,ガソリン代,,,,,,,
,,,,,20210827,30,,,010,札幌営業所,531,保険料,,,54320,30,,,,,,000,共通部門,10A100020-3,普通預金,10,DEF銀行 駅前,54320,00,,,,,,保険料支払,,,,,,,
,,,,,20210827,35,,,010,札幌営業所,10E201160,新聞図書費,,,3925,31,,10,,,,000,共通部門,100,現金,,,3925,00,,,,,,新聞代,,,,,,,
,,,,,20210827,39,,,020,東京支店,10E200140,福利厚生費,,,9000,31,,10,,,,000,共通部門,100,現金,,,9000,00,,,,,,会費,,,,,,,
,,,,,20210827,78,,,030,名古屋支店,10E200020,販売手数料,,,189000,31,,10,,,,000,共通部門,204,未払金,,,189000,00,,,,,,業務委託費支払い,,,,,,,
,,,,,20210827,88,,,030,名古屋支店,10E201160,新聞図書費,,,3568,31,,10,,,,000,共通部門,100,現金,,,3568,00,,,,,,新聞代,,,,,,,
,,,,,20210827,170,,,050,九州営業所,10E201160,新聞図書費,,,3007,31,,10,,,,000,共通部門,100,現金,,,3007,00,,,,,,新聞代,,,,,,,
,,,,,20210828,3,,,010,札幌営業所,10E200140,福利厚生費,,,31180,31,,10,,,,000,共通部門,204,未払金,,,31180,00,,,,,,宿泊代,,,,,,,
,,,,,20210828,54,,,020,東京支店,10E201120,車両費,,,1715,31,,10,,,,000,共通部門,100,現金,,,1715,00,,,,,,高速代,,,,,,,
,,,,,20210828,54,,,020,東京支店,10E201120,車両費,,,858,31,,10,,,,000,共通部門,100,現金,,,858,00,,,,,,駐車代,,,,,,,
,,,,,20210828,75,,,020,東京支店,521,接待交際費,,,40320,31,,10,,,,000,共通部門,100,現金,,,40320,00,,,,,,飲食代 架空店舗071 10名,,,,,,,
,,,,,20210828,93,,,050,九州営業所,10E201000,修繕維持費,,,17850,31,,10,,,,000,共通部門,204,未払金,,,17850,00,,,,,,修繕費,,,,,,,
,,,,,20210828,140,,,000,共通部門,10A100020-3,普通預金,20,ABC銀行 本店,5000000,00,,,,,,000,共通部門,10A100020-3,普通預金,10,DEF銀行 駅前,5000000,00,,,,,,資金移動,,,,,,,
,,,,,20210828,140,,,000,共通部門,10A100020-3,普通預金,20,ABC銀行 本店,4000000,00,,,,,,000,共通部門,10A100020-3,普通預金,30,GHI銀行 名古屋,4000000,00,,,,,,資金移動,,,,,,,
,,,,,20210828,140,,,000,共通部門,10A100020-3,普通預金,20,ABC銀行 本店,3500000,00,,,,,,000,共通部門,10A100020-3,普通預金,40,JKL銀行 梅田,3500000,00,,,,,,資金移動,,,,,,,
,,,,,20210828,140,,,000,共通部門,10A100020-3,普通預金,20,ABC銀行 本店,3000000,00,,,,,,000,共通部門,10A100020-3,普通預金,50,MNO銀行 北九州,3000000,00,,,,,,資金移動,,,,,,,
,,,,,20210829,67,,,020,東京支店,10E201140,諸会費,,,30000,00,,,,,,000,共通部門,100,現金,,,30000,00,,,,,,会費支払い,,,,,,,
,,,,,20210829,70,,,020,東京支店,521,接待交際費,,,42800,31,,10,,,,000,共通部門,100,現金,,,42800,00,,,,,,ゴルフプレー代4名,,,,,,,
,,,,,20210830,49,,,020,東京支店,10E201120,車両費,,,170382,31,,10,,,,000,共通部門,100,現金,,,170382,00,,,,,,ガソリン代,,,,,,,
,,,,,20210830,49,,,020,東京支店,10E201120,車両費,,,24532,31,,10,,,,000,共通部門,100,現金,,,24532,00,,,,,,車両管理費,,,,,,,
,,,,,20210830,70,,,020,東京支店,10E201270,雑費,,,6000,31,,10,,,,000,共通部門,204,未払金,,,6000,00,,,,,,有線,,,,,,,
,,,,,20210830,70,,,020,東京支店,10E201270,雑費,,,52381,31,,10,,,,000,共通部門,204,未払金,,,52381,00,,,,,,警備料,,,,,,,
,,,,,20210830,70,,,020,東京支店,10E201120,車両費,,,56500,31,,10,,,,000,共通部門,100,現金,,,56500,00,,,,,,高速代,,,,,,,
,,,,,20210830,70,,,020,東京支店,10E201270,雑費,,,73500,31,,10,,,,000,共通部門,204,未払金,,,73500,00,,,,,,清掃料,,,,,,,
,,,,,20210830,76,,,050,九州営業所,10E201120,車両費,,,5623,31,,10,,,,000,共通部門,100,現金,,,5623,00,,,,,,ガソリン代,,,,,,,
,,,,,20210830,76,,,050,九州営業所,10E201120,車両費,,,42286,31,,10,,,,000,共通部門,100,現金,,,42286,00,,,,,,タイヤ代　175/60-14　4本,,,,,,,
,,,,,20210830,76,,,050,九州営業所,10E201120,車両費,,,1200,31,,10,,,,000,共通部門,100,現金,,,1200,00,,,,,,タイヤ交換代,,,,,,,
,,,,,20210830,81,,,030,名古屋支店,10E200140,福利厚生費,,,19800,31,,10,,,,000,共通部門,204,未払金,,,19800,00,,,,,,お茶代,,,,,,,
,,,,,20210830,96,,,030,名古屋支店,10E201270,雑費,,,22470,31,,10,,,,000,共通部門,10A100020-3,普通預金,30,GHI銀行 名古屋,22470,00,,,,,,警備料,,,,,,,
,,,,,20210830,99,,,040,大阪支店,10E200870,運賃,,,684500,31,,10,,,,000,共通部門,204,未払金,,,684500,00,,,,,,運賃,,,,,,,
,,,,,20210830,100,,,040,大阪支店,10E200140,福利厚生費,,,6000,31,,10,,,,000,共通部門,100,現金,,,6000,00,,,,,,会費,,,,,,,
,,,,,20210830,115,,,040,大阪支店,531,保険料,,,64500,30,,,,,,000,共通部門,10A100020-3,普通預金,40,JKL銀行 梅田,64500,00,,,,,,保険料,,,,,,,
,,,,,20210830,121,,,040,大阪支店,10E200140,福利厚生費,,,12000,31,,10,,,,000,共通部門,100,現金,,,12000,00,,,,,,お茶代,,,,,,,
,,,,,20210830,137,,,040,大阪支店,10E201270,雑費,,,6000,31,,10,,,,000,共通部門,204,未払金,,,6000,00,,,,,,有線,,,,,,,
,,,,,20210830,137,,,040,大阪支店,10E201270,雑費,,,42858,31,,10,,,,000,共通部門,204,未払金,,,42858,00,,,,,,警備料,,,,,,,
,,,,,20210830,137,,,040,大阪支店,10E201120,車両費,,,45070,31,,10,,,,000,共通部門,10A100020-3,普通預金,40,JKL銀行 梅田,45070,00,,,,,,高速料,,,,,,,
,,,,,20210830,137,,,040,大阪支店,10E201270,雑費,,,73500,31,,10,,,,000,共通部門,204,未払金,,,73500,00,,,,,,清掃料,,,,,,,
,,,,,20210831,1,,,010,札幌営業所,10E200870,運賃,,,88330,31,,10,,,,000,共通部門,204,未払金,,,88330,00,,,,,,運賃 架空運送会社B,,,,,,,
,,,,,20210831,36,,,020,東京支店,10E200870,運賃,,,1618610,31,,10,,,,000,共通部門,204,未払金,,,1618610,00,,,,,,運賃 架空運送会社A,,,,,,,
,,,,,20210831,36,,,020,東京支店,10E200870,運賃,,,916715,31,,10,,,,000,共通部門,204,未払金,,,916715,00,,,,,,運賃 架空運送会社B,,,,,,,
,,,,,20210831,40,,,020,東京支店,10E200050,広告宣伝費,,,50000,31,,10,,,,000,共通部門,204,未払金,,,50000,00,,,,,,広告掲載,,,,,,,
,,,,,20210831,63,,,000,共通部門,208,預り金,1,保険料,700982,00,,,,,,000,共通部門,10A100020-3,普通預金,20,ABC銀行 本店,700982,00,,,,,,保険料預かり分,,,,,,,
,,,,,20210831,63,,,020,東京支店,10E200540,法定福利費,,,111192,30,,,,,,000,共通部門,10A100020-3,普通預金,20,ABC銀行 本店,111192,00,,,,,,保険料　事業主負担分,,,,,,,
,,,,,20210831,63,,,020,東京支店,10E200540,法定福利費,,,216077,30,,,,,,000,共通部門,10A100020-3,普通預金,20,ABC銀行 本店,216077,00,,,,,,保険料　事業主負担分,,,,,,,
,,,,,20210831,63,,,010,札幌営業所,10E200540,法定福利費,,,94847,30,,,,,,000,共通部門,10A100020-3,普通預金,20,ABC銀行 本店,94847,00,,,,,,保険料　事業主負担分,,,,,,,
,,,,,20210831,63,,,030,名古屋支店,10E200540,法定福利費,,,92652,30,,,,,,000,共通部門,10A100020-3,普通預金,20,ABC銀行 本店,92652,00,,,,,,保険料　事業主負担分,,,,,,,
,,,,,20210831,63,,,040,大阪支店,10E200540,法定福利費,,,119974,30,,,,,,000,共通部門,10A100020-3,普通預金,20,ABC銀行 本店,119974,00,,,,,,保険料　事業主負担分,,,,,,,
,,,,,20210831,63,,,050,九州営業所,10E200540,法定福利費,,,66245,30,,,,,,000,共通部門,10A100020-3,普通預金,20,ABC銀行 本店,66245,00,,,,,,保険料　事業主負担分,,,,,,,
,,,,,20210831,63,,,020,東京支店,10E200540,法定福利費,,,9672,30,,,,,,000,共通部門,10A100020-3,普通預金,20,ABC銀行 本店,9672,00,,,,,,児童拠出金　事業主負担分,,,,,,,
,,,,,20210831,63,,,020,東京支店,531,保険料,,,81000,30,,,,,,000,共通部門,10A100020-3,普通預金,20,ABC銀行 本店,81000,00,,,,,,保険料,,,,,,,
,,,,,20210831,66,,,020,東京支店,10E200730,リース料,,,209850,31,,10,,,,000,共通部門,10A100020-3,普通預金,20,ABC銀行 本店,209850,00,,,,,,リース料,,,,,,,
,,,,,20210831,72,,,030,名古屋支店,531,保険料,,,62000,30,,,,,,000,共通部門,10A100020-3,普通預金,30,GHI銀行 名古屋,62000,00,,,,,,保険料,,,,,,,
,,,,,20210831,73,,,050,九州営業所,531,保険料,,,57000,30,,,,,,000,共通部門,10A100020-3,普通預金,50,MNO銀行 北九州,57000,00,,,,,,保険料支払い,,,,,,,
,,,,,20210831,75,,,010,札幌営業所,525,消耗品費,,,30921,00,,,,,,000,共通部門,525,消耗品費,,,30921,00,,,,,,消耗品費　部門配賦,,,,,,,
,,,,,20210831,75,,,020,東京支店,525,消耗品費,,,134935,00,,,,,,000,共通部門,525,消耗品費,,,134935,00,,,,,,消耗品費　部門配賦,,,,,,,
,,,,,20210831,75,,,030,名古屋支店,525,消耗品費,,,28110,00,,,,,,000,共通部門,525,消耗品費,,,28110,00,,,,,,消耗品費　部門配賦,,,,,,,
,,,,,20210831,75,,,040,大阪支店,525,消耗品費,,,67466,00,,,,,,000,共通部門,525,消耗品費,,,67466,00,,,,,,消耗品費　部門配賦,,,,,,,
,,,,,20210831,75,,,050,九州営業所,525,消耗品費,,,19677,00,,,,,,000,共通部門,525,消耗品費,,,19677,00,,,,,,消耗品費　部門配賦,,,,,,,
,,,,,20210831,77,,,030,名古屋支店,10E200870,運賃,,,145670,31,,10,,,,000,共通部門,204,未払金,,,145670,00,,,,,,運賃,,,,,,,
,,,,,20210831,83,,,030,名古屋支店,10E201120,車両費,,,42500,31,,10,,,,000,共通部門,100,現金,,,42500,00,,,,,,車両管理費,,,,,,,
,,,,,20210831,83,,,000,共通部門,204,未払金,,,7691085,00,,,,,,000,共通部門,10A100020-3,普通預金,20,ABC銀行 本店,7691085,00,,,,,,7月分支払,,,,,,,
,,,,,20210831,94,,,030,名古屋支店,10E201270,雑費,,,5150,31,,10,,,,000,共通部門,100,現金,,,5150,00,,,,,,お茶代他,,,,,,,
,,,,,20210831,108,,,040,大阪支店,521,接待交際費,,,1360,31,,10,,,,000,共通部門,100,現金,,,1360,00,,,,,,コーヒー代2名,,,,,,,
,,,,,20210831,110,,,000,共通部門,131,売掛金,14,株式会社花咲商事,1577184,00,,,,,,010,札幌営業所,10D100100,売上高,,,1577184,01,,10,,,,8月1日～8月31日分売上,,,,,,,
,,,,,20210831,110,,,000,共通部門,131,売掛金,25,株式会社ほのかマート,3658726,00,,,,,,010,札幌営業所,10D100100,売上高,,,3658726,01,,10,,,,8月1日～8月31日分売上,,,,,,,
,,,,,20210831,110,,,000,共通部門,131,売掛金,5,東雲商会株式会社,971864,00,,,,,,010,札幌営業所,10D100100,売上高,,,971864,01,,10,,,,8月1日～8月31日分売上,,,,,,,
,,,,,20210831,111,,,000,共通部門,131,売掛金,2,株式会社桜丘百貨店,13866393,00,,,,,,020,東京支店,10D100100,売上高,,,13866393,01,,10,,,,8月1日～8月31日分売上,,,,,,,
,,,,,20210831,111,,,000,共通部門,131,売掛金,11,株式会社楓屋,692628,00,,,,,,020,東京支店,10D100100,売上高,,,692628,01,,10,,,,8月1日～8月31日分売上,,,,,,,
,,,,,20210831,111,,,000,共通部門,131,売掛金,12,株式会社緑野百貨店,10599606,00,,,,,,020,東京支店,10D100100,売上高,,,10599606,01,,10,,,,8月1日～8月31日分売上,,,,,,,
,,,,,20210831,111,,,000,共通部門,131,売掛金,13,星川商事株式会社,1088296,00,,,,,,020,東京支店,10D100100,売上高,,,1088296,01,,10,,,,8月1日～8月31日分売上,,,,,,,
,,,,,20210831,111,,,000,共通部門,131,売掛金,14,株式会社花咲商事,2070096,00,,,,,,020,東京支店,10D100100,売上高,,,2070096,01,,10,,,,8月1日～8月31日分売上,,,,,,,
,,,,,20210831,111,,,000,共通部門,131,売掛金,10,合同会社こもれび商事,666376,00,,,,,,020,東京支店,10D100100,売上高,,,666376,01,,10,,,,8月1日～8月31日分売上,,,,,,,
,,,,,20210831,111,,,000,共通部門,131,売掛金,26,若松販売株式会社,919640,00,,,,,,020,東京支店,10D100100,売上高,,,919640,01,,10,,,,8月1日～8月31日分売上,,,,,,,
,,,,,20210831,111,,,000,共通部門,131,売掛金,30,株式会社彩雲トレーディング,914454,00,,,,,,020,東京支店,10D100100,売上高,,,914454,01,,10,,,,8月1日～8月31日分売上,,,,,,,
,,,,,20210831,111,,,000,共通部門,131,売掛金,24,白峰商事株式会社,544580,00,,,,,,020,東京支店,10D100100,売上高,,,544580,01,,10,,,,8月1日～8月31日分売上,,,,,,,
,,,,,20210831,112,,,000,共通部門,131,売掛金,6,株式会社瑞穂流通,1018045,00,,,,,,030,名古屋支店,10D100100,売上高,,,1018045,01,,10,,,,8月1日～8月31日分売上,,,,,,,
,,,,,20210831,112,,,000,共通部門,131,売掛金,7,株式会社光彩堂商事,1120992,00,,,,,,030,名古屋支店,10D100100,売上高,,,1120992,01,,10,,,,8月1日～8月31日分売上,,,,,,,
,,,,,20210831,112,,,000,共通部門,131,売掛金,19,株式会社南風商会,5817092,00,,,,,,030,名古屋支店,10D100100,売上高,,,5817092,01,,10,,,,8月1日～8月31日分売上,,,,,,,
,,,,,20210831,112,,,000,共通部門,131,売掛金,14,株式会社花咲商事,1108960,00,,,,,,030,名古屋支店,10D100100,売上高,,,1108960,01,,10,,,,8月1日～8月31日分売上,,,,,,,
,,,,,20210831,112,,,000,共通部門,131,売掛金,21,合同会社つばさ商店,2661680,00,,,,,,030,名古屋支店,10D100100,売上高,,,2661680,01,,10,,,,8月1日～8月31日分売上,,,,,,,
,,,,,20210831,112,,,000,共通部門,131,売掛金,27,晴海物産株式会社,1695610,00,,,,,,030,名古屋支店,10D100100,売上高,,,1695610,01,,10,,,,8月1日～8月31日分売上,,,,,,,
,,,,,20210831,113,,,000,共通部門,131,売掛金,9,朝凪物産株式会社,673120,00,,,,,,040,大阪支店,10D100100,売上高,,,673120,01,,10,,,,8月1日～8月31日分売上,,,,,,,
,,,,,20210831,113,,,000,共通部門,131,売掛金,20,清和商事株式会社,1128590,00,,,,,,040,大阪支店,10D100100,売上高,,,1128590,01,,10,,,,8月1日～8月31日分売上,,,,,,,
,,,,,20210831,113,,,000,共通部門,131,売掛金,8,株式会社高原マーケット,710064,00,,,,,,040,大阪支店,10D100100,売上高,,,710064,01,,10,,,,8月1日～8月31日分売上,,,,,,,
,,,,,20210831,113,,,000,共通部門,131,売掛金,14,株式会社花咲商事,2583057,00,,,,,,040,大阪支店,10D100100,売上高,,,2583057,01,,10,,,,8月1日～8月31日分売上,,,,,,,
,,,,,20210831,113,,,000,共通部門,131,売掛金,28,株式会社青葉百貨店,6477499,00,,,,,,040,大阪支店,10D100100,売上高,,,6477499,01,,10,,,,8月1日～8月31日分売上,,,,,,,
,,,,,20210831,113,,,000,共通部門,131,売掛金,4,株式会社ひなたマート,698808,00,,,,,,040,大阪支店,10D100100,売上高,,,698808,01,,10,,,,8月1日～8月31日分売上,,,,,,,
,,,,,20210831,113,,,000,共通部門,131,売掛金,3,青凪商事株式会社,558315,00,,,,,,040,大阪支店,10D100100,売上高,,,558315,01,,10,,,,8月1日～8月31日分売上,,,,,,,
,,,,,20210831,113,,,000,共通部門,131,売掛金,23,株式会社杉の木商店,659000,00,,,,,,040,大阪支店,10D100100,売上高,,,659000,01,,10,,,,8月1日～8月31日分売上,,,,,,,
,,,,,20210831,114,,,000,共通部門,131,売掛金,1,株式会社若葉百貨店,1096420,00,,,,,,050,九州営業所,10D100100,売上高,,,1096420,01,,10,,,,8月1日～8月31日分売上,,,,,,,
,,,,,20210831,114,,,000,共通部門,131,売掛金,14,株式会社花咲商事,747840,00,,,,,,050,九州営業所,10D100100,売上高,,,747840,01,,10,,,,8月1日～8月31日分売上,,,,,,,
,,,,,20210831,114,,,000,共通部門,131,売掛金,29,株式会社小春サービス,554400,00,,,,,,050,九州営業所,10D100100,売上高,,,554400,01,,10,,,,8月1日～8月31日分売上,,,,,,,
,,,,,20210831,114,,,000,共通部門,131,売掛金,22,株式会社豊原産業,746944,00,,,,,,050,九州営業所,10D100100,売上高,,,746944,01,,10,,,,8月1日～8月31日分売上,,,,,,,
,,,,,20210831,115,,,000,共通部門,10A100020-3,普通預金,40,JKL銀行 梅田,1118800,00,,,,,,000,共通部門,131,売掛金,4,株式会社ひなたマート,1118800,00,,,,,,8月31日伝票No294株式会社ひなたマート,,,,,,,
,,,,,20210831,115,,,040,大阪支店,512,支払手数料,,,840,31,,10,,,,000,共通部門,131,売掛金,4,株式会社ひなたマート,840,00,,,,,,8月31日伝票No294株式会社ひなたマート,,,,,,,
,,,,,20210831,116,,,000,共通部門,10A100020-3,普通預金,10,DEF銀行 駅前,1266144,00,,,,,,000,共通部門,131,売掛金,5,東雲商会株式会社,1266144,00,,,,,,8月31日伝票No295東雲商会株式会社,,,,,,,
,,,,,20210831,116,,,010,札幌営業所,512,支払手数料,,,840,31,,10,,,,000,共通部門,131,売掛金,5,東雲商会株式会社,840,00,,,,,,8月31日伝票No295東雲商会株式会社,,,,,,,
,,,,,20210831,116,,,040,大阪支店,10E200730,リース料,,,84000,31,,10,,,,000,共通部門,10A100020-3,普通預金,40,JKL銀行 梅田,84000,00,,,,,,リース料,,,,,,,
,,,,,20210831,117,,,000,共通部門,130,受取手形,,,9670318,00,,,,,,000,共通部門,131,売掛金,12,株式会社緑野百貨店,9670318,00,,,,,,8月31日伝票No296株式会社緑野百貨店 | 売上伝票=20210731-114;手形番号=R20210831-117-12,,,,,,,
,,,,,20210831,118,,,000,共通部門,10A100020-3,普通預金,20,ABC銀行 本店,375874,00,,,,,,000,共通部門,131,売掛金,24,白峰商事株式会社,375874,00,,,,,,8月31日伝票No297白峰商事株式会社,,,,,,,
,,,,,20210831,118,,,020,東京支店,512,支払手数料,,,630,31,,10,,,,000,共通部門,131,売掛金,24,白峰商事株式会社,630,00,,,,,,8月31日伝票No297白峰商事株式会社,,,,,,,
,,,,,20210831,119,,,000,共通部門,10A100020-3,普通預金,50,MNO銀行 北九州,963405,00,,,,,,000,共通部門,131,売掛金,29,株式会社小春サービス,963405,00,,,,,,8月31日伝票No298株式会社小春サービス,,,,,,,
,,,,,20210831,119,,,050,九州営業所,512,支払手数料,,,315,31,,10,,,,000,共通部門,131,売掛金,29,株式会社小春サービス,315,00,,,,,,8月31日伝票No298株式会社小春サービス,,,,,,,
,,,,,20210831,120,,,000,共通部門,100,現金,,,305388,00,,,,,,000,共通部門,131,売掛金,10,合同会社こもれび商事,305388,00,,,,,,8月31日伝票No454合同会社こもれび商事,,,,,,,
,,,,,20210831,121,,,010,札幌営業所,461,仕入高,,,90491,31,,10,,,,000,共通部門,201,買掛金,2,株式会社双葉物産,90491,00,,,,,,8月1日～8月31日分仕入,,,,,,,
,,,,,20210831,121,,,010,札幌営業所,461,仕入高,,,74088,31,,10,,,,000,共通部門,201,買掛金,8,株式会社白樺商事,74088,00,,,,,,8月1日～8月31日分仕入,,,,,,,
,,,,,20210831,122,,,020,東京支店,461,仕入高,,,2953512,31,,10,,,,000,共通部門,201,買掛金,14,合同会社あかね商会,2953512,00,,,,,,8月1日～8月31日分仕入,,,,,,,
,,,,,20210831,122,,,020,東京支店,461,仕入高,,,3251165,31,,10,,,,000,共通部門,201,買掛金,3,青凪商事株式会社,3251165,00,,,,,,8月1日～8月31日分仕入,,,,,,,
,,,,,20210831,122,,,020,東京支店,461,仕入高,,,1317476,31,,10,,,,000,共通部門,201,買掛金,13,朝日野産業株式会社,1317476,00,,,,,,8月1日～8月31日分仕入,,,,,,,
,,,,,20210831,122,,,020,東京支店,461,仕入高,,,6139436,31,,10,,,,000,共通部門,201,買掛金,1,株式会社北辰商事,6139436,00,,,,,,8月1日～8月31日分仕入,,,,,,,
,,,,,20210831,122,,,020,東京支店,461,仕入高,,,4398969,31,,10,,,,000,共通部門,201,買掛金,11,株式会社花園商会,4398969,00,,,,,,8月1日～8月31日分仕入,,,,,,,
,,,,,20210831,122,,,020,東京支店,461,仕入高,,,336571,31,,10,,,,000,共通部門,201,買掛金,12,株式会社泉川商事,336571,00,,,,,,8月1日～8月31日分仕入,,,,,,,
,,,,,20210831,122,,,020,東京支店,461,仕入高,,,148176,31,,10,,,,000,共通部門,201,買掛金,8,株式会社白樺商事,148176,00,,,,,,8月1日～8月31日分仕入,,,,,,,
,,,,,20210831,122,,,020,東京支店,461,仕入高,,,818740,31,,10,,,,000,共通部門,201,買掛金,2,株式会社双葉物産,818740,00,,,,,,8月1日～8月31日分仕入,,,,,,,
,,,,,20210831,123,,,030,名古屋支店,461,仕入高,,,1819272,31,,10,,,,000,共通部門,201,買掛金,9,東原産業株式会社,1819272,00,,,,,,8月1日～8月31日分仕入,,,,,,,
,,,,,20210831,123,,,030,名古屋支店,461,仕入高,,,1178376,31,,10,,,,000,共通部門,201,買掛金,15,株式会社麦穂商事,1178376,00,,,,,,8月1日～8月31日分仕入,,,,,,,
,,,,,20210831,123,,,030,名古屋支店,461,仕入高,,,3639444,31,,10,,,,000,共通部門,201,買掛金,7,株式会社夕凪商会,3639444,00,,,,,,8月1日～8月31日分仕入,,,,,,,
,,,,,20210831,123,,,030,名古屋支店,461,仕入高,,,44452,31,,10,,,,000,共通部門,201,買掛金,8,株式会社白樺商事,44452,00,,,,,,8月1日～8月31日分仕入,,,,,,,
,,,,,20210831,123,,,030,名古屋支店,461,仕入高,,,271477,31,,10,,,,000,共通部門,201,買掛金,2,株式会社双葉物産,271477,00,,,,,,8月1日～8月31日分仕入,,,,,,,
,,,,,20210831,124,,,040,大阪支店,461,仕入高,,,3841014,31,,10,,,,000,共通部門,201,買掛金,5,千草商事株式会社,3841014,00,,,,,,8月1日～8月31日分仕入,,,,,,,
,,,,,20210831,124,,,040,大阪支店,461,仕入高,,,944145,31,,10,,,,000,共通部門,201,買掛金,4,株式会社和泉流通,944145,00,,,,,,8月1日～8月31日分仕入,,,,,,,
,,,,,20210831,124,,,040,大阪支店,461,仕入高,,,3148603,31,,10,,,,000,共通部門,201,買掛金,10,光野販売株式会社,3148603,00,,,,,,8月1日～8月31日分仕入,,,,,,,
,,,,,20210831,124,,,040,大阪支店,461,仕入高,,,3600809,31,,10,,,,000,共通部門,201,買掛金,6,株式会社日向産業,3600809,00,,,,,,8月1日～8月31日分仕入,,,,,,,
,,,,,20210831,124,,,040,大阪支店,461,仕入高,,,123480,31,,10,,,,000,共通部門,201,買掛金,8,株式会社白樺商事,123480,00,,,,,,8月1日～8月31日分仕入,,,,,,,
,,,,,20210831,124,,,040,大阪支店,461,仕入高,,,77565,31,,10,,,,000,共通部門,201,買掛金,2,株式会社双葉物産,77565,00,,,,,,8月1日～8月31日分仕入,,,,,,,
,,,,,20210831,125,,,050,九州営業所,461,仕入高,,,60328,31,,10,,,,000,共通部門,201,買掛金,2,株式会社双葉物産,60328,00,,,,,,8月1日～8月31日分仕入,,,,,,,
,,,,,20210831,126,,,000,共通部門,201,買掛金,2,株式会社双葉物産,1318601,00,,,,,,000,共通部門,10A100020-3,普通預金,20,ABC銀行 本店,1318601,00,,,,,,8月31日伝票No206株式会社双葉物産,,,,,,,
,,,,,20210831,127,,,000,共通部門,201,買掛金,5,千草商事株式会社,3841014,00,,,,,,000,共通部門,10B100030,支払手形,,,3841014,00,,,,,,8月31日伝票No210千草商事株式会社,,,,,,,
,,,,,20210831,128,,,000,共通部門,201,買掛金,7,株式会社夕凪商会,3639444,00,,,,,,000,共通部門,10A100020-3,普通預金,20,ABC銀行 本店,3639444,00,,,,,,8月31日伝票No211株式会社夕凪商会,,,,,,,
,,,,,20210831,129,,,000,共通部門,201,買掛金,9,東原産業株式会社,1819272,00,,,,,,000,共通部門,10B100030,支払手形,,,1819272,00,,,,,,8月31日伝票No212東原産業株式会社,,,,,,,
,,,,,20210831,130,,,000,共通部門,201,買掛金,10,光野販売株式会社,3148603,00,,,,,,000,共通部門,10B100030,支払手形,,,3148603,00,,,,,,8月31日伝票No214光野販売株式会社,,,,,,,
,,,,,20210831,131,,,000,共通部門,201,買掛金,12,株式会社泉川商事,336571,00,,,,,,000,共通部門,10A100020-3,普通預金,20,ABC銀行 本店,336571,00,,,,,,8月31日伝票No215株式会社泉川商事,,,,,,,
,,,,,20210831,132,,,000,共通部門,201,買掛金,13,朝日野産業株式会社,1210192,00,,,,,,000,共通部門,10A100020-3,普通預金,20,ABC銀行 本店,1210192,00,,,,,,8月31日伝票No216朝日野産業株式会社,,,,,,,
,,,,,20210831,133,,,000,共通部門,201,買掛金,14,合同会社あかね商会,2953512,00,,,,,,000,共通部門,10A100020-3,普通預金,20,ABC銀行 本店,2953512,00,,,,,,8月31日伝票No217合同会社あかね商会,,,,,,,
,,,,,20210831,134,,,000,共通部門,201,買掛金,15,株式会社麦穂商事,1140880,00,,,,,,000,共通部門,10A100020-3,普通預金,20,ABC銀行 本店,1140880,00,,,,,,8月31日伝票No218株式会社麦穂商事,,,,,,,
,,,,,20210831,135,,,000,共通部門,10A100020-2,当座預金,1,ABC銀行,13321782,00,,,,,,000,共通部門,130,受取手形,,,13321782,00,,,,,,手形満期 株式会社桜丘百貨店 | 手形番号=R20210525-110-2;受取額に決済額を訂正,,,,,,,
,,,,,20210831,136,,,000,共通部門,10B100030,支払手形,,,3467360,00,,,,,,000,共通部門,10A100020-2,当座預金,1,ABC銀行,3467360,00,,,,,,手形期日落日 千草商事株式会社,,,,,,,
,,,,,20210831,136,,,000,共通部門,10B100030,支払手形,,,1744898,00,,,,,,000,共通部門,10A100020-2,当座預金,1,ABC銀行,1744898,00,,,,,,手形期日落日 東原産業株式会社,,,,,,,
,,,,,20210831,141,,,000,共通部門,10A100020-3,普通預金,20,ABC銀行 本店,40000,00,,,,,,000,共通部門,10A100610,短期貸付金,,,40000,00,,,,,,貸付金返済,,,,,,,
,,,,,20210831,142,,,000,共通部門,10A100020-4,定期積金,,,500000,00,,,,,,000,共通部門,10A100020-3,普通預金,20,ABC銀行 本店,500000,00,,,,,,定期積立金,,,,,,,
,,,,,20210831,142,,,000,共通部門,10A230570,保険積立金,,,125000,00,,,,,,000,共通部門,10A100020-3,普通預金,20,ABC銀行 本店,125000,00,,,,,,保険積立金,,,,,,,
,,,,,20210831,143,,,000,共通部門,202,借入金,,,653500,00,,,,,,000,共通部門,10A100020-2,当座預金,1,ABC銀行,653500,00,,,,,,借入金返済,,,,,,,
,,,,,20210831,143,,,020,東京支店,10E300020,支払利息,,,32675,30,,,,,,000,共通部門,10A100020-2,当座預金,1,ABC銀行,32675,00,,,,,,利息,,,,,,,
,,,,,20210831,145,,,050,九州営業所,10E200870,運賃,,,125425,31,,10,,,,000,共通部門,204,未払金,,,125425,00,,,,,,運賃,,,,,,,
,,,,,20210831,990005,,,010,札幌営業所,10E200130,賞与,,,190000,00,,,,,,010,札幌営業所,10B100320,賞与引当金,,,190000,00,,,,,,サンプル定義：賞与半年均等引当 202108 部門010,,,,,,,
,,,,,20210831,990005,,,020,東京支店,10E200130,賞与,,,451666,00,,,,,,020,東京支店,10B100320,賞与引当金,,,451666,00,,,,,,サンプル定義：賞与半年均等引当 202108 部門020,,,,,,,
,,,,,20210831,990005,,,030,名古屋支店,10E200130,賞与,,,178334,00,,,,,,030,名古屋支店,10B100320,賞与引当金,,,178334,00,,,,,,サンプル定義：賞与半年均等引当 202108 部門030,,,,,,,
,,,,,20210831,990005,,,040,大阪支店,10E200130,賞与,,,216666,00,,,,,,040,大阪支店,10B100320,賞与引当金,,,216666,00,,,,,,サンプル定義：賞与半年均等引当 202108 部門040,,,,,,,
,,,,,20210831,990005,,,050,九州営業所,10E200130,賞与,,,136666,00,,,,,,050,九州営業所,10B100320,賞与引当金,,,136666,00,,,,,,サンプル定義：賞与半年均等引当 202108 部門050,,,,,,,
,,,,,20210901,56,,,020,東京支店,522,旅費・交通費,,,30980,31,,10,,,,000,共通部門,100,現金,,,30980,00,,,,,,旅費,,,,,,,
,,,,,20210901,84,,,030,名古屋支店,522,旅費・交通費,,,5200,31,,10,,,,000,共通部門,100,現金,,,5200,00,,,,,,架空鉄道会社A代,,,,,,,
,,,,,20210902,19,,,010,札幌営業所,522,旅費・交通費,,,16870,31,,10,,,,000,共通部門,100,現金,,,16870,00,,,,,,旅費,,,,,,,
,,,,,20210902,57,,,020,東京支店,522,旅費・交通費,,,88880,31,,10,,,,000,共通部門,100,現金,,,88880,00,,,,,,架空鉄道会社A代,,,,,,,
,,,,,20210902,70,,,040,大阪支店,10E201270,雑費,,,1129,31,,10,,,,000,共通部門,100,現金,,,1129,00,,,,,,お茶代,,,,,,,
,,,,,20210902,76,,,020,東京支店,10E200140,福利厚生費,,,56000,31,,10,,,,000,共通部門,204,未払金,,,56000,00,,,,,,制服代,,,,,,,
,,,,,20210902,94,,,030,名古屋支店,10E201270,雑費,,,795,31,,10,,,,000,共通部門,100,現金,,,795,00,,,,,,洗剤他,,,,,,,
,,,,,20210902,150,,,050,九州営業所,521,接待交際費,,,4350,31,,10,,,,000,共通部門,100,現金,,,4350,00,,,,,,食事代 架空店舗088 2名,,,,,,,
,,,,,20210902,151,,,040,大阪支店,521,接待交際費,,,7315,31,,10,,,,000,共通部門,100,現金,,,7315,00,,,,,,食事代 架空店舗029 2名,,,,,,,
,,,,,20210902,151,,,040,大阪支店,521,接待交際費,,,13624,31,,10,,,,000,共通部門,100,現金,,,13624,00,,,,,,食事代 架空店舗061 3名,,,,,,,
,,,,,20210902,159,,,050,九州営業所,522,旅費・交通費,,,4650,31,,10,,,,000,共通部門,100,現金,,,4650,00,,,,,,タクシー代,,,,,,,
,,,,,20210902,164,,,050,九州営業所,10E201110,事務用消耗品費,,,3105,31,,10,,,,000,共通部門,100,現金,,,3105,00,,,,,,事務用品,,,,,,,
,,,,,20210903,18,,,010,札幌営業所,522,旅費・交通費,,,16780,31,,10,,,,000,共通部門,100,現金,,,16780,00,,,,,,旅費,,,,,,,
,,,,,20210903,50,,,020,東京支店,10E201120,車両費,,,600,31,,10,,,,000,共通部門,100,現金,,,600,00,,,,,,駐車代,,,,,,,
,,,,,20210903,69,,,020,東京支店,10E201270,雑費,,,1203,31,,10,,,,000,共通部門,100,現金,,,1203,00,,,,,,ティッシュ代,,,,,,,
,,,,,20210903,134,,,010,札幌営業所,10E201110,事務用消耗品費,,,13700,31,,10,,,,000,共通部門,100,現金,,,13700,00,,,,,,用紙,,,,,,,
,,,,,20210904,16,,,010,札幌営業所,10E201120,車両費,,,530,31,,10,,,,000,共通部門,100,現金,,,530,00,,,,,,駐車代,,,,,,,
,,,,,20210904,16,,,010,札幌営業所,10E201120,車両費,,,5951,31,,10,,,,000,共通部門,100,現金,,,5951,00,,,,,,ガソリン代,,,,,,,
,,,,,20210904,147,,,050,九州営業所,10E201120,車両費,,,68420,31,,10,,,,000,共通部門,204,未払金,,,68420,00,,,,,,ガソリン代,,,,,,,
,,,,,20210905,91,,,000,共通部門,10A100020-3,普通預金,50,MNO銀行 北九州,746472,00,,,,,,000,共通部門,131,売掛金,22,株式会社豊原産業,746472,00,,,,,,9月5日伝票No299株式会社豊原産業,,,,,,,
,,,,,20210905,91,,,050,九州営業所,512,支払手数料,,,472,31,,10,,,,000,共通部門,131,売掛金,22,株式会社豊原産業,472,00,,,,,,9月5日伝票No299株式会社豊原産業,,,,,,,
,,,,,20210905,92,,,000,共通部門,10A100020-3,普通預金,20,ABC銀行 本店,919168,00,,,,,,000,共通部門,131,売掛金,26,若松販売株式会社,919168,00,,,,,,9月5日伝票No300若松販売株式会社,,,,,,,
,,,,,20210905,92,,,020,東京支店,512,支払手数料,,,472,31,,10,,,,000,共通部門,131,売掛金,26,若松販売株式会社,472,00,,,,,,9月5日伝票No300若松販売株式会社,,,,,,,
,,,,,20210905,93,,,000,共通部門,10A100020-3,普通預金,30,GHI銀行 名古屋,1695610,00,,,,,,000,共通部門,131,売掛金,27,晴海物産株式会社,1695610,00,,,,,,9月5日伝票No301晴海物産株式会社,,,,,,,
,,,,,20210905,142,,,040,大阪支店,10E201120,車両費,,,7290,31,,10,,,,000,共通部門,100,現金,,,7290,00,,,,,,ガソリン代,,,,,,,
,,,,,20210905,142,,,040,大阪支店,10E201120,車両費,,,1905,31,,10,,,,000,共通部門,100,現金,,,1905,00,,,,,,洗車代,,,,,,,
,,,,,20210905,142,,,040,大阪支店,10E201120,車両費,,,3048,31,,10,,,,000,共通部門,100,現金,,,3048,00,,,,,,駐車代,,,,,,,
,,,,,20210906,10,,,010,札幌営業所,10E201120,車両費,,,4224,31,,10,,,,000,共通部門,100,現金,,,4224,00,,,,,,ガソリン代,,,,,,,
,,,,,20210906,42,,,020,東京支店,521,接待交際費,,,1260,31,,10,,,,000,共通部門,100,現金,,,1260,00,,,,,,コーヒー代2名,,,,,,,
,,,,,20210906,43,,,020,東京支店,521,接待交際費,,,4120,31,,10,,,,000,共通部門,100,現金,,,4120,00,,,,,,食事代 架空店舗030 2名,,,,,,,
,,,,,20210906,110,,,040,大阪支店,522,旅費・交通費,,,2290,31,,10,,,,000,共通部門,100,現金,,,2290,00,,,,,,タクシー代,,,,,,,
,,,,,20210906,133,,,020,東京支店,10E200600,支払報酬,,,139710,31,,10,,,,000,共通部門,10A100020-3,普通預金,20,ABC銀行 本店,139710,00,,,,,,税理士報酬,,,,,,,
,,,,,20210907,21,,,010,札幌営業所,522,旅費・交通費,,,69500,31,,10,,,,000,共通部門,100,現金,,,69500,00,,,,,,架空鉄道会社A代,,,,,,,
,,,,,20210907,22,,,010,札幌営業所,522,旅費・交通費,,,50000,31,,10,,,,000,共通部門,100,現金,,,50000,00,,,,,,旅費,,,,,,,
,,,,,20210908,9,,,010,札幌営業所,521,接待交際費,,,1400,31,,10,,,,000,共通部門,100,現金,,,1400,00,,,,,,コーヒー代2名,,,,,,,
,,,,,20210909,20,,,010,札幌営業所,522,旅費・交通費,,,38970,31,,10,,,,000,共通部門,100,現金,,,38970,00,,,,,,旅費,,,,,,,
,,,,,20210909,148,,,050,九州営業所,10E201120,車両費,,,6865,31,,10,,,,000,共通部門,100,現金,,,6865,00,,,,,,ガソリン代,,,,,,,
,,,,,20210909,148,,,050,九州営業所,10E201120,車両費,,,2286,31,,10,,,,000,共通部門,100,現金,,,2286,00,,,,,,高速代,,,,,,,
,,,,,20210910,44,,,020,東京支店,521,接待交際費,,,2540,31,,10,,,,000,共通部門,100,現金,,,2540,00,,,,,,手土産代 架空店舗058,,,,,,,
,,,,,20210910,62,,,000,共通部門,208,預り金,3,源泉税,260493,00,,,,,,000,共通部門,10A100020-3,普通預金,20,ABC銀行 本店,260493,00,,,,,,源泉税支払,,,,,,,
,,,,,20210910,62,,,000,共通部門,208,預り金,2,住民税,449500,00,,,,,,000,共通部門,10A100020-3,普通預金,20,ABC銀行 本店,449500,00,,,,,,住民税支払,,,,,,,
,,,,,20210910,66,,,010,札幌営業所,10E201270,雑費,,,5000,31,,10,,,,000,共通部門,204,未払金,,,5000,00,,,,,,有線,,,,,,,
,,,,,20210910,66,,,010,札幌営業所,10E201270,雑費,,,34286,31,,10,,,,000,共通部門,204,未払金,,,34286,00,,,,,,警備料,,,,,,,
,,,,,20210910,73,,,020,東京支店,521,接待交際費,,,18600,31,,10,,,,000,共通部門,100,現金,,,18600,00,,,,,,ゴルフプレー代,,,,,,,
,,,,,20210910,81,,,050,九州営業所,10E201120,車両費,,,4931,31,,10,,,,000,共通部門,100,現金,,,4931,00,,,,,,ガソリン代,,,,,,,
,,,,,20210910,81,,,050,九州営業所,10E201120,車両費,,,572,31,,10,,,,000,共通部門,100,現金,,,572,00,,,,,,駐車代,,,,,,,
,,,,,20210910,85,,,030,名古屋支店,523,通信費,,,69152,31,,10,,,,000,共通部門,10A100020-3,普通預金,30,GHI銀行 名古屋,69152,00,,,,,,電話代,,,,,,,
,,,,,20210910,85,,,030,名古屋支店,522,旅費・交通費,,,6000,31,,10,,,,000,共通部門,100,現金,,,6000,00,,,,,,架空鉄道会社A代,,,,,,,
,,,,,20210910,94,,,000,共通部門,10A100020-3,普通預金,30,GHI銀行 名古屋,5816357,00,,,,,,000,共通部門,131,売掛金,19,株式会社南風商会,5816357,00,,,,,,9月10日伝票No302株式会社南風商会,,,,,,,
,,,,,20210910,94,,,030,名古屋支店,512,支払手数料,,,735,31,,10,,,,000,共通部門,131,売掛金,19,株式会社南風商会,735,00,,,,,,9月10日伝票No302株式会社南風商会,,,,,,,
,,,,,20210910,95,,,000,共通部門,130,受取手形,,,6477499,00,,,,,,000,共通部門,131,売掛金,28,株式会社青葉百貨店,6477499,00,,,,,,9月10日伝票No303株式会社青葉百貨店 | 売上伝票=20210831-113;手形番号=R20210910-95-28,,,,,,,
,,,,,20210910,96,,,000,共通部門,201,買掛金,3,青凪商事株式会社,558315,00,,,,,,000,共通部門,131,売掛金,3,青凪商事株式会社,558315,00,,,,,,9月10日伝票No477青凪商事株式会社,,,,,,,
,,,,,20210910,97,,,000,共通部門,10A100020-3,普通預金,20,ABC銀行 本店,8086297,00,,,,,,000,共通部門,131,売掛金,14,株式会社花咲商事,8086297,00,,,,,,9月10日伝票No499株式会社花咲商事東京本社,,,,,,,
,,,,,20210910,97,,,020,東京支店,512,支払手数料,,,840,31,,10,,,,000,共通部門,131,売掛金,14,株式会社花咲商事,840,00,,,,,,9月10日伝票No499株式会社花咲商事東京本社,,,,,,,
,,,,,20210910,98,,,000,共通部門,201,買掛金,3,青凪商事株式会社,2692850,00,,,,,,000,共通部門,10B100030,支払手形,,,2692850,00,,,,,,9月10日伝票No220青凪商事株式会社,,,,,,,
,,,,,20210910,99,,,000,共通部門,201,買掛金,8,株式会社白樺商事,414892,00,,,,,,000,共通部門,10A100020-3,普通預金,20,ABC銀行 本店,414892,00,,,,,,9月10日伝票No222株式会社白樺商事,,,,,,,
,,,,,20210910,103,,,040,大阪支店,521,接待交際費,,,10000,31,,10,,,,000,共通部門,100,現金,,,10000,00,,,,,,お見舞代,,,,,,,
,,,,,20210910,142,,,000,共通部門,10B100030,支払手形,,,2653685,00,,,,,,000,共通部門,10A100020-2,当座預金,1,ABC銀行,2653685,00,,,,,,手形期日落日 青凪商事株式会社,,,,,,,
,,,,,20210910,143,,,040,大阪支店,10E201120,車両費,,,22000,31,,10,,,,000,共通部門,100,現金,,,22000,00,,,,,,点検作業料,,,,,,,
,,,,,20210910,162,,,020,東京支店,10E201130,会議費,,,24995,31,,10,,,,000,共通部門,100,現金,,,24995,00,,,,,,会議　食事代,,,,,,,
,,,,,20210910,168,,,050,九州営業所,10E201270,雑費,,,6000,31,,10,,,,000,共通部門,204,未払金,,,6000,00,,,,,,有線,,,,,,,
,,,,,20210910,168,,,050,九州営業所,10E201270,雑費,,,42858,31,,10,,,,000,共通部門,204,未払金,,,42858,00,,,,,,警備料,,,,,,,
,,,,,20210911,23,,,010,札幌営業所,522,旅費・交通費,,,28448,31,,10,,,,000,共通部門,100,現金,,,28448,00,,,,,,旅費,,,,,,,
,,,,,20210911,23,,,010,札幌営業所,522,旅費・交通費,,,33181,31,,10,,,,000,共通部門,100,現金,,,33181,00,,,,,,旅費,,,,,,,
,,,,,20210911,23,,,010,札幌営業所,522,旅費・交通費,,,39811,31,,10,,,,000,共通部門,100,現金,,,39811,00,,,,,,旅費,,,,,,,
,,,,,20210911,33,,,010,札幌営業所,528,地代・家賃,,,320000,31,,10,,,,000,共通部門,10A100020-3,普通預金,10,DEF銀行 駅前,320000,00,,,,,,家賃支払い,,,,,,,
,,,,,20210911,33,,,010,札幌営業所,523,通信費,,,169240,31,,10,,,,000,共通部門,10A100020-3,普通預金,10,DEF銀行 駅前,169240,00,,,,,,電話代,,,,,,,
,,,,,20210911,45,,,020,東京支店,521,接待交際費,,,17360,31,,10,,,,000,共通部門,100,現金,,,17360,00,,,,,,飲食代 架空店舗078 4名,,,,,,,
,,,,,20210911,58,,,020,東京支店,522,旅費・交通費,,,90200,31,,10,,,,000,共通部門,100,現金,,,90200,00,,,,,,旅費,,,,,,,
,,,,,20210911,63,,,020,東京支店,528,地代・家賃,,,1260000,31,,10,,,,000,共通部門,10A100020-3,普通預金,20,ABC銀行 本店,1260000,00,,,,,,家賃支払,,,,,,,
,,,,,20210911,64,,,040,大阪支店,528,地代・家賃,,,840000,31,,10,,,,000,共通部門,10A100020-3,普通預金,40,JKL銀行 梅田,840000,00,,,,,,家賃支払,,,,,,,
,,,,,20210911,112,,,040,大阪支店,523,通信費,,,167604,31,,10,,,,000,共通部門,10A100020-3,普通預金,40,JKL銀行 梅田,167604,00,,,,,,電話代,,,,,,,
,,,,,20210911,129,,,030,名古屋支店,528,地代・家賃,,,399000,31,,10,,,,000,共通部門,10A100020-3,普通預金,30,GHI銀行 名古屋,399000,00,,,,,,家賃支払い,,,,,,,
,,,,,20210911,156,,,050,九州営業所,522,旅費・交通費,,,7000,31,,10,,,,000,共通部門,100,現金,,,7000,00,,,,,,出張旅費,,,,,,,
,,,,,20210911,161,,,050,九州営業所,522,旅費・交通費,,,4300,31,,10,,,,000,共通部門,100,現金,,,4300,00,,,,,,旅費,,,,,,,
,,,,,20210911,167,,,050,九州営業所,528,地代・家賃,,,630000,31,,10,,,,000,共通部門,10A100020-3,普通預金,50,MNO銀行 北九州,630000,00,,,,,,家賃支払い,,,,,,,
,,,,,20210911,167,,,050,九州営業所,523,通信費,,,110745,31,,10,,,,000,共通部門,10A100020-3,普通預金,50,MNO銀行 北九州,110745,00,,,,,,電話代,,,,,,,
,,,,,20210912,1,,,000,共通部門,10A100200,電子記録債権,,,40000,00,,,,,,000,共通部門,131,売掛金,1,株式会社若葉百貨店,40000,00,,,,,,"発生記録により、電子記録債権40,000円が発生",,,,,,,
,,,,,20210912,11,,,010,札幌営業所,10E201120,車両費,,,3210,31,,10,,,,000,共通部門,100,現金,,,3210,00,,,,,,ガソリン代,,,,,,,
,,,,,20210912,59,,,000,共通部門,100,現金,,,1000000,00,,,,,,000,共通部門,10A100020-2,当座預金,1,ABC銀行,1000000,00,,,,,,引き出し,,,,,,,
,,,,,20210912,73,,,020,東京支店,521,接待交際費,,,1575,31,,10,,,,000,共通部門,100,現金,,,1575,00,,,,,,コーヒー代3名,,,,,,,
,,,,,20210912,104,,,040,大阪支店,521,接待交際費,,,1890,31,,10,,,,000,共通部門,100,現金,,,1890,00,,,,,,コーヒー代3名,,,,,,,
,,,,,20210912,149,,,030,名古屋支店,521,接待交際費,,,1890,31,,10,,,,000,共通部門,100,現金,,,1890,00,,,,,,コーヒー代3名,,,,,,,
,,,,,20210913,17,,,010,札幌営業所,10E201120,車両費,,,368,31,,10,,,,000,共通部門,100,現金,,,368,00,,,,,,駐車代,,,,,,,
,,,,,20210913,75,,,010,札幌営業所,521,接待交際費,,,7350,31,,10,,,,000,共通部門,100,現金,,,7350,00,,,,,,ゴルフプレー代,,,,,,,
,,,,,20210913,152,,,050,九州営業所,521,接待交際費,,,1890,31,,10,,,,000,共通部門,100,現金,,,1890,00,,,,,,コーヒー代3名,,,,,,,
,,,,,20210913,157,,,050,九州営業所,522,旅費・交通費,,,26900,31,,10,,,,000,共通部門,10A100020-3,普通預金,50,MNO銀行 北九州,26900,00,,,,,,航空券代,,,,,,,
,,,,,20210913,165,,,050,九州営業所,10E201270,雑費,,,1311,31,,10,,,,000,共通部門,100,現金,,,1311,00,,,,,,台所用品他,,,,,,,
,,,,,20210914,51,,,020,東京支店,10E201120,車両費,,,3124,31,,10,,,,000,共通部門,100,現金,,,3124,00,,,,,,高速代,,,,,,,
,,,,,20210914,51,,,020,東京支店,10E201120,車両費,,,2620,31,,10,,,,000,共通部門,100,現金,,,2620,00,,,,,,駐車代,,,,,,,
,,,,,20210914,61,,,020,東京支店,523,通信費,,,129673,31,,10,,,,000,共通部門,10A100020-3,普通預金,20,ABC銀行 本店,129673,00,,,,,,電話代,,,,,,,
,,,,,20210914,105,,,040,大阪支店,521,接待交際費,,,18750,31,,10,,,,000,共通部門,100,現金,,,18750,00,,,,,,飲食代 架空店舗062 3名,,,,,,,
,,,,,20210915,82,,,030,名古屋支店,10E201120,車両費,,,25780,31,,10,,,,000,共通部門,204,未払金,,,25780,00,,,,,,ガソリン代,,,,,,,
,,,,,20210915,88,,,020,東京支店,10E200520,雑給,,,349816,00,,,,,,000,共通部門,100,現金,,,349816,00,,,,,,9月給与その他 0060 パート･アルバイト,,,,,,,
,,,,,20210915,88,,,020,東京支店,10E200520,雑給,,,480,00,,,,,,000,共通部門,208,預り金,3,源泉税,480,00,,,,,,9月給与その他 0060 パート･アルバイト,,,,,,,
,,,,,20210915,88,,,020,東京支店,10E200520,雑給,,,5734,00,,,,,,000,共通部門,208,預り金,9,その他,5734,00,,,,,,9月給与その他 0060 パート･アルバイト,,,,,,,
,,,,,20210915,100,,,000,共通部門,10A100020-3,普通預金,50,MNO銀行 北九州,1055580,00,,,,,,000,共通部門,131,売掛金,1,株式会社若葉百貨店,1055580,00,,,,,,9月15日伝票No304株式会社若葉百貨店,,,,,,,
,,,,,20210915,100,,,050,九州営業所,512,支払手数料,,,840,31,,10,,,,000,共通部門,131,売掛金,1,株式会社若葉百貨店,840,00,,,,,,9月15日伝票No304株式会社若葉百貨店,,,,,,,
,,,,,20210915,101,,,000,共通部門,10A100020-3,普通預金,30,GHI銀行 名古屋,1017205,00,,,,,,000,共通部門,131,売掛金,6,株式会社瑞穂流通,1017205,00,,,,,,9月15日伝票No305株式会社瑞穂流通,,,,,,,
,,,,,20210915,101,,,030,名古屋支店,512,支払手数料,,,840,31,,10,,,,000,共通部門,131,売掛金,6,株式会社瑞穂流通,840,00,,,,,,9月15日伝票No305株式会社瑞穂流通,,,,,,,
,,,,,20210915,102,,,000,共通部門,10A100020-3,普通預金,40,JKL銀行 梅田,709224,00,,,,,,000,共通部門,131,売掛金,8,株式会社高原マーケット,709224,00,,,,,,9月15日伝票No306株式会社高原マーケット,,,,,,,
,,,,,20210915,102,,,040,大阪支店,512,支払手数料,,,840,31,,10,,,,000,共通部門,131,売掛金,8,株式会社高原マーケット,840,00,,,,,,9月15日伝票No306株式会社高原マーケット,,,,,,,
,,,,,20210915,103,,,000,共通部門,10A100020-3,普通預金,40,JKL銀行 梅田,672280,00,,,,,,000,共通部門,131,売掛金,9,朝凪物産株式会社,672280,00,,,,,,9月15日伝票No307朝凪物産株式会社,,,,,,,
,,,,,20210915,103,,,040,大阪支店,512,支払手数料,,,840,31,,10,,,,000,共通部門,131,売掛金,9,朝凪物産株式会社,840,00,,,,,,9月15日伝票No307朝凪物産株式会社,,,,,,,
,,,,,20210915,104,,,000,共通部門,10A100020-3,普通預金,20,ABC銀行 本店,1088296,00,,,,,,000,共通部門,131,売掛金,13,星川商事株式会社,1088296,00,,,,,,9月15日伝票No308星川商事株式会社,,,,,,,
,,,,,20210915,105,,,000,共通部門,10A100020-3,普通預金,40,JKL銀行 梅田,1128275,00,,,,,,000,共通部門,131,売掛金,20,清和商事株式会社,1128275,00,,,,,,9月15日伝票No309清和商事株式会社,,,,,,,
,,,,,20210915,105,,,040,大阪支店,512,支払手数料,,,315,31,,10,,,,000,共通部門,131,売掛金,20,清和商事株式会社,315,00,,,,,,9月15日伝票No309清和商事株式会社,,,,,,,
,,,,,20210915,106,,,000,共通部門,201,買掛金,1,株式会社北辰商事,6100952,00,,,,,,000,共通部門,10A100020-3,普通預金,20,ABC銀行 本店,6100952,00,,,,,,9月15日伝票No224株式会社北辰商事,,,,,,,
,,,,,20210915,117,,,040,大阪支店,10E201140,諸会費,,,20000,00,,,,,,000,共通部門,100,現金,,,20000,00,,,,,,会費,,,,,,,
,,,,,20210916,74,,,020,東京支店,521,接待交際費,,,11000,31,,10,,,,000,共通部門,100,現金,,,11000,00,,,,,,ゴルフプレー代,,,,,,,
,,,,,20210916,86,,,030,名古屋支店,522,旅費・交通費,,,7600,31,,10,,,,000,共通部門,100,現金,,,7600,00,,,,,,タクシー代,,,,,,,
,,,,,20210916,130,,,040,大阪支店,10E201140,諸会費,,,24000,00,,,,,,000,共通部門,10A100020-3,普通預金,40,JKL銀行 梅田,24000,00,,,,,,会費,,,,,,,
,,,,,20210916,136,,,040,大阪支店,10E201270,雑費,,,16500,31,,10,,,,000,共通部門,100,現金,,,16500,00,,,,,,架空清掃会社A代,,,,,,,
,,,,,20210917,4,,,010,札幌営業所,10E200050,広告宣伝費,,,31500,31,,10,,,,000,共通部門,204,未払金,,,31500,00,,,,,,広告費,,,,,,,
,,,,,20210917,12,,,010,札幌営業所,10E201120,車両費,,,7113,31,,10,,,,000,共通部門,100,現金,,,7113,00,,,,,,ガソリン代,,,,,,,
,,,,,20210917,12,,,010,札幌営業所,10E201120,車両費,,,4015,31,,10,,,,000,共通部門,100,現金,,,4015,00,,,,,,ガソリン代,,,,,,,
,,,,,20210917,52,,,020,東京支店,10E201120,車両費,,,1096,31,,10,,,,000,共通部門,100,現金,,,1096,00,,,,,,高速代,,,,,,,
,,,,,20210917,52,,,020,東京支店,10E201120,車両費,,,762,31,,10,,,,000,共通部門,100,現金,,,762,00,,,,,,駐車代,,,,,,,
,,,,,20210917,52,,,020,東京支店,10E201120,車両費,,,5477,31,,10,,,,000,共通部門,100,現金,,,5477,00,,,,,,ガソリン代,,,,,,,
,,,,,20210918,24,,,010,札幌営業所,522,旅費・交通費,,,82620,31,,10,,,,000,共通部門,100,現金,,,82620,00,,,,,,架空鉄道会社A回数券,,,,,,,
,,,,,20210918,74,,,020,東京支店,521,接待交際費,,,6300,31,,10,,,,000,共通部門,100,現金,,,6300,00,,,,,,手土産代 株式会社桜丘百貨店,,,,,,,
,,,,,20210918,79,,,030,名古屋支店,10E200140,福利厚生費,,,39874,31,,10,,,,000,共通部門,100,現金,,,39874,00,,,,,,景品代,,,,,,,
,,,,,20210919,47,,,020,東京支店,10E201120,車両費,,,3620,31,,10,,,,000,共通部門,100,現金,,,3620,00,,,,,,ガソリン代,,,,,,,
,,,,,20210919,82,,,050,九州営業所,10E201120,車両費,,,4602,31,,10,,,,000,共通部門,100,現金,,,4602,00,,,,,,ガソリン代,,,,,,,
,,,,,20210919,82,,,050,九州営業所,10E201120,車両費,,,381,31,,10,,,,000,共通部門,100,現金,,,381,00,,,,,,駐車代,,,,,,,
,,,,,20210920,1,,,000,共通部門,10E200140,福利厚生費,,,21600,31,,K8.0,,,,000,共通部門,100,現金,,,21600,00,,,,,,残業夜食　軽減税率,,,,,,,
,,,,,20210920,6,,,010,札幌営業所,10E200050,広告宣伝費,,,5000,31,,10,,,,000,共通部門,100,現金,,,5000,00,,,,,,広告料,,,,,,,
,,,,,20210920,31,,,010,札幌営業所,10E201110,事務用消耗品費,,,2813,31,,10,,,,000,共通部門,204,未払金,,,2813,00,,,,,,コピー代,,,,,,,
,,,,,20210920,48,,,020,東京支店,10E201120,車両費,,,4303,31,,10,,,,000,共通部門,100,現金,,,4303,00,,,,,,ガソリン代,,,,,,,
,,,,,20210920,53,,,020,東京支店,10E201120,車両費,,,2381,31,,10,,,,000,共通部門,100,現金,,,2381,00,,,,,,ガソリン代,,,,,,,
,,,,,20210920,53,,,020,東京支店,10E201120,車両費,,,1191,31,,10,,,,000,共通部門,100,現金,,,1191,00,,,,,,高速代,,,,,,,
,,,,,20210920,69,,,030,名古屋支店,10E201270,雑費,,,5000,31,,10,,,,000,共通部門,204,未払金,,,5000,00,,,,,,有線,,,,,,,
,,,,,20210920,71,,,020,東京支店,10E201110,事務用消耗品費,,,5981,31,,10,,,,000,共通部門,204,未払金,,,5981,00,,,,,,事務用品,,,,,,,
,,,,,20210920,71,,,020,東京支店,10E201110,事務用消耗品費,,,29203,31,,10,,,,000,共通部門,204,未払金,,,29203,00,,,,,,カウンター料金,,,,,,,
,,,,,20210920,72,,,050,九州営業所,10E201110,事務用消耗品費,,,6300,31,,10,,,,000,共通部門,204,未払金,,,6300,00,,,,,,カウンター料金,,,,,,,
,,,,,20210920,78,,,000,共通部門,525,消耗品費,,,35038,31,,10,,,,000,共通部門,204,未払金,,,35038,00,,,,,,ファイル等,,,,,,,
,,,,,20210920,78,,,000,共通部門,525,消耗品費,,,265940,31,,10,,,,000,共通部門,204,未払金,,,265940,00,,,,,,飲料水,,,,,,,
,,,,,20210920,97,,,030,名古屋支店,10E201110,事務用消耗品費,,,36448,31,,10,,,,000,共通部門,204,未払金,,,36448,00,,,,,,コピー代,,,,,,,
,,,,,20210920,98,,,030,名古屋支店,10E201110,事務用消耗品費,,,5123,31,,10,,,,000,共通部門,204,未払金,,,5123,00,,,,,,事務用品,,,,,,,
,,,,,20210920,101,,,040,大阪支店,10E200050,広告宣伝費,,,52500,31,,10,,,,000,共通部門,204,未払金,,,52500,00,,,,,,広告料,,,,,,,
,,,,,20210920,105,,,000,共通部門,10A100020-2,当座預金,1,ABC銀行,10130263,00,,,,,,000,共通部門,130,受取手形,,,10130263,00,,,,,,手形満期 株式会社緑野百貨店 | 手形番号=R20210731-120-12;受取額に決済額を訂正,,,,,,,
,,,,,20210920,107,,,000,共通部門,100,現金,,,692628,00,,,,,,000,共通部門,131,売掛金,11,株式会社楓屋,692628,00,,,,,,9月20日伝票No310株式会社楓屋,,,,,,,
,,,,,20210920,107,,,000,共通部門,10A100020-3,普通預金,20,ABC銀行 本店,15000000,00,,,,,,000,共通部門,10A100020-2,当座預金,1,ABC銀行,15000000,00,,,,,,資金移動,,,,,,,
,,,,,20210920,108,,,000,共通部門,10A100020-3,普通預金,30,GHI銀行 名古屋,2661050,00,,,,,,000,共通部門,131,売掛金,21,合同会社つばさ商店,2661050,00,,,,,,9月20日伝票No311合同会社つばさ商店,,,,,,,
,,,,,20210920,108,,,030,名古屋支店,512,支払手数料,,,630,31,,10,,,,000,共通部門,131,売掛金,21,合同会社つばさ商店,630,00,,,,,,9月20日伝票No311合同会社つばさ商店,,,,,,,
,,,,,20210920,109,,,000,共通部門,10A100020-3,普通預金,20,ABC銀行 本店,913719,00,,,,,,000,共通部門,131,売掛金,30,株式会社彩雲トレーディング,913719,00,,,,,,9月20日伝票No312株式会社彩雲トレーディング,,,,,,,
,,,,,20210920,109,,,020,東京支店,512,支払手数料,,,735,31,,10,,,,000,共通部門,131,売掛金,30,株式会社彩雲トレーディング,735,00,,,,,,9月20日伝票No312株式会社彩雲トレーディング,,,,,,,
,,,,,20210920,110,,,000,共通部門,201,買掛金,4,株式会社和泉流通,944145,00,,,,,,000,共通部門,10A100020-3,普通預金,20,ABC銀行 本店,944145,00,,,,,,9月20日伝票No226株式会社和泉流通,,,,,,,
,,,,,20210920,111,,,000,共通部門,201,買掛金,6,株式会社日向産業,3600809,00,,,,,,000,共通部門,10A100020-3,普通預金,20,ABC銀行 本店,3600809,00,,,,,,9月20日伝票No227株式会社日向産業,,,,,,,
,,,,,20210920,112,,,000,共通部門,201,買掛金,11,株式会社花園商会,4398969,00,,,,,,000,共通部門,10A100020-3,普通預金,20,ABC銀行 本店,4398969,00,,,,,,9月20日伝票No229株式会社花園商会,,,,,,,
,,,,,20210920,118,,,040,大阪支店,10E201110,事務用消耗品費,,,7198,31,,10,,,,000,共通部門,204,未払金,,,7198,00,,,,,,コピー代,,,,,,,
,,,,,20210920,135,,,040,大阪支店,10E201110,事務用消耗品費,,,5730,31,,10,,,,000,共通部門,204,未払金,,,5730,00,,,,,,事務用品,,,,,,,
,,,,,20210920,138,,,040,大阪支店,10E201120,車両費,,,3410,31,,10,,,,000,共通部門,100,現金,,,3410,00,,,,,,高速代,,,,,,,
,,,,,20210920,138,,,040,大阪支店,10E201120,車両費,,,2524,31,,10,,,,000,共通部門,100,現金,,,2524,00,,,,,,高速代,,,,,,,
,,,,,20210920,138,,,040,大阪支店,10E201120,車両費,,,3667,31,,10,,,,000,共通部門,100,現金,,,3667,00,,,,,,高速代,,,,,,,
,,,,,20210920,138,,,040,大阪支店,10E201120,車両費,,,1905,31,,10,,,,000,共通部門,100,現金,,,1905,00,,,,,,洗車代,,,,,,,
,,,,,20210920,138,,,040,大阪支店,10E201120,車両費,,,8560,31,,10,,,,000,共通部門,100,現金,,,8560,00,,,,,,ガソリン代,,,,,,,
,,,,,20210920,138,,,040,大阪支店,10E201120,車両費,,,572,31,,10,,,,000,共通部門,100,現金,,,572,00,,,,,,ウォッシャー液代,,,,,,,
,,,,,20210920,138,,,040,大阪支店,10E201120,車両費,,,4291,31,,10,,,,000,共通部門,100,現金,,,4291,00,,,,,,高速代,,,,,,,
,,,,,20210920,141,,,040,大阪支店,522,旅費・交通費,,,8500,31,,10,,,,000,共通部門,100,現金,,,8500,00,,,,,,架空鉄道会社A代,,,,,,,
,,,,,20210920,163,,,050,九州営業所,10E201140,諸会費,,,18000,00,,,,,,000,共通部門,100,現金,,,18000,00,,,,,,会費,,,,,,,
,,,,,20210921,34,,,010,札幌営業所,10E201040,水道光熱費,,,74629,31,,10,,,,000,共通部門,10A100020-3,普通預金,10,DEF銀行 駅前,74629,00,,,,,,電気代,,,,,,,
,,,,,20210921,34,,,010,札幌営業所,10E201040,水道光熱費,,,4246,31,,10,,,,000,共通部門,10A100020-3,普通預金,10,DEF銀行 駅前,4246,00,,,,,,水道代,,,,,,,
,,,,,20210921,64,,,020,東京支店,10E201040,水道光熱費,,,179448,31,,10,,,,000,共通部門,10A100020-3,普通預金,20,ABC銀行 本店,179448,00,,,,,,電気料,,,,,,,
,,,,,20210921,64,,,020,東京支店,10E201040,水道光熱費,,,7313,31,,10,,,,000,共通部門,10A100020-3,普通預金,20,ABC銀行 本店,7313,00,,,,,,水道料,,,,,,,
,,,,,20210921,89,,,030,名古屋支店,10E201040,水道光熱費,,,78757,31,,10,,,,000,共通部門,10A100020-3,普通預金,30,GHI銀行 名古屋,78757,00,,,,,,電気料,,,,,,,
,,,,,20210921,89,,,030,名古屋支店,10E201040,水道光熱費,,,3425,31,,10,,,,000,共通部門,10A100020-3,普通預金,30,GHI銀行 名古屋,3425,00,,,,,,水道料,,,,,,,
,,,,,20210921,89,,,030,名古屋支店,10E201040,水道光熱費,,,3823,31,,10,,,,000,共通部門,10A100020-3,普通預金,30,GHI銀行 名古屋,3823,00,,,,,,ガス代,,,,,,,
,,,,,20210921,132,,,040,大阪支店,10E201040,水道光熱費,,,107691,31,,10,,,,000,共通部門,10A100020-3,普通預金,40,JKL銀行 梅田,107691,00,,,,,,電気代,,,,,,,
,,,,,20210921,132,,,040,大阪支店,10E201040,水道光熱費,,,6308,31,,10,,,,000,共通部門,10A100020-3,普通預金,40,JKL銀行 梅田,6308,00,,,,,,水道代,,,,,,,
,,,,,20210921,154,,,050,九州営業所,521,接待交際費,,,23610,31,,10,,,,000,共通部門,204,未払金,,,23610,00,,,,,,飲食代 架空店舗083 4名,,,,,,,
,,,,,20210921,154,,,050,九州営業所,521,接待交際費,,,33715,31,,10,,,,000,共通部門,204,未払金,,,33715,00,,,,,,飲食代 架空店舗015,,,,,,,
,,,,,20210921,160,,,020,東京支店,522,旅費・交通費,,,70000,31,,10,,,,000,共通部門,100,現金,,,70000,00,,,,,,出張旅費,,,,,,,
,,,,,20210921,169,,,050,九州営業所,10E201040,水道光熱費,,,102337,31,,10,,,,000,共通部門,10A100020-3,普通預金,50,MNO銀行 北九州,102337,00,,,,,,電気料,,,,,,,
,,,,,20210921,169,,,050,九州営業所,10E201040,水道光熱費,,,5558,31,,10,,,,000,共通部門,10A100020-3,普通預金,50,MNO銀行 北九州,5558,00,,,,,,水道料,,,,,,,
,,,,,20210922,38,,,020,東京支店,10E200140,福利厚生費,,,48164,31,,10,,,,000,共通部門,204,未払金,,,48164,00,,,,,,宿泊費,,,,,,,
,,,,,20210922,61,,,050,九州営業所,10E200140,福利厚生費,,,10900,31,,10,,,,000,共通部門,204,未払金,,,10900,00,,,,,,お茶代,,,,,,,
,,,,,20210922,67,,,010,札幌営業所,10E201270,雑費,,,1581,31,,10,,,,000,共通部門,100,現金,,,1581,00,,,,,,ティッシュペーパー他,,,,,,,
,,,,,20210922,75,,,020,東京支店,521,接待交際費,,,10460,31,,10,,,,000,共通部門,100,現金,,,10460,00,,,,,,飲食代 架空店舗016 2名,,,,,,,
,,,,,20210922,90,,,030,名古屋支店,10E201270,雑費,,,10500,31,,10,,,,000,共通部門,100,現金,,,10500,00,,,,,,架空清掃会社A代,,,,,,,
,,,,,20210922,95,,,030,名古屋支店,10E201270,雑費,,,71675,31,,10,,,,000,共通部門,204,未払金,,,71675,00,,,,,,清掃料,,,,,,,
,,,,,20210922,107,,,040,大阪支店,521,接待交際費,,,10000,31,,10,,,,000,共通部門,100,現金,,,10000,00,,,,,,お見舞い,,,,,,,
,,,,,20210922,153,,,030,名古屋支店,521,接待交際費,,,1260,31,,10,,,,000,共通部門,100,現金,,,1260,00,,,,,,コーヒー代2名,,,,,,,
,,,,,20210922,166,,,050,九州営業所,10E201270,雑費,,,1890,31,,10,,,,000,共通部門,100,現金,,,1890,00,,,,,,架空清掃会社A代,,,,,,,
,,,,,20210923,3,,,010,札幌営業所,10E200140,福利厚生費,,,28851,31,,10,,,,000,共通部門,204,未払金,,,28851,00,,,,,,宿泊代,,,,,,,
,,,,,20210923,26,,,010,札幌営業所,522,旅費・交通費,,,11000,31,,10,,,,000,共通部門,100,現金,,,11000,00,,,,,,旅費,,,,,,,
,,,,,20210923,28,,,010,札幌営業所,522,旅費・交通費,,,2420,31,,10,,,,000,共通部門,204,未払金,,,2420,00,,,,,,タクシー代,,,,,,,
,,,,,20210923,54,,,020,東京支店,10E201120,車両費,,,4600,31,,10,,,,000,共通部門,100,現金,,,4600,00,,,,,,高速代,,,,,,,
,,,,,20210923,140,,,040,大阪支店,522,旅費・交通費,,,23500,31,,10,,,,000,共通部門,100,現金,,,23500,00,,,,,,旅費,,,,,,,
,,,,,20210924,62,,,020,東京支店,523,通信費,,,100596,31,,10,,,,000,共通部門,10A100020-3,普通預金,20,ABC銀行 本店,100596,00,,,,,,携帯代,,,,,,,
,,,,,20210924,71,,,040,大阪支店,10E201270,雑費,,,963,31,,10,,,,000,共通部門,100,現金,,,963,00,,,,,,ティッシュ代他,,,,,,,
,,,,,20210924,109,,,040,大阪支店,10E201120,車両費,,,45400,31,,10,,,,000,共通部門,204,未払金,,,45400,00,,,,,,ガソリン代,,,,,,,
,,,,,20210924,120,,,040,大阪支店,10E200020,販売手数料,,,504000,31,,10,,,,000,共通部門,204,未払金,,,504000,00,,,,,,業務委託費,,,,,,,
,,,,,20210924,144,,,040,大阪支店,10E201120,車両費,,,6172,31,,10,,,,000,共通部門,100,現金,,,6172,00,,,,,,ガソリン代,,,,,,,
,,,,,20210924,144,,,040,大阪支店,10E201120,車両費,,,8477,31,,10,,,,000,共通部門,100,現金,,,8477,00,,,,,,高速代,,,,,,,
,,,,,20210924,146,,,050,九州営業所,10E200020,販売手数料,,,147000,31,,10,,,,000,共通部門,204,未払金,,,147000,00,,,,,,業務委託費,,,,,,,
,,,,,20210925,29,,,010,札幌営業所,523,通信費,,,94547,31,,10,,,,000,共通部門,10A100020-3,普通預金,10,DEF銀行 駅前,94547,00,,,,,,携帯電話代,,,,,,,
,,,,,20210925,35,,,010,札幌営業所,10E201160,新聞図書費,,,3925,31,,10,,,,000,共通部門,100,現金,,,3925,00,,,,,,新聞代,,,,,,,
,,,,,20210925,78,,,030,名古屋支店,10E200020,販売手数料,,,193359,31,,10,,,,000,共通部門,204,未払金,,,193359,00,,,,,,業務委託費支払い,,,,,,,
,,,,,20210925,89,,,020,東京支店,10E200090,役員報酬,,,1130529,00,,,,,,000,共通部門,10A100020-3,普通預金,20,ABC銀行 本店,1130529,00,,,,,,9月給与その他 0001 役員,,,,,,,
,,,,,20210925,89,,,020,東京支店,10E200090,役員報酬,,,112236,00,,,,,,000,共通部門,208,預り金,1,保険料,112236,00,,,,,,9月給与その他 0001 役員,,,,,,,
,,,,,20210925,89,,,020,東京支店,10E200090,役員報酬,,,171200,00,,,,,,000,共通部門,208,預り金,2,住民税,171200,00,,,,,,9月給与その他 0001 役員,,,,,,,
,,,,,20210925,89,,,020,東京支店,10E200090,役員報酬,,,166343,00,,,,,,000,共通部門,208,預り金,3,源泉税,166343,00,,,,,,9月給与その他 0001 役員,,,,,,,
,,,,,20210925,89,,,020,東京支店,10E200090,役員報酬,,,133972,00,,,,,,000,共通部門,208,預り金,4,貯蓄・保険,133972,00,,,,,,9月給与その他 0001 役員,,,,,,,
,,,,,20210925,89,,,020,東京支店,10E200090,役員報酬,,,5720,00,,,,,,000,共通部門,208,預り金,9,その他,5720,00,,,,,,9月給与その他 0001 役員,,,,,,,
,,,,,20210925,89,,,020,東京支店,10E200370,給与手当,,,1357372,00,,,,,,000,共通部門,10A100020-3,普通預金,20,ABC銀行 本店,1357372,00,,,,,,9月給与その他 0020 営業部,,,,,,,
,,,,,20210925,89,,,020,東京支店,10E200370,給与手当,,,219315,00,,,,,,000,共通部門,208,預り金,1,保険料,219315,00,,,,,,9月給与その他 0020 営業部,,,,,,,
,,,,,20210925,89,,,020,東京支店,10E200370,給与手当,,,104300,00,,,,,,000,共通部門,208,預り金,2,住民税,104300,00,,,,,,9月給与その他 0020 営業部,,,,,,,
,,,,,20210925,89,,,020,東京支店,10E200370,給与手当,,,29480,00,,,,,,000,共通部門,208,預り金,3,源泉税,29480,00,,,,,,9月給与その他 0020 営業部,,,,,,,
,,,,,20210925,89,,,020,東京支店,10E200370,給与手当,,,43305,00,,,,,,000,共通部門,208,預り金,4,貯蓄・保険,43305,00,,,,,,9月給与その他 0020 営業部,,,,,,,
,,,,,20210925,89,,,020,東京支店,10E200370,給与手当,,,56661,00,,,,,,000,共通部門,208,預り金,9,その他,56661,00,,,,,,9月給与その他 0020 営業部,,,,,,,
,,,,,20210925,89,,,010,札幌営業所,10E200370,給与手当,,,563545,00,,,,,,000,共通部門,10A100020-3,普通預金,20,ABC銀行 本店,563545,00,,,,,,9月給与その他 1000 札幌営業所,,,,,,,
,,,,,20210925,89,,,010,札幌営業所,10E200370,給与手当,,,96280,00,,,,,,000,共通部門,208,預り金,1,保険料,96280,00,,,,,,9月給与その他 1000 札幌営業所,,,,,,,
,,,,,20210925,89,,,010,札幌営業所,10E200370,給与手当,,,46300,00,,,,,,000,共通部門,208,預り金,2,住民税,46300,00,,,,,,9月給与その他 1000 札幌営業所,,,,,,,
,,,,,20210925,89,,,010,札幌営業所,10E200370,給与手当,,,12130,00,,,,,,000,共通部門,208,預り金,3,源泉税,12130,00,,,,,,9月給与その他 1000 札幌営業所,,,,,,,
,,,,,20210925,89,,,010,札幌営業所,10E200370,給与手当,,,50648,00,,,,,,000,共通部門,208,預り金,4,貯蓄・保険,50648,00,,,,,,9月給与その他 1000 札幌営業所,,,,,,,
,,,,,20210925,89,,,010,札幌営業所,10E200370,給与手当,,,41663,00,,,,,,000,共通部門,208,預り金,9,その他,41663,00,,,,,,9月給与その他 1000 札幌営業所,,,,,,,
,,,,,20210925,89,,,030,名古屋支店,10E200370,給与手当,,,496652,00,,,,,,000,共通部門,10A100020-3,普通預金,20,ABC銀行 本店,496652,00,,,,,,9月給与その他 3000 名古屋営業所,,,,,,,
,,,,,20210925,89,,,030,名古屋支店,10E200370,給与手当,,,94031,00,,,,,,000,共通部門,208,預り金,1,保険料,94031,00,,,,,,9月給与その他 3000 名古屋営業所,,,,,,,
,,,,,20210925,89,,,030,名古屋支店,10E200370,給与手当,,,42600,00,,,,,,000,共通部門,208,預り金,2,住民税,42600,00,,,,,,9月給与その他 3000 名古屋営業所,,,,,,,
,,,,,20210925,89,,,030,名古屋支店,10E200370,給与手当,,,5680,00,,,,,,000,共通部門,208,預り金,3,源泉税,5680,00,,,,,,9月給与その他 3000 名古屋営業所,,,,,,,
,,,,,20210925,89,,,030,名古屋支店,10E200370,給与手当,,,40759,00,,,,,,000,共通部門,208,預り金,4,貯蓄・保険,40759,00,,,,,,9月給与その他 3000 名古屋営業所,,,,,,,
,,,,,20210925,89,,,030,名古屋支店,10E200370,給与手当,,,33278,00,,,,,,000,共通部門,208,預り金,9,その他,33278,00,,,,,,9月給与その他 3000 名古屋営業所,,,,,,,
,,,,,20210925,89,,,040,大阪支店,10E200370,給与手当,,,717802,00,,,,,,000,共通部門,10A100020-3,普通預金,20,ABC銀行 本店,717802,00,,,,,,9月給与その他 4000 大阪支店,,,,,,,
,,,,,20210925,89,,,040,大阪支店,10E200370,給与手当,,,121795,00,,,,,,000,共通部門,208,預り金,1,保険料,121795,00,,,,,,9月給与その他 4000 大阪支店,,,,,,,
,,,,,20210925,89,,,040,大阪支店,10E200370,給与手当,,,53400,00,,,,,,000,共通部門,208,預り金,2,住民税,53400,00,,,,,,9月給与その他 4000 大阪支店,,,,,,,
,,,,,20210925,89,,,040,大阪支店,10E200370,給与手当,,,14710,00,,,,,,000,共通部門,208,預り金,3,源泉税,14710,00,,,,,,9月給与その他 4000 大阪支店,,,,,,,
,,,,,20210925,89,,,040,大阪支店,10E200370,給与手当,,,13570,00,,,,,,000,共通部門,208,預り金,4,貯蓄・保険,13570,00,,,,,,9月給与その他 4000 大阪支店,,,,,,,
,,,,,20210925,89,,,040,大阪支店,10E200370,給与手当,,,15017,00,,,,,,000,共通部門,208,預り金,9,その他,15017,00,,,,,,9月給与その他 4000 大阪支店,,,,,,,
,,,,,20210925,89,,,050,九州営業所,10E200370,給与手当,,,412243,00,,,,,,000,共通部門,10A100020-3,普通預金,20,ABC銀行 本店,412243,00,,,,,,9月給与その他 5000 九州営業所,,,,,,,
,,,,,20210925,89,,,050,九州営業所,10E200370,給与手当,,,67268,00,,,,,,000,共通部門,208,預り金,1,保険料,67268,00,,,,,,9月給与その他 5000 九州営業所,,,,,,,
,,,,,20210925,89,,,050,九州営業所,10E200370,給与手当,,,31700,00,,,,,,000,共通部門,208,預り金,2,住民税,31700,00,,,,,,9月給与その他 5000 九州営業所,,,,,,,
,,,,,20210925,89,,,050,九州営業所,10E200370,給与手当,,,6630,00,,,,,,000,共通部門,208,預り金,3,源泉税,6630,00,,,,,,9月給与その他 5000 九州営業所,,,,,,,
,,,,,20210925,89,,,050,九州営業所,10E200370,給与手当,,,18540,00,,,,,,000,共通部門,208,預り金,4,貯蓄・保険,18540,00,,,,,,9月給与その他 5000 九州営業所,,,,,,,
,,,,,20210925,89,,,050,九州営業所,10E200370,給与手当,,,8871,00,,,,,,000,共通部門,208,預り金,9,その他,8871,00,,,,,,9月給与その他 5000 九州営業所,,,,,,,
,,,,,20210925,111,,,040,大阪支店,522,旅費・交通費,,,8990,31,,10,,,,000,共通部門,204,未払金,,,8990,00,,,,,,タクシー代,,,,,,,
,,,,,20210925,113,,,000,共通部門,130,受取手形,,,13866393,00,,,,,,000,共通部門,131,売掛金,2,株式会社桜丘百貨店,13866393,00,,,,,,9月25日伝票No313株式会社桜丘百貨店 | 売上伝票=20210831-111;手形番号=R20210925-113-2,,,,,,,
,,,,,20210925,114,,,000,共通部門,10A100020-3,普通預金,30,GHI銀行 名古屋,1120257,00,,,,,,000,共通部門,131,売掛金,7,株式会社光彩堂商事,1120257,00,,,,,,9月25日伝票No314株式会社光彩堂商事,,,,,,,
,,,,,20210925,114,,,030,名古屋支店,512,支払手数料,,,735,31,,10,,,,000,共通部門,131,売掛金,7,株式会社光彩堂商事,735,00,,,,,,9月25日伝票No314株式会社光彩堂商事,,,,,,,
,,,,,20210925,115,,,000,共通部門,10A100020-3,普通預金,40,JKL銀行 梅田,658370,00,,,,,,000,共通部門,131,売掛金,23,株式会社杉の木商店,658370,00,,,,,,9月25日伝票No315株式会社杉の木商店,,,,,,,
,,,,,20210925,115,,,040,大阪支店,512,支払手数料,,,630,31,,10,,,,000,共通部門,131,売掛金,23,株式会社杉の木商店,630,00,,,,,,9月25日伝票No315株式会社杉の木商店,,,,,,,
,,,,,20210925,116,,,000,共通部門,10A100020-3,普通預金,10,DEF銀行 駅前,3657886,00,,,,,,000,共通部門,131,売掛金,25,株式会社ほのかマート,3657886,00,,,,,,9月25日伝票No316株式会社ほのかマート,,,,,,,
,,,,,20210925,116,,,010,札幌営業所,512,支払手数料,,,840,31,,10,,,,000,共通部門,131,売掛金,25,株式会社ほのかマート,840,00,,,,,,9月25日伝票No316株式会社ほのかマート,,,,,,,
,,,,,20210925,121,,,040,大阪支店,10E200140,福利厚生費,,,9500,31,,10,,,,000,共通部門,100,現金,,,9500,00,,,,,,お茶代,,,,,,,
,,,,,20210925,131,,,040,大阪支店,10E201140,諸会費,,,24000,00,,,,,,000,共通部門,10A100020-3,普通預金,40,JKL銀行 梅田,24000,00,,,,,,会費,,,,,,,
,,,,,20210925,172,,,010,札幌営業所,10E200020,販売手数料,,,87000,31,,10,,,,000,共通部門,204,未払金,,,87000,00,,,,,,業務委託費支払い,,,,,,,
,,,,,20210926,8,,,010,札幌営業所,521,接待交際費,,,20000,31,,10,,,,000,共通部門,100,現金,,,20000,00,,,,,,定例ミーティング会費,,,,,,,
,,,,,20210926,25,,,010,札幌営業所,522,旅費・交通費,,,61213,31,,10,,,,000,共通部門,100,現金,,,61213,00,,,,,,旅費,,,,,,,
,,,,,20210926,72,,,020,東京支店,10E201160,新聞図書費,,,2864,31,,10,,,,000,共通部門,100,現金,,,2864,00,,,,,,新聞代,,,,,,,
,,,,,20210926,72,,,020,東京支店,10E201160,新聞図書費,,,2815,31,,10,,,,000,共通部門,100,現金,,,2815,00,,,,,,新聞代,,,,,,,
,,,,,20210926,72,,,020,東京支店,10E201160,新聞図書費,,,3399,31,,10,,,,000,共通部門,100,現金,,,3399,00,,,,,,新聞代,,,,,,,
,,,,,20210926,87,,,030,名古屋支店,523,通信費,,,44116,31,,10,,,,000,共通部門,10A100020-3,普通預金,30,GHI銀行 名古屋,44116,00,,,,,,携帯代,,,,,,,
,,,,,20210926,155,,,050,九州営業所,10E201120,車両費,,,7246,31,,10,,,,000,共通部門,100,現金,,,7246,00,,,,,,ガソリン代,,,,,,,
,,,,,20210926,170,,,050,九州営業所,10E201160,新聞図書費,,,3007,31,,10,,,,000,共通部門,100,現金,,,3007,00,,,,,,新聞代,,,,,,,
,,,,,20210927,13,,,010,札幌営業所,10E201120,車両費,,,93450,31,,10,,,,000,共通部門,100,現金,,,93450,00,,,,,,修理代,,,,,,,
,,,,,20210927,14,,,010,札幌営業所,10E201120,車両費,,,4000,31,,10,,,,000,共通部門,100,現金,,,4000,00,,,,,,ガソリン代,,,,,,,
,,,,,20210927,30,,,010,札幌営業所,531,保険料,,,54320,30,,,,,,000,共通部門,10A100020-3,普通預金,10,DEF銀行 駅前,54320,00,,,,,,保険料支払,,,,,,,
,,,,,20210927,37,,,020,東京支店,10E200020,販売手数料,,,986000,31,,10,,,,000,共通部門,204,未払金,,,986000,00,,,,,,業務委託費,,,,,,,
,,,,,20210927,39,,,020,東京支店,10E200140,福利厚生費,,,9000,31,,10,,,,000,共通部門,100,現金,,,9000,00,,,,,,会費,,,,,,,
,,,,,20210927,60,,,020,東京支店,522,旅費・交通費,,,21500,31,,10,,,,000,共通部門,100,現金,,,21500,00,,,,,,旅費,,,,,,,
,,,,,20210927,113,,,040,大阪支店,523,通信費,,,74680,31,,10,,,,000,共通部門,10A100020-3,普通預金,40,JKL銀行 梅田,74680,00,,,,,,携帯代,,,,,,,
,,,,,20210927,114,,,040,大阪支店,10E201160,新聞図書費,,,2540,31,,10,,,,000,共通部門,100,現金,,,2540,00,,,,,,新聞代,,,,,,,
,,,,,20210927,114,,,040,大阪支店,10E201160,新聞図書費,,,2864,31,,10,,,,000,共通部門,100,現金,,,2864,00,,,,,,新聞代,,,,,,,
,,,,,20210927,171,,,050,九州営業所,523,通信費,,,55182,31,,10,,,,000,共通部門,10A100020-3,普通預金,50,MNO銀行 北九州,55182,00,,,,,,携帯代,,,,,,,
,,,,,20210928,83,,,030,名古屋支店,10E201120,車両費,,,48500,31,,10,,,,000,共通部門,100,現金,,,48500,00,,,,,,車両管理費,,,,,,,
,,,,,20210928,88,,,030,名古屋支店,10E201160,新聞図書費,,,3568,31,,10,,,,000,共通部門,100,現金,,,3568,00,,,,,,新聞代,,,,,,,
,,,,,20210928,93,,,040,大阪支店,10E201000,修繕維持費,,,17850,31,,10,,,,000,共通部門,204,未払金,,,17850,00,,,,,,修繕費,,,,,,,
,,,,,20210929,81,,,030,名古屋支店,10E200140,福利厚生費,,,18900,31,,10,,,,000,共通部門,204,未払金,,,18900,00,,,,,,お茶代,,,,,,,
,,,,,20210929,83,,,050,九州営業所,10E201120,車両費,,,4360,31,,10,,,,000,共通部門,100,現金,,,4360,00,,,,,,ガソリン代,,,,,,,
,,,,,20210929,108,,,040,大阪支店,521,接待交際費,,,5530,31,,10,,,,000,共通部門,100,現金,,,5530,00,,,,,,食事代 架空店舗055,,,,,,,
,,,,,20210929,137,,,040,大阪支店,10E201270,雑費,,,6000,31,,10,,,,000,共通部門,204,未払金,,,6000,00,,,,,,有線,,,,,,,
,,,,,20210929,137,,,040,大阪支店,10E201270,雑費,,,42858,31,,10,,,,000,共通部門,204,未払金,,,42858,00,,,,,,警備料,,,,,,,
,,,,,20210929,137,,,040,大阪支店,10E201120,車両費,,,67810,31,,10,,,,000,共通部門,10A100020-3,普通預金,40,JKL銀行 梅田,67810,00,,,,,,高速料,,,,,,,
,,,,,20210929,137,,,040,大阪支店,10E201270,雑費,,,73500,31,,10,,,,000,共通部門,204,未払金,,,73500,00,,,,,,清掃料,,,,,,,
,,,,,20210929,147,,,000,共通部門,10A100020-3,普通預金,20,ABC銀行 本店,4000000,00,,,,,,000,共通部門,10A100020-3,普通預金,10,DEF銀行 駅前,4000000,00,,,,,,資金移動,,,,,,,
,,,,,20210929,147,,,000,共通部門,10A100020-3,普通預金,20,ABC銀行 本店,3000000,00,,,,,,000,共通部門,10A100020-3,普通預金,30,GHI銀行 名古屋,3000000,00,,,,,,資金移動,,,,,,,
,,,,,20210929,147,,,000,共通部門,10A100020-3,普通預金,20,ABC銀行 本店,3000000,00,,,,,,000,共通部門,10A100020-3,普通預金,40,JKL銀行 梅田,3000000,00,,,,,,資金移動,,,,,,,
,,,,,20210929,147,,,000,共通部門,10A100020-3,普通預金,20,ABC銀行 本店,2000000,00,,,,,,000,共通部門,10A100020-3,普通預金,50,MNO銀行 北九州,2000000,00,,,,,,資金移動,,,,,,,
,,,,,20210930,1,,,010,札幌営業所,10E200870,運賃,,,131560,31,,10,,,,000,共通部門,204,未払金,,,131560,00,,,,,,運賃 架空運送会社B,,,,,,,
,,,,,20210930,5,,,010,札幌営業所,10E200050,広告宣伝費,,,52500,31,,10,,,,000,共通部門,10A100020-3,普通預金,10,DEF銀行 駅前,52500,00,,,,,,広告費,,,,,,,
,,,,,20210930,27,,,010,札幌営業所,522,旅費・交通費,,,28362,31,,10,,,,000,共通部門,100,現金,,,28362,00,,,,,,旅費,,,,,,,
,,,,,20210930,27,,,010,札幌営業所,522,旅費・交通費,,,27739,31,,10,,,,000,共通部門,100,現金,,,27739,00,,,,,,旅費,,,,,,,
,,,,,20210930,27,,,010,札幌営業所,522,旅費・交通費,,,37972,31,,10,,,,000,共通部門,100,現金,,,37972,00,,,,,,旅費,,,,,,,
,,,,,20210930,36,,,020,東京支店,10E200870,運賃,,,1650467,31,,10,,,,000,共通部門,204,未払金,,,1650467,00,,,,,,運賃 架空運送会社A,,,,,,,
,,,,,20210930,36,,,020,東京支店,10E200870,運賃,,,810324,31,,10,,,,000,共通部門,204,未払金,,,810324,00,,,,,,運賃 架空運送会社B,,,,,,,
,,,,,20210930,40,,,020,東京支店,10E200050,広告宣伝費,,,50000,31,,10,,,,000,共通部門,204,未払金,,,50000,00,,,,,,広告掲載,,,,,,,
,,,,,20210930,49,,,020,東京支店,10E201120,車両費,,,127620,31,,10,,,,000,共通部門,100,現金,,,127620,00,,,,,,ガソリン代,,,,,,,
,,,,,20210930,49,,,020,東京支店,10E201120,車両費,,,5729,31,,10,,,,000,共通部門,100,現金,,,5729,00,,,,,,高速代,,,,,,,
,,,,,20210930,63,,,020,東京支店,531,保険料,,,81000,30,,,,,,000,共通部門,10A100020-3,普通預金,20,ABC銀行 本店,81000,00,,,,,,保険料,,,,,,,
,,,,,20210930,67,,,020,東京支店,10E201140,諸会費,,,30000,00,,,,,,000,共通部門,100,現金,,,30000,00,,,,,,会費支払い,,,,,,,
,,,,,20210930,70,,,020,東京支店,10E201270,雑費,,,6000,31,,10,,,,000,共通部門,204,未払金,,,6000,00,,,,,,有線,,,,,,,
,,,,,20210930,70,,,020,東京支店,10E201270,雑費,,,52381,31,,10,,,,000,共通部門,204,未払金,,,52381,00,,,,,,警備料,,,,,,,
,,,,,20210930,70,,,020,東京支店,10E201120,車両費,,,73315,31,,10,,,,000,共通部門,100,現金,,,73315,00,,,,,,高速代,,,,,,,
,,,,,20210930,70,,,020,東京支店,10E201270,雑費,,,73500,31,,10,,,,000,共通部門,204,未払金,,,73500,00,,,,,,清掃料,,,,,,,
,,,,,20210930,75,,,000,共通部門,208,預り金,1,保険料,706839,00,,,,,,000,共通部門,10A100020-3,普通預金,20,ABC銀行 本店,706839,00,,,,,,保険料預かり分,,,,,,,
,,,,,20210930,75,,,020,東京支店,10E200540,法定福利費,,,111192,30,,,,,,000,共通部門,10A100020-3,普通預金,20,ABC銀行 本店,111192,00,,,,,,保険料　事業主負担分,,,,,,,
,,,,,20210930,75,,,020,東京支店,10E200540,法定福利費,,,216077,30,,,,,,000,共通部門,10A100020-3,普通預金,20,ABC銀行 本店,216077,00,,,,,,保険料　事業主負担分,,,,,,,
,,,,,20210930,75,,,010,札幌営業所,10E200540,法定福利費,,,100704,30,,,,,,000,共通部門,10A100020-3,普通預金,20,ABC銀行 本店,100704,00,,,,,,保険料　事業主負担分,,,,,,,
,,,,,20210930,75,,,030,名古屋支店,10E200540,法定福利費,,,92652,30,,,,,,000,共通部門,10A100020-3,普通預金,20,ABC銀行 本店,92652,00,,,,,,保険料　事業主負担分,,,,,,,
,,,,,20210930,75,,,040,大阪支店,10E200540,法定福利費,,,119974,30,,,,,,000,共通部門,10A100020-3,普通預金,20,ABC銀行 本店,119974,00,,,,,,保険料　事業主負担分,,,,,,,
,,,,,20210930,75,,,050,九州営業所,10E200540,法定福利費,,,66245,30,,,,,,000,共通部門,10A100020-3,普通預金,20,ABC銀行 本店,66245,00,,,,,,保険料　事業主負担分,,,,,,,
,,,,,20210930,75,,,020,東京支店,10E200540,法定福利費,,,9672,30,,,,,,000,共通部門,10A100020-3,普通預金,20,ABC銀行 本店,9672,00,,,,,,児童拠出金　事業主負担分,,,,,,,
,,,,,20210930,76,,,030,名古屋支店,531,保険料,,,62000,30,,,,,,000,共通部門,10A100020-3,普通預金,30,GHI銀行 名古屋,62000,00,,,,,,保険料,,,,,,,
,,,,,20210930,77,,,050,九州営業所,531,保険料,,,57000,30,,,,,,000,共通部門,10A100020-3,普通預金,50,MNO銀行 北九州,57000,00,,,,,,保険料支払い,,,,,,,
,,,,,20210930,77,,,030,名古屋支店,10E200870,運賃,,,165420,31,,10,,,,000,共通部門,204,未払金,,,165420,00,,,,,,運賃,,,,,,,
,,,,,20210930,79,,,010,札幌営業所,525,消耗品費,,,33107,00,,,,,,000,共通部門,525,消耗品費,,,33107,00,,,,,,消耗品費　部門配賦,,,,,,,
,,,,,20210930,79,,,020,東京支店,525,消耗品費,,,144472,00,,,,,,000,共通部門,525,消耗品費,,,144472,00,,,,,,消耗品費　部門配賦,,,,,,,
,,,,,20210930,79,,,030,名古屋支店,525,消耗品費,,,30097,00,,,,,,000,共通部門,525,消耗品費,,,30097,00,,,,,,消耗品費　部門配賦,,,,,,,
,,,,,20210930,79,,,040,大阪支店,525,消耗品費,,,72234,00,,,,,,000,共通部門,525,消耗品費,,,72234,00,,,,,,消耗品費　部門配賦,,,,,,,
,,,,,20210930,79,,,050,九州営業所,525,消耗品費,,,21068,00,,,,,,000,共通部門,525,消耗品費,,,21068,00,,,,,,消耗品費　部門配賦,,,,,,,
,,,,,20210930,87,,,030,名古屋支店,522,旅費・交通費,,,30000,31,,10,,,,000,共通部門,100,現金,,,30000,00,,,,,,旅費,,,,,,,
,,,,,20210930,90,,,000,共通部門,204,未払金,,,7181008,00,,,,,,000,共通部門,10A100020-3,普通預金,20,ABC銀行 本店,7181008,00,,,,,,8月分支払,,,,,,,
,,,,,20210930,96,,,030,名古屋支店,10E201270,雑費,,,22470,31,,10,,,,000,共通部門,10A100020-3,普通預金,30,GHI銀行 名古屋,22470,00,,,,,,警備料,,,,,,,
,,,,,20210930,99,,,040,大阪支店,10E200870,運賃,,,632040,31,,10,,,,000,共通部門,204,未払金,,,632040,00,,,,,,運賃,,,,,,,
,,,,,20210930,100,,,040,大阪支店,10E200140,福利厚生費,,,6000,31,,10,,,,000,共通部門,100,現金,,,6000,00,,,,,,会費,,,,,,,
,,,,,20210930,115,,,040,大阪支店,531,保険料,,,64500,30,,,,,,000,共通部門,10A100020-3,普通預金,40,JKL銀行 梅田,64500,00,,,,,,保険料,,,,,,,
,,,,,20210930,117,,,000,共通部門,131,売掛金,25,株式会社ほのかマート,4531280,00,,,,,,010,札幌営業所,10D100100,売上高,,,4531280,01,,10,,,,9月1日～9月30日分売上,,,,,,,
,,,,,20210930,117,,,000,共通部門,131,売掛金,14,株式会社花咲商事,1121960,00,,,,,,010,札幌営業所,10D100100,売上高,,,1121960,01,,10,,,,9月1日～9月30日分売上,,,,,,,
,,,,,20210930,117,,,000,共通部門,131,売掛金,5,東雲商会株式会社,1129600,00,,,,,,010,札幌営業所,10D100100,売上高,,,1129600,01,,10,,,,9月1日～9月30日分売上,,,,,,,
,,,,,20210930,118,,,000,共通部門,131,売掛金,2,株式会社桜丘百貨店,16028828,00,,,,,,020,東京支店,10D100100,売上高,,,16028828,01,,10,,,,9月1日～9月30日分売上,,,,,,,
,,,,,20210930,118,,,000,共通部門,131,売掛金,12,株式会社緑野百貨店,9607109,00,,,,,,020,東京支店,10D100100,売上高,,,9607109,01,,10,,,,9月1日～9月30日分売上,,,,,,,
,,,,,20210930,118,,,000,共通部門,131,売掛金,24,白峰商事株式会社,670364,00,,,,,,020,東京支店,10D100100,売上高,,,670364,01,,10,,,,9月1日～9月30日分売上,,,,,,,
,,,,,20210930,118,,,000,共通部門,131,売掛金,11,株式会社楓屋,311649,00,,,,,,020,東京支店,10D100100,売上高,,,311649,01,,10,,,,9月1日～9月30日分売上,,,,,,,
,,,,,20210930,118,,,000,共通部門,131,売掛金,14,株式会社花咲商事,1733186,00,,,,,,020,東京支店,10D100100,売上高,,,1733186,01,,10,,,,9月1日～9月30日分売上,,,,,,,
,,,,,20210930,118,,,000,共通部門,131,売掛金,30,株式会社彩雲トレーディング,1044756,00,,,,,,020,東京支店,10D100100,売上高,,,1044756,01,,10,,,,9月1日～9月30日分売上,,,,,,,
,,,,,20210930,118,,,000,共通部門,131,売掛金,26,若松販売株式会社,695408,00,,,,,,020,東京支店,10D100100,売上高,,,695408,01,,10,,,,9月1日～9月30日分売上,,,,,,,
,,,,,20210930,118,,,000,共通部門,131,売掛金,13,星川商事株式会社,652365,00,,,,,,020,東京支店,10D100100,売上高,,,652365,01,,10,,,,9月1日～9月30日分売上,,,,,,,
,,,,,20210930,118,,,000,共通部門,131,売掛金,10,合同会社こもれび商事,342468,00,,,,,,020,東京支店,10D100100,売上高,,,342468,01,,10,,,,9月1日～9月30日分売上,,,,,,,
,,,,,20210930,119,,,000,共通部門,131,売掛金,27,晴海物産株式会社,893184,00,,,,,,030,名古屋支店,10D100100,売上高,,,893184,01,,10,,,,9月1日～9月30日分売上,,,,,,,
,,,,,20210930,119,,,000,共通部門,131,売掛金,14,株式会社花咲商事,1356786,00,,,,,,030,名古屋支店,10D100100,売上高,,,1356786,01,,10,,,,9月1日～9月30日分売上,,,,,,,
,,,,,20210930,119,,,000,共通部門,131,売掛金,19,株式会社南風商会,853605,00,,,,,,030,名古屋支店,10D100100,売上高,,,853605,01,,10,,,,9月1日～9月30日分売上,,,,,,,
,,,,,20210930,119,,,000,共通部門,131,売掛金,21,合同会社つばさ商店,438255,00,,,,,,030,名古屋支店,10D100100,売上高,,,438255,01,,10,,,,9月1日～9月30日分売上,,,,,,,
,,,,,20210930,119,,,000,共通部門,131,売掛金,6,株式会社瑞穂流通,1023876,00,,,,,,030,名古屋支店,10D100100,売上高,,,1023876,01,,10,,,,9月1日～9月30日分売上,,,,,,,
,,,,,20210930,119,,,000,共通部門,131,売掛金,7,株式会社光彩堂商事,1209600,00,,,,,,030,名古屋支店,10D100100,売上高,,,1209600,01,,10,,,,9月1日～9月30日分売上,,,,,,,
,,,,,20210930,120,,,000,共通部門,131,売掛金,28,株式会社青葉百貨店,5964649,00,,,,,,040,大阪支店,10D100100,売上高,,,5964649,01,,10,,,,9月1日～9月30日分売上,,,,,,,
,,,,,20210930,120,,,000,共通部門,131,売掛金,8,株式会社高原マーケット,988155,00,,,,,,040,大阪支店,10D100100,売上高,,,988155,01,,10,,,,9月1日～9月30日分売上,,,,,,,
,,,,,20210930,120,,,000,共通部門,131,売掛金,9,朝凪物産株式会社,1104280,00,,,,,,040,大阪支店,10D100100,売上高,,,1104280,01,,10,,,,9月1日～9月30日分売上,,,,,,,
,,,,,20210930,120,,,000,共通部門,131,売掛金,14,株式会社花咲商事,2538474,00,,,,,,040,大阪支店,10D100100,売上高,,,2538474,01,,10,,,,9月1日～9月30日分売上,,,,,,,
,,,,,20210930,120,,,000,共通部門,131,売掛金,20,清和商事株式会社,754274,00,,,,,,040,大阪支店,10D100100,売上高,,,754274,01,,10,,,,9月1日～9月30日分売上,,,,,,,
,,,,,20210930,120,,,000,共通部門,131,売掛金,3,青凪商事株式会社,282780,00,,,,,,040,大阪支店,10D100100,売上高,,,282780,01,,10,,,,9月1日～9月30日分売上,,,,,,,
,,,,,20210930,120,,,000,共通部門,131,売掛金,4,株式会社ひなたマート,703968,00,,,,,,040,大阪支店,10D100100,売上高,,,703968,01,,10,,,,9月1日～9月30日分売上,,,,,,,
,,,,,20210930,120,,,000,共通部門,131,売掛金,23,株式会社杉の木商店,542236,00,,,,,,040,大阪支店,10D100100,売上高,,,542236,01,,10,,,,9月1日～9月30日分売上,,,,,,,
,,,,,20210930,121,,,000,共通部門,131,売掛金,22,株式会社豊原産業,570784,00,,,,,,050,九州営業所,10D100100,売上高,,,570784,01,,10,,,,9月1日～9月30日分売上,,,,,,,
,,,,,20210930,121,,,000,共通部門,131,売掛金,1,株式会社若葉百貨店,1370644,00,,,,,,050,九州営業所,10D100100,売上高,,,1370644,01,,10,,,,9月1日～9月30日分売上,,,,,,,
,,,,,20210930,121,,,000,共通部門,131,売掛金,14,株式会社花咲商事,964280,00,,,,,,050,九州営業所,10D100100,売上高,,,964280,01,,10,,,,9月1日～9月30日分売上,,,,,,,
,,,,,20210930,121,,,000,共通部門,131,売掛金,29,株式会社小春サービス,496980,00,,,,,,050,九州営業所,10D100100,売上高,,,496980,01,,10,,,,9月1日～9月30日分売上,,,,,,,
,,,,,20210930,122,,,000,共通部門,10A100020-3,普通預金,40,JKL銀行 梅田,697968,00,,,,,,000,共通部門,131,売掛金,4,株式会社ひなたマート,697968,00,,,,,,9月30日伝票No317株式会社ひなたマート,,,,,,,
,,,,,20210930,122,,,040,大阪支店,512,支払手数料,,,840,31,,10,,,,000,共通部門,131,売掛金,4,株式会社ひなたマート,840,00,,,,,,9月30日伝票No317株式会社ひなたマート,,,,,,,
,,,,,20210930,123,,,000,共通部門,10A100020-3,普通預金,10,DEF銀行 駅前,971024,00,,,,,,000,共通部門,131,売掛金,5,東雲商会株式会社,971024,00,,,,,,9月30日伝票No318東雲商会株式会社,,,,,,,
,,,,,20210930,123,,,010,札幌営業所,512,支払手数料,,,840,31,,10,,,,000,共通部門,131,売掛金,5,東雲商会株式会社,840,00,,,,,,9月30日伝票No318東雲商会株式会社,,,,,,,
,,,,,20210930,124,,,000,共通部門,130,受取手形,,,10599606,00,,,,,,000,共通部門,131,売掛金,12,株式会社緑野百貨店,10599606,00,,,,,,9月30日伝票No319株式会社緑野百貨店 | 売上伝票=20210831-111;手形番号=R20210930-124-12,,,,,,,
,,,,,20210930,125,,,000,共通部門,10A100020-3,普通預金,20,ABC銀行 本店,543950,00,,,,,,000,共通部門,131,売掛金,24,白峰商事株式会社,543950,00,,,,,,9月30日伝票No320白峰商事株式会社,,,,,,,
,,,,,20210930,125,,,020,東京支店,512,支払手数料,,,630,31,,10,,,,000,共通部門,131,売掛金,24,白峰商事株式会社,630,00,,,,,,9月30日伝票No320白峰商事株式会社,,,,,,,
,,,,,20210930,126,,,000,共通部門,10A100020-3,普通預金,50,MNO銀行 北九州,554190,00,,,,,,000,共通部門,131,売掛金,29,株式会社小春サービス,554190,00,,,,,,9月30日伝票No321株式会社小春サービス,,,,,,,
,,,,,20210930,126,,,050,九州営業所,512,支払手数料,,,210,31,,10,,,,000,共通部門,131,売掛金,29,株式会社小春サービス,210,00,,,,,,9月30日伝票No321株式会社小春サービス,,,,,,,
,,,,,20210930,127,,,000,共通部門,100,現金,,,666376,00,,,,,,000,共通部門,131,売掛金,10,合同会社こもれび商事,666376,00,,,,,,9月30日伝票No455合同会社こもれび商事,,,,,,,
,,,,,20210930,128,,,010,札幌営業所,526,租税公課,,,2000,00,,,,,,000,共通部門,100,現金,,,2000,00,,,,,,収入印紙,,,,,,,
,,,,,20210930,128,,,010,札幌営業所,461,仕入高,,,232695,31,,10,,,,000,共通部門,201,買掛金,2,株式会社双葉物産,232695,00,,,,,,9月1日～9月30日分仕入,,,,,,,
,,,,,20210930,129,,,020,東京支店,461,仕入高,,,2868702,31,,10,,,,000,共通部門,201,買掛金,14,合同会社あかね商会,2868702,00,,,,,,9月1日～9月30日分仕入,,,,,,,
,,,,,20210930,129,,,020,東京支店,461,仕入高,,,3153847,31,,10,,,,000,共通部門,201,買掛金,3,青凪商事株式会社,3153847,00,,,,,,9月1日～9月30日分仕入,,,,,,,
,,,,,20210930,129,,,020,東京支店,461,仕入高,,,1317476,31,,10,,,,000,共通部門,201,買掛金,13,朝日野産業株式会社,1317476,00,,,,,,9月1日～9月30日分仕入,,,,,,,
,,,,,20210930,129,,,020,東京支店,461,仕入高,,,5934799,31,,10,,,,000,共通部門,201,買掛金,1,株式会社北辰商事,5934799,00,,,,,,9月1日～9月30日分仕入,,,,,,,
,,,,,20210930,129,,,020,東京支店,461,仕入高,,,4284585,31,,10,,,,000,共通部門,201,買掛金,11,株式会社花園商会,4284585,00,,,,,,9月1日～9月30日分仕入,,,,,,,
,,,,,20210930,129,,,020,東京支店,461,仕入高,,,316537,31,,10,,,,000,共通部門,201,買掛金,12,株式会社泉川商事,316537,00,,,,,,9月1日～9月30日分仕入,,,,,,,
,,,,,20210930,129,,,020,東京支店,461,仕入高,,,316108,31,,10,,,,000,共通部門,201,買掛金,8,株式会社白樺商事,316108,00,,,,,,9月1日～9月30日分仕入,,,,,,,
,,,,,20210930,129,,,020,東京支店,461,仕入高,,,392134,31,,10,,,,000,共通部門,201,買掛金,2,株式会社双葉物産,392134,00,,,,,,9月1日～9月30日分仕入,,,,,,,
,,,,,20210930,130,,,030,名古屋支店,461,仕入高,,,1819272,31,,10,,,,000,共通部門,201,買掛金,9,東原産業株式会社,1819272,00,,,,,,9月1日～9月30日分仕入,,,,,,,
,,,,,20210930,130,,,030,名古屋支店,461,仕入高,,,1178376,31,,10,,,,000,共通部門,201,買掛金,15,株式会社麦穂商事,1178376,00,,,,,,9月1日～9月30日分仕入,,,,,,,
,,,,,20210930,130,,,030,名古屋支店,461,仕入高,,,3447035,31,,10,,,,000,共通部門,201,買掛金,7,株式会社夕凪商会,3447035,00,,,,,,9月1日～9月30日分仕入,,,,,,,
,,,,,20210930,130,,,030,名古屋支店,461,仕入高,,,116347,31,,10,,,,000,共通部門,201,買掛金,2,株式会社双葉物産,116347,00,,,,,,9月1日～9月30日分仕入,,,,,,,
,,,,,20210930,130,,,030,名古屋支店,461,仕入高,,,74088,31,,10,,,,000,共通部門,201,買掛金,8,株式会社白樺商事,74088,00,,,,,,9月1日～9月30日分仕入,,,,,,,
,,,,,20210930,131,,,040,大阪支店,461,仕入高,,,3730512,31,,10,,,,000,共通部門,201,買掛金,5,千草商事株式会社,3730512,00,,,,,,9月1日～9月30日分仕入,,,,,,,
,,,,,20210930,131,,,040,大阪支店,461,仕入高,,,944145,31,,10,,,,000,共通部門,201,買掛金,4,株式会社和泉流通,944145,00,,,,,,9月1日～9月30日分仕入,,,,,,,
,,,,,20210930,131,,,040,大阪支店,461,仕入高,,,3051222,31,,10,,,,000,共通部門,201,買掛金,10,光野販売株式会社,3051222,00,,,,,,9月1日～9月30日分仕入,,,,,,,
,,,,,20210930,131,,,040,大阪支店,461,仕入高,,,3484984,31,,10,,,,000,共通部門,201,買掛金,6,株式会社日向産業,3484984,00,,,,,,9月1日～9月30日分仕入,,,,,,,
,,,,,20210930,131,,,040,大阪支店,461,仕入高,,,405060,31,,10,,,,000,共通部門,201,買掛金,2,株式会社双葉物産,405060,00,,,,,,9月1日～9月30日分仕入,,,,,,,
,,,,,20210930,131,,,040,大阪支店,461,仕入高,,,24696,31,,10,,,,000,共通部門,201,買掛金,8,株式会社白樺商事,24696,00,,,,,,9月1日～9月30日分仕入,,,,,,,
,,,,,20210930,132,,,050,九州営業所,461,仕入高,,,94801,31,,10,,,,000,共通部門,201,買掛金,2,株式会社双葉物産,94801,00,,,,,,9月1日～9月30日分仕入,,,,,,,
,,,,,20210930,133,,,000,共通部門,201,買掛金,2,株式会社双葉物産,1318601,00,,,,,,000,共通部門,10A100020-3,普通預金,20,ABC銀行 本店,1318601,00,,,,,,9月30日伝票No231株式会社双葉物産,,,,,,,
,,,,,20210930,134,,,000,共通部門,201,買掛金,5,千草商事株式会社,3841014,00,,,,,,000,共通部門,10B100030,支払手形,,,3841014,00,,,,,,9月30日伝票No232千草商事株式会社,,,,,,,
,,,,,20210930,135,,,000,共通部門,201,買掛金,7,株式会社夕凪商会,3639444,00,,,,,,000,共通部門,10A100020-3,普通預金,20,ABC銀行 本店,3639444,00,,,,,,9月30日伝票No234株式会社夕凪商会,,,,,,,
,,,,,20210930,136,,,000,共通部門,201,買掛金,9,東原産業株式会社,1819272,00,,,,,,000,共通部門,10B100030,支払手形,,,1819272,00,,,,,,9月30日伝票No236東原産業株式会社,,,,,,,
,,,,,20210930,137,,,000,共通部門,201,買掛金,10,光野販売株式会社,3148603,00,,,,,,000,共通部門,10B100030,支払手形,,,3148603,00,,,,,,9月30日伝票No242光野販売株式会社,,,,,,,
,,,,,20210930,138,,,000,共通部門,201,買掛金,12,株式会社泉川商事,336571,00,,,,,,000,共通部門,10A100020-3,普通預金,20,ABC銀行 本店,336571,00,,,,,,9月30日伝票No243株式会社泉川商事,,,,,,,
,,,,,20210930,139,,,000,共通部門,201,買掛金,13,朝日野産業株式会社,1317476,00,,,,,,000,共通部門,10A100020-3,普通預金,20,ABC銀行 本店,1317476,00,,,,,,9月30日伝票No245朝日野産業株式会社,,,,,,,
,,,,,20210930,140,,,000,共通部門,201,買掛金,14,合同会社あかね商会,2953512,00,,,,,,000,共通部門,10A100020-3,普通預金,20,ABC銀行 本店,2953512,00,,,,,,9月30日伝票No247合同会社あかね商会,,,,,,,
,,,,,20210930,141,,,000,共通部門,201,買掛金,15,株式会社麦穂商事,1178376,00,,,,,,000,共通部門,10A100020-3,普通預金,20,ABC銀行 本店,1178376,00,,,,,,9月30日伝票No248株式会社麦穂商事,,,,,,,
,,,,,20210930,142,,,000,共通部門,10A100020-2,当座預金,1,ABC銀行,5619076,00,,,,,,000,共通部門,130,受取手形,,,5619076,00,,,,,,手形満期 株式会社青葉百貨店 | 手形番号=R20210710-91-28;受取額に決済額を訂正,,,,,,,
,,,,,20210930,143,,,000,共通部門,10B100030,支払手形,,,3766486,00,,,,,,000,共通部門,10A100020-2,当座預金,1,ABC銀行,3766486,00,,,,,,手形期日落日 千草商事株式会社,,,,,,,
,,,,,20210930,143,,,000,共通部門,10B100030,支払手形,,,1784949,00,,,,,,000,共通部門,10A100020-2,当座預金,1,ABC銀行,1784949,00,,,,,,手形期日落日 東原産業株式会社,,,,,,,
,,,,,20210930,143,,,000,共通部門,10B100030,支払手形,,,3086761,00,,,,,,000,共通部門,10A100020-2,当座預金,1,ABC銀行,3086761,00,,,,,,手形期日落日 光野販売株式会社,,,,,,,
,,,,,20210930,145,,,050,九州営業所,10E200870,運賃,,,139140,31,,10,,,,000,共通部門,204,未払金,,,139140,00,,,,,,運賃,,,,,,,
,,,,,20210930,148,,,000,共通部門,10A100020-3,普通預金,20,ABC銀行 本店,40000,00,,,,,,000,共通部門,10A100610,短期貸付金,,,40000,00,,,,,,貸付金返済,,,,,,,
,,,,,20210930,149,,,000,共通部門,10A100020-4,定期積金,,,500000,00,,,,,,000,共通部門,10A100020-3,普通預金,20,ABC銀行 本店,500000,00,,,,,,定期積立金,,,,,,,
,,,,,20210930,149,,,000,共通部門,10A230570,保険積立金,,,125000,00,,,,,,000,共通部門,10A100020-3,普通預金,20,ABC銀行 本店,125000,00,,,,,,保険積立金,,,,,,,
,,,,,20210930,150,,,000,共通部門,202,借入金,,,653500,00,,,,,,000,共通部門,10A100020-2,当座預金,1,ABC銀行,653500,00,,,,,,借入金返済,,,,,,,
,,,,,20210930,150,,,020,東京支店,10E300020,支払利息,,,32675,30,,,,,,000,共通部門,10A100020-2,当座預金,1,ABC銀行,32675,00,,,,,,利息,,,,,,,
,,,,,20210930,156,,,050,九州営業所,522,旅費・交通費,,,13500,31,,10,,,,000,共通部門,100,現金,,,13500,00,,,,,,出張旅費,,,,,,,
,,,,,20210930,158,,,040,大阪支店,522,旅費・交通費,,,6900,31,,10,,,,000,共通部門,100,現金,,,6900,00,,,,,,出張旅費,,,,,,,
,,,,,20210930,990006,,,010,札幌営業所,10E200130,賞与,,,190000,00,,,,,,010,札幌営業所,10B100320,賞与引当金,,,190000,00,,,,,,サンプル定義：賞与半年均等引当 202109 部門010,,,,,,,
,,,,,20210930,990006,,,020,東京支店,10E200130,賞与,,,451667,00,,,,,,020,東京支店,10B100320,賞与引当金,,,451667,00,,,,,,サンプル定義：賞与半年均等引当 202109 部門020,,,,,,,
,,,,,20210930,990006,,,030,名古屋支店,10E200130,賞与,,,178333,00,,,,,,030,名古屋支店,10B100320,賞与引当金,,,178333,00,,,,,,サンプル定義：賞与半年均等引当 202109 部門030,,,,,,,
,,,,,20210930,990006,,,040,大阪支店,10E200130,賞与,,,216667,00,,,,,,040,大阪支店,10B100320,賞与引当金,,,216667,00,,,,,,サンプル定義：賞与半年均等引当 202109 部門040,,,,,,,
,,,,,20210930,990006,,,050,九州営業所,10E200130,賞与,,,136667,00,,,,,,050,九州営業所,10B100320,賞与引当金,,,136667,00,,,,,,サンプル定義：賞与半年均等引当 202109 部門050,,,,,,,
,,,,,20211001,18,,,010,札幌営業所,522,旅費・交通費,,,26870,31,,10,,,,000,共通部門,100,現金,,,26870,00,,,,,,旅費,,,,,,,
,,,,,20211001,66,,,020,東京支店,10E200730,リース料,,,209850,31,,10,,,,000,共通部門,10A100020-3,普通預金,20,ABC銀行 本店,209850,00,,,,,,リース料,,,,,,,
,,,,,20211001,116,,,040,大阪支店,10E200730,リース料,,,84000,31,,10,,,,000,共通部門,10A100020-3,普通預金,40,JKL銀行 梅田,84000,00,,,,,,リース料,,,,,,,
,,,,,20211001,141,,,040,大阪支店,522,旅費・交通費,,,7800,31,,10,,,,000,共通部門,100,現金,,,7800,00,,,,,,架空鉄道会社A代,,,,,,,
,,,,,20211002,7,,,010,札幌営業所,521,接待交際費,,,12380,31,,10,,,,000,共通部門,100,現金,,,12380,00,,,,,,飲食代 架空店舗077 2名,,,,,,,
,,,,,20211002,32,,,010,札幌営業所,10E201110,事務用消耗品費,,,6823,31,,10,,,,000,共通部門,204,未払金,,,6823,00,,,,,,事務用品費,,,,,,,
,,,,,20211002,50,,,020,東京支店,10E201120,車両費,,,1200,31,,10,,,,000,共通部門,100,現金,,,1200,00,,,,,,駐車代,,,,,,,
,,,,,20211002,75,,,020,東京支店,521,接待交際費,,,1260,31,,10,,,,000,共通部門,100,現金,,,1260,00,,,,,,コーヒー代2名,,,,,,,
,,,,,20211002,142,,,040,大阪支店,10E201120,車両費,,,6229,31,,10,,,,000,共通部門,100,現金,,,6229,00,,,,,,ガソリン代,,,,,,,
,,,,,20211002,142,,,040,大阪支店,10E201120,車両費,,,4289,31,,10,,,,000,共通部門,100,現金,,,4289,00,,,,,,高速代,,,,,,,
,,,,,20211002,142,,,040,大阪支店,10E201120,車両費,,,43433,31,,10,,,,000,共通部門,100,現金,,,43433,00,,,,,,点検作業料,,,,,,,
,,,,,20211002,157,,,050,九州営業所,522,旅費・交通費,,,55300,31,,10,,,,000,共通部門,10A100020-3,普通預金,50,MNO銀行 北九州,55300,00,,,,,,航空券代,,,,,,,
,,,,,20211003,56,,,020,東京支店,522,旅費・交通費,,,36400,31,,10,,,,000,共通部門,100,現金,,,36400,00,,,,,,旅費,,,,,,,
,,,,,20211003,75,,,030,名古屋支店,522,旅費・交通費,,,12000,31,,10,,,,000,共通部門,100,現金,,,12000,00,,,,,,旅費,,,,,,,
,,,,,20211003,102,,,040,大阪支店,521,接待交際費,,,1050,31,,10,,,,000,共通部門,100,現金,,,1050,00,,,,,,手土産代 架空店舗089,,,,,,,
,,,,,20211003,158,,,040,大阪支店,522,旅費・交通費,,,13500,31,,10,,,,000,共通部門,100,現金,,,13500,00,,,,,,出張旅費,,,,,,,
,,,,,20211005,19,,,010,札幌営業所,522,旅費・交通費,,,18970,31,,10,,,,000,共通部門,100,現金,,,18970,00,,,,,,旅費,,,,,,,
,,,,,20211005,76,,,020,東京支店,10E200140,福利厚生費,,,56000,31,,10,,,,000,共通部門,204,未払金,,,56000,00,,,,,,制服代,,,,,,,
,,,,,20211005,83,,,000,共通部門,10A100020-3,普通預金,50,MNO銀行 北九州,570312,00,,,,,,000,共通部門,131,売掛金,22,株式会社豊原産業,570312,00,,,,,,10月5日伝票No322株式会社豊原産業,,,,,,,
,,,,,20211005,83,,,050,九州営業所,512,支払手数料,,,472,31,,10,,,,000,共通部門,131,売掛金,22,株式会社豊原産業,472,00,,,,,,10月5日伝票No322株式会社豊原産業,,,,,,,
,,,,,20211005,84,,,000,共通部門,10A100020-3,普通預金,20,ABC銀行 本店,694936,00,,,,,,000,共通部門,131,売掛金,26,若松販売株式会社,694936,00,,,,,,10月5日伝票No323若松販売株式会社,,,,,,,
,,,,,20211005,84,,,020,東京支店,512,支払手数料,,,472,31,,10,,,,000,共通部門,131,売掛金,26,若松販売株式会社,472,00,,,,,,10月5日伝票No323若松販売株式会社,,,,,,,
,,,,,20211005,85,,,000,共通部門,10A100020-3,普通預金,30,GHI銀行 名古屋,893184,00,,,,,,000,共通部門,131,売掛金,27,晴海物産株式会社,893184,00,,,,,,10月5日伝票No324晴海物産株式会社,,,,,,,
,,,,,20211005,147,,,050,九州営業所,10E201120,車両費,,,3962,31,,10,,,,000,共通部門,204,未払金,,,3962,00,,,,,,ガソリン代,,,,,,,
,,,,,20211005,161,,,050,九州営業所,522,旅費・交通費,,,6350,31,,10,,,,000,共通部門,100,現金,,,6350,00,,,,,,旅費,,,,,,,
,,,,,20211005,164,,,050,九州営業所,10E201110,事務用消耗品費,,,2819,31,,10,,,,000,共通部門,100,現金,,,2819,00,,,,,,事務用品,,,,,,,
,,,,,20211006,42,,,020,東京支店,521,接待交際費,,,6320,31,,10,,,,000,共通部門,100,現金,,,6320,00,,,,,,食事代 架空店舗052 3名,,,,,,,
,,,,,20211006,110,,,040,大阪支店,522,旅費・交通費,,,2290,31,,10,,,,000,共通部門,100,現金,,,2290,00,,,,,,タクシー代,,,,,,,
,,,,,20211006,149,,,030,名古屋支店,521,接待交際費,,,9350,31,,10,,,,000,共通部門,100,現金,,,9350,00,,,,,,食事代 架空店舗053 3名,,,,,,,
,,,,,20211006,150,,,050,九州営業所,521,接待交際費,,,35450,31,,10,,,,000,共通部門,100,現金,,,35450,00,,,,,,ゴルフプレー代3名,,,,,,,
,,,,,20211006,152,,,050,九州営業所,521,接待交際費,,,24650,31,,10,,,,000,共通部門,100,現金,,,24650,00,,,,,,飲食代 架空店舗012,,,,,,,
,,,,,20211007,21,,,010,札幌営業所,522,旅費・交通費,,,69500,31,,10,,,,000,共通部門,100,現金,,,69500,00,,,,,,架空鉄道会社A代,,,,,,,
,,,,,20211007,22,,,010,札幌営業所,522,旅費・交通費,,,50000,31,,10,,,,000,共通部門,100,現金,,,50000,00,,,,,,旅費,,,,,,,
,,,,,20211007,43,,,020,東京支店,521,接待交際費,,,10000,31,,10,,,,000,共通部門,100,現金,,,10000,00,,,,,,香典代,,,,,,,
,,,,,20211007,58,,,020,東京支店,522,旅費・交通費,,,70000,31,,10,,,,000,共通部門,100,現金,,,70000,00,,,,,,旅費,,,,,,,
,,,,,20211007,133,,,020,東京支店,10E200600,支払報酬,,,139710,31,,10,,,,000,共通部門,10A100020-3,普通預金,20,ABC銀行 本店,139710,00,,,,,,税理士報酬,,,,,,,
,,,,,20211008,10,,,010,札幌営業所,10E201120,車両費,,,500,31,,10,,,,000,共通部門,100,現金,,,500,00,,,,,,駐車代,,,,,,,
,,,,,20211008,16,,,010,札幌営業所,10E201120,車両費,,,3000,31,,10,,,,000,共通部門,100,現金,,,3000,00,,,,,,洗車代,,,,,,,
,,,,,20211008,16,,,010,札幌営業所,10E201120,車両費,,,6300,31,,10,,,,000,共通部門,100,現金,,,6300,00,,,,,,ガソリン代,,,,,,,
,,,,,20211008,82,,,030,名古屋支店,10E201120,車両費,,,28740,31,,10,,,,000,共通部門,204,未払金,,,28740,00,,,,,,ガソリン代,,,,,,,
,,,,,20211008,151,,,040,大阪支店,521,接待交際費,,,1500,31,,10,,,,000,共通部門,100,現金,,,1500,00,,,,,,食事代 架空店舗048,,,,,,,
,,,,,20211009,20,,,010,札幌営業所,522,旅費・交通費,,,41250,31,,10,,,,000,共通部門,100,現金,,,41250,00,,,,,,旅費,,,,,,,
,,,,,20211009,46,,,020,東京支店,10E201120,車両費,,,6172,31,,10,,,,000,共通部門,100,現金,,,6172,00,,,,,,ガソリン代,,,,,,,
,,,,,20211009,46,,,020,東京支店,10E201120,車両費,,,7143,31,,10,,,,000,共通部門,100,現金,,,7143,00,,,,,,高速代,,,,,,,
,,,,,20211009,46,,,020,東京支店,10E201120,車両費,,,3334,31,,10,,,,000,共通部門,100,現金,,,3334,00,,,,,,駐車代,,,,,,,
,,,,,20211010,33,,,010,札幌営業所,528,地代・家賃,,,320000,31,,10,,,,000,共通部門,10A100020-3,普通預金,10,DEF銀行 駅前,320000,00,,,,,,家賃支払い,,,,,,,
,,,,,20211010,33,,,010,札幌営業所,523,通信費,,,135486,31,,10,,,,000,共通部門,10A100020-3,普通預金,10,DEF銀行 駅前,135486,00,,,,,,電話代,,,,,,,
,,,,,20211010,44,,,020,東京支店,521,接待交際費,,,2860,31,,10,,,,000,共通部門,100,現金,,,2860,00,,,,,,昼食代 架空店舗039 2名,,,,,,,
,,,,,20211010,63,,,000,共通部門,208,預り金,3,源泉税,235453,00,,,,,,000,共通部門,10A100020-3,普通預金,20,ABC銀行 本店,235453,00,,,,,,源泉税支払,,,,,,,
,,,,,20211010,63,,,000,共通部門,208,預り金,2,住民税,449500,00,,,,,,000,共通部門,10A100020-3,普通預金,20,ABC銀行 本店,449500,00,,,,,,住民税支払,,,,,,,
,,,,,20211010,64,,,020,東京支店,528,地代・家賃,,,1260000,31,,10,,,,000,共通部門,10A100020-3,普通預金,20,ABC銀行 本店,1260000,00,,,,,,家賃支払,,,,,,,
,,,,,20211010,65,,,010,札幌営業所,10E201270,雑費,,,5000,31,,10,,,,000,共通部門,204,未払金,,,5000,00,,,,,,有線,,,,,,,
,,,,,20211010,65,,,010,札幌営業所,10E201270,雑費,,,34286,31,,10,,,,000,共通部門,204,未払金,,,34286,00,,,,,,警備料,,,,,,,
,,,,,20211010,65,,,040,大阪支店,528,地代・家賃,,,840000,31,,10,,,,000,共通部門,10A100020-3,普通預金,40,JKL銀行 梅田,840000,00,,,,,,家賃支払,,,,,,,
,,,,,20211010,74,,,020,東京支店,521,接待交際費,,,16242,31,,10,,,,000,共通部門,100,現金,,,16242,00,,,,,,飲食代 架空店舗080 4名,,,,,,,
,,,,,20211010,76,,,030,名古屋支店,522,旅費・交通費,,,14500,31,,10,,,,000,共通部門,100,現金,,,14500,00,,,,,,架空鉄道会社A代,,,,,,,
,,,,,20211010,85,,,030,名古屋支店,523,通信費,,,93540,31,,10,,,,000,共通部門,10A100020-3,普通預金,30,GHI銀行 名古屋,93540,00,,,,,,電話代,,,,,,,
,,,,,20211010,86,,,000,共通部門,10A100020-3,普通預金,30,GHI銀行 名古屋,852870,00,,,,,,000,共通部門,131,売掛金,19,株式会社南風商会,852870,00,,,,,,10月10日伝票No325株式会社南風商会,,,,,,,
,,,,,20211010,86,,,030,名古屋支店,512,支払手数料,,,735,31,,10,,,,000,共通部門,131,売掛金,19,株式会社南風商会,735,00,,,,,,10月10日伝票No325株式会社南風商会,,,,,,,
,,,,,20211010,87,,,000,共通部門,130,受取手形,,,5964649,00,,,,,,000,共通部門,131,売掛金,28,株式会社青葉百貨店,5964649,00,,,,,,10月10日伝票No326株式会社青葉百貨店 | 売上伝票=20210930-120;手形番号=R20211010-87-28,,,,,,,
,,,,,20211010,88,,,000,共通部門,201,買掛金,3,青凪商事株式会社,282780,00,,,,,,000,共通部門,131,売掛金,3,青凪商事株式会社,282780,00,,,,,,10月10日伝票No478青凪商事株式会社,,,,,,,
,,,,,20211010,89,,,000,共通部門,10A100020-3,普通預金,20,ABC銀行 本店,7713951,00,,,,,,000,共通部門,131,売掛金,14,株式会社花咲商事,7713951,00,,,,,,10月10日伝票No500株式会社花咲商事東京本社,,,,,,,
,,,,,20211010,89,,,020,東京支店,512,支払手数料,,,735,31,,10,,,,000,共通部門,131,売掛金,14,株式会社花咲商事,735,00,,,,,,10月10日伝票No500株式会社花咲商事東京本社,,,,,,,
,,,,,20211010,90,,,000,共通部門,201,買掛金,3,青凪商事株式会社,2871067,00,,,,,,000,共通部門,10B100030,支払手形,,,2871067,00,,,,,,10月10日伝票No251青凪商事株式会社,,,,,,,
,,,,,20211010,91,,,000,共通部門,201,買掛金,8,株式会社白樺商事,390196,00,,,,,,000,共通部門,10A100020-3,普通預金,20,ABC銀行 本店,390196,00,,,,,,10月10日伝票No253株式会社白樺商事,,,,,,,
,,,,,20211010,98,,,000,共通部門,10A100020-2,当座預金,1,ABC銀行,6438740,00,,,,,,000,共通部門,130,受取手形,,,6438740,00,,,,,,手形割引 株式会社青葉百貨店 | 手形番号=R20210910-95-28;受取額に決済額を訂正,,,,,,,
,,,,,20211010,98,,,020,東京支店,10E300020,支払利息,,,38759,30,,,,,,000,共通部門,130,受取手形,,,38759,00,,,,,,手形割引料 | 手形番号=R20210910-95-28,,,,,,,
,,,,,20211010,103,,,040,大阪支店,521,接待交際費,,,4692,31,,10,,,,000,共通部門,100,現金,,,4692,00,,,,,,食事代 架空店舗007 2名,,,,,,,
,,,,,20211010,112,,,040,大阪支店,523,通信費,,,144325,31,,10,,,,000,共通部門,10A100020-3,普通預金,40,JKL銀行 梅田,144325,00,,,,,,電話代,,,,,,,
,,,,,20211010,129,,,030,名古屋支店,528,地代・家賃,,,399000,31,,10,,,,000,共通部門,10A100020-3,普通預金,30,GHI銀行 名古屋,399000,00,,,,,,家賃支払い,,,,,,,
,,,,,20211010,134,,,000,共通部門,10B100030,支払手形,,,2382263,00,,,,,,000,共通部門,10A100020-2,当座預金,1,ABC銀行,2382263,00,,,,,,手形期日落日 青凪商事株式会社,,,,,,,
,,,,,20211010,162,,,020,東京支店,10E201130,会議費,,,24995,31,,10,,,,000,共通部門,100,現金,,,24995,00,,,,,,会議　食事代,,,,,,,
,,,,,20211010,167,,,050,九州営業所,528,地代・家賃,,,630000,31,,10,,,,000,共通部門,10A100020-3,普通預金,50,MNO銀行 北九州,630000,00,,,,,,家賃支払い,,,,,,,
,,,,,20211010,167,,,050,九州営業所,523,通信費,,,122482,31,,10,,,,000,共通部門,10A100020-3,普通預金,50,MNO銀行 北九州,122482,00,,,,,,電話代,,,,,,,
,,,,,20211010,168,,,050,九州営業所,10E201270,雑費,,,6000,31,,10,,,,000,共通部門,204,未払金,,,6000,00,,,,,,有線,,,,,,,
,,,,,20211010,168,,,050,九州営業所,10E201270,雑費,,,42858,31,,10,,,,000,共通部門,204,未払金,,,42858,00,,,,,,警備料,,,,,,,
,,,,,20211011,73,,,050,九州営業所,10E201120,車両費,,,6325,31,,10,,,,000,共通部門,100,現金,,,6325,00,,,,,,ガソリン代,,,,,,,
,,,,,20211011,73,,,050,九州営業所,10E201120,車両費,,,1143,31,,10,,,,000,共通部門,100,現金,,,1143,00,,,,,,高速代,,,,,,,
,,,,,20211012,57,,,020,東京支店,522,旅費・交通費,,,112300,31,,10,,,,000,共通部門,100,現金,,,112300,00,,,,,,架空鉄道会社A代,,,,,,,
,,,,,20211012,148,,,050,九州営業所,10E201120,車両費,,,7065,31,,10,,,,000,共通部門,100,現金,,,7065,00,,,,,,ガソリン代,,,,,,,
,,,,,20211012,154,,,050,九州営業所,521,接待交際費,,,1260,31,,10,,,,000,共通部門,204,未払金,,,1260,00,,,,,,コーヒー代2名,,,,,,,
,,,,,20211013,11,,,010,札幌営業所,10E201120,車両費,,,3210,31,,10,,,,000,共通部門,100,現金,,,3210,00,,,,,,ガソリン代,,,,,,,
,,,,,20211013,51,,,020,東京支店,10E201120,車両費,,,3667,31,,10,,,,000,共通部門,100,現金,,,3667,00,,,,,,駐車代,,,,,,,
,,,,,20211013,51,,,020,東京支店,10E201120,車両費,,,5524,31,,10,,,,000,共通部門,100,現金,,,5524,00,,,,,,高速代,,,,,,,
,,,,,20211013,51,,,020,東京支店,10E201120,車両費,,,4381,31,,10,,,,000,共通部門,100,現金,,,4381,00,,,,,,ガソリン代,,,,,,,
,,,,,20211013,77,,,030,名古屋支店,522,旅費・交通費,,,4000,31,,10,,,,000,共通部門,100,現金,,,4000,00,,,,,,タクシー代,,,,,,,
,,,,,20211013,79,,,030,名古屋支店,10E200140,福利厚生費,,,48740,31,,10,,,,000,共通部門,100,現金,,,48740,00,,,,,,景品代,,,,,,,
,,,,,20211014,23,,,010,札幌営業所,522,旅費・交通費,,,26667,31,,10,,,,000,共通部門,100,現金,,,26667,00,,,,,,旅費,,,,,,,
,,,,,20211014,23,,,010,札幌営業所,522,旅費・交通費,,,29524,31,,10,,,,000,共通部門,100,現金,,,29524,00,,,,,,旅費,,,,,,,
,,,,,20211014,23,,,010,札幌営業所,522,旅費・交通費,,,36667,31,,10,,,,000,共通部門,100,現金,,,36667,00,,,,,,旅費,,,,,,,
,,,,,20211014,68,,,010,札幌営業所,10E201270,雑費,,,735,31,,10,,,,000,共通部門,100,現金,,,735,00,,,,,,トイレットペーパー他,,,,,,,
,,,,,20211014,159,,,050,九州営業所,522,旅費・交通費,,,8900,31,,10,,,,000,共通部門,100,現金,,,8900,00,,,,,,タクシー代,,,,,,,
,,,,,20211015,4,,,010,札幌営業所,10E200050,広告宣伝費,,,31500,31,,10,,,,000,共通部門,204,未払金,,,31500,00,,,,,,広告費,,,,,,,
,,,,,20211015,60,,,000,共通部門,100,現金,,,1500000,00,,,,,,000,共通部門,10A100020-2,当座預金,1,ABC銀行,1500000,00,,,,,,引き出し,,,,,,,
,,,,,20211015,80,,,020,東京支店,10E200520,雑給,,,498874,00,,,,,,000,共通部門,100,現金,,,498874,00,,,,,,10月給与その他 0060 パート･アルバイト,,,,,,,
,,,,,20211015,80,,,020,東京支店,10E200520,雑給,,,1340,00,,,,,,000,共通部門,208,預り金,3,源泉税,1340,00,,,,,,10月給与その他 0060 パート･アルバイト,,,,,,,
,,,,,20211015,80,,,020,東京支店,10E200520,雑給,,,11166,00,,,,,,000,共通部門,208,預り金,9,その他,11166,00,,,,,,10月給与その他 0060 パート･アルバイト,,,,,,,
,,,,,20211015,92,,,000,共通部門,10A100020-3,普通預金,50,MNO銀行 北九州,1369804,00,,,,,,000,共通部門,131,売掛金,1,株式会社若葉百貨店,1369804,00,,,,,,10月15日伝票No327株式会社若葉百貨店,,,,,,,
,,,,,20211015,92,,,050,九州営業所,512,支払手数料,,,840,31,,10,,,,000,共通部門,131,売掛金,1,株式会社若葉百貨店,840,00,,,,,,10月15日伝票No327株式会社若葉百貨店,,,,,,,
,,,,,20211015,93,,,000,共通部門,10A100020-3,普通預金,30,GHI銀行 名古屋,1023036,00,,,,,,000,共通部門,131,売掛金,6,株式会社瑞穂流通,1023036,00,,,,,,10月15日伝票No328株式会社瑞穂流通,,,,,,,
,,,,,20211015,93,,,030,名古屋支店,512,支払手数料,,,840,31,,10,,,,000,共通部門,131,売掛金,6,株式会社瑞穂流通,840,00,,,,,,10月15日伝票No328株式会社瑞穂流通,,,,,,,
,,,,,20211015,94,,,000,共通部門,10A100020-3,普通預金,40,JKL銀行 梅田,987315,00,,,,,,000,共通部門,131,売掛金,8,株式会社高原マーケット,987315,00,,,,,,10月15日伝票No329株式会社高原マーケット,,,,,,,
,,,,,20211015,94,,,040,大阪支店,512,支払手数料,,,840,31,,10,,,,000,共通部門,131,売掛金,8,株式会社高原マーケット,840,00,,,,,,10月15日伝票No329株式会社高原マーケット,,,,,,,
,,,,,20211015,95,,,000,共通部門,10A100020-3,普通預金,40,JKL銀行 梅田,1103440,00,,,,,,000,共通部門,131,売掛金,9,朝凪物産株式会社,1103440,00,,,,,,10月15日伝票No330朝凪物産株式会社,,,,,,,
,,,,,20211015,95,,,040,大阪支店,512,支払手数料,,,840,31,,10,,,,000,共通部門,131,売掛金,9,朝凪物産株式会社,840,00,,,,,,10月15日伝票No330朝凪物産株式会社,,,,,,,
,,,,,20211015,96,,,000,共通部門,10A100020-3,普通預金,20,ABC銀行 本店,652365,00,,,,,,000,共通部門,131,売掛金,13,星川商事株式会社,652365,00,,,,,,10月15日伝票No331星川商事株式会社,,,,,,,
,,,,,20211015,97,,,000,共通部門,10A100020-3,普通預金,40,JKL銀行 梅田,753959,00,,,,,,000,共通部門,131,売掛金,20,清和商事株式会社,753959,00,,,,,,10月15日伝票No332清和商事株式会社,,,,,,,
,,,,,20211015,97,,,040,大阪支店,512,支払手数料,,,315,31,,10,,,,000,共通部門,131,売掛金,20,清和商事株式会社,315,00,,,,,,10月15日伝票No332清和商事株式会社,,,,,,,
,,,,,20211015,98,,,000,共通部門,201,買掛金,1,株式会社北辰商事,6139436,00,,,,,,000,共通部門,10A100020-3,普通預金,20,ABC銀行 本店,6139436,00,,,,,,10月15日伝票No255株式会社北辰商事,,,,,,,
,,,,,20211015,117,,,040,大阪支店,10E201140,諸会費,,,20000,00,,,,,,000,共通部門,100,現金,,,20000,00,,,,,,会費,,,,,,,
,,,,,20211015,130,,,040,大阪支店,10E201140,諸会費,,,24000,00,,,,,,000,共通部門,10A100020-3,普通預金,40,JKL銀行 梅田,24000,00,,,,,,会費,,,,,,,
,,,,,20211016,61,,,020,東京支店,523,通信費,,,130163,31,,10,,,,000,共通部門,10A100020-3,普通預金,20,ABC銀行 本店,130163,00,,,,,,電話代,,,,,,,
,,,,,20211016,94,,,030,名古屋支店,10E201270,雑費,,,3000,31,,10,,,,000,共通部門,100,現金,,,3000,00,,,,,,トイレットペーパー代,,,,,,,
,,,,,20211016,94,,,030,名古屋支店,10E201270,雑費,,,1434,31,,10,,,,000,共通部門,100,現金,,,1434,00,,,,,,電池代,,,,,,,
,,,,,20211016,136,,,040,大阪支店,10E201270,雑費,,,16500,31,,10,,,,000,共通部門,100,現金,,,16500,00,,,,,,架空清掃会社A代,,,,,,,
,,,,,20211017,47,,,020,東京支店,10E201120,車両費,,,2540,31,,10,,,,000,共通部門,100,現金,,,2540,00,,,,,,ガソリン代,,,,,,,
,,,,,20211017,69,,,020,東京支店,10E201270,雑費,,,2870,31,,10,,,,000,共通部門,100,現金,,,2870,00,,,,,,洗剤他,,,,,,,
,,,,,20211018,12,,,010,札幌営業所,10E201120,車両費,,,4678,31,,10,,,,000,共通部門,100,現金,,,4678,00,,,,,,ガソリン代,,,,,,,
,,,,,20211018,12,,,010,札幌営業所,10E201120,車両費,,,2428,31,,10,,,,000,共通部門,100,現金,,,2428,00,,,,,,高速代,,,,,,,
,,,,,20211018,52,,,020,東京支店,10E201120,車両費,,,2191,31,,10,,,,000,共通部門,100,現金,,,2191,00,,,,,,高速代,,,,,,,
,,,,,20211018,52,,,020,東京支店,10E201120,車両費,,,1715,31,,10,,,,000,共通部門,100,現金,,,1715,00,,,,,,駐車代,,,,,,,
,,,,,20211018,86,,,030,名古屋支店,523,通信費,,,8000,31,,10,,,,000,共通部門,100,現金,,,8000,00,,,,,,切手代,,,,,,,
,,,,,20211018,104,,,040,大阪支店,521,接待交際費,,,6440,31,,10,,,,000,共通部門,100,現金,,,6440,00,,,,,,食事代 架空店舗044 2名,,,,,,,
,,,,,20211018,155,,,050,九州営業所,10E201120,車両費,,,3540,31,,10,,,,000,共通部門,100,現金,,,3540,00,,,,,,ガソリン代,,,,,,,
,,,,,20211019,153,,,030,名古屋支店,521,接待交際費,,,6540,31,,10,,,,000,共通部門,100,現金,,,6540,00,,,,,,手土産代 架空店舗058,,,,,,,
,,,,,20211020,1,,,000,共通部門,10E200140,福利厚生費,,,10800,31,,K8.0,,,,000,共通部門,100,現金,,,10800,00,,,,,,残業夜食　軽減税率,,,,,,,
,,,,,20211020,31,,,010,札幌営業所,10E201110,事務用消耗品費,,,2700,31,,10,,,,000,共通部門,204,未払金,,,2700,00,,,,,,コピー代,,,,,,,
,,,,,20211020,48,,,020,東京支店,10E201120,車両費,,,4303,31,,10,,,,000,共通部門,100,現金,,,4303,00,,,,,,ガソリン代,,,,,,,
,,,,,20211020,68,,,050,九州営業所,10E201110,事務用消耗品費,,,6300,31,,10,,,,000,共通部門,204,未払金,,,6300,00,,,,,,カウンター料金,,,,,,,
,,,,,20211020,71,,,020,東京支店,10E201110,事務用消耗品費,,,4013,31,,10,,,,000,共通部門,204,未払金,,,4013,00,,,,,,事務用品,,,,,,,
,,,,,20211020,71,,,020,東京支店,10E201110,事務用消耗品費,,,31435,31,,10,,,,000,共通部門,204,未払金,,,31435,00,,,,,,カウンター料金,,,,,,,
,,,,,20211020,72,,,000,共通部門,525,消耗品費,,,13567,31,,10,,,,000,共通部門,204,未払金,,,13567,00,,,,,,ファイル等,,,,,,,
,,,,,20211020,72,,,000,共通部門,525,消耗品費,,,219895,31,,10,,,,000,共通部門,204,未払金,,,219895,00,,,,,,飲料水,,,,,,,
,,,,,20211020,72,,,000,共通部門,525,消耗品費,,,12000,31,,10,,,,000,共通部門,204,未払金,,,12000,00,,,,,,名刺代,,,,,,,
,,,,,20211020,80,,,030,名古屋支店,10E200140,福利厚生費,,,417375,31,,10,,,,000,共通部門,204,未払金,,,417375,00,,,,,,会費支払い,,,,,,,
,,,,,20211020,97,,,030,名古屋支店,10E201110,事務用消耗品費,,,37189,31,,10,,,,000,共通部門,204,未払金,,,37189,00,,,,,,コピー代,,,,,,,
,,,,,20211020,98,,,030,名古屋支店,10E201110,事務用消耗品費,,,2465,31,,10,,,,000,共通部門,204,未払金,,,2465,00,,,,,,事務用品,,,,,,,
,,,,,20211020,99,,,000,共通部門,100,現金,,,311649,00,,,,,,000,共通部門,131,売掛金,11,株式会社楓屋,311649,00,,,,,,10月20日伝票No333株式会社楓屋,,,,,,,
,,,,,20211020,99,,,000,共通部門,10A100020-2,当座預金,1,ABC銀行,9670318,00,,,,,,000,共通部門,130,受取手形,,,9670318,00,,,,,,手形満期 株式会社緑野百貨店 | 手形番号=R20210831-117-12;受取額に決済額を訂正,,,,,,,
,,,,,20211020,99,,,000,共通部門,10A100020-2,当座預金,1,ABC銀行,10516135,00,,,,,,000,共通部門,130,受取手形,,,10516135,00,,,,,,手形割引 株式会社緑野百貨店 | 手形番号=R20210930-124-12;受取額に決済額を訂正,,,,,,,
,,,,,20211020,99,,,020,東京支店,10E300020,支払利息,,,83471,30,,,,,,000,共通部門,130,受取手形,,,83471,00,,,,,,手形割引料 | 手形番号=R20210930-124-12,,,,,,,
,,,,,20211020,100,,,000,共通部門,10A100020-3,普通預金,30,GHI銀行 名古屋,437783,00,,,,,,000,共通部門,131,売掛金,21,合同会社つばさ商店,437783,00,,,,,,10月20日伝票No334合同会社つばさ商店,,,,,,,
,,,,,20211020,100,,,030,名古屋支店,512,支払手数料,,,472,31,,10,,,,000,共通部門,131,売掛金,21,合同会社つばさ商店,472,00,,,,,,10月20日伝票No334合同会社つばさ商店,,,,,,,
,,,,,20211020,100,,,000,共通部門,10A100020-3,普通預金,20,ABC銀行 本店,18000000,00,,,,,,000,共通部門,10A100020-2,当座預金,1,ABC銀行,18000000,00,,,,,,資金移動,,,,,,,
,,,,,20211020,101,,,040,大阪支店,10E200050,広告宣伝費,,,52500,31,,10,,,,000,共通部門,204,未払金,,,52500,00,,,,,,広告料,,,,,,,
,,,,,20211020,101,,,000,共通部門,10A100020-3,普通預金,20,ABC銀行 本店,1044021,00,,,,,,000,共通部門,131,売掛金,30,株式会社彩雲トレーディング,1044021,00,,,,,,10月20日伝票No335株式会社彩雲トレーディング,,,,,,,
,,,,,20211020,101,,,020,東京支店,512,支払手数料,,,735,31,,10,,,,000,共通部門,131,売掛金,30,株式会社彩雲トレーディング,735,00,,,,,,10月20日伝票No335株式会社彩雲トレーディング,,,,,,,
,,,,,20211020,102,,,000,共通部門,201,買掛金,4,株式会社和泉流通,944145,00,,,,,,000,共通部門,10A100020-3,普通預金,20,ABC銀行 本店,944145,00,,,,,,10月20日伝票No258株式会社和泉流通,,,,,,,
,,,,,20211020,103,,,000,共通部門,201,買掛金,6,株式会社日向産業,3600809,00,,,,,,000,共通部門,10A100020-3,普通預金,20,ABC銀行 本店,3600809,00,,,,,,10月20日伝票No260株式会社日向産業,,,,,,,
,,,,,20211020,104,,,000,共通部門,201,買掛金,11,株式会社花園商会,4284585,00,,,,,,000,共通部門,10A100020-3,普通預金,20,ABC銀行 本店,4284585,00,,,,,,10月20日伝票No261株式会社花園商会,,,,,,,
,,,,,20211020,118,,,040,大阪支店,10E201110,事務用消耗品費,,,6988,31,,10,,,,000,共通部門,204,未払金,,,6988,00,,,,,,コピー代,,,,,,,
,,,,,20211020,119,,,040,大阪支店,10E201110,事務用消耗品費,,,6650,31,,10,,,,000,共通部門,204,未払金,,,6650,00,,,,,,事務用品,,,,,,,
,,,,,20211020,139,,,040,大阪支店,10E200140,福利厚生費,,,22505,31,,10,,,,000,共通部門,204,未払金,,,22505,00,,,,,,社員夜食代,,,,,,,
,,,,,20211020,144,,,040,大阪支店,10E201120,車両費,,,4290,31,,10,,,,000,共通部門,100,現金,,,4290,00,,,,,,ガソリン代,,,,,,,
,,,,,20211020,144,,,040,大阪支店,10E201120,車両費,,,8096,31,,10,,,,000,共通部門,100,現金,,,8096,00,,,,,,ガソリン代,,,,,,,
,,,,,20211020,144,,,040,大阪支店,10E201120,車両費,,,3372,31,,10,,,,000,共通部門,100,現金,,,3372,00,,,,,,駐車代,,,,,,,
,,,,,20211021,5,,,010,札幌営業所,10E200050,広告宣伝費,,,52500,31,,10,,,,000,共通部門,10A100020-3,普通預金,10,DEF銀行 駅前,52500,00,,,,,,広告費,,,,,,,
,,,,,20211021,6,,,010,札幌営業所,10E200050,広告宣伝費,,,5000,31,,10,,,,000,共通部門,100,現金,,,5000,00,,,,,,広告料,,,,,,,
,,,,,20211021,8,,,010,札幌営業所,521,接待交際費,,,20000,31,,10,,,,000,共通部門,100,現金,,,20000,00,,,,,,定例ミーティング会費,,,,,,,
,,,,,20211021,25,,,010,札幌営業所,522,旅費・交通費,,,56000,31,,10,,,,000,共通部門,100,現金,,,56000,00,,,,,,旅費,,,,,,,
,,,,,20211021,34,,,010,札幌営業所,10E201040,水道光熱費,,,86902,31,,10,,,,000,共通部門,10A100020-3,普通預金,10,DEF銀行 駅前,86902,00,,,,,,電気代,,,,,,,
,,,,,20211021,34,,,010,札幌営業所,10E201040,水道光熱費,,,5725,31,,10,,,,000,共通部門,10A100020-3,普通預金,10,DEF銀行 駅前,5725,00,,,,,,水道代,,,,,,,
,,,,,20211021,53,,,020,東京支店,10E201120,車両費,,,2286,31,,10,,,,000,共通部門,100,現金,,,2286,00,,,,,,高速代,,,,,,,
,,,,,20211021,53,,,020,東京支店,10E201120,車両費,,,1000,31,,10,,,,000,共通部門,100,現金,,,1000,00,,,,,,ガソリン代,,,,,,,
,,,,,20211021,53,,,020,東京支店,10E201120,車両費,,,762,31,,10,,,,000,共通部門,100,現金,,,762,00,,,,,,駐車代,,,,,,,
,,,,,20211021,62,,,050,九州営業所,10E200140,福利厚生費,,,10200,31,,10,,,,000,共通部門,204,未払金,,,10200,00,,,,,,お茶代,,,,,,,
,,,,,20211021,64,,,020,東京支店,10E201040,水道光熱費,,,166341,31,,10,,,,000,共通部門,10A100020-3,普通預金,20,ABC銀行 本店,166341,00,,,,,,電気料,,,,,,,
,,,,,20211021,64,,,020,東京支店,10E201040,水道光熱費,,,7766,31,,10,,,,000,共通部門,10A100020-3,普通預金,20,ABC銀行 本店,7766,00,,,,,,水道料,,,,,,,
,,,,,20211021,79,,,030,名古屋支店,522,旅費・交通費,,,26000,31,,10,,,,000,共通部門,100,現金,,,26000,00,,,,,,旅費,,,,,,,
,,,,,20211021,89,,,030,名古屋支店,10E201040,水道光熱費,,,84225,31,,10,,,,000,共通部門,10A100020-3,普通預金,30,GHI銀行 名古屋,84225,00,,,,,,電気料,,,,,,,
,,,,,20211021,89,,,030,名古屋支店,10E201040,水道光熱費,,,3975,31,,10,,,,000,共通部門,10A100020-3,普通預金,30,GHI銀行 名古屋,3975,00,,,,,,水道料,,,,,,,
,,,,,20211021,89,,,030,名古屋支店,10E201040,水道光熱費,,,4528,31,,10,,,,000,共通部門,10A100020-3,普通預金,30,GHI銀行 名古屋,4528,00,,,,,,ガス代,,,,,,,
,,,,,20211021,132,,,040,大阪支店,10E201040,水道光熱費,,,91783,31,,10,,,,000,共通部門,10A100020-3,普通預金,40,JKL銀行 梅田,91783,00,,,,,,電気代,,,,,,,
,,,,,20211021,132,,,040,大阪支店,10E201040,水道光熱費,,,4751,31,,10,,,,000,共通部門,10A100020-3,普通預金,40,JKL銀行 梅田,4751,00,,,,,,水道代,,,,,,,
,,,,,20211021,160,,,020,東京支店,522,旅費・交通費,,,70000,31,,10,,,,000,共通部門,100,現金,,,70000,00,,,,,,出張旅費,,,,,,,
,,,,,20211021,169,,,050,九州営業所,10E201040,水道光熱費,,,108919,31,,10,,,,000,共通部門,10A100020-3,普通預金,50,MNO銀行 北九州,108919,00,,,,,,電気料,,,,,,,
,,,,,20211021,169,,,050,九州営業所,10E201040,水道光熱費,,,5928,31,,10,,,,000,共通部門,10A100020-3,普通預金,50,MNO銀行 北九州,5928,00,,,,,,水道料,,,,,,,
,,,,,20211022,3,,,010,札幌営業所,10E200140,福利厚生費,,,29900,31,,10,,,,000,共通部門,204,未払金,,,29900,00,,,,,,宿泊代,,,,,,,
,,,,,20211022,9,,,010,札幌営業所,521,接待交際費,,,5000,31,,10,,,,000,共通部門,100,現金,,,5000,00,,,,,,商品券,,,,,,,
,,,,,20211022,45,,,020,東京支店,521,接待交際費,,,10000,31,,10,,,,000,共通部門,100,現金,,,10000,00,,,,,,香典代,,,,,,,
,,,,,20211022,69,,,020,東京支店,521,接待交際費,,,22000,31,,10,,,,000,共通部門,100,現金,,,22000,00,,,,,,ゴルフプレー代2名,,,,,,,
,,,,,20211022,90,,,030,名古屋支店,10E201270,雑費,,,10500,31,,10,,,,000,共通部門,100,現金,,,10500,00,,,,,,架空清掃会社A代,,,,,,,
,,,,,20211022,95,,,030,名古屋支店,10E201270,雑費,,,71675,31,,10,,,,000,共通部門,204,未払金,,,71675,00,,,,,,清掃料,,,,,,,
,,,,,20211022,105,,,040,大阪支店,521,接待交際費,,,15658,31,,10,,,,000,共通部門,100,現金,,,15658,00,,,,,,食事代 架空店舗056 4名,,,,,,,
,,,,,20211022,105,,,040,大阪支店,521,接待交際費,,,13962,31,,10,,,,000,共通部門,100,現金,,,13962,00,,,,,,飲食代 架空店舗022 4名,,,,,,,
,,,,,20211022,137,,,040,大阪支店,10E201270,雑費,,,6000,31,,10,,,,000,共通部門,204,未払金,,,6000,00,,,,,,有線,,,,,,,
,,,,,20211022,137,,,040,大阪支店,10E201270,雑費,,,42858,31,,10,,,,000,共通部門,204,未払金,,,42858,00,,,,,,警備料,,,,,,,
,,,,,20211022,137,,,040,大阪支店,10E201120,車両費,,,45046,31,,10,,,,000,共通部門,10A100020-3,普通預金,40,JKL銀行 梅田,45046,00,,,,,,高速料,,,,,,,
,,,,,20211022,137,,,040,大阪支店,10E201270,雑費,,,73500,31,,10,,,,000,共通部門,204,未払金,,,73500,00,,,,,,清掃料,,,,,,,
,,,,,20211022,163,,,050,九州営業所,10E201140,諸会費,,,18000,00,,,,,,000,共通部門,100,現金,,,18000,00,,,,,,会費,,,,,,,
,,,,,20211022,165,,,050,九州営業所,10E201270,雑費,,,1500,31,,10,,,,000,共通部門,100,現金,,,1500,00,,,,,,トイレットペーパー代,,,,,,,
,,,,,20211022,166,,,050,九州営業所,10E201270,雑費,,,1890,31,,10,,,,000,共通部門,100,現金,,,1890,00,,,,,,架空清掃会社A代,,,,,,,
,,,,,20211023,24,,,010,札幌営業所,522,旅費・交通費,,,95181,31,,10,,,,000,共通部門,100,現金,,,95181,00,,,,,,架空鉄道会社A回数券,,,,,,,
,,,,,20211023,28,,,010,札幌営業所,522,旅費・交通費,,,2420,31,,10,,,,000,共通部門,204,未払金,,,2420,00,,,,,,タクシー代,,,,,,,
,,,,,20211023,54,,,020,東京支店,10E201120,車両費,,,4600,31,,10,,,,000,共通部門,100,現金,,,4600,00,,,,,,高速代,,,,,,,
,,,,,20211023,140,,,040,大阪支店,522,旅費・交通費,,,7890,31,,10,,,,000,共通部門,100,現金,,,7890,00,,,,,,旅費,,,,,,,
,,,,,20211024,26,,,010,札幌営業所,522,旅費・交通費,,,12100,31,,10,,,,000,共通部門,100,現金,,,12100,00,,,,,,旅費,,,,,,,
,,,,,20211024,121,,,040,大阪支店,10E200140,福利厚生費,,,7000,31,,10,,,,000,共通部門,100,現金,,,7000,00,,,,,,お茶代,,,,,,,
,,,,,20211024,146,,,050,九州営業所,10E200020,販売手数料,,,147000,31,,10,,,,000,共通部門,204,未払金,,,147000,00,,,,,,業務委託費,,,,,,,
,,,,,20211025,29,,,010,札幌営業所,523,通信費,,,126547,31,,10,,,,000,共通部門,10A100020-3,普通預金,10,DEF銀行 駅前,126547,00,,,,,,携帯電話代,,,,,,,
,,,,,20211025,35,,,010,札幌営業所,10E201160,新聞図書費,,,3925,31,,10,,,,000,共通部門,100,現金,,,3925,00,,,,,,新聞代,,,,,,,
,,,,,20211025,37,,,020,東京支店,10E200020,販売手数料,,,1143000,31,,10,,,,000,共通部門,204,未払金,,,1143000,00,,,,,,業務委託費,,,,,,,
,,,,,20211025,74,,,050,九州営業所,10E201120,車両費,,,4351,31,,10,,,,000,共通部門,100,現金,,,4351,00,,,,,,ガソリン代,,,,,,,
,,,,,20211025,74,,,050,九州営業所,10E201120,車両費,,,572,31,,10,,,,000,共通部門,100,現金,,,572,00,,,,,,駐車代,,,,,,,
,,,,,20211025,81,,,020,東京支店,10E200090,役員報酬,,,1121255,00,,,,,,000,共通部門,10A100020-3,普通預金,20,ABC銀行 本店,1121255,00,,,,,,10月給与その他 0001 役員,,,,,,,
,,,,,20211025,81,,,020,東京支店,10E200090,役員報酬,,,120411,00,,,,,,000,共通部門,208,預り金,1,保険料,120411,00,,,,,,10月給与その他 0001 役員,,,,,,,
,,,,,20211025,81,,,020,東京支店,10E200090,役員報酬,,,171200,00,,,,,,000,共通部門,208,預り金,2,住民税,171200,00,,,,,,10月給与その他 0001 役員,,,,,,,
,,,,,20211025,81,,,020,東京支店,10E200090,役員報酬,,,164442,00,,,,,,000,共通部門,208,預り金,3,源泉税,164442,00,,,,,,10月給与その他 0001 役員,,,,,,,
,,,,,20211025,81,,,020,東京支店,10E200090,役員報酬,,,133972,00,,,,,,000,共通部門,208,預り金,4,貯蓄・保険,133972,00,,,,,,10月給与その他 0001 役員,,,,,,,
,,,,,20211025,81,,,020,東京支店,10E200090,役員報酬,,,8720,00,,,,,,000,共通部門,208,預り金,9,その他,8720,00,,,,,,10月給与その他 0001 役員,,,,,,,
,,,,,20211025,81,,,020,東京支店,10E200370,給与手当,,,1467731,00,,,,,,000,共通部門,10A100020-3,普通預金,20,ABC銀行 本店,1467731,00,,,,,,10月給与その他 0020 営業部,,,,,,,
,,,,,20211025,81,,,020,東京支店,10E200370,給与手当,,,236045,00,,,,,,000,共通部門,208,預り金,1,保険料,236045,00,,,,,,10月給与その他 0020 営業部,,,,,,,
,,,,,20211025,81,,,020,東京支店,10E200370,給与手当,,,104300,00,,,,,,000,共通部門,208,預り金,2,住民税,104300,00,,,,,,10月給与その他 0020 営業部,,,,,,,
,,,,,20211025,81,,,020,東京支店,10E200370,給与手当,,,35510,00,,,,,,000,共通部門,208,預り金,3,源泉税,35510,00,,,,,,10月給与その他 0020 営業部,,,,,,,
,,,,,20211025,81,,,020,東京支店,10E200370,給与手当,,,43305,00,,,,,,000,共通部門,208,預り金,4,貯蓄・保険,43305,00,,,,,,10月給与その他 0020 営業部,,,,,,,
,,,,,20211025,81,,,020,東京支店,10E200370,給与手当,,,63501,00,,,,,,000,共通部門,208,預り金,9,その他,63501,00,,,,,,10月給与その他 0020 営業部,,,,,,,
,,,,,20211025,81,,,010,札幌営業所,10E200370,給与手当,,,623941,00,,,,,,000,共通部門,10A100020-3,普通預金,20,ABC銀行 本店,623941,00,,,,,,10月給与その他 1000 札幌営業所,,,,,,,
,,,,,20211025,81,,,010,札幌営業所,10E200370,給与手当,,,103424,00,,,,,,000,共通部門,208,預り金,1,保険料,103424,00,,,,,,10月給与その他 1000 札幌営業所,,,,,,,
,,,,,20211025,81,,,010,札幌営業所,10E200370,給与手当,,,46300,00,,,,,,000,共通部門,208,預り金,2,住民税,46300,00,,,,,,10月給与その他 1000 札幌営業所,,,,,,,
,,,,,20211025,81,,,010,札幌営業所,10E200370,給与手当,,,14280,00,,,,,,000,共通部門,208,預り金,3,源泉税,14280,00,,,,,,10月給与その他 1000 札幌営業所,,,,,,,
,,,,,20211025,81,,,010,札幌営業所,10E200370,給与手当,,,50648,00,,,,,,000,共通部門,208,預り金,4,貯蓄・保険,50648,00,,,,,,10月給与その他 1000 札幌営業所,,,,,,,
,,,,,20211025,81,,,010,札幌営業所,10E200370,給与手当,,,35443,00,,,,,,000,共通部門,208,預り金,9,その他,35443,00,,,,,,10月給与その他 1000 札幌営業所,,,,,,,
,,,,,20211025,81,,,030,名古屋支店,10E200370,給与手当,,,562876,00,,,,,,000,共通部門,10A100020-3,普通預金,20,ABC銀行 本店,562876,00,,,,,,10月給与その他 3000 名古屋営業所,,,,,,,
,,,,,20211025,81,,,030,名古屋支店,10E200370,給与手当,,,96352,00,,,,,,000,共通部門,208,預り金,1,保険料,96352,00,,,,,,10月給与その他 3000 名古屋営業所,,,,,,,
,,,,,20211025,81,,,030,名古屋支店,10E200370,給与手当,,,42600,00,,,,,,000,共通部門,208,預り金,2,住民税,42600,00,,,,,,10月給与その他 3000 名古屋営業所,,,,,,,
,,,,,20211025,81,,,030,名古屋支店,10E200370,給与手当,,,8130,00,,,,,,000,共通部門,208,預り金,3,源泉税,8130,00,,,,,,10月給与その他 3000 名古屋営業所,,,,,,,
,,,,,20211025,81,,,030,名古屋支店,10E200370,給与手当,,,40759,00,,,,,,000,共通部門,208,預り金,4,貯蓄・保険,40759,00,,,,,,10月給与その他 3000 名古屋営業所,,,,,,,
,,,,,20211025,81,,,030,名古屋支店,10E200370,給与手当,,,36723,00,,,,,,000,共通部門,208,預り金,9,その他,36723,00,,,,,,10月給与その他 3000 名古屋営業所,,,,,,,
,,,,,20211025,81,,,040,大阪支店,10E200370,給与手当,,,774703,00,,,,,,000,共通部門,10A100020-3,普通預金,20,ABC銀行 本店,774703,00,,,,,,10月給与その他 4000 大阪支店,,,,,,,
,,,,,20211025,81,,,040,大阪支店,10E200370,給与手当,,,128755,00,,,,,,000,共通部門,208,預り金,1,保険料,128755,00,,,,,,10月給与その他 4000 大阪支店,,,,,,,
,,,,,20211025,81,,,040,大阪支店,10E200370,給与手当,,,53400,00,,,,,,000,共通部門,208,預り金,2,住民税,53400,00,,,,,,10月給与その他 4000 大阪支店,,,,,,,
,,,,,20211025,81,,,040,大阪支店,10E200370,給与手当,,,17030,00,,,,,,000,共通部門,208,預り金,3,源泉税,17030,00,,,,,,10月給与その他 4000 大阪支店,,,,,,,
,,,,,20211025,81,,,040,大阪支店,10E200370,給与手当,,,13570,00,,,,,,000,共通部門,208,預り金,4,貯蓄・保険,13570,00,,,,,,10月給与その他 4000 大阪支店,,,,,,,
,,,,,20211025,81,,,040,大阪支店,10E200370,給与手当,,,19642,00,,,,,,000,共通部門,208,預り金,9,その他,19642,00,,,,,,10月給与その他 4000 大阪支店,,,,,,,
,,,,,20211025,81,,,050,九州営業所,10E200370,給与手当,,,467419,00,,,,,,000,共通部門,10A100020-3,普通預金,20,ABC銀行 本店,467419,00,,,,,,10月給与その他 5000 九州営業所,,,,,,,
,,,,,20211025,81,,,050,九州営業所,10E200370,給与手当,,,67268,00,,,,,,000,共通部門,208,預り金,1,保険料,67268,00,,,,,,10月給与その他 5000 九州営業所,,,,,,,
,,,,,20211025,81,,,050,九州営業所,10E200370,給与手当,,,31700,00,,,,,,000,共通部門,208,預り金,2,住民税,31700,00,,,,,,10月給与その他 5000 九州営業所,,,,,,,
,,,,,20211025,81,,,050,九州営業所,10E200370,給与手当,,,8910,00,,,,,,000,共通部門,208,預り金,3,源泉税,8910,00,,,,,,10月給与その他 5000 九州営業所,,,,,,,
,,,,,20211025,81,,,050,九州営業所,10E200370,給与手当,,,18540,00,,,,,,000,共通部門,208,預り金,4,貯蓄・保険,18540,00,,,,,,10月給与その他 5000 九州営業所,,,,,,,
,,,,,20211025,81,,,050,九州営業所,10E200370,給与手当,,,17668,00,,,,,,000,共通部門,208,預り金,9,その他,17668,00,,,,,,10月給与その他 5000 九州営業所,,,,,,,
,,,,,20211025,92,,,050,九州営業所,10E201000,修繕維持費,,,18000,31,,10,,,,000,共通部門,204,未払金,,,18000,00,,,,,,コピー機修繕,,,,,,,
,,,,,20211025,105,,,000,共通部門,130,受取手形,,,16028828,00,,,,,,000,共通部門,131,売掛金,2,株式会社桜丘百貨店,16028828,00,,,,,,10月25日伝票No336株式会社桜丘百貨店 | 売上伝票=20210930-118;手形番号=R20211025-105-2,,,,,,,
,,,,,20211025,106,,,000,共通部門,10A100020-3,普通預金,30,GHI銀行 名古屋,1208865,00,,,,,,000,共通部門,131,売掛金,7,株式会社光彩堂商事,1208865,00,,,,,,10月25日伝票No337株式会社光彩堂商事,,,,,,,
,,,,,20211025,106,,,030,名古屋支店,512,支払手数料,,,735,31,,10,,,,000,共通部門,131,売掛金,7,株式会社光彩堂商事,735,00,,,,,,10月25日伝票No337株式会社光彩堂商事,,,,,,,
,,,,,20211025,107,,,000,共通部門,10A100020-3,普通預金,40,JKL銀行 梅田,541606,00,,,,,,000,共通部門,131,売掛金,23,株式会社杉の木商店,541606,00,,,,,,10月25日伝票No338株式会社杉の木商店,,,,,,,
,,,,,20211025,107,,,040,大阪支店,512,支払手数料,,,630,31,,10,,,,000,共通部門,131,売掛金,23,株式会社杉の木商店,630,00,,,,,,10月25日伝票No338株式会社杉の木商店,,,,,,,
,,,,,20211025,108,,,000,共通部門,10A100020-3,普通預金,10,DEF銀行 駅前,4530440,00,,,,,,000,共通部門,131,売掛金,25,株式会社ほのかマート,4530440,00,,,,,,10月25日伝票No339株式会社ほのかマート,,,,,,,
,,,,,20211025,108,,,010,札幌営業所,512,支払手数料,,,840,31,,10,,,,000,共通部門,131,売掛金,25,株式会社ほのかマート,840,00,,,,,,10月25日伝票No339株式会社ほのかマート,,,,,,,
,,,,,20211025,111,,,040,大阪支店,522,旅費・交通費,,,13500,31,,10,,,,000,共通部門,204,未払金,,,13500,00,,,,,,タクシー代,,,,,,,
,,,,,20211025,170,,,050,九州営業所,10E201160,新聞図書費,,,3007,31,,10,,,,000,共通部門,100,現金,,,3007,00,,,,,,新聞代,,,,,,,
,,,,,20211025,171,,,050,九州営業所,523,通信費,,,42103,31,,10,,,,000,共通部門,10A100020-3,普通預金,50,MNO銀行 北九州,42103,00,,,,,,携帯代,,,,,,,
,,,,,20211025,173,,,050,九州営業所,526,租税公課,,,10000,00,,,,,,000,共通部門,100,現金,,,10000,00,,,,,,収入印紙代,,,,,,,
,,,,,20211026,27,,,010,札幌営業所,522,旅費・交通費,,,26172,31,,10,,,,000,共通部門,100,現金,,,26172,00,,,,,,旅費,,,,,,,
,,,,,20211026,27,,,010,札幌営業所,522,旅費・交通費,,,34000,31,,10,,,,000,共通部門,100,現金,,,34000,00,,,,,,旅費,,,,,,,
,,,,,20211026,27,,,010,札幌営業所,522,旅費・交通費,,,24464,31,,10,,,,000,共通部門,100,現金,,,24464,00,,,,,,旅費,,,,,,,
,,,,,20211026,38,,,020,東京支店,10E200140,福利厚生費,,,42640,31,,10,,,,000,共通部門,204,未払金,,,42640,00,,,,,,宿泊費,,,,,,,
,,,,,20211026,62,,,020,東京支店,523,通信費,,,73914,31,,10,,,,000,共通部門,10A100020-3,普通預金,20,ABC銀行 本店,73914,00,,,,,,携帯代,,,,,,,
,,,,,20211026,78,,,030,名古屋支店,10E200020,販売手数料,,,189000,31,,10,,,,000,共通部門,204,未払金,,,189000,00,,,,,,業務委託費支払い,,,,,,,
,,,,,20211026,120,,,040,大阪支店,10E200020,販売手数料,,,630000,31,,10,,,,000,共通部門,204,未払金,,,630000,00,,,,,,業務委託費,,,,,,,
,,,,,20211026,131,,,040,大阪支店,10E201140,諸会費,,,24000,00,,,,,,000,共通部門,10A100020-3,普通預金,40,JKL銀行 梅田,24000,00,,,,,,会費,,,,,,,
,,,,,20211026,172,,,010,札幌営業所,10E200020,販売手数料,,,118000,31,,10,,,,000,共通部門,204,未払金,,,118000,00,,,,,,業務委託費支払い,,,,,,,
,,,,,20211027,14,,,010,札幌営業所,10E201120,車両費,,,3000,31,,10,,,,000,共通部門,100,現金,,,3000,00,,,,,,ガソリン代,,,,,,,
,,,,,20211027,30,,,010,札幌営業所,531,保険料,,,54320,30,,,,,,000,共通部門,10A100020-3,普通預金,10,DEF銀行 駅前,54320,00,,,,,,保険料支払,,,,,,,
,,,,,20211027,39,,,020,東京支店,10E200140,福利厚生費,,,9000,31,,10,,,,000,共通部門,100,現金,,,9000,00,,,,,,会費,,,,,,,
,,,,,20211027,83,,,030,名古屋支店,10E201120,車両費,,,51200,31,,10,,,,000,共通部門,100,現金,,,51200,00,,,,,,車両管理費,,,,,,,
,,,,,20211027,87,,,030,名古屋支店,523,通信費,,,29633,31,,10,,,,000,共通部門,10A100020-3,普通預金,30,GHI銀行 名古屋,29633,00,,,,,,携帯代,,,,,,,
,,,,,20211027,88,,,030,名古屋支店,10E201160,新聞図書費,,,3568,31,,10,,,,000,共通部門,100,現金,,,3568,00,,,,,,新聞代,,,,,,,
,,,,,20211027,113,,,040,大阪支店,523,通信費,,,88157,31,,10,,,,000,共通部門,10A100020-3,普通預金,40,JKL銀行 梅田,88157,00,,,,,,携帯代,,,,,,,
,,,,,20211028,15,,,010,札幌営業所,10E201120,車両費,,,800,31,,10,,,,000,共通部門,100,現金,,,800,00,,,,,,駐車代,,,,,,,
,,,,,20211028,59,,,020,東京支店,522,旅費・交通費,,,48900,31,,10,,,,000,共通部門,100,現金,,,48900,00,,,,,,旅費,,,,,,,
,,,,,20211028,93,,,020,東京支店,10E201000,修繕維持費,,,17850,31,,10,,,,000,共通部門,204,未払金,,,17850,00,,,,,,修繕費,,,,,,,
,,,,,20211028,114,,,040,大阪支店,10E201160,新聞図書費,,,2540,31,,10,,,,000,共通部門,100,現金,,,2540,00,,,,,,新聞代,,,,,,,
,,,,,20211028,114,,,040,大阪支店,10E201160,新聞図書費,,,2864,31,,10,,,,000,共通部門,100,現金,,,2864,00,,,,,,新聞代,,,,,,,
,,,,,20211029,72,,,020,東京支店,10E201160,新聞図書費,,,2864,31,,10,,,,000,共通部門,100,現金,,,2864,00,,,,,,新聞代,,,,,,,
,,,,,20211029,72,,,020,東京支店,10E201160,新聞図書費,,,2815,31,,10,,,,000,共通部門,100,現金,,,2815,00,,,,,,新聞代,,,,,,,
,,,,,20211029,72,,,020,東京支店,10E201160,新聞図書費,,,3399,31,,10,,,,000,共通部門,100,現金,,,3399,00,,,,,,新聞代,,,,,,,
,,,,,20211029,109,,,040,大阪支店,10E201120,車両費,,,61694,31,,10,,,,000,共通部門,204,未払金,,,61694,00,,,,,,ガソリン代,,,,,,,
,,,,,20211030,13,,,010,札幌営業所,10E201120,車両費,,,13000,31,,10,,,,000,共通部門,100,現金,,,13000,00,,,,,,ガソリン代,,,,,,,
,,,,,20211030,55,,,020,東京支店,10E201120,車両費,,,23810,31,,10,,,,000,共通部門,100,現金,,,23810,00,,,,,,車両管理費,,,,,,,
,,,,,20211030,55,,,020,東京支店,10E201120,車両費,,,7667,31,,10,,,,000,共通部門,100,現金,,,7667,00,,,,,,高速代,,,,,,,
,,,,,20211030,70,,,020,東京支店,10E201270,雑費,,,6000,31,,10,,,,000,共通部門,204,未払金,,,6000,00,,,,,,有線,,,,,,,
,,,,,20211030,70,,,020,東京支店,10E201270,雑費,,,52381,31,,10,,,,000,共通部門,204,未払金,,,52381,00,,,,,,警備料,,,,,,,
,,,,,20211030,70,,,020,東京支店,10E201120,車両費,,,75000,31,,10,,,,000,共通部門,10A100020-3,普通預金,20,ABC銀行 本店,75000,00,,,,,,高速代,,,,,,,
,,,,,20211030,70,,,020,東京支店,10E201270,雑費,,,73500,31,,10,,,,000,共通部門,204,未払金,,,73500,00,,,,,,清掃料,,,,,,,
,,,,,20211030,73,,,020,東京支店,521,接待交際費,,,1260,31,,10,,,,000,共通部門,100,現金,,,1260,00,,,,,,コーヒー代2名,,,,,,,
,,,,,20211030,96,,,030,名古屋支店,10E201270,雑費,,,22470,31,,10,,,,000,共通部門,10A100020-3,普通預金,30,GHI銀行 名古屋,22470,00,,,,,,警備料,,,,,,,
,,,,,20211030,100,,,040,大阪支店,10E200140,福利厚生費,,,6000,31,,10,,,,000,共通部門,100,現金,,,6000,00,,,,,,会費,,,,,,,
,,,,,20211030,115,,,040,大阪支店,531,保険料,,,64500,30,,,,,,000,共通部門,10A100020-3,普通預金,40,JKL銀行 梅田,64500,00,,,,,,保険料,,,,,,,
,,,,,20211030,139,,,000,共通部門,10A100020-3,普通預金,20,ABC銀行 本店,5000000,00,,,,,,000,共通部門,10A100020-3,普通預金,10,DEF銀行 駅前,5000000,00,,,,,,資金移動,,,,,,,
,,,,,20211030,139,,,000,共通部門,10A100020-3,普通預金,20,ABC銀行 本店,3000000,00,,,,,,000,共通部門,10A100020-3,普通預金,30,GHI銀行 名古屋,3000000,00,,,,,,資金移動,,,,,,,
,,,,,20211030,139,,,000,共通部門,10A100020-3,普通預金,20,ABC銀行 本店,3500000,00,,,,,,000,共通部門,10A100020-3,普通預金,40,JKL銀行 梅田,3500000,00,,,,,,資金移動,,,,,,,
,,,,,20211030,139,,,000,共通部門,10A100020-3,普通預金,20,ABC銀行 本店,1500000,00,,,,,,000,共通部門,10A100020-3,普通預金,50,MNO銀行 北九州,1500000,00,,,,,,資金移動,,,,,,,
,,,,,20211031,1,,,010,札幌営業所,10E200870,運賃,,,214990,31,,10,,,,000,共通部門,204,未払金,,,214990,00,,,,,,運賃 架空運送会社B,,,,,,,
,,,,,20211031,36,,,020,東京支店,10E200870,運賃,,,1633000,31,,10,,,,000,共通部門,204,未払金,,,1633000,00,,,,,,運賃 架空運送会社A,,,,,,,
,,,,,20211031,36,,,020,東京支店,10E200870,運賃,,,922305,31,,10,,,,000,共通部門,204,未払金,,,922305,00,,,,,,運賃 架空運送会社B,,,,,,,
,,,,,20211031,40,,,020,東京支店,10E200050,広告宣伝費,,,50000,31,,10,,,,000,共通部門,204,未払金,,,50000,00,,,,,,広告掲載,,,,,,,
,,,,,20211031,49,,,020,東京支店,10E201120,車両費,,,163470,31,,10,,,,000,共通部門,100,現金,,,163470,00,,,,,,ガソリン代,,,,,,,
,,,,,20211031,63,,,020,東京支店,531,保険料,,,81000,30,,,,,,000,共通部門,10A100020-3,普通預金,20,ABC銀行 本店,81000,00,,,,,,保険料,,,,,,,
,,,,,20211031,66,,,020,東京支店,10E200730,リース料,,,209850,31,,10,,,,000,共通部門,10A100020-3,普通預金,20,ABC銀行 本店,209850,00,,,,,,リース料,,,,,,,
,,,,,20211031,67,,,020,東京支店,10E201140,諸会費,,,30000,00,,,,,,000,共通部門,100,現金,,,30000,00,,,,,,会費支払い,,,,,,,
,,,,,20211031,70,,,030,名古屋支店,531,保険料,,,62000,30,,,,,,000,共通部門,10A100020-3,普通預金,30,GHI銀行 名古屋,62000,00,,,,,,保険料,,,,,,,
,,,,,20211031,71,,,050,九州営業所,531,保険料,,,57000,30,,,,,,000,共通部門,10A100020-3,普通預金,50,MNO銀行 北九州,57000,00,,,,,,保険料支払い,,,,,,,
,,,,,20211031,77,,,030,名古屋支店,10E200870,運賃,,,172850,31,,10,,,,000,共通部門,204,未払金,,,172850,00,,,,,,運賃,,,,,,,
,,,,,20211031,80,,,010,札幌営業所,525,消耗品費,,,27000,00,,,,,,000,共通部門,525,消耗品費,,,27000,00,,,,,,消耗品費　部門配賦,,,,,,,
,,,,,20211031,80,,,020,東京支店,525,消耗品費,,,117824,00,,,,,,000,共通部門,525,消耗品費,,,117824,00,,,,,,消耗品費　部門配賦,,,,,,,
,,,,,20211031,80,,,030,名古屋支店,525,消耗品費,,,24546,00,,,,,,000,共通部門,525,消耗品費,,,24546,00,,,,,,消耗品費　部門配賦,,,,,,,
,,,,,20211031,80,,,040,大阪支店,525,消耗品費,,,58910,00,,,,,,000,共通部門,525,消耗品費,,,58910,00,,,,,,消耗品費　部門配賦,,,,,,,
,,,,,20211031,80,,,050,九州営業所,525,消耗品費,,,17182,00,,,,,,000,共通部門,525,消耗品費,,,17182,00,,,,,,消耗品費　部門配賦,,,,,,,
,,,,,20211031,81,,,030,名古屋支店,10E200140,福利厚生費,,,20500,31,,10,,,,000,共通部門,204,未払金,,,20500,00,,,,,,お茶代,,,,,,,
,,,,,20211031,82,,,000,共通部門,204,未払金,,,6788142,00,,,,,,000,共通部門,10A100020-3,普通預金,20,ABC銀行 本店,6788142,00,,,,,,9月分支払,,,,,,,
,,,,,20211031,99,,,040,大阪支店,10E200870,運賃,,,714120,31,,10,,,,000,共通部門,204,未払金,,,714120,00,,,,,,運賃,,,,,,,
,,,,,20211031,109,,,000,共通部門,131,売掛金,25,株式会社ほのかマート,4489738,00,,,,,,010,札幌営業所,10D100100,売上高,,,4489738,01,,10,,,,10月1日～10月31日分売上,,,,,,,
,,,,,20211031,109,,,000,共通部門,131,売掛金,5,東雲商会株式会社,1281568,00,,,,,,010,札幌営業所,10D100100,売上高,,,1281568,01,,10,,,,10月1日～10月31日分売上,,,,,,,
,,,,,20211031,109,,,000,共通部門,131,売掛金,14,株式会社花咲商事,1444608,00,,,,,,010,札幌営業所,10D100100,売上高,,,1444608,01,,10,,,,10月1日～10月31日分売上,,,,,,,
,,,,,20211031,110,,,000,共通部門,131,売掛金,2,株式会社桜丘百貨店,14382264,00,,,,,,020,東京支店,10D100100,売上高,,,14382264,01,,10,,,,10月1日～10月31日分売上,,,,,,,
,,,,,20211031,110,,,000,共通部門,131,売掛金,26,若松販売株式会社,1018824,00,,,,,,020,東京支店,10D100100,売上高,,,1018824,01,,10,,,,10月1日～10月31日分売上,,,,,,,
,,,,,20211031,110,,,000,共通部門,131,売掛金,12,株式会社緑野百貨店,10808171,00,,,,,,020,東京支店,10D100100,売上高,,,10808171,01,,10,,,,10月1日～10月31日分売上,,,,,,,
,,,,,20211031,110,,,000,共通部門,131,売掛金,11,株式会社楓屋,543350,00,,,,,,020,東京支店,10D100100,売上高,,,543350,01,,10,,,,10月1日～10月31日分売上,,,,,,,
,,,,,20211031,110,,,000,共通部門,131,売掛金,13,星川商事株式会社,730040,00,,,,,,020,東京支店,10D100100,売上高,,,730040,01,,10,,,,10月1日～10月31日分売上,,,,,,,
,,,,,20211031,110,,,000,共通部門,131,売掛金,14,株式会社花咲商事,1675244,00,,,,,,020,東京支店,10D100100,売上高,,,1675244,01,,10,,,,10月1日～10月31日分売上,,,,,,,
,,,,,20211031,110,,,000,共通部門,131,売掛金,10,合同会社こもれび商事,203996,00,,,,,,020,東京支店,10D100100,売上高,,,203996,01,,10,,,,10月1日～10月31日分売上,,,,,,,
,,,,,20211031,110,,,000,共通部門,131,売掛金,30,株式会社彩雲トレーディング,1390498,00,,,,,,020,東京支店,10D100100,売上高,,,1390498,01,,10,,,,10月1日～10月31日分売上,,,,,,,
,,,,,20211031,110,,,000,共通部門,131,売掛金,24,白峰商事株式会社,497872,00,,,,,,020,東京支店,10D100100,売上高,,,497872,01,,10,,,,10月1日～10月31日分売上,,,,,,,
,,,,,20211031,111,,,000,共通部門,131,売掛金,27,晴海物産株式会社,814613,00,,,,,,030,名古屋支店,10D100100,売上高,,,814613,01,,10,,,,10月1日～10月31日分売上,,,,,,,
,,,,,20211031,111,,,000,共通部門,131,売掛金,6,株式会社瑞穂流通,1269677,00,,,,,,030,名古屋支店,10D100100,売上高,,,1269677,01,,10,,,,10月1日～10月31日分売上,,,,,,,
,,,,,20211031,111,,,000,共通部門,131,売掛金,7,株式会社光彩堂商事,1134104,00,,,,,,030,名古屋支店,10D100100,売上高,,,1134104,01,,10,,,,10月1日～10月31日分売上,,,,,,,
,,,,,20211031,111,,,000,共通部門,131,売掛金,14,株式会社花咲商事,1680864,00,,,,,,030,名古屋支店,10D100100,売上高,,,1680864,01,,10,,,,10月1日～10月31日分売上,,,,,,,
,,,,,20211031,111,,,000,共通部門,131,売掛金,21,合同会社つばさ商店,475740,00,,,,,,030,名古屋支店,10D100100,売上高,,,475740,01,,10,,,,10月1日～10月31日分売上,,,,,,,
,,,,,20211031,111,,,000,共通部門,131,売掛金,19,株式会社南風商会,590832,00,,,,,,030,名古屋支店,10D100100,売上高,,,590832,01,,10,,,,10月1日～10月31日分売上,,,,,,,
,,,,,20211031,112,,,000,共通部門,208,預り金,1,保険料,710925,00,,,,,,000,共通部門,10A100020-3,普通預金,20,ABC銀行 本店,710925,00,,,,,,保険料預かり分,,,,,,,
,,,,,20211031,112,,,020,東京支店,10E200540,法定福利費,,,112236,30,,,,,,000,共通部門,10A100020-3,普通預金,20,ABC銀行 本店,112236,00,,,,,,保険料　事業主負担分,,,,,,,
,,,,,20211031,112,,,020,東京支店,10E200540,法定福利費,,,219315,30,,,,,,000,共通部門,10A100020-3,普通預金,20,ABC銀行 本店,219315,00,,,,,,保険料　事業主負担分,,,,,,,
,,,,,20211031,112,,,010,札幌営業所,10E200540,法定福利費,,,96280,30,,,,,,000,共通部門,10A100020-3,普通預金,20,ABC銀行 本店,96280,00,,,,,,保険料　事業主負担分,,,,,,,
,,,,,20211031,112,,,030,名古屋支店,10E200540,法定福利費,,,94031,30,,,,,,000,共通部門,10A100020-3,普通預金,20,ABC銀行 本店,94031,00,,,,,,保険料　事業主負担分,,,,,,,
,,,,,20211031,112,,,040,大阪支店,10E200540,法定福利費,,,121795,30,,,,,,000,共通部門,10A100020-3,普通預金,20,ABC銀行 本店,121795,00,,,,,,保険料　事業主負担分,,,,,,,
,,,,,20211031,112,,,050,九州営業所,10E200540,法定福利費,,,67268,30,,,,,,000,共通部門,10A100020-3,普通預金,20,ABC銀行 本店,67268,00,,,,,,保険料　事業主負担分,,,,,,,
,,,,,20211031,112,,,020,東京支店,10E200540,法定福利費,,,11056,30,,,,,,000,共通部門,10A100020-3,普通預金,20,ABC銀行 本店,11056,00,,,,,,児童拠出金　事業主負担分,,,,,,,
,,,,,20211031,112,,,000,共通部門,131,売掛金,28,株式会社青葉百貨店,6921367,00,,,,,,040,大阪支店,10D100100,売上高,,,6921367,01,,10,,,,10月1日～10月31日分売上,,,,,,,
,,,,,20211031,112,,,000,共通部門,131,売掛金,23,株式会社杉の木商店,482504,00,,,,,,040,大阪支店,10D100100,売上高,,,482504,01,,10,,,,10月1日～10月31日分売上,,,,,,,
,,,,,20211031,112,,,000,共通部門,131,売掛金,14,株式会社花咲商事,2247210,00,,,,,,040,大阪支店,10D100100,売上高,,,2247210,01,,10,,,,10月1日～10月31日分売上,,,,,,,
,,,,,20211031,112,,,000,共通部門,131,売掛金,20,清和商事株式会社,1254356,00,,,,,,040,大阪支店,10D100100,売上高,,,1254356,01,,10,,,,10月1日～10月31日分売上,,,,,,,
,,,,,20211031,112,,,000,共通部門,131,売掛金,4,株式会社ひなたマート,1087224,00,,,,,,040,大阪支店,10D100100,売上高,,,1087224,01,,10,,,,10月1日～10月31日分売上,,,,,,,
,,,,,20211031,112,,,000,共通部門,131,売掛金,8,株式会社高原マーケット,398115,00,,,,,,040,大阪支店,10D100100,売上高,,,398115,01,,10,,,,10月1日～10月31日分売上,,,,,,,
,,,,,20211031,112,,,000,共通部門,131,売掛金,9,朝凪物産株式会社,798840,00,,,,,,040,大阪支店,10D100100,売上高,,,798840,01,,10,,,,10月1日～10月31日分売上,,,,,,,
,,,,,20211031,112,,,000,共通部門,131,売掛金,3,青凪商事株式会社,509535,00,,,,,,040,大阪支店,10D100100,売上高,,,509535,01,,10,,,,10月1日～10月31日分売上,,,,,,,
,,,,,20211031,113,,,000,共通部門,131,売掛金,29,株式会社小春サービス,708660,00,,,,,,050,九州営業所,10D100100,売上高,,,708660,01,,10,,,,10月1日～10月31日分売上,,,,,,,
,,,,,20211031,113,,,000,共通部門,131,売掛金,22,株式会社豊原産業,923680,00,,,,,,050,九州営業所,10D100100,売上高,,,923680,01,,10,,,,10月1日～10月31日分売上,,,,,,,
,,,,,20211031,113,,,000,共通部門,131,売掛金,1,株式会社若葉百貨店,1023604,00,,,,,,050,九州営業所,10D100100,売上高,,,1023604,01,,10,,,,10月1日～10月31日分売上,,,,,,,
,,,,,20211031,113,,,000,共通部門,131,売掛金,14,株式会社花咲商事,777184,00,,,,,,050,九州営業所,10D100100,売上高,,,777184,01,,10,,,,10月1日～10月31日分売上,,,,,,,
,,,,,20211031,114,,,000,共通部門,10A100020-3,普通預金,40,JKL銀行 梅田,703128,00,,,,,,000,共通部門,131,売掛金,4,株式会社ひなたマート,703128,00,,,,,,10月31日伝票No340株式会社ひなたマート,,,,,,,
,,,,,20211031,114,,,040,大阪支店,512,支払手数料,,,840,31,,10,,,,000,共通部門,131,売掛金,4,株式会社ひなたマート,840,00,,,,,,10月31日伝票No340株式会社ひなたマート,,,,,,,
,,,,,20211031,115,,,000,共通部門,10A100020-3,普通預金,10,DEF銀行 駅前,1128760,00,,,,,,000,共通部門,131,売掛金,5,東雲商会株式会社,1128760,00,,,,,,10月31日伝票No341東雲商会株式会社,,,,,,,
,,,,,20211031,115,,,010,札幌営業所,512,支払手数料,,,840,31,,10,,,,000,共通部門,131,売掛金,5,東雲商会株式会社,840,00,,,,,,10月31日伝票No341東雲商会株式会社,,,,,,,
,,,,,20211031,116,,,000,共通部門,130,受取手形,,,9607109,00,,,,,,000,共通部門,131,売掛金,12,株式会社緑野百貨店,9607109,00,,,,,,10月31日伝票No342株式会社緑野百貨店 | 売上伝票=20210930-118;手形番号=R20211031-116-12,,,,,,,
,,,,,20211031,116,,,040,大阪支店,10E200730,リース料,,,84000,31,,10,,,,000,共通部門,10A100020-3,普通預金,40,JKL銀行 梅田,84000,00,,,,,,リース料,,,,,,,
,,,,,20211031,117,,,000,共通部門,10A100020-3,普通預金,20,ABC銀行 本店,669734,00,,,,,,000,共通部門,131,売掛金,24,白峰商事株式会社,669734,00,,,,,,10月31日伝票No343白峰商事株式会社,,,,,,,
,,,,,20211031,117,,,020,東京支店,512,支払手数料,,,630,31,,10,,,,000,共通部門,131,売掛金,24,白峰商事株式会社,630,00,,,,,,10月31日伝票No343白峰商事株式会社,,,,,,,
,,,,,20211031,118,,,000,共通部門,10A100020-3,普通預金,50,MNO銀行 北九州,496770,00,,,,,,000,共通部門,131,売掛金,29,株式会社小春サービス,496770,00,,,,,,10月31日伝票No344株式会社小春サービス,,,,,,,
,,,,,20211031,118,,,050,九州営業所,512,支払手数料,,,210,31,,10,,,,000,共通部門,131,売掛金,29,株式会社小春サービス,210,00,,,,,,10月31日伝票No344株式会社小春サービス,,,,,,,
,,,,,20211031,119,,,000,共通部門,100,現金,,,342468,00,,,,,,000,共通部門,131,売掛金,10,合同会社こもれび商事,342468,00,,,,,,10月31日伝票No456合同会社こもれび商事,,,,,,,
,,,,,20211031,120,,,010,札幌営業所,461,仕入高,,,50400,31,,10,,,,000,共通部門,201,買掛金,8,株式会社白樺商事,50400,00,,,,,,10月1日～10月31日分仕入,,,,,,,
,,,,,20211031,120,,,010,札幌営業所,461,仕入高,,,119070,31,,10,,,,000,共通部門,201,買掛金,2,株式会社双葉物産,119070,00,,,,,,10月1日～10月31日分仕入,,,,,,,
,,,,,20211031,121,,,020,東京支店,461,仕入高,,,343980,31,,10,,,,000,共通部門,201,買掛金,12,株式会社泉川商事,343980,00,,,,,,10月1日～10月31日分仕入,,,,,,,
,,,,,20211031,121,,,020,東京支店,461,仕入高,,,6139437,31,,10,,,,000,共通部門,201,買掛金,1,株式会社北辰商事,6139437,00,,,,,,10月1日～10月31日分仕入,,,,,,,
,,,,,20211031,121,,,020,東京支店,461,仕入高,,,4492889,31,,10,,,,000,共通部門,201,買掛金,11,株式会社花園商会,4492889,00,,,,,,10月1日～10月31日分仕入,,,,,,,
,,,,,20211031,121,,,020,東京支店,461,仕入高,,,3016650,31,,10,,,,000,共通部門,201,買掛金,14,合同会社あかね商会,3016650,00,,,,,,10月1日～10月31日分仕入,,,,,,,
,,,,,20211031,121,,,020,東京支店,461,仕入高,,,3323313,31,,10,,,,000,共通部門,201,買掛金,3,青凪商事株式会社,3323313,00,,,,,,10月1日～10月31日分仕入,,,,,,,
,,,,,20211031,121,,,020,東京支店,461,仕入高,,,912870,31,,10,,,,000,共通部門,201,買掛金,2,株式会社双葉物産,912870,00,,,,,,10月1日～10月31日分仕入,,,,,,,
,,,,,20211031,121,,,020,東京支店,461,仕入高,,,1345680,31,,10,,,,000,共通部門,201,買掛金,13,朝日野産業株式会社,1345680,00,,,,,,10月1日～10月31日分仕入,,,,,,,
,,,,,20211031,121,,,020,東京支店,461,仕入高,,,226800,31,,10,,,,000,共通部門,201,買掛金,8,株式会社白樺商事,226800,00,,,,,,10月1日～10月31日分仕入,,,,,,,
,,,,,20211031,122,,,030,名古屋支店,461,仕入高,,,3715740,31,,10,,,,000,共通部門,201,買掛金,7,株式会社夕凪商会,3715740,00,,,,,,10月1日～10月31日分仕入,,,,,,,
,,,,,20211031,122,,,030,名古屋支店,461,仕入高,,,1859340,31,,10,,,,000,共通部門,201,買掛金,9,東原産業株式会社,1859340,00,,,,,,10月1日～10月31日分仕入,,,,,,,
,,,,,20211031,122,,,030,名古屋支店,461,仕入高,,,1204980,31,,10,,,,000,共通部門,201,買掛金,15,株式会社麦穂商事,1204980,00,,,,,,10月1日～10月31日分仕入,,,,,,,
,,,,,20211031,122,,,030,名古屋支店,461,仕入高,,,158760,31,,10,,,,000,共通部門,201,買掛金,2,株式会社双葉物産,158760,00,,,,,,10月1日～10月31日分仕入,,,,,,,
,,,,,20211031,123,,,040,大阪支店,461,仕入高,,,3677354,31,,10,,,,000,共通部門,201,買掛金,6,株式会社日向産業,3677354,00,,,,,,10月1日～10月31日分仕入,,,,,,,
,,,,,20211031,123,,,040,大阪支店,461,仕入高,,,3215415,31,,10,,,,000,共通部門,201,買掛金,10,光野販売株式会社,3215415,00,,,,,,10月1日～10月31日分仕入,,,,,,,
,,,,,20211031,123,,,040,大阪支店,461,仕入高,,,3923430,31,,10,,,,000,共通部門,201,買掛金,5,千草商事株式会社,3923430,00,,,,,,10月1日～10月31日分仕入,,,,,,,
,,,,,20211031,123,,,040,大阪支店,461,仕入高,,,964740,31,,10,,,,000,共通部門,201,買掛金,4,株式会社和泉流通,964740,00,,,,,,10月1日～10月31日分仕入,,,,,,,
,,,,,20211031,123,,,040,大阪支店,461,仕入高,,,126000,31,,10,,,,000,共通部門,201,買掛金,8,株式会社白樺商事,126000,00,,,,,,10月1日～10月31日分仕入,,,,,,,
,,,,,20211031,123,,,040,大阪支店,461,仕入高,,,79380,31,,10,,,,000,共通部門,201,買掛金,2,株式会社双葉物産,79380,00,,,,,,10月1日～10月31日分仕入,,,,,,,
,,,,,20211031,124,,,050,九州営業所,461,仕入高,,,79380,31,,10,,,,000,共通部門,201,買掛金,2,株式会社双葉物産,79380,00,,,,,,10月1日～10月31日分仕入,,,,,,,
,,,,,20211031,124,,,050,九州営業所,461,仕入高,,,20160,31,,10,,,,000,共通部門,201,買掛金,8,株式会社白樺商事,20160,00,,,,,,10月1日～10月31日分仕入,,,,,,,
,,,,,20211031,125,,,000,共通部門,201,買掛金,2,株式会社双葉物産,1241037,00,,,,,,000,共通部門,10A100020-3,普通預金,20,ABC銀行 本店,1241037,00,,,,,,10月31日伝票No267株式会社双葉物産,,,,,,,
,,,,,20211031,126,,,000,共通部門,201,買掛金,5,千草商事株式会社,3730512,00,,,,,,000,共通部門,10B100030,支払手形,,,3730512,00,,,,,,10月31日伝票No270千草商事株式会社,,,,,,,
,,,,,20211031,127,,,000,共通部門,201,買掛金,7,株式会社夕凪商会,3447035,00,,,,,,000,共通部門,10A100020-3,普通預金,20,ABC銀行 本店,3447035,00,,,,,,10月31日伝票No272株式会社夕凪商会,,,,,,,
,,,,,20211031,128,,,000,共通部門,201,買掛金,9,東原産業株式会社,1819272,00,,,,,,000,共通部門,10B100030,支払手形,,,1819272,00,,,,,,10月31日伝票No277東原産業株式会社,,,,,,,
,,,,,20211031,129,,,000,共通部門,201,買掛金,10,光野販売株式会社,3051222,00,,,,,,000,共通部門,10B100030,支払手形,,,3051222,00,,,,,,10月31日伝票No280光野販売株式会社,,,,,,,
,,,,,20211031,130,,,000,共通部門,201,買掛金,12,株式会社泉川商事,316537,00,,,,,,000,共通部門,10A100020-3,普通預金,20,ABC銀行 本店,316537,00,,,,,,10月31日伝票No281株式会社泉川商事,,,,,,,
,,,,,20211031,131,,,000,共通部門,201,買掛金,13,朝日野産業株式会社,1317476,00,,,,,,000,共通部門,10A100020-3,普通預金,20,ABC銀行 本店,1317476,00,,,,,,10月31日伝票No283朝日野産業株式会社,,,,,,,
,,,,,20211031,132,,,000,共通部門,201,買掛金,14,合同会社あかね商会,2868702,00,,,,,,000,共通部門,10A100020-3,普通預金,20,ABC銀行 本店,2868702,00,,,,,,10月31日伝票No284合同会社あかね商会,,,,,,,
,,,,,20211031,133,,,000,共通部門,201,買掛金,15,株式会社麦穂商事,1178376,00,,,,,,000,共通部門,10A100020-3,普通預金,20,ABC銀行 本店,1178376,00,,,,,,10月31日伝票No287株式会社麦穂商事,,,,,,,
,,,,,20211031,135,,,000,共通部門,10B100030,支払手形,,,3725574,00,,,,,,000,共通部門,10A100020-2,当座預金,1,ABC銀行,3725574,00,,,,,,手形期日落日 千草商事株式会社,,,,,,,
,,,,,20211031,135,,,000,共通部門,10B100030,支払手形,,,1712425,00,,,,,,000,共通部門,10A100020-2,当座預金,1,ABC銀行,1712425,00,,,,,,手形期日落日 東原産業株式会社,,,,,,,
,,,,,20211031,135,,,000,共通部門,10B100030,支払手形,,,3060500,00,,,,,,000,共通部門,10A100020-2,当座預金,1,ABC銀行,3060500,00,,,,,,手形期日落日 光野販売株式会社,,,,,,,
,,,,,20211031,137,,,000,共通部門,10A100020-2,当座預金,1,ABC銀行,14026610,00,,,,,,000,共通部門,130,受取手形,,,14026610,00,,,,,,手形満期 株式会社桜丘百貨店 | 手形番号=R20210725-109-2;受取額に決済額を訂正,,,,,,,
,,,,,20211031,138,,,000,共通部門,10A100020-2,当座預金,1,ABC銀行,6131174,00,,,,,,000,共通部門,130,受取手形,,,6131174,00,,,,,,手形満期 株式会社青葉百貨店 | 手形番号=R20210810-88-28;受取額に決済額を訂正,,,,,,,
,,,,,20211031,140,,,000,共通部門,10A100020-3,普通預金,20,ABC銀行 本店,40000,00,,,,,,000,共通部門,10A100610,短期貸付金,,,40000,00,,,,,,貸付金返済,,,,,,,
,,,,,20211031,141,,,000,共通部門,10A100020-4,定期積金,,,500000,00,,,,,,000,共通部門,10A100020-3,普通預金,20,ABC銀行 本店,500000,00,,,,,,定期積立金,,,,,,,
,,,,,20211031,141,,,000,共通部門,10A230570,保険積立金,,,125000,00,,,,,,000,共通部門,10A100020-3,普通預金,20,ABC銀行 本店,125000,00,,,,,,保険積立金,,,,,,,
,,,,,20211031,142,,,000,共通部門,202,借入金,,,653500,00,,,,,,000,共通部門,10A100020-2,当座預金,1,ABC銀行,653500,00,,,,,,借入金返済,,,,,,,
,,,,,20211031,142,,,020,東京支店,10E300020,支払利息,,,32675,30,,,,,,000,共通部門,10A100020-2,当座預金,1,ABC銀行,32675,00,,,,,,利息,,,,,,,
,,,,,20211031,145,,,050,九州営業所,10E200870,運賃,,,152700,31,,10,,,,000,共通部門,204,未払金,,,152700,00,,,,,,運賃,,,,,,,
,,,,,20211031,990007,,,010,札幌営業所,10E200130,賞与,,,190000,00,,,,,,010,札幌営業所,10B100320,賞与引当金,,,190000,00,,,,,,サンプル定義：賞与半年均等引当 202110 部門010,,,,,,,
,,,,,20211031,990007,,,020,東京支店,10E200130,賞与,,,451667,00,,,,,,020,東京支店,10B100320,賞与引当金,,,451667,00,,,,,,サンプル定義：賞与半年均等引当 202110 部門020,,,,,,,
,,,,,20211031,990007,,,030,名古屋支店,10E200130,賞与,,,178333,00,,,,,,030,名古屋支店,10B100320,賞与引当金,,,178333,00,,,,,,サンプル定義：賞与半年均等引当 202110 部門030,,,,,,,
,,,,,20211031,990007,,,040,大阪支店,10E200130,賞与,,,216667,00,,,,,,040,大阪支店,10B100320,賞与引当金,,,216667,00,,,,,,サンプル定義：賞与半年均等引当 202110 部門040,,,,,,,
,,,,,20211031,990007,,,050,九州営業所,10E200130,賞与,,,136667,00,,,,,,050,九州営業所,10B100320,賞与引当金,,,136667,00,,,,,,サンプル定義：賞与半年均等引当 202110 部門050,,,,,,,
,,,,,20211101,18,,,010,札幌営業所,522,旅費・交通費,,,21000,31,,10,,,,000,共通部門,100,現金,,,21000,00,,,,,,旅費,,,,,,,
,,,,,20211101,75,,,050,九州営業所,10E201120,車両費,,,6151,31,,10,,,,000,共通部門,100,現金,,,6151,00,,,,,,ガソリン代,,,,,,,
,,,,,20211101,75,,,050,九州営業所,10E201120,車両費,,,475,31,,10,,,,000,共通部門,100,現金,,,475,00,,,,,,ウォッシャー液代,,,,,,,
,,,,,20211101,165,,,050,九州営業所,10E201270,雑費,,,3756,31,,10,,,,000,共通部門,100,現金,,,3756,00,,,,,,お茶代他,,,,,,,
,,,,,20211102,149,,,030,名古屋支店,521,接待交際費,,,7758,31,,10,,,,000,共通部門,100,現金,,,7758,00,,,,,,食事代 架空店舗064 2名,,,,,,,
,,,,,20211102,149,,,030,名古屋支店,521,接待交際費,,,11874,31,,10,,,,000,共通部門,100,現金,,,11874,00,,,,,,飲食代 架空店舗020,,,,,,,
,,,,,20211103,41,,,020,東京支店,521,接待交際費,,,3540,31,,10,,,,000,共通部門,100,現金,,,3540,00,,,,,,食事代 架空店舗030 2名,,,,,,,
,,,,,20211103,134,,,020,東京支店,10E201110,事務用消耗品費,,,9600,31,,10,,,,000,共通部門,100,現金,,,9600,00,,,,,,用紙,,,,,,,
,,,,,20211104,67,,,010,札幌営業所,10E201270,雑費,,,2234,31,,10,,,,000,共通部門,100,現金,,,2234,00,,,,,,お茶代他,,,,,,,
,,,,,20211104,68,,,040,大阪支店,10E201270,雑費,,,3025,31,,10,,,,000,共通部門,100,現金,,,3025,00,,,,,,ティッシュ代他,,,,,,,
,,,,,20211105,19,,,010,札幌営業所,522,旅費・交通費,,,9800,31,,10,,,,000,共通部門,100,現金,,,9800,00,,,,,,旅費,,,,,,,
,,,,,20211105,42,,,020,東京支店,521,接待交際費,,,1890,31,,10,,,,000,共通部門,100,現金,,,1890,00,,,,,,コーヒー代3名,,,,,,,
,,,,,20211105,50,,,020,東京支店,10E201120,車両費,,,3800,31,,10,,,,000,共通部門,100,現金,,,3800,00,,,,,,高速代,,,,,,,
,,,,,20211105,56,,,020,東京支店,522,旅費・交通費,,,10230,31,,10,,,,000,共通部門,100,現金,,,10230,00,,,,,,旅費,,,,,,,
,,,,,20211105,79,,,030,名古屋支店,10E200140,福利厚生費,,,29871,31,,10,,,,000,共通部門,100,現金,,,29871,00,,,,,,景品代,,,,,,,
,,,,,20211105,84,,,000,共通部門,10A100020-3,普通預金,50,MNO銀行 北九州,923208,00,,,,,,000,共通部門,131,売掛金,22,株式会社豊原産業,923208,00,,,,,,11月5日伝票No353株式会社豊原産業,,,,,,,
,,,,,20211105,84,,,050,九州営業所,512,支払手数料,,,472,31,,10,,,,000,共通部門,131,売掛金,22,株式会社豊原産業,472,00,,,,,,11月5日伝票No353株式会社豊原産業,,,,,,,
,,,,,20211105,85,,,000,共通部門,10A100020-3,普通預金,20,ABC銀行 本店,1018352,00,,,,,,000,共通部門,131,売掛金,26,若松販売株式会社,1018352,00,,,,,,11月5日伝票No354若松販売株式会社,,,,,,,
,,,,,20211105,85,,,020,東京支店,512,支払手数料,,,472,31,,10,,,,000,共通部門,131,売掛金,26,若松販売株式会社,472,00,,,,,,11月5日伝票No354若松販売株式会社,,,,,,,
,,,,,20211105,86,,,000,共通部門,10A100020-3,普通預金,30,GHI銀行 名古屋,814613,00,,,,,,000,共通部門,131,売掛金,27,晴海物産株式会社,814613,00,,,,,,11月5日伝票No355晴海物産株式会社,,,,,,,
,,,,,20211105,102,,,040,大阪支店,521,接待交際費,,,10000,31,,10,,,,000,共通部門,100,現金,,,10000,00,,,,,,香典代,,,,,,,
,,,,,20211105,133,,,020,東京支店,10E200600,支払報酬,,,139710,31,,10,,,,000,共通部門,10A100020-3,普通預金,20,ABC銀行 本店,139710,00,,,,,,税理士報酬,,,,,,,
,,,,,20211105,143,,,040,大阪支店,10E201120,車両費,,,31350,31,,10,,,,000,共通部門,100,現金,,,31350,00,,,,,,点検作業料,,,,,,,
,,,,,20211106,10,,,010,札幌営業所,10E201120,車両費,,,4224,31,,10,,,,000,共通部門,100,現金,,,4224,00,,,,,,ガソリン代,,,,,,,
,,,,,20211106,16,,,010,札幌営業所,10E201120,車両費,,,8000,31,,10,,,,000,共通部門,100,現金,,,8000,00,,,,,,スノーブレード代,,,,,,,
,,,,,20211106,110,,,040,大阪支店,522,旅費・交通費,,,2290,31,,10,,,,000,共通部門,100,現金,,,2290,00,,,,,,タクシー代,,,,,,,
,,,,,20211107,20,,,010,札幌営業所,522,旅費・交通費,,,39000,31,,10,,,,000,共通部門,100,現金,,,39000,00,,,,,,旅費,,,,,,,
,,,,,20211107,21,,,010,札幌営業所,522,旅費・交通費,,,69500,31,,10,,,,000,共通部門,100,現金,,,69500,00,,,,,,架空鉄道会社A代,,,,,,,
,,,,,20211107,22,,,010,札幌営業所,522,旅費・交通費,,,50000,31,,10,,,,000,共通部門,100,現金,,,50000,00,,,,,,旅費,,,,,,,
,,,,,20211107,58,,,020,東京支店,522,旅費・交通費,,,70000,31,,10,,,,000,共通部門,100,現金,,,70000,00,,,,,,旅費,,,,,,,
,,,,,20211108,32,,,010,札幌営業所,10E201110,事務用消耗品費,,,1580,31,,10,,,,000,共通部門,204,未払金,,,1580,00,,,,,,事務用品費,,,,,,,
,,,,,20211108,43,,,020,東京支店,521,接待交際費,,,1575,31,,10,,,,000,共通部門,100,現金,,,1575,00,,,,,,コーヒー代2名,,,,,,,
,,,,,20211108,44,,,020,東京支店,521,接待交際費,,,3150,31,,10,,,,000,共通部門,100,現金,,,3150,00,,,,,,手土産代 株式会社桜丘百貨店,,,,,,,
,,,,,20211108,78,,,030,名古屋支店,522,旅費・交通費,,,9800,31,,10,,,,000,共通部門,100,現金,,,9800,00,,,,,,架空鉄道会社A代,,,,,,,
,,,,,20211109,7,,,010,札幌営業所,521,接待交際費,,,10000,31,,10,,,,000,共通部門,100,現金,,,10000,00,,,,,,香典代,,,,,,,
,,,,,20211109,85,,,030,名古屋支店,523,通信費,,,63902,31,,10,,,,000,共通部門,10A100020-3,普通預金,30,GHI銀行 名古屋,63902,00,,,,,,電話代,,,,,,,
,,,,,20211109,139,,,040,大阪支店,10E200140,福利厚生費,,,31050,31,,10,,,,000,共通部門,204,未払金,,,31050,00,,,,,,社員夜食代,,,,,,,
,,,,,20211109,144,,,040,大阪支店,10E201120,車両費,,,6116,31,,10,,,,000,共通部門,100,現金,,,6116,00,,,,,,ガソリン代,,,,,,,
,,,,,20211109,144,,,040,大阪支店,10E201120,車両費,,,2516,31,,10,,,,000,共通部門,100,現金,,,2516,00,,,,,,駐車代,,,,,,,
,,,,,20211109,144,,,040,大阪支店,10E201120,車両費,,,5833,31,,10,,,,000,共通部門,100,現金,,,5833,00,,,,,,高速代,,,,,,,
,,,,,20211109,151,,,040,大阪支店,521,接待交際費,,,25220,31,,10,,,,000,共通部門,100,現金,,,25220,00,,,,,,飲食代 架空店舗063 6名,,,,,,,
,,,,,20211109,151,,,040,大阪支店,521,接待交際費,,,31858,31,,10,,,,000,共通部門,100,現金,,,31858,00,,,,,,飲食代 架空店舗035 6名,,,,,,,
,,,,,20211110,33,,,010,札幌営業所,528,地代・家賃,,,320000,31,,10,,,,000,共通部門,10A100020-3,普通預金,10,DEF銀行 駅前,320000,00,,,,,,家賃支払い,,,,,,,
,,,,,20211110,33,,,010,札幌営業所,523,通信費,,,116554,31,,10,,,,000,共通部門,10A100020-3,普通預金,10,DEF銀行 駅前,116554,00,,,,,,電話代,,,,,,,
,,,,,20211110,60,,,000,共通部門,100,現金,,,2000000,00,,,,,,000,共通部門,10A100020-2,当座預金,1,ABC銀行,2000000,00,,,,,,引き出し,,,,,,,
,,,,,20211110,63,,,000,共通部門,208,預り金,3,源泉税,249642,00,,,,,,000,共通部門,10A100020-3,普通預金,20,ABC銀行 本店,249642,00,,,,,,源泉税支払,,,,,,,
,,,,,20211110,63,,,000,共通部門,208,預り金,2,住民税,449500,00,,,,,,000,共通部門,10A100020-3,普通預金,20,ABC銀行 本店,449500,00,,,,,,住民税支払,,,,,,,
,,,,,20211110,65,,,040,大阪支店,528,地代・家賃,,,840000,31,,10,,,,000,共通部門,10A100020-3,普通預金,40,JKL銀行 梅田,840000,00,,,,,,家賃支払,,,,,,,
,,,,,20211110,66,,,010,札幌営業所,10E201270,雑費,,,5000,31,,10,,,,000,共通部門,204,未払金,,,5000,00,,,,,,有線,,,,,,,
,,,,,20211110,66,,,010,札幌営業所,10E201270,雑費,,,34286,31,,10,,,,000,共通部門,204,未払金,,,34286,00,,,,,,警備料,,,,,,,
,,,,,20211110,87,,,000,共通部門,201,買掛金,3,青凪商事株式会社,509535,00,,,,,,000,共通部門,131,売掛金,3,青凪商事株式会社,509535,00,,,,,,11月10日伝票No356青凪商事株式会社,,,,,,,
,,,,,20211110,88,,,000,共通部門,10A100020-3,普通預金,20,ABC銀行 本店,7824270,00,,,,,,000,共通部門,131,売掛金,14,株式会社花咲商事,7824270,00,,,,,,11月10日伝票No357株式会社花咲商事東京本社,,,,,,,
,,,,,20211110,88,,,020,東京支店,512,支払手数料,,,840,31,,10,,,,000,共通部門,131,売掛金,14,株式会社花咲商事,840,00,,,,,,11月10日伝票No357株式会社花咲商事東京本社,,,,,,,
,,,,,20211110,89,,,000,共通部門,10A100020-3,普通預金,30,GHI銀行 名古屋,590097,00,,,,,,000,共通部門,131,売掛金,19,株式会社南風商会,590097,00,,,,,,11月10日伝票No358株式会社南風商会,,,,,,,
,,,,,20211110,89,,,030,名古屋支店,512,支払手数料,,,735,31,,10,,,,000,共通部門,131,売掛金,19,株式会社南風商会,735,00,,,,,,11月10日伝票No358株式会社南風商会,,,,,,,
,,,,,20211110,90,,,000,共通部門,130,受取手形,,,6921367,00,,,,,,000,共通部門,131,売掛金,28,株式会社青葉百貨店,6921367,00,,,,,,11月10日伝票No359株式会社青葉百貨店 | 売上伝票=20211031-112;手形番号=R20211110-90-28,,,,,,,
,,,,,20211110,91,,,000,共通部門,201,買掛金,3,青凪商事株式会社,2813778,00,,,,,,000,共通部門,10B100030,支払手形,,,2813778,00,,,,,,11月10日伝票No289青凪商事株式会社,,,,,,,
,,,,,20211110,92,,,000,共通部門,201,買掛金,8,株式会社白樺商事,414892,00,,,,,,000,共通部門,10A100020-3,普通預金,20,ABC銀行 本店,414892,00,,,,,,11月10日伝票No291株式会社白樺商事,,,,,,,
,,,,,20211110,94,,,020,東京支店,528,地代・家賃,,,1260000,31,,10,,,,000,共通部門,10A100020-3,普通預金,20,ABC銀行 本店,1260000,00,,,,,,家賃支払,,,,,,,
,,,,,20211110,129,,,030,名古屋支店,528,地代・家賃,,,399000,31,,10,,,,000,共通部門,10A100020-3,普通預金,30,GHI銀行 名古屋,399000,00,,,,,,家賃支払い,,,,,,,
,,,,,20211110,136,,,000,共通部門,10B100030,支払手形,,,2921549,00,,,,,,000,共通部門,10A100020-2,当座預金,1,ABC銀行,2921549,00,,,,,,手形期日落日 青凪商事株式会社,,,,,,,
,,,,,20211110,141,,,040,大阪支店,522,旅費・交通費,,,12000,31,,10,,,,000,共通部門,100,現金,,,12000,00,,,,,,架空鉄道会社A代,,,,,,,
,,,,,20211110,147,,,050,九州営業所,10E201120,車両費,,,7118,31,,10,,,,000,共通部門,204,未払金,,,7118,00,,,,,,ガソリン代,,,,,,,
,,,,,20211110,156,,,050,九州営業所,522,旅費・交通費,,,3400,31,,10,,,,000,共通部門,100,現金,,,3400,00,,,,,,出張旅費,,,,,,,
,,,,,20211110,162,,,020,東京支店,10E201130,会議費,,,24995,31,,10,,,,000,共通部門,100,現金,,,24995,00,,,,,,会議　食事代,,,,,,,
,,,,,20211110,167,,,050,九州営業所,528,地代・家賃,,,630000,31,,10,,,,000,共通部門,10A100020-3,普通預金,50,MNO銀行 北九州,630000,00,,,,,,家賃支払い,,,,,,,
,,,,,20211110,167,,,050,九州営業所,523,通信費,,,142335,31,,10,,,,000,共通部門,10A100020-3,普通預金,50,MNO銀行 北九州,142335,00,,,,,,電話代,,,,,,,
,,,,,20211110,168,,,050,九州営業所,10E201270,雑費,,,6000,31,,10,,,,000,共通部門,204,未払金,,,6000,00,,,,,,有線,,,,,,,
,,,,,20211110,168,,,050,九州営業所,10E201270,雑費,,,42858,31,,10,,,,000,共通部門,204,未払金,,,42858,00,,,,,,警備料,,,,,,,
,,,,,20211111,46,,,020,東京支店,10E201120,車両費,,,8286,31,,10,,,,000,共通部門,100,現金,,,8286,00,,,,,,ガソリン代,,,,,,,
,,,,,20211111,46,,,020,東京支店,10E201120,車両費,,,1239,31,,10,,,,000,共通部門,100,現金,,,1239,00,,,,,,高速代,,,,,,,
,,,,,20211111,46,,,020,東京支店,10E201120,車両費,,,572,31,,10,,,,000,共通部門,100,現金,,,572,00,,,,,,駐車代,,,,,,,
,,,,,20211111,70,,,020,東京支店,521,接待交際費,,,40000,31,,10,,,,000,共通部門,100,現金,,,40000,00,,,,,,ゴルフプレー代4名,,,,,,,
,,,,,20211111,70,,,020,東京支店,521,接待交際費,,,10000,31,,10,,,,000,共通部門,100,現金,,,10000,00,,,,,,景品代,,,,,,,
,,,,,20211111,103,,,040,大阪支店,521,接待交際費,,,3150,31,,10,,,,000,共通部門,100,現金,,,3150,00,,,,,,手土産代 株式会社桜丘百貨店,,,,,,,
,,,,,20211111,112,,,040,大阪支店,523,通信費,,,210365,31,,10,,,,000,共通部門,10A100020-3,普通預金,40,JKL銀行 梅田,210365,00,,,,,,電話代,,,,,,,
,,,,,20211111,152,,,050,九州営業所,521,接待交際費,,,2460,31,,10,,,,000,共通部門,100,現金,,,2460,00,,,,,,食事代 架空店舗059 3名,,,,,,,
,,,,,20211112,73,,,020,東京支店,521,接待交際費,,,10427,31,,10,,,,000,共通部門,100,現金,,,10427,00,,,,,,飲食代 架空店舗080 3名,,,,,,,
,,,,,20211112,74,,,020,東京支店,521,接待交際費,,,22650,31,,10,,,,000,共通部門,100,現金,,,22650,00,,,,,,飲食代 架空店舗020,,,,,,,
,,,,,20211112,79,,,030,名古屋支店,522,旅費・交通費,,,12000,31,,10,,,,000,共通部門,100,現金,,,12000,00,,,,,,旅費,,,,,,,
,,,,,20211113,17,,,010,札幌営業所,10E201120,車両費,,,368,31,,10,,,,000,共通部門,100,現金,,,368,00,,,,,,ウォッシャー液,,,,,,,
,,,,,20211113,142,,,040,大阪支店,10E201120,車両費,,,3446,31,,10,,,,000,共通部門,100,現金,,,3446,00,,,,,,高速代,,,,,,,
,,,,,20211113,142,,,040,大阪支店,10E201120,車両費,,,2043,31,,10,,,,000,共通部門,100,現金,,,2043,00,,,,,,高速代,,,,,,,
,,,,,20211113,142,,,040,大阪支店,10E201120,車両費,,,1195,31,,10,,,,000,共通部門,100,現金,,,1195,00,,,,,,高速代,,,,,,,
,,,,,20211113,142,,,040,大阪支店,10E201120,車両費,,,3000,31,,10,,,,000,共通部門,100,現金,,,3000,00,,,,,,駐車代,,,,,,,
,,,,,20211113,142,,,040,大阪支店,10E201120,車両費,,,7220,31,,10,,,,000,共通部門,100,現金,,,7220,00,,,,,,ガソリン代,,,,,,,
,,,,,20211113,158,,,040,大阪支店,522,旅費・交通費,,,47000,31,,10,,,,000,共通部門,100,現金,,,47000,00,,,,,,航空券,,,,,,,
,,,,,20211114,23,,,010,札幌営業所,522,旅費・交通費,,,26667,31,,10,,,,000,共通部門,100,現金,,,26667,00,,,,,,旅費,,,,,,,
,,,,,20211114,23,,,010,札幌営業所,522,旅費・交通費,,,29524,31,,10,,,,000,共通部門,100,現金,,,29524,00,,,,,,旅費,,,,,,,
,,,,,20211114,23,,,010,札幌営業所,522,旅費・交通費,,,36667,31,,10,,,,000,共通部門,100,現金,,,36667,00,,,,,,旅費,,,,,,,
,,,,,20211114,51,,,020,東京支店,10E201120,車両費,,,6800,31,,10,,,,000,共通部門,100,現金,,,6800,00,,,,,,高速代,,,,,,,
,,,,,20211114,161,,,050,九州営業所,522,旅費・交通費,,,7450,31,,10,,,,000,共通部門,100,現金,,,7450,00,,,,,,旅費,,,,,,,
,,,,,20211115,11,,,010,札幌営業所,10E201120,車両費,,,3210,31,,10,,,,000,共通部門,100,現金,,,3210,00,,,,,,ガソリン代,,,,,,,
,,,,,20211115,57,,,020,東京支店,522,旅費・交通費,,,104500,31,,10,,,,000,共通部門,100,現金,,,104500,00,,,,,,架空鉄道会社A代,,,,,,,
,,,,,20211115,61,,,020,東京支店,523,通信費,,,116721,31,,10,,,,000,共通部門,10A100020-3,普通預金,20,ABC銀行 本店,116721,00,,,,,,電話代,,,,,,,
,,,,,20211115,76,,,020,東京支店,10E200140,福利厚生費,,,35287,31,,10,,,,000,共通部門,204,未払金,,,35287,00,,,,,,社員夜食代,,,,,,,
,,,,,20211115,81,,,020,東京支店,10E200520,雑給,,,668749,00,,,,,,000,共通部門,100,現金,,,668749,00,,,,,,11月給与その他 0060 パート･アルバイト,,,,,,,
,,,,,20211115,81,,,020,東京支店,10E200520,雑給,,,9410,00,,,,,,000,共通部門,208,預り金,3,源泉税,9410,00,,,,,,11月給与その他 0060 パート･アルバイト,,,,,,,
,,,,,20211115,81,,,020,東京支店,10E200520,雑給,,,19031,00,,,,,,000,共通部門,208,預り金,9,その他,19031,00,,,,,,11月給与その他 0060 パート･アルバイト,,,,,,,
,,,,,20211115,93,,,000,共通部門,10A100020-3,普通預金,50,MNO銀行 北九州,1022764,00,,,,,,000,共通部門,131,売掛金,1,株式会社若葉百貨店,1022764,00,,,,,,11月15日伝票No360株式会社若葉百貨店,,,,,,,
,,,,,20211115,93,,,050,九州営業所,512,支払手数料,,,840,31,,10,,,,000,共通部門,131,売掛金,1,株式会社若葉百貨店,840,00,,,,,,11月15日伝票No360株式会社若葉百貨店,,,,,,,
,,,,,20211115,95,,,000,共通部門,10A100020-3,普通預金,30,GHI銀行 名古屋,1268837,00,,,,,,000,共通部門,131,売掛金,6,株式会社瑞穂流通,1268837,00,,,,,,11月15日伝票No362株式会社瑞穂流通,,,,,,,
,,,,,20211115,95,,,030,名古屋支店,512,支払手数料,,,840,31,,10,,,,000,共通部門,131,売掛金,6,株式会社瑞穂流通,840,00,,,,,,11月15日伝票No362株式会社瑞穂流通,,,,,,,
,,,,,20211115,96,,,000,共通部門,10A100020-3,普通預金,40,JKL銀行 梅田,397275,00,,,,,,000,共通部門,131,売掛金,8,株式会社高原マーケット,397275,00,,,,,,11月15日伝票No363株式会社高原マーケット,,,,,,,
,,,,,20211115,96,,,040,大阪支店,512,支払手数料,,,840,31,,10,,,,000,共通部門,131,売掛金,8,株式会社高原マーケット,840,00,,,,,,11月15日伝票No363株式会社高原マーケット,,,,,,,
,,,,,20211115,97,,,000,共通部門,10A100020-3,普通預金,40,JKL銀行 梅田,798000,00,,,,,,000,共通部門,131,売掛金,9,朝凪物産株式会社,798000,00,,,,,,11月15日伝票No364朝凪物産株式会社,,,,,,,
,,,,,20211115,97,,,040,大阪支店,512,支払手数料,,,840,31,,10,,,,000,共通部門,131,売掛金,9,朝凪物産株式会社,840,00,,,,,,11月15日伝票No364朝凪物産株式会社,,,,,,,
,,,,,20211115,98,,,000,共通部門,10A100020-3,普通預金,20,ABC銀行 本店,730040,00,,,,,,000,共通部門,131,売掛金,13,星川商事株式会社,730040,00,,,,,,11月15日伝票No365星川商事株式会社,,,,,,,
,,,,,20211115,99,,,000,共通部門,10A100020-3,普通預金,40,JKL銀行 梅田,1254041,00,,,,,,000,共通部門,131,売掛金,20,清和商事株式会社,1254041,00,,,,,,11月15日伝票No366清和商事株式会社,,,,,,,
,,,,,20211115,99,,,040,大阪支店,512,支払手数料,,,315,31,,10,,,,000,共通部門,131,売掛金,20,清和商事株式会社,315,00,,,,,,11月15日伝票No366清和商事株式会社,,,,,,,
,,,,,20211115,100,,,000,共通部門,201,買掛金,1,株式会社北辰商事,5934799,00,,,,,,000,共通部門,10A100020-3,普通預金,20,ABC銀行 本店,5934799,00,,,,,,11月15日伝票No292株式会社北辰商事,,,,,,,
,,,,,20211115,117,,,040,大阪支店,10E201140,諸会費,,,20000,00,,,,,,000,共通部門,100,現金,,,20000,00,,,,,,会費,,,,,,,
,,,,,20211116,47,,,020,東京支店,10E201120,車両費,,,8700,31,,10,,,,000,共通部門,100,現金,,,8700,00,,,,,,ガソリン代,,,,,,,
,,,,,20211116,82,,,030,名古屋支店,10E201120,車両費,,,20800,31,,10,,,,000,共通部門,204,未払金,,,20800,00,,,,,,ガソリン代,,,,,,,
,,,,,20211116,82,,,030,名古屋支店,10E201120,車両費,,,352,31,,10,,,,000,共通部門,204,未払金,,,352,00,,,,,,ウォッシャー液,,,,,,,
,,,,,20211116,130,,,040,大阪支店,10E201140,諸会費,,,24000,00,,,,,,000,共通部門,10A100020-3,普通預金,40,JKL銀行 梅田,24000,00,,,,,,会費,,,,,,,
,,,,,20211116,136,,,040,大阪支店,10E201270,雑費,,,16500,31,,10,,,,000,共通部門,100,現金,,,16500,00,,,,,,架空清掃会社A代,,,,,,,
,,,,,20211116,164,,,050,九州営業所,10E201110,事務用消耗品費,,,2413,31,,10,,,,000,共通部門,100,現金,,,2413,00,,,,,,事務用品,,,,,,,
,,,,,20211117,4,,,010,札幌営業所,10E200050,広告宣伝費,,,31500,31,,10,,,,000,共通部門,204,未払金,,,31500,00,,,,,,広告費,,,,,,,
,,,,,20211118,59,,,020,東京支店,522,旅費・交通費,,,55500,31,,10,,,,000,共通部門,100,現金,,,55500,00,,,,,,旅費,,,,,,,
,,,,,20211118,76,,,050,九州営業所,10E201120,車両費,,,3686,31,,10,,,,000,共通部門,100,現金,,,3686,00,,,,,,ガソリン代,,,,,,,
,,,,,20211118,76,,,050,九州営業所,10E201120,車両費,,,762,31,,10,,,,000,共通部門,100,現金,,,762,00,,,,,,高速代,,,,,,,
,,,,,20211118,104,,,040,大阪支店,521,接待交際費,,,1260,31,,10,,,,000,共通部門,100,現金,,,1260,00,,,,,,コーヒー代2名,,,,,,,
,,,,,20211119,8,,,010,札幌営業所,521,接待交際費,,,20000,31,,10,,,,000,共通部門,100,現金,,,20000,00,,,,,,定例ミーティング会費,,,,,,,
,,,,,20211119,12,,,010,札幌営業所,10E201120,車両費,,,4456,31,,10,,,,000,共通部門,100,現金,,,4456,00,,,,,,ガソリン代,,,,,,,
,,,,,20211119,12,,,010,札幌営業所,10E201120,車両費,,,1572,31,,10,,,,000,共通部門,100,現金,,,1572,00,,,,,,高速代,,,,,,,
,,,,,20211119,12,,,010,札幌営業所,10E201120,車両費,,,762,31,,10,,,,000,共通部門,100,現金,,,762,00,,,,,,駐車代,,,,,,,
,,,,,20211119,45,,,020,東京支店,521,接待交際費,,,1260,31,,10,,,,000,共通部門,100,現金,,,1260,00,,,,,,コーヒー代,,,,,,,
,,,,,20211119,52,,,020,東京支店,10E201120,車両費,,,1096,31,,10,,,,000,共通部門,100,現金,,,1096,00,,,,,,高速代,,,,,,,
,,,,,20211119,52,,,020,東京支店,10E201120,車両費,,,2191,31,,10,,,,000,共通部門,100,現金,,,2191,00,,,,,,駐車代,,,,,,,
,,,,,20211120,1,,,000,共通部門,10E200140,福利厚生費,,,21600,31,,K8.0,,,,000,共通部門,100,現金,,,21600,00,,,,,,残業夜食　軽減税率,,,,,,,
,,,,,20211120,6,,,010,札幌営業所,10E200050,広告宣伝費,,,5000,31,,10,,,,000,共通部門,100,現金,,,5000,00,,,,,,広告料,,,,,,,
,,,,,20211120,24,,,010,札幌営業所,522,旅費・交通費,,,82620,31,,10,,,,000,共通部門,100,現金,,,82620,00,,,,,,架空鉄道会社A回数券,,,,,,,
,,,,,20211120,31,,,010,札幌営業所,10E201110,事務用消耗品費,,,2869,31,,10,,,,000,共通部門,204,未払金,,,2869,00,,,,,,コピー代,,,,,,,
,,,,,20211120,34,,,010,札幌営業所,10E201040,水道光熱費,,,78740,31,,10,,,,000,共通部門,10A100020-3,普通預金,10,DEF銀行 駅前,78740,00,,,,,,電気代,,,,,,,
,,,,,20211120,34,,,010,札幌営業所,10E201040,水道光熱費,,,4882,31,,10,,,,000,共通部門,10A100020-3,普通預金,10,DEF銀行 駅前,4882,00,,,,,,水道代,,,,,,,
,,,,,20211120,53,,,020,東京支店,10E201120,車両費,,,381,31,,10,,,,000,共通部門,100,現金,,,381,00,,,,,,高速代,,,,,,,
,,,,,20211120,53,,,020,東京支店,10E201120,車両費,,,1000,31,,10,,,,000,共通部門,100,現金,,,1000,00,,,,,,高速代,,,,,,,
,,,,,20211120,53,,,020,東京支店,10E201120,車両費,,,1000,31,,10,,,,000,共通部門,100,現金,,,1000,00,,,,,,高速代,,,,,,,
,,,,,20211120,64,,,020,東京支店,10E201040,水道光熱費,,,191023,31,,10,,,,000,共通部門,10A100020-3,普通預金,20,ABC銀行 本店,191023,00,,,,,,電気料,,,,,,,
,,,,,20211120,64,,,020,東京支店,10E201040,水道光熱費,,,7682,31,,10,,,,000,共通部門,10A100020-3,普通預金,20,ABC銀行 本店,7682,00,,,,,,水道料,,,,,,,
,,,,,20211120,66,,,030,名古屋支店,10E201270,雑費,,,5000,31,,10,,,,000,共通部門,204,未払金,,,5000,00,,,,,,有線,,,,,,,
,,,,,20211120,67,,,050,九州営業所,10E201110,事務用消耗品費,,,6300,31,,10,,,,000,共通部門,204,未払金,,,6300,00,,,,,,カウンター料金,,,,,,,
,,,,,20211120,71,,,020,東京支店,10E201110,事務用消耗品費,,,3670,31,,10,,,,000,共通部門,204,未払金,,,3670,00,,,,,,事務用品,,,,,,,
,,,,,20211120,71,,,020,東京支店,10E201110,事務用消耗品費,,,31448,31,,10,,,,000,共通部門,204,未払金,,,31448,00,,,,,,カウンター料金,,,,,,,
,,,,,20211120,73,,,000,共通部門,525,消耗品費,,,11544,31,,10,,,,000,共通部門,204,未払金,,,11544,00,,,,,,ファイル等,,,,,,,
,,,,,20211120,73,,,000,共通部門,525,消耗品費,,,209980,31,,10,,,,000,共通部門,204,未払金,,,209980,00,,,,,,飲料水,,,,,,,
,,,,,20211120,73,,,000,共通部門,525,消耗品費,,,12458,31,,10,,,,000,共通部門,204,未払金,,,12458,00,,,,,,名刺代,,,,,,,
,,,,,20211120,89,,,030,名古屋支店,10E201040,水道光熱費,,,92172,31,,10,,,,000,共通部門,10A100020-3,普通預金,30,GHI銀行 名古屋,92172,00,,,,,,電気料,,,,,,,
,,,,,20211120,89,,,030,名古屋支店,10E201040,水道光熱費,,,4059,31,,10,,,,000,共通部門,10A100020-3,普通預金,30,GHI銀行 名古屋,4059,00,,,,,,水道料,,,,,,,
,,,,,20211120,89,,,030,名古屋支店,10E201040,水道光熱費,,,4364,31,,10,,,,000,共通部門,10A100020-3,普通預金,30,GHI銀行 名古屋,4364,00,,,,,,ガス代,,,,,,,
,,,,,20211120,97,,,030,名古屋支店,10E201110,事務用消耗品費,,,39001,31,,10,,,,000,共通部門,204,未払金,,,39001,00,,,,,,コピー代,,,,,,,
,,,,,20211120,98,,,030,名古屋支店,10E201110,事務用消耗品費,,,3546,31,,10,,,,000,共通部門,204,未払金,,,3546,00,,,,,,事務用品,,,,,,,
,,,,,20211120,101,,,040,大阪支店,10E200050,広告宣伝費,,,52500,31,,10,,,,000,共通部門,204,未払金,,,52500,00,,,,,,広告料,,,,,,,
,,,,,20211120,101,,,000,共通部門,100,現金,,,543350,00,,,,,,000,共通部門,131,売掛金,11,株式会社楓屋,543350,00,,,,,,11月20日伝票No367株式会社楓屋,,,,,,,
,,,,,20211120,102,,,000,共通部門,10A100020-3,普通預金,30,GHI銀行 名古屋,475268,00,,,,,,000,共通部門,131,売掛金,21,合同会社つばさ商店,475268,00,,,,,,11月20日伝票No368合同会社つばさ商店,,,,,,,
,,,,,20211120,102,,,030,名古屋支店,512,支払手数料,,,472,31,,10,,,,000,共通部門,131,売掛金,21,合同会社つばさ商店,472,00,,,,,,11月20日伝票No368合同会社つばさ商店,,,,,,,
,,,,,20211120,103,,,000,共通部門,10A100020-3,普通預金,20,ABC銀行 本店,1389763,00,,,,,,000,共通部門,131,売掛金,30,株式会社彩雲トレーディング,1389763,00,,,,,,11月20日伝票No369株式会社彩雲トレーディング,,,,,,,
,,,,,20211120,103,,,020,東京支店,512,支払手数料,,,735,31,,10,,,,000,共通部門,131,売掛金,30,株式会社彩雲トレーディング,735,00,,,,,,11月20日伝票No369株式会社彩雲トレーディング,,,,,,,
,,,,,20211120,104,,,000,共通部門,201,買掛金,4,株式会社和泉流通,964740,00,,,,,,000,共通部門,10A100020-3,普通預金,20,ABC銀行 本店,964740,00,,,,,,11月20日伝票No294株式会社和泉流通,,,,,,,
,,,,,20211120,105,,,000,共通部門,201,買掛金,6,株式会社日向産業,3484984,00,,,,,,000,共通部門,10A100020-3,普通預金,20,ABC銀行 本店,3484984,00,,,,,,11月20日伝票No296株式会社日向産業,,,,,,,
,,,,,20211120,106,,,000,共通部門,201,買掛金,11,株式会社花園商会,4492889,00,,,,,,000,共通部門,10A100020-3,普通預金,20,ABC銀行 本店,4492889,00,,,,,,11月20日伝票No297株式会社花園商会,,,,,,,
,,,,,20211120,118,,,040,大阪支店,10E201110,事務用消耗品費,,,7366,31,,10,,,,000,共通部門,204,未払金,,,7366,00,,,,,,コピー代,,,,,,,
,,,,,20211120,119,,,040,大阪支店,10E201110,事務用消耗品費,,,3891,31,,10,,,,000,共通部門,204,未払金,,,3891,00,,,,,,事務用品,,,,,,,
,,,,,20211120,132,,,040,大阪支店,10E201040,水道光熱費,,,115273,31,,10,,,,000,共通部門,10A100020-3,普通預金,40,JKL銀行 梅田,115273,00,,,,,,電気代,,,,,,,
,,,,,20211120,132,,,040,大阪支店,10E201040,水道光熱費,,,5278,31,,10,,,,000,共通部門,10A100020-3,普通預金,40,JKL銀行 梅田,5278,00,,,,,,水道代,,,,,,,
,,,,,20211120,139,,,000,共通部門,10A100020-3,普通預金,20,ABC銀行 本店,18000000,00,,,,,,000,共通部門,10A100020-2,当座預金,1,ABC銀行,18000000,00,,,,,,資金移動,,,,,,,
,,,,,20211120,148,,,000,共通部門,10A100020-2,当座預金,1,ABC銀行,5904295,00,,,,,,000,共通部門,130,受取手形,,,5904295,00,,,,,,手形割引 株式会社青葉百貨店 | 手形番号=R20211010-87-28;受取額に決済額を訂正,,,,,,,
,,,,,20211120,148,,,020,東京支店,10E300020,支払利息,,,60354,30,,,,,,000,共通部門,130,受取手形,,,60354,00,,,,,,手形割引料 | 手形番号=R20211010-87-28,,,,,,,
,,,,,20211120,153,,,030,名古屋支店,521,接待交際費,,,7566,31,,10,,,,000,共通部門,100,現金,,,7566,00,,,,,,飲食代 架空店舗082 2名,,,,,,,
,,,,,20211120,169,,,050,九州営業所,10E201040,水道光熱費,,,99698,31,,10,,,,000,共通部門,10A100020-3,普通預金,50,MNO銀行 北九州,99698,00,,,,,,電気料,,,,,,,
,,,,,20211120,169,,,050,九州営業所,10E201040,水道光熱費,,,6309,31,,10,,,,000,共通部門,10A100020-3,普通預金,50,MNO銀行 北九州,6309,00,,,,,,水道料,,,,,,,
,,,,,20211121,25,,,010,札幌営業所,522,旅費・交通費,,,56000,31,,10,,,,000,共通部門,100,現金,,,56000,00,,,,,,旅費,,,,,,,
,,,,,20211121,69,,,020,東京支店,10E201270,雑費,,,1130,31,,10,,,,000,共通部門,100,現金,,,1130,00,,,,,,ティッシュ代,,,,,,,
,,,,,20211121,160,,,020,東京支店,522,旅費・交通費,,,95040,31,,10,,,,000,共通部門,100,現金,,,95040,00,,,,,,出張旅費,,,,,,,
,,,,,20211121,163,,,050,九州営業所,10E201140,諸会費,,,18000,00,,,,,,000,共通部門,100,現金,,,18000,00,,,,,,会費,,,,,,,
,,,,,20211122,48,,,020,東京支店,10E201120,車両費,,,3462,31,,10,,,,000,共通部門,100,現金,,,3462,00,,,,,,ガソリン代,,,,,,,
,,,,,20211122,62,,,050,九州営業所,10E200140,福利厚生費,,,11050,31,,10,,,,000,共通部門,204,未払金,,,11050,00,,,,,,お茶代,,,,,,,
,,,,,20211122,80,,,030,名古屋支店,522,旅費・交通費,,,31000,31,,10,,,,000,共通部門,100,現金,,,31000,00,,,,,,旅費,,,,,,,
,,,,,20211122,90,,,030,名古屋支店,10E201270,雑費,,,10500,31,,10,,,,000,共通部門,100,現金,,,10500,00,,,,,,架空清掃会社A代,,,,,,,
,,,,,20211122,95,,,030,名古屋支店,10E201270,雑費,,,71675,31,,10,,,,000,共通部門,204,未払金,,,71675,00,,,,,,清掃料,,,,,,,
,,,,,20211122,105,,,040,大阪支店,521,接待交際費,,,2343,31,,10,,,,000,共通部門,100,現金,,,2343,00,,,,,,コーヒー代他2名,,,,,,,
,,,,,20211122,105,,,040,大阪支店,521,接待交際費,,,6074,31,,10,,,,000,共通部門,100,現金,,,6074,00,,,,,,食事代 架空店舗056 2名,,,,,,,
,,,,,20211122,105,,,040,大阪支店,521,接待交際費,,,9296,31,,10,,,,000,共通部門,100,現金,,,9296,00,,,,,,飲食代 架空店舗010,,,,,,,
,,,,,20211122,107,,,040,大阪支店,521,接待交際費,,,10000,31,,10,,,,000,共通部門,100,現金,,,10000,00,,,,,,結婚祝い金,,,,,,,
,,,,,20211122,159,,,050,九州営業所,522,旅費・交通費,,,13000,31,,10,,,,000,共通部門,100,現金,,,13000,00,,,,,,タクシー代,,,,,,,
,,,,,20211122,166,,,050,九州営業所,10E201270,雑費,,,1890,31,,10,,,,000,共通部門,100,現金,,,1890,00,,,,,,架空清掃会社A代,,,,,,,
,,,,,20211123,3,,,010,札幌営業所,10E200140,福利厚生費,,,31021,31,,10,,,,000,共通部門,204,未払金,,,31021,00,,,,,,宿泊代,,,,,,,
,,,,,20211123,13,,,010,札幌営業所,10E201120,車両費,,,11000,31,,10,,,,000,共通部門,100,現金,,,11000,00,,,,,,ガソリン代,,,,,,,
,,,,,20211123,26,,,010,札幌営業所,522,旅費・交通費,,,11000,31,,10,,,,000,共通部門,100,現金,,,11000,00,,,,,,旅費,,,,,,,
,,,,,20211123,28,,,010,札幌営業所,522,旅費・交通費,,,2420,31,,10,,,,000,共通部門,204,未払金,,,2420,00,,,,,,タクシー代,,,,,,,
,,,,,20211123,82,,,020,東京支店,10E200090,役員報酬,,,1122255,00,,,,,,000,共通部門,10A100020-3,普通預金,20,ABC銀行 本店,1122255,00,,,,,,11月給与その他 0001 役員,,,,,,,
,,,,,20211123,82,,,020,東京支店,10E200090,役員報酬,,,120411,00,,,,,,000,共通部門,208,預り金,1,保険料,120411,00,,,,,,11月給与その他 0001 役員,,,,,,,
,,,,,20211123,82,,,020,東京支店,10E200090,役員報酬,,,171200,00,,,,,,000,共通部門,208,預り金,2,住民税,171200,00,,,,,,11月給与その他 0001 役員,,,,,,,
,,,,,20211123,82,,,020,東京支店,10E200090,役員報酬,,,164442,00,,,,,,000,共通部門,208,預り金,3,源泉税,164442,00,,,,,,11月給与その他 0001 役員,,,,,,,
,,,,,20211123,82,,,020,東京支店,10E200090,役員報酬,,,133972,00,,,,,,000,共通部門,208,預り金,4,貯蓄・保険,133972,00,,,,,,11月給与その他 0001 役員,,,,,,,
,,,,,20211123,82,,,020,東京支店,10E200090,役員報酬,,,7720,00,,,,,,000,共通部門,208,預り金,9,その他,7720,00,,,,,,11月給与その他 0001 役員,,,,,,,
,,,,,20211123,82,,,020,東京支店,10E200370,給与手当,,,1477097,00,,,,,,000,共通部門,10A100020-3,普通預金,20,ABC銀行 本店,1477097,00,,,,,,11月給与その他 0020 営業部,,,,,,,
,,,,,20211123,82,,,020,東京支店,10E200370,給与手当,,,236045,00,,,,,,000,共通部門,208,預り金,1,保険料,236045,00,,,,,,11月給与その他 0020 営業部,,,,,,,
,,,,,20211123,82,,,020,東京支店,10E200370,給与手当,,,104300,00,,,,,,000,共通部門,208,預り金,2,住民税,104300,00,,,,,,11月給与その他 0020 営業部,,,,,,,
,,,,,20211123,82,,,020,東京支店,10E200370,給与手当,,,35440,00,,,,,,000,共通部門,208,預り金,3,源泉税,35440,00,,,,,,11月給与その他 0020 営業部,,,,,,,
,,,,,20211123,82,,,020,東京支店,10E200370,給与手当,,,43305,00,,,,,,000,共通部門,208,預り金,4,貯蓄・保険,43305,00,,,,,,11月給与その他 0020 営業部,,,,,,,
,,,,,20211123,82,,,020,東京支店,10E200370,給与手当,,,50277,00,,,,,,000,共通部門,208,預り金,9,その他,50277,00,,,,,,11月給与その他 0020 営業部,,,,,,,
,,,,,20211123,82,,,010,札幌営業所,10E200370,給与手当,,,593191,00,,,,,,000,共通部門,10A100020-3,普通預金,20,ABC銀行 本店,593191,00,,,,,,11月給与その他 1000 札幌営業所,,,,,,,
,,,,,20211123,82,,,010,札幌営業所,10E200370,給与手当,,,103424,00,,,,,,000,共通部門,208,預り金,1,保険料,103424,00,,,,,,11月給与その他 1000 札幌営業所,,,,,,,
,,,,,20211123,82,,,010,札幌営業所,10E200370,給与手当,,,46300,00,,,,,,000,共通部門,208,預り金,2,住民税,46300,00,,,,,,11月給与その他 1000 札幌営業所,,,,,,,
,,,,,20211123,82,,,010,札幌営業所,10E200370,給与手当,,,13470,00,,,,,,000,共通部門,208,預り金,3,源泉税,13470,00,,,,,,11月給与その他 1000 札幌営業所,,,,,,,
,,,,,20211123,82,,,010,札幌営業所,10E200370,給与手当,,,50648,00,,,,,,000,共通部門,208,預り金,4,貯蓄・保険,50648,00,,,,,,11月給与その他 1000 札幌営業所,,,,,,,
,,,,,20211123,82,,,010,札幌営業所,10E200370,給与手当,,,48533,00,,,,,,000,共通部門,208,預り金,9,その他,48533,00,,,,,,11月給与その他 1000 札幌営業所,,,,,,,
,,,,,20211123,82,,,030,名古屋支店,10E200370,給与手当,,,565977,00,,,,,,000,共通部門,10A100020-3,普通預金,20,ABC銀行 本店,565977,00,,,,,,11月給与その他 3000 名古屋営業所,,,,,,,
,,,,,20211123,82,,,030,名古屋支店,10E200370,給与手当,,,96352,00,,,,,,000,共通部門,208,預り金,1,保険料,96352,00,,,,,,11月給与その他 3000 名古屋営業所,,,,,,,
,,,,,20211123,82,,,030,名古屋支店,10E200370,給与手当,,,42600,00,,,,,,000,共通部門,208,預り金,2,住民税,42600,00,,,,,,11月給与その他 3000 名古屋営業所,,,,,,,
,,,,,20211123,82,,,030,名古屋支店,10E200370,給与手当,,,8670,00,,,,,,000,共通部門,208,預り金,3,源泉税,8670,00,,,,,,11月給与その他 3000 名古屋営業所,,,,,,,
,,,,,20211123,82,,,030,名古屋支店,10E200370,給与手当,,,40759,00,,,,,,000,共通部門,208,預り金,4,貯蓄・保険,40759,00,,,,,,11月給与その他 3000 名古屋営業所,,,,,,,
,,,,,20211123,82,,,030,名古屋支店,10E200370,給与手当,,,44290,00,,,,,,000,共通部門,208,預り金,9,その他,44290,00,,,,,,11月給与その他 3000 名古屋営業所,,,,,,,
,,,,,20211123,82,,,040,大阪支店,10E200370,給与手当,,,777105,00,,,,,,000,共通部門,10A100020-3,普通預金,20,ABC銀行 本店,777105,00,,,,,,11月給与その他 4000 大阪支店,,,,,,,
,,,,,20211123,82,,,040,大阪支店,10E200370,給与手当,,,128755,00,,,,,,000,共通部門,208,預り金,1,保険料,128755,00,,,,,,11月給与その他 4000 大阪支店,,,,,,,
,,,,,20211123,82,,,040,大阪支店,10E200370,給与手当,,,53400,00,,,,,,000,共通部門,208,預り金,2,住民税,53400,00,,,,,,11月給与その他 4000 大阪支店,,,,,,,
,,,,,20211123,82,,,040,大阪支店,10E200370,給与手当,,,16540,00,,,,,,000,共通部門,208,預り金,3,源泉税,16540,00,,,,,,11月給与その他 4000 大阪支店,,,,,,,
,,,,,20211123,82,,,040,大阪支店,10E200370,給与手当,,,13570,00,,,,,,000,共通部門,208,預り金,4,貯蓄・保険,13570,00,,,,,,11月給与その他 4000 大阪支店,,,,,,,
,,,,,20211123,82,,,040,大阪支店,10E200370,給与手当,,,14824,00,,,,,,000,共通部門,208,預り金,9,その他,14824,00,,,,,,11月給与その他 4000 大阪支店,,,,,,,
,,,,,20211123,82,,,050,九州営業所,10E200370,給与手当,,,453252,00,,,,,,000,共通部門,10A100020-3,普通預金,20,ABC銀行 本店,453252,00,,,,,,11月給与その他 5000 九州営業所,,,,,,,
,,,,,20211123,82,,,050,九州営業所,10E200370,給与手当,,,67268,00,,,,,,000,共通部門,208,預り金,1,保険料,67268,00,,,,,,11月給与その他 5000 九州営業所,,,,,,,
,,,,,20211123,82,,,050,九州営業所,10E200370,給与手当,,,31700,00,,,,,,000,共通部門,208,預り金,2,住民税,31700,00,,,,,,11月給与その他 5000 九州営業所,,,,,,,
,,,,,20211123,82,,,050,九州営業所,10E200370,給与手当,,,8170,00,,,,,,000,共通部門,208,預り金,3,源泉税,8170,00,,,,,,11月給与その他 5000 九州営業所,,,,,,,
,,,,,20211123,82,,,050,九州営業所,10E200370,給与手当,,,18540,00,,,,,,000,共通部門,208,預り金,4,貯蓄・保険,18540,00,,,,,,11月給与その他 5000 九州営業所,,,,,,,
,,,,,20211123,82,,,050,九州営業所,10E200370,給与手当,,,11542,00,,,,,,000,共通部門,208,預り金,9,その他,11542,00,,,,,,11月給与その他 5000 九州営業所,,,,,,,
,,,,,20211123,94,,,030,名古屋支店,10E201270,雑費,,,1603,31,,10,,,,000,共通部門,100,現金,,,1603,00,,,,,,洗剤代,,,,,,,
,,,,,20211123,140,,,040,大阪支店,522,旅費・交通費,,,4600,31,,10,,,,000,共通部門,100,現金,,,4600,00,,,,,,旅費,,,,,,,
,,,,,20211124,37,,,020,東京支店,10E200020,販売手数料,,,875200,31,,10,,,,000,共通部門,204,未払金,,,875200,00,,,,,,業務委託費,,,,,,,
,,,,,20211124,77,,,050,九州営業所,10E201120,車両費,,,3053,31,,10,,,,000,共通部門,100,現金,,,3053,00,,,,,,ガソリン代,,,,,,,
,,,,,20211124,77,,,050,九州営業所,10E201120,車両費,,,572,31,,10,,,,000,共通部門,100,現金,,,572,00,,,,,,駐車代,,,,,,,
,,,,,20211124,83,,,030,名古屋支店,10E201120,車両費,,,31500,31,,10,,,,000,共通部門,100,現金,,,31500,00,,,,,,車両管理費,,,,,,,
,,,,,20211124,120,,,040,大阪支店,10E200020,販売手数料,,,483000,31,,10,,,,000,共通部門,204,未払金,,,483000,00,,,,,,業務委託費,,,,,,,
,,,,,20211124,150,,,050,九州営業所,521,接待交際費,,,13667,31,,10,,,,000,共通部門,100,現金,,,13667,00,,,,,,ゴルフプレー代,,,,,,,
,,,,,20211124,150,,,050,九州営業所,521,接待交際費,,,5000,31,,10,,,,000,共通部門,100,現金,,,5000,00,,,,,,景品代 株式会社桜丘百貨店,,,,,,,
,,,,,20211125,9,,,010,札幌営業所,521,接待交際費,,,6229,31,,10,,,,000,共通部門,100,現金,,,6229,00,,,,,,飲食代 架空店舗001 2名,,,,,,,
,,,,,20211125,9,,,010,札幌営業所,521,接待交際費,,,8334,31,,10,,,,000,共通部門,100,現金,,,8334,00,,,,,,飲食代　カフェバー,,,,,,,
,,,,,20211125,29,,,010,札幌営業所,523,通信費,,,58516,31,,10,,,,000,共通部門,10A100020-3,普通預金,10,DEF銀行 駅前,58516,00,,,,,,携帯電話代,,,,,,,
,,,,,20211125,62,,,020,東京支店,523,通信費,,,69854,31,,10,,,,000,共通部門,10A100020-3,普通預金,20,ABC銀行 本店,69854,00,,,,,,携帯代,,,,,,,
,,,,,20211125,78,,,030,名古屋支店,10E200020,販売手数料,,,189000,31,,10,,,,000,共通部門,204,未払金,,,189000,00,,,,,,業務委託費支払い,,,,,,,
,,,,,20211125,88,,,030,名古屋支店,10E201160,新聞図書費,,,3568,31,,10,,,,000,共通部門,100,現金,,,3568,00,,,,,,新聞代,,,,,,,
,,,,,20211125,107,,,000,共通部門,130,受取手形,,,14382264,00,,,,,,000,共通部門,131,売掛金,2,株式会社桜丘百貨店,14382264,00,,,,,,11月25日伝票No370株式会社桜丘百貨店 | 売上伝票=20211031-110;手形番号=R20211125-107-2,,,,,,,
,,,,,20211125,108,,,000,共通部門,10A100020-3,普通預金,30,GHI銀行 名古屋,1133369,00,,,,,,000,共通部門,131,売掛金,7,株式会社光彩堂商事,1133369,00,,,,,,11月25日伝票No371株式会社光彩堂商事,,,,,,,
,,,,,20211125,108,,,030,名古屋支店,512,支払手数料,,,735,31,,10,,,,000,共通部門,131,売掛金,7,株式会社光彩堂商事,735,00,,,,,,11月25日伝票No371株式会社光彩堂商事,,,,,,,
,,,,,20211125,109,,,040,大阪支店,10E201120,車両費,,,9853,31,,10,,,,000,共通部門,204,未払金,,,9853,00,,,,,,高速代,,,,,,,
,,,,,20211125,109,,,040,大阪支店,10E201120,車両費,,,53430,31,,10,,,,000,共通部門,204,未払金,,,53430,00,,,,,,ガソリン代,,,,,,,
,,,,,20211125,109,,,000,共通部門,10A100020-3,普通預金,40,JKL銀行 梅田,481874,00,,,,,,000,共通部門,131,売掛金,23,株式会社杉の木商店,481874,00,,,,,,11月25日伝票No372株式会社杉の木商店,,,,,,,
,,,,,20211125,109,,,040,大阪支店,512,支払手数料,,,630,31,,10,,,,000,共通部門,131,売掛金,23,株式会社杉の木商店,630,00,,,,,,11月25日伝票No372株式会社杉の木商店,,,,,,,
,,,,,20211125,110,,,000,共通部門,10A100020-3,普通預金,10,DEF銀行 駅前,4488898,00,,,,,,000,共通部門,131,売掛金,25,株式会社ほのかマート,4488898,00,,,,,,11月25日伝票No373株式会社ほのかマート,,,,,,,
,,,,,20211125,110,,,010,札幌営業所,512,支払手数料,,,840,31,,10,,,,000,共通部門,131,売掛金,25,株式会社ほのかマート,840,00,,,,,,11月25日伝票No373株式会社ほのかマート,,,,,,,
,,,,,20211125,111,,,040,大阪支店,522,旅費・交通費,,,14800,31,,10,,,,000,共通部門,204,未払金,,,14800,00,,,,,,タクシー代,,,,,,,
,,,,,20211125,145,,,000,共通部門,10A100610,短期貸付金,,,600000,00,,,,,,000,共通部門,10A100020-3,普通預金,20,ABC銀行 本店,600000,00,,,,,,貸付金,,,,,,,
,,,,,20211125,146,,,050,九州営業所,10E200020,販売手数料,,,168000,31,,10,,,,000,共通部門,204,未払金,,,168000,00,,,,,,業務委託費,,,,,,,
,,,,,20211125,170,,,050,九州営業所,10E201160,新聞図書費,,,3007,31,,10,,,,000,共通部門,100,現金,,,3007,00,,,,,,新聞代,,,,,,,
,,,,,20211125,172,,,010,札幌営業所,10E200020,販売手数料,,,126000,31,,10,,,,000,共通部門,204,未払金,,,126000,00,,,,,,業務委託費支払い,,,,,,,
,,,,,20211126,54,,,020,東京支店,10E201120,車両費,,,2500,31,,10,,,,000,共通部門,100,現金,,,2500,00,,,,,,高速代,,,,,,,
,,,,,20211126,72,,,020,東京支店,10E201160,新聞図書費,,,2864,31,,10,,,,000,共通部門,100,現金,,,2864,00,,,,,,新聞代,,,,,,,
,,,,,20211126,72,,,020,東京支店,10E201160,新聞図書費,,,2815,31,,10,,,,000,共通部門,100,現金,,,2815,00,,,,,,新聞代,,,,,,,
,,,,,20211126,72,,,020,東京支店,10E201160,新聞図書費,,,3399,31,,10,,,,000,共通部門,100,現金,,,3399,00,,,,,,新聞代,,,,,,,
,,,,,20211126,113,,,040,大阪支店,523,通信費,,,93665,31,,10,,,,000,共通部門,10A100020-3,普通預金,40,JKL銀行 梅田,93665,00,,,,,,携帯代,,,,,,,
,,,,,20211126,121,,,040,大阪支店,10E200140,福利厚生費,,,8500,31,,10,,,,000,共通部門,100,現金,,,8500,00,,,,,,お茶代,,,,,,,
,,,,,20211127,14,,,010,札幌営業所,10E201120,車両費,,,3000,31,,10,,,,000,共通部門,100,現金,,,3000,00,,,,,,ガソリン代,,,,,,,
,,,,,20211127,15,,,010,札幌営業所,10E201120,車両費,,,90000,31,,10,,,,000,共通部門,100,現金,,,90000,00,,,,,,車両管理費,,,,,,,
,,,,,20211127,30,,,010,札幌営業所,531,保険料,,,54320,30,,,,,,000,共通部門,10A100020-3,普通預金,10,DEF銀行 駅前,54320,00,,,,,,保険料支払,,,,,,,
,,,,,20211127,39,,,020,東京支店,10E200140,福利厚生費,,,9000,31,,10,,,,000,共通部門,100,現金,,,9000,00,,,,,,会費,,,,,,,
,,,,,20211127,87,,,030,名古屋支店,523,通信費,,,34690,31,,10,,,,000,共通部門,10A100020-3,普通預金,30,GHI銀行 名古屋,34690,00,,,,,,携帯代,,,,,,,
,,,,,20211127,114,,,040,大阪支店,10E201160,新聞図書費,,,2540,31,,10,,,,000,共通部門,100,現金,,,2540,00,,,,,,新聞代,,,,,,,
,,,,,20211127,114,,,040,大阪支店,10E201160,新聞図書費,,,2864,31,,10,,,,000,共通部門,100,現金,,,2864,00,,,,,,新聞代,,,,,,,
,,,,,20211127,131,,,040,大阪支店,10E201140,諸会費,,,24000,00,,,,,,000,共通部門,10A100020-3,普通預金,40,JKL銀行 梅田,24000,00,,,,,,会費,,,,,,,
,,,,,20211127,171,,,050,九州営業所,523,通信費,,,87104,31,,10,,,,000,共通部門,10A100020-3,普通預金,50,MNO銀行 北九州,87104,00,,,,,,携帯代,,,,,,,
,,,,,20211128,27,,,010,札幌営業所,522,旅費・交通費,,,26667,31,,10,,,,000,共通部門,100,現金,,,26667,00,,,,,,旅費,,,,,,,
,,,,,20211128,27,,,010,札幌営業所,522,旅費・交通費,,,29524,31,,10,,,,000,共通部門,100,現金,,,29524,00,,,,,,旅費,,,,,,,
,,,,,20211128,27,,,010,札幌営業所,522,旅費・交通費,,,21429,31,,10,,,,000,共通部門,100,現金,,,21429,00,,,,,,旅費,,,,,,,
,,,,,20211128,35,,,010,札幌営業所,10E201160,新聞図書費,,,3925,31,,10,,,,000,共通部門,100,現金,,,3925,00,,,,,,新聞代,,,,,,,
,,,,,20211128,38,,,020,東京支店,10E200140,福利厚生費,,,48164,31,,10,,,,000,共通部門,204,未払金,,,48164,00,,,,,,宿泊費,,,,,,,
,,,,,20211128,93,,,010,札幌営業所,10E201000,修繕維持費,,,17850,31,,10,,,,000,共通部門,204,未払金,,,17850,00,,,,,,修繕費,,,,,,,
,,,,,20211128,154,,,050,九州営業所,521,接待交際費,,,3372,31,,10,,,,000,共通部門,204,未払金,,,3372,00,,,,,,食事代 架空店舗047 2名,,,,,,,
,,,,,20211128,154,,,050,九州営業所,521,接待交際費,,,14724,31,,10,,,,000,共通部門,204,未払金,,,14724,00,,,,,,飲食代 架空店舗047 2名,,,,,,,
,,,,,20211129,67,,,020,東京支店,10E201140,諸会費,,,30000,00,,,,,,000,共通部門,100,現金,,,30000,00,,,,,,会費支払い,,,,,,,
,,,,,20211129,75,,,020,東京支店,521,接待交際費,,,32590,31,,10,,,,000,共通部門,100,現金,,,32590,00,,,,,,飲食代 架空店舗018 5名,,,,,,,
,,,,,20211129,81,,,030,名古屋支店,10E200140,福利厚生費,,,19600,31,,10,,,,000,共通部門,204,未払金,,,19600,00,,,,,,お茶代,,,,,,,
,,,,,20211129,137,,,040,大阪支店,10E201270,雑費,,,6000,31,,10,,,,000,共通部門,204,未払金,,,6000,00,,,,,,有線,,,,,,,
,,,,,20211129,137,,,040,大阪支店,10E201270,雑費,,,42858,31,,10,,,,000,共通部門,204,未払金,,,42858,00,,,,,,警備料,,,,,,,
,,,,,20211129,137,,,040,大阪支店,10E201120,車両費,,,65403,31,,10,,,,000,共通部門,10A100020-3,普通預金,40,JKL銀行 梅田,65403,00,,,,,,高速料,,,,,,,
,,,,,20211129,137,,,040,大阪支店,10E201270,雑費,,,73500,31,,10,,,,000,共通部門,204,未払金,,,73500,00,,,,,,清掃料,,,,,,,
,,,,,20211129,143,,,000,共通部門,10A100020-3,普通預金,20,ABC銀行 本店,6000000,00,,,,,,000,共通部門,10A100020-3,普通預金,10,DEF銀行 駅前,6000000,00,,,,,,資金移動,,,,,,,
,,,,,20211129,143,,,000,共通部門,10A100020-3,普通預金,20,ABC銀行 本店,4000000,00,,,,,,000,共通部門,10A100020-3,普通預金,30,GHI銀行 名古屋,4000000,00,,,,,,資金移動,,,,,,,
,,,,,20211129,143,,,000,共通部門,10A100020-3,普通預金,20,ABC銀行 本店,2000000,00,,,,,,000,共通部門,10A100020-3,普通預金,40,JKL銀行 梅田,2000000,00,,,,,,資金移動,,,,,,,
,,,,,20211129,143,,,000,共通部門,10A100020-3,普通預金,20,ABC銀行 本店,2000000,00,,,,,,000,共通部門,10A100020-3,普通預金,50,MNO銀行 北九州,2000000,00,,,,,,資金移動,,,,,,,
,,,,,20211129,148,,,050,九州営業所,10E201120,車両費,,,5000,31,,10,,,,000,共通部門,100,現金,,,5000,00,,,,,,ガソリン代,,,,,,,
,,,,,20211130,1,,,010,札幌営業所,10E200870,運賃,,,381870,31,,10,,,,000,共通部門,204,未払金,,,381870,00,,,,,,運賃 架空運送会社B,,,,,,,
,,,,,20211130,5,,,010,札幌営業所,10E200050,広告宣伝費,,,52500,31,,10,,,,000,共通部門,10A100020-3,普通預金,10,DEF銀行 駅前,52500,00,,,,,,広告費,,,,,,,
,,,,,20211130,36,,,020,東京支店,10E200870,運賃,,,1723867,31,,10,,,,000,共通部門,204,未払金,,,1723867,00,,,,,,運賃 架空運送会社A,,,,,,,
,,,,,20211130,36,,,020,東京支店,10E200870,運賃,,,1281581,31,,10,,,,000,共通部門,204,未払金,,,1281581,00,,,,,,運賃 架空運送会社B,,,,,,,
,,,,,20211130,40,,,020,東京支店,10E200050,広告宣伝費,,,50000,31,,10,,,,000,共通部門,204,未払金,,,50000,00,,,,,,広告掲載,,,,,,,
,,,,,20211130,49,,,020,東京支店,10E201120,車両費,,,145000,31,,10,,,,000,共通部門,100,現金,,,145000,00,,,,,,ガソリン代,,,,,,,
,,,,,20211130,55,,,020,東京支店,10E201120,車両費,,,11905,31,,10,,,,000,共通部門,100,現金,,,11905,00,,,,,,車両管理費,,,,,,,
,,,,,20211130,55,,,020,東京支店,10E201120,車両費,,,7667,31,,10,,,,000,共通部門,100,現金,,,7667,00,,,,,,駐車代,,,,,,,
,,,,,20211130,63,,,020,東京支店,531,保険料,,,81000,30,,,,,,000,共通部門,10A100020-3,普通預金,20,ABC銀行 本店,81000,00,,,,,,保険料,,,,,,,
,,,,,20211130,66,,,020,東京支店,10E200730,リース料,,,209850,31,,10,,,,000,共通部門,10A100020-3,普通預金,20,ABC銀行 本店,209850,00,,,,,,リース料,,,,,,,
,,,,,20211130,69,,,040,大阪支店,10E201270,雑費,,,735,31,,10,,,,000,共通部門,100,現金,,,735,00,,,,,,洗剤代,,,,,,,
,,,,,20211130,70,,,020,東京支店,10E201270,雑費,,,6000,31,,10,,,,000,共通部門,204,未払金,,,6000,00,,,,,,有線,,,,,,,
,,,,,20211130,70,,,020,東京支店,10E201270,雑費,,,52381,31,,10,,,,000,共通部門,204,未払金,,,52381,00,,,,,,警備料,,,,,,,
,,,,,20211130,70,,,020,東京支店,10E201120,車両費,,,73315,31,,10,,,,000,共通部門,10A100020-3,普通預金,20,ABC銀行 本店,73315,00,,,,,,高速料,,,,,,,
,,,,,20211130,70,,,020,東京支店,10E201270,雑費,,,73500,31,,10,,,,000,共通部門,204,未払金,,,73500,00,,,,,,清掃料,,,,,,,
,,,,,20211130,71,,,030,名古屋支店,531,保険料,,,62000,30,,,,,,000,共通部門,10A100020-3,普通預金,30,GHI銀行 名古屋,62000,00,,,,,,保険料,,,,,,,
,,,,,20211130,72,,,050,九州営業所,531,保険料,,,57000,30,,,,,,000,共通部門,10A100020-3,普通預金,50,MNO銀行 北九州,57000,00,,,,,,保険料支払い,,,,,,,
,,,,,20211130,74,,,010,札幌営業所,525,消耗品費,,,25738,00,,,,,,000,共通部門,525,消耗品費,,,25738,00,,,,,,,,,,,,,
,,,,,20211130,74,,,020,東京支店,525,消耗品費,,,112313,00,,,,,,000,共通部門,525,消耗品費,,,112313,00,,,,,,,,,,,,,
,,,,,20211130,74,,,030,名古屋支店,525,消耗品費,,,23398,00,,,,,,000,共通部門,525,消耗品費,,,23398,00,,,,,,,,,,,,,
,,,,,20211130,74,,,040,大阪支店,525,消耗品費,,,56155,00,,,,,,000,共通部門,525,消耗品費,,,56155,00,,,,,,,,,,,,,
,,,,,20211130,74,,,050,九州営業所,525,消耗品費,,,16378,00,,,,,,000,共通部門,525,消耗品費,,,16378,00,,,,,,,,,,,,,
,,,,,20211130,77,,,030,名古屋支店,10E200870,運賃,,,196590,31,,10,,,,000,共通部門,204,未払金,,,196590,00,,,,,,運賃,,,,,,,
,,,,,20211130,83,,,000,共通部門,204,未払金,,,7681594,00,,,,,,000,共通部門,10A100020-3,普通預金,20,ABC銀行 本店,7681594,00,,,,,,10月分支払,,,,,,,
,,,,,20211130,96,,,030,名古屋支店,10E201270,雑費,,,22470,31,,10,,,,000,共通部門,10A100020-3,普通預金,30,GHI銀行 名古屋,22470,00,,,,,,警備料,,,,,,,
,,,,,20211130,99,,,040,大阪支店,10E200870,運賃,,,846100,31,,10,,,,000,共通部門,204,未払金,,,846100,00,,,,,,運賃,,,,,,,
,,,,,20211130,100,,,040,大阪支店,10E200140,福利厚生費,,,6000,31,,10,,,,000,共通部門,100,現金,,,6000,00,,,,,,会費,,,,,,,
,,,,,20211130,108,,,040,大阪支店,521,接待交際費,,,2400,31,,10,,,,000,共通部門,100,現金,,,2400,00,,,,,,コーヒー代 架空店舗044 3名,,,,,,,
,,,,,20211130,110,,,000,共通部門,208,預り金,1,保険料,1515566,00,,,,,,000,共通部門,10A100020-3,普通預金,20,ABC銀行 本店,1515566,00,,,,,,保険料預かり分,,,,,,,
,,,,,20211130,110,,,020,東京支店,10E200540,法定福利費,,,236045,30,,,,,,000,共通部門,10A100020-3,普通預金,20,ABC銀行 本店,236045,00,,,,,,保険料　事業主負担分,,,,,,,
,,,,,20211130,110,,,020,東京支店,10E200540,法定福利費,,,103424,30,,,,,,000,共通部門,10A100020-3,普通預金,20,ABC銀行 本店,103424,00,,,,,,保険料　事業主負担分,,,,,,,
,,,,,20211130,110,,,010,札幌営業所,10E200540,法定福利費,,,96352,30,,,,,,000,共通部門,10A100020-3,普通預金,20,ABC銀行 本店,96352,00,,,,,,保険料　事業主負担分,,,,,,,
,,,,,20211130,110,,,030,名古屋支店,10E200540,法定福利費,,,128755,30,,,,,,000,共通部門,10A100020-3,普通預金,20,ABC銀行 本店,128755,00,,,,,,保険料　事業主負担分,,,,,,,
,,,,,20211130,110,,,040,大阪支店,10E200540,法定福利費,,,67268,30,,,,,,000,共通部門,10A100020-3,普通預金,20,ABC銀行 本店,67268,00,,,,,,保険料　事業主負担分,,,,,,,
,,,,,20211130,110,,,050,九州営業所,10E200540,法定福利費,,,11056,30,,,,,,000,共通部門,10A100020-3,普通預金,20,ABC銀行 本店,11056,00,,,,,,保険料　事業主負担分,,,,,,,
,,,,,20211130,110,,,020,東京支店,10E200540,法定福利費,,,11056,30,,,,,,000,共通部門,10A100020-3,普通預金,20,ABC銀行 本店,11056,00,,,,,,児童拠出金　事業主負担分,,,,,,,
,,,,,20211130,111,,,000,共通部門,131,売掛金,14,株式会社花咲商事,1398520,00,,,,,,010,札幌営業所,10D100100,売上高,,,1398520,01,,10,,,,11月1日～11月30日分売上,,,,,,,
,,,,,20211130,111,,,000,共通部門,131,売掛金,25,株式会社ほのかマート,4567306,00,,,,,,010,札幌営業所,10D100100,売上高,,,4567306,01,,10,,,,11月1日～11月30日分売上,,,,,,,
,,,,,20211130,111,,,000,共通部門,131,売掛金,5,東雲商会株式会社,2041948,00,,,,,,010,札幌営業所,10D100100,売上高,,,2041948,01,,10,,,,11月1日～11月30日分売上,,,,,,,
,,,,,20211130,112,,,000,共通部門,131,売掛金,12,株式会社緑野百貨店,10629137,00,,,,,,020,東京支店,10D100100,売上高,,,10629137,01,,10,,,,11月1日～11月30日分売上,,,,,,,
,,,,,20211130,112,,,000,共通部門,131,売掛金,2,株式会社桜丘百貨店,17254140,00,,,,,,020,東京支店,10D100100,売上高,,,17254140,01,,10,,,,11月1日～11月30日分売上,,,,,,,
,,,,,20211130,112,,,000,共通部門,131,売掛金,14,株式会社花咲商事,2167946,00,,,,,,020,東京支店,10D100100,売上高,,,2167946,01,,10,,,,11月1日～11月30日分売上,,,,,,,
,,,,,20211130,112,,,000,共通部門,131,売掛金,26,若松販売株式会社,778520,00,,,,,,020,東京支店,10D100100,売上高,,,778520,01,,10,,,,11月1日～11月30日分売上,,,,,,,
,,,,,20211130,112,,,000,共通部門,131,売掛金,30,株式会社彩雲トレーディング,1327677,00,,,,,,020,東京支店,10D100100,売上高,,,1327677,01,,10,,,,11月1日～11月30日分売上,,,,,,,
,,,,,20211130,112,,,000,共通部門,131,売掛金,24,白峰商事株式会社,459212,00,,,,,,020,東京支店,10D100100,売上高,,,459212,01,,10,,,,11月1日～11月30日分売上,,,,,,,
,,,,,20211130,112,,,000,共通部門,131,売掛金,11,株式会社楓屋,1158996,00,,,,,,020,東京支店,10D100100,売上高,,,1158996,01,,10,,,,11月1日～11月30日分売上,,,,,,,
,,,,,20211130,112,,,000,共通部門,131,売掛金,13,星川商事株式会社,1108516,00,,,,,,020,東京支店,10D100100,売上高,,,1108516,01,,10,,,,11月1日～11月30日分売上,,,,,,,
,,,,,20211130,112,,,000,共通部門,131,売掛金,10,合同会社こもれび商事,320480,00,,,,,,020,東京支店,10D100100,売上高,,,320480,01,,10,,,,11月1日～11月30日分売上,,,,,,,
,,,,,20211130,113,,,000,共通部門,131,売掛金,27,晴海物産株式会社,1176124,00,,,,,,030,名古屋支店,10D100100,売上高,,,1176124,01,,10,,,,11月1日～11月30日分売上,,,,,,,
,,,,,20211130,113,,,000,共通部門,131,売掛金,6,株式会社瑞穂流通,2099052,00,,,,,,030,名古屋支店,10D100100,売上高,,,2099052,01,,10,,,,11月1日～11月30日分売上,,,,,,,
,,,,,20211130,113,,,000,共通部門,131,売掛金,14,株式会社花咲商事,1446278,00,,,,,,030,名古屋支店,10D100100,売上高,,,1446278,01,,10,,,,11月1日～11月30日分売上,,,,,,,
,,,,,20211130,113,,,000,共通部門,131,売掛金,7,株式会社光彩堂商事,1748532,00,,,,,,030,名古屋支店,10D100100,売上高,,,1748532,01,,10,,,,11月1日～11月30日分売上,,,,,,,
,,,,,20211130,113,,,000,共通部門,131,売掛金,19,株式会社南風商会,727515,00,,,,,,030,名古屋支店,10D100100,売上高,,,727515,01,,10,,,,11月1日～11月30日分売上,,,,,,,
,,,,,20211130,113,,,000,共通部門,131,売掛金,21,合同会社つばさ商店,571347,00,,,,,,030,名古屋支店,10D100100,売上高,,,571347,01,,10,,,,11月1日～11月30日分売上,,,,,,,
,,,,,20211130,114,,,000,共通部門,131,売掛金,8,株式会社高原マーケット,1448504,00,,,,,,040,大阪支店,10D100100,売上高,,,1448504,01,,10,,,,11月1日～11月30日分売上,,,,,,,
,,,,,20211130,114,,,000,共通部門,131,売掛金,14,株式会社花咲商事,2901037,00,,,,,,040,大阪支店,10D100100,売上高,,,2901037,01,,10,,,,11月1日～11月30日分売上,,,,,,,
,,,,,20211130,114,,,000,共通部門,131,売掛金,28,株式会社青葉百貨店,6004022,00,,,,,,040,大阪支店,10D100100,売上高,,,6004022,01,,10,,,,11月1日～11月30日分売上,,,,,,,
,,,,,20211130,114,,,000,共通部門,131,売掛金,4,株式会社ひなたマート,1300832,00,,,,,,040,大阪支店,10D100100,売上高,,,1300832,01,,10,,,,11月1日～11月30日分売上,,,,,,,
,,,,,20211130,114,,,000,共通部門,131,売掛金,9,朝凪物産株式会社,1303424,00,,,,,,040,大阪支店,10D100100,売上高,,,1303424,01,,10,,,,11月1日～11月30日分売上,,,,,,,
,,,,,20211130,114,,,000,共通部門,131,売掛金,20,清和商事株式会社,1210614,00,,,,,,040,大阪支店,10D100100,売上高,,,1210614,01,,10,,,,11月1日～11月30日分売上,,,,,,,
,,,,,20211130,114,,,000,共通部門,131,売掛金,3,青凪商事株式会社,1074280,00,,,,,,040,大阪支店,10D100100,売上高,,,1074280,01,,10,,,,11月1日～11月30日分売上,,,,,,,
,,,,,20211130,114,,,000,共通部門,131,売掛金,23,株式会社杉の木商店,835689,00,,,,,,040,大阪支店,10D100100,売上高,,,835689,01,,10,,,,11月1日～11月30日分売上,,,,,,,
,,,,,20211130,115,,,000,共通部門,131,売掛金,14,株式会社花咲商事,682664,00,,,,,,050,九州営業所,10D100100,売上高,,,682664,01,,10,,,,11月1日～11月30日分売上,,,,,,,
,,,,,20211130,115,,,000,共通部門,131,売掛金,1,株式会社若葉百貨店,1615320,00,,,,,,050,九州営業所,10D100100,売上高,,,1615320,01,,10,,,,11月1日～11月30日分売上,,,,,,,
,,,,,20211130,115,,,000,共通部門,131,売掛金,22,株式会社豊原産業,986824,00,,,,,,050,九州営業所,10D100100,売上高,,,986824,01,,10,,,,11月1日～11月30日分売上,,,,,,,
,,,,,20211130,115,,,000,共通部門,131,売掛金,29,株式会社小春サービス,488898,00,,,,,,050,九州営業所,10D100100,売上高,,,488898,01,,10,,,,11月1日～11月30日分売上,,,,,,,
,,,,,20211130,115,,,040,大阪支店,531,保険料,,,64500,30,,,,,,000,共通部門,10A100020-3,普通預金,40,JKL銀行 梅田,64500,00,,,,,,保険料,,,,,,,
,,,,,20211130,116,,,000,共通部門,10A100020-3,普通預金,40,JKL銀行 梅田,1086384,00,,,,,,000,共通部門,131,売掛金,4,株式会社ひなたマート,1086384,00,,,,,,11月30日伝票No374株式会社ひなたマート,,,,,,,
,,,,,20211130,116,,,040,大阪支店,512,支払手数料,,,840,31,,10,,,,000,共通部門,131,売掛金,4,株式会社ひなたマート,840,00,,,,,,11月30日伝票No374株式会社ひなたマート,,,,,,,
,,,,,20211130,116,,,040,大阪支店,10E200730,リース料,,,84000,31,,10,,,,000,共通部門,10A100020-3,普通預金,40,JKL銀行 梅田,84000,00,,,,,,リース料,,,,,,,
,,,,,20211130,117,,,000,共通部門,10A100020-3,普通預金,10,DEF銀行 駅前,1280728,00,,,,,,000,共通部門,131,売掛金,5,東雲商会株式会社,1280728,00,,,,,,11月30日伝票No375東雲商会株式会社,,,,,,,
,,,,,20211130,117,,,010,札幌営業所,512,支払手数料,,,840,31,,10,,,,000,共通部門,131,売掛金,5,東雲商会株式会社,840,00,,,,,,11月30日伝票No375東雲商会株式会社,,,,,,,
,,,,,20211130,118,,,000,共通部門,100,現金,,,203996,00,,,,,,000,共通部門,131,売掛金,10,合同会社こもれび商事,203996,00,,,,,,11月30日伝票No376合同会社こもれび商事,,,,,,,
,,,,,20211130,119,,,000,共通部門,130,受取手形,,,10808171,00,,,,,,000,共通部門,131,売掛金,12,株式会社緑野百貨店,10808171,00,,,,,,11月30日伝票No377株式会社緑野百貨店 | 売上伝票=20211031-110;手形番号=R20211130-119-12,,,,,,,
,,,,,20211130,120,,,000,共通部門,10A100020-3,普通預金,20,ABC銀行 本店,497242,00,,,,,,000,共通部門,131,売掛金,24,白峰商事株式会社,497242,00,,,,,,11月30日伝票No378白峰商事株式会社,,,,,,,
,,,,,20211130,120,,,020,東京支店,512,支払手数料,,,630,31,,10,,,,000,共通部門,131,売掛金,24,白峰商事株式会社,630,00,,,,,,11月30日伝票No378白峰商事株式会社,,,,,,,
,,,,,20211130,121,,,000,共通部門,10A100020-3,普通預金,50,MNO銀行 北九州,708450,00,,,,,,000,共通部門,131,売掛金,29,株式会社小春サービス,708450,00,,,,,,11月30日伝票No379株式会社小春サービス,,,,,,,
,,,,,20211130,121,,,050,九州営業所,512,支払手数料,,,210,31,,10,,,,000,共通部門,131,売掛金,29,株式会社小春サービス,210,00,,,,,,11月30日伝票No379株式会社小春サービス,,,,,,,
,,,,,20211130,122,,,010,札幌営業所,461,仕入高,,,183908,31,,10,,,,000,共通部門,201,買掛金,2,株式会社双葉物産,183908,00,,,,,,11月1日～11月30日分仕入,,,,,,,
,,,,,20211130,122,,,010,札幌営業所,461,仕入高,,,25704,31,,10,,,,000,共通部門,201,買掛金,8,株式会社白樺商事,25704,00,,,,,,11月1日～11月30日分仕入,,,,,,,
,,,,,20211130,123,,,020,東京支店,461,仕入高,,,433742,31,,10,,,,000,共通部門,201,買掛金,12,株式会社泉川商事,433742,00,,,,,,11月1日～11月30日分仕入,,,,,,,
,,,,,20211130,123,,,020,東京支店,461,仕入高,,,7285614,31,,10,,,,000,共通部門,201,買掛金,1,株式会社北辰商事,7285614,00,,,,,,11月1日～11月30日分仕入,,,,,,,
,,,,,20211130,123,,,020,東京支店,461,仕入高,,,5286009,31,,10,,,,000,共通部門,201,買掛金,11,株式会社花園商会,5286009,00,,,,,,11月1日～11月30日分仕入,,,,,,,
,,,,,20211130,123,,,020,東京支店,461,仕入高,,,3875434,31,,10,,,,000,共通部門,201,買掛金,14,合同会社あかね商会,3875434,00,,,,,,11月1日～11月30日分仕入,,,,,,,
,,,,,20211130,123,,,020,東京支店,461,仕入高,,,4077586,31,,10,,,,000,共通部門,201,買掛金,3,青凪商事株式会社,4077586,00,,,,,,11月1日～11月30日分仕入,,,,,,,
,,,,,20211130,123,,,020,東京支店,461,仕入高,,,1802651,31,,10,,,,000,共通部門,201,買掛金,13,朝日野産業株式会社,1802651,00,,,,,,11月1日～11月30日分仕入,,,,,,,
,,,,,20211130,123,,,020,東京支店,461,仕入高,,,322960,31,,10,,,,000,共通部門,201,買掛金,2,株式会社双葉物産,322960,00,,,,,,11月1日～11月30日分仕入,,,,,,,
,,,,,20211130,123,,,020,東京支店,461,仕入高,,,179928,31,,10,,,,000,共通部門,201,買掛金,8,株式会社白樺商事,179928,00,,,,,,11月1日～11月30日分仕入,,,,,,,
,,,,,20211130,124,,,030,名古屋支店,461,仕入高,,,4597303,31,,10,,,,000,共通部門,201,買掛金,7,株式会社夕凪商会,4597303,00,,,,,,11月1日～11月30日分仕入,,,,,,,
,,,,,20211130,124,,,030,名古屋支店,461,仕入高,,,2224739,31,,10,,,,000,共通部門,201,買掛金,9,東原産業株式会社,2224739,00,,,,,,11月1日～11月30日分仕入,,,,,,,
,,,,,20211130,124,,,030,名古屋支店,461,仕入高,,,1543059,31,,10,,,,000,共通部門,201,買掛金,15,株式会社麦穂商事,1543059,00,,,,,,11月1日～11月30日分仕入,,,,,,,
,,,,,20211130,124,,,030,名古屋支店,461,仕入高,,,51408,31,,10,,,,000,共通部門,201,買掛金,8,株式会社白樺商事,51408,00,,,,,,11月1日～11月30日分仕入,,,,,,,
,,,,,20211130,124,,,030,名古屋支店,461,仕入高,,,103168,31,,10,,,,000,共通部門,201,買掛金,2,株式会社双葉物産,103168,00,,,,,,11月1日～11月30日分仕入,,,,,,,
,,,,,20211130,125,,,040,大阪支店,461,仕入高,,,3791833,31,,10,,,,000,共通部門,201,買掛金,10,光野販売株式会社,3791833,00,,,,,,11月1日～11月30日分仕入,,,,,,,
,,,,,20211130,125,,,040,大阪支店,461,仕入高,,,4043244,31,,10,,,,000,共通部門,201,買掛金,6,株式会社日向産業,4043244,00,,,,,,11月1日～11月30日分仕入,,,,,,,
,,,,,20211130,125,,,040,大阪支店,461,仕入高,,,4897778,31,,10,,,,000,共通部門,201,買掛金,5,千草商事株式会社,4897778,00,,,,,,11月1日～11月30日分仕入,,,,,,,
,,,,,20211130,125,,,040,大阪支店,461,仕入高,,,502382,31,,10,,,,000,共通部門,201,買掛金,2,株式会社双葉物産,502382,00,,,,,,11月1日～11月30日分仕入,,,,,,,
,,,,,20211130,125,,,040,大阪支店,461,仕入高,,,1155555,31,,10,,,,000,共通部門,201,買掛金,4,株式会社和泉流通,1155555,00,,,,,,11月1日～11月30日分仕入,,,,,,,
,,,,,20211130,125,,,040,大阪支店,461,仕入高,,,102816,31,,10,,,,000,共通部門,201,買掛金,8,株式会社白樺商事,102816,00,,,,,,11月1日～11月30日分仕入,,,,,,,
,,,,,20211130,126,,,050,九州営業所,461,仕入高,,,46267,31,,10,,,,000,共通部門,201,買掛金,8,株式会社白樺商事,46267,00,,,,,,11月1日～11月30日分仕入,,,,,,,
,,,,,20211130,126,,,050,九州営業所,461,仕入高,,,202050,31,,10,,,,000,共通部門,201,買掛金,2,株式会社双葉物産,202050,00,,,,,,11月1日～11月30日分仕入,,,,,,,
,,,,,20211130,127,,,000,共通部門,201,買掛金,5,千草商事株式会社,3923430,00,,,,,,000,共通部門,10B100030,支払手形,,,3923430,00,,,,,,11月30日伝票No288千草商事株式会社,,,,,,,
,,,,,20211130,128,,,000,共通部門,201,買掛金,7,株式会社夕凪商会,3715740,00,,,,,,000,共通部門,10A100020-3,普通預金,20,ABC銀行 本店,3715740,00,,,,,,11月30日伝票No290株式会社夕凪商会,,,,,,,
,,,,,20211130,129,,,000,共通部門,201,買掛金,9,東原産業株式会社,1859340,00,,,,,,000,共通部門,10B100030,支払手形,,,1859340,00,,,,,,11月30日伝票No293東原産業株式会社,,,,,,,
,,,,,20211130,130,,,000,共通部門,201,買掛金,10,光野販売株式会社,3215415,00,,,,,,000,共通部門,10B100030,支払手形,,,3215415,00,,,,,,11月30日伝票No295光野販売株式会社,,,,,,,
,,,,,20211130,131,,,000,共通部門,201,買掛金,12,株式会社泉川商事,343980,00,,,,,,000,共通部門,10A100020-3,普通預金,20,ABC銀行 本店,343980,00,,,,,,11月30日伝票No298株式会社泉川商事,,,,,,,
,,,,,20211130,132,,,000,共通部門,201,買掛金,2,株式会社双葉物産,1349460,00,,,,,,000,共通部門,10A100020-3,普通預金,20,ABC銀行 本店,1349460,00,,,,,,11月30日伝票No299株式会社双葉物産,,,,,,,
,,,,,20211130,133,,,000,共通部門,201,買掛金,13,朝日野産業株式会社,1317476,00,,,,,,000,共通部門,10A100020-3,普通預金,20,ABC銀行 本店,1317476,00,,,,,,11月30日伝票No300朝日野産業株式会社,,,,,,,
,,,,,20211130,134,,,000,共通部門,201,買掛金,14,合同会社あかね商会,3016650,00,,,,,,000,共通部門,10A100020-3,普通預金,20,ABC銀行 本店,3016650,00,,,,,,11月30日伝票No301合同会社あかね商会,,,,,,,
,,,,,20211130,135,,,000,共通部門,201,買掛金,15,株式会社麦穂商事,1204980,00,,,,,,000,共通部門,10A100020-3,普通預金,20,ABC銀行 本店,1204980,00,,,,,,11月30日伝票No302株式会社麦穂商事,,,,,,,
,,,,,20211130,137,,,000,共通部門,10B100030,支払手形,,,3841014,00,,,,,,000,共通部門,10A100020-2,当座預金,1,ABC銀行,3841014,00,,,,,,手形期日落日 千草商事株式会社,,,,,,,
,,,,,20211130,137,,,000,共通部門,10B100030,支払手形,,,1819272,00,,,,,,000,共通部門,10A100020-2,当座預金,1,ABC銀行,1819272,00,,,,,,手形期日落日 東原産業株式会社,,,,,,,
,,,,,20211130,137,,,000,共通部門,10B100030,支払手形,,,3148603,00,,,,,,000,共通部門,10A100020-2,当座預金,1,ABC銀行,3148603,00,,,,,,手形期日落日 光野販売株式会社,,,,,,,
,,,,,20211130,138,,,000,共通部門,10A100020-2,当座預金,1,ABC銀行,16395173,00,,,,,,000,共通部門,130,受取手形,,,16395173,00,,,,,,手形満期 株式会社桜丘百貨店 | 手形番号=R20210825-106-2;受取額に決済額を訂正,,,,,,,
,,,,,20211130,144,,,000,共通部門,10A100020-3,普通預金,20,ABC銀行 本店,40000,00,,,,,,000,共通部門,10A100610,短期貸付金,,,40000,00,,,,,,貸付金返済,,,,,,,
,,,,,20211130,145,,,050,九州営業所,10E200870,運賃,,,140400,31,,10,,,,000,共通部門,204,未払金,,,140400,00,,,,,,運賃,,,,,,,
,,,,,20211130,146,,,000,共通部門,10A100020-4,定期積金,,,500000,00,,,,,,000,共通部門,10A100020-3,普通預金,20,ABC銀行 本店,500000,00,,,,,,定期積立金,,,,,,,
,,,,,20211130,146,,,000,共通部門,10A230570,保険積立金,,,125000,00,,,,,,000,共通部門,10A100020-3,普通預金,20,ABC銀行 本店,125000,00,,,,,,保険積立金,,,,,,,
,,,,,20211130,147,,,000,共通部門,202,借入金,,,653500,00,,,,,,000,共通部門,10A100020-2,当座預金,1,ABC銀行,653500,00,,,,,,借入金返済,,,,,,,
,,,,,20211130,147,,,020,東京支店,10E300020,支払利息,,,32675,30,,,,,,000,共通部門,10A100020-2,当座預金,1,ABC銀行,32675,00,,,,,,利息,,,,,,,
,,,,,20211130,155,,,050,九州営業所,10E201120,車両費,,,25420,31,,10,,,,000,共通部門,204,未払金,,,25420,00,,,,,,点検整備,,,,,,,
,,,,,20211130,990008,,,010,札幌営業所,10E200130,賞与,,,190000,00,,,,,,010,札幌営業所,10B100320,賞与引当金,,,190000,00,,,,,,サンプル定義：賞与半年均等引当 202111 部門010,,,,,,,
,,,,,20211130,990008,,,020,東京支店,10E200130,賞与,,,451666,00,,,,,,020,東京支店,10B100320,賞与引当金,,,451666,00,,,,,,サンプル定義：賞与半年均等引当 202111 部門020,,,,,,,
,,,,,20211130,990008,,,030,名古屋支店,10E200130,賞与,,,178334,00,,,,,,030,名古屋支店,10B100320,賞与引当金,,,178334,00,,,,,,サンプル定義：賞与半年均等引当 202111 部門030,,,,,,,
,,,,,20211130,990008,,,040,大阪支店,10E200130,賞与,,,216666,00,,,,,,040,大阪支店,10B100320,賞与引当金,,,216666,00,,,,,,サンプル定義：賞与半年均等引当 202111 部門040,,,,,,,
,,,,,20211130,990008,,,050,九州営業所,10E200130,賞与,,,136666,00,,,,,,050,九州営業所,10B100320,賞与引当金,,,136666,00,,,,,,サンプル定義：賞与半年均等引当 202111 部門050,,,,,,,
,,,,,20211201,10,,,010,札幌営業所,10E201120,車両費,,,3000,31,,10,,,,000,共通部門,100,現金,,,3000,00,,,,,,洗車代,,,,,,,
,,,,,20211201,18,,,010,札幌営業所,522,旅費・交通費,,,29500,31,,10,,,,000,共通部門,100,現金,,,29500,00,,,,,,旅費,,,,,,,
,,,,,20211201,56,,,020,東京支店,522,旅費・交通費,,,653500,31,,10,,,,000,共通部門,100,現金,,,653500,00,,,,,,旅費,,,,,,,
,,,,,20211201,56,,,020,東京支店,522,旅費・交通費,,,32675,31,,10,,,,000,共通部門,100,現金,,,32675,00,,,,,,架空鉄道会社A代,,,,,,,
,,,,,20211201,85,,,030,名古屋支店,522,旅費・交通費,,,19800,31,,10,,,,000,共通部門,100,現金,,,19800,00,,,,,,旅費,,,,,,,
,,,,,20211201,143,,,040,大阪支店,10E201120,車両費,,,29400,31,,10,,,,000,共通部門,100,現金,,,29400,00,,,,,,点検作業料,,,,,,,
,,,,,20211202,19,,,010,札幌営業所,522,旅費・交通費,,,22000,31,,10,,,,000,共通部門,100,現金,,,22000,00,,,,,,旅費,,,,,,,
,,,,,20211203,134,,,030,名古屋支店,10E201110,事務用消耗品費,,,14600,31,,10,,,,000,共通部門,100,現金,,,14600,00,,,,,,用紙,,,,,,,
,,,,,20211203,147,,,050,九州営業所,10E201120,車両費,,,6240,31,,10,,,,000,共通部門,204,未払金,,,6240,00,,,,,,ガソリン代,,,,,,,
,,,,,20211204,41,,,020,東京支店,521,接待交際費,,,69191,31,,10,,,,000,共通部門,100,現金,,,69191,00,,,,,,お歳暮 架空店舗058,,,,,,,
,,,,,20211204,41,,,020,東京支店,521,接待交際費,,,40629,31,,10,,,,000,共通部門,100,現金,,,40629,00,,,,,,お歳暮 株式会社桜丘百貨店,,,,,,,
,,,,,20211204,41,,,020,東京支店,521,接待交際費,,,15953,31,,10,,,,000,共通部門,100,現金,,,15953,00,,,,,,お歳暮 架空店舗087,,,,,,,
,,,,,20211205,50,,,020,東京支店,10E201120,車両費,,,3500,31,,10,,,,000,共通部門,100,現金,,,3500,00,,,,,,高速代,,,,,,,
,,,,,20211205,86,,,030,名古屋支店,522,旅費・交通費,,,12000,31,,10,,,,000,共通部門,100,現金,,,12000,00,,,,,,架空鉄道会社A代,,,,,,,
,,,,,20211205,95,,,000,共通部門,10A100020-3,普通預金,50,MNO銀行 北九州,986352,00,,,,,,000,共通部門,131,売掛金,22,株式会社豊原産業,986352,00,,,,,,12月5日伝票No380株式会社豊原産業,,,,,,,
,,,,,20211205,95,,,050,九州営業所,512,支払手数料,,,472,31,,10,,,,000,共通部門,131,売掛金,22,株式会社豊原産業,472,00,,,,,,12月5日伝票No380株式会社豊原産業,,,,,,,
,,,,,20211205,96,,,000,共通部門,10A100020-3,普通預金,20,ABC銀行 本店,778048,00,,,,,,000,共通部門,131,売掛金,26,若松販売株式会社,778048,00,,,,,,12月5日伝票No381若松販売株式会社,,,,,,,
,,,,,20211205,96,,,020,東京支店,512,支払手数料,,,472,31,,10,,,,000,共通部門,131,売掛金,26,若松販売株式会社,472,00,,,,,,12月5日伝票No381若松販売株式会社,,,,,,,
,,,,,20211205,97,,,000,共通部門,10A100020-3,普通預金,30,GHI銀行 名古屋,1176124,00,,,,,,000,共通部門,131,売掛金,27,晴海物産株式会社,1176124,00,,,,,,12月5日伝票No382晴海物産株式会社,,,,,,,
,,,,,20211205,133,,,020,東京支店,10E200600,支払報酬,,,139710,31,,10,,,,000,共通部門,10A100020-3,普通預金,20,ABC銀行 本店,139710,00,,,,,,税理士報酬,,,,,,,
,,,,,20211206,87,,,030,名古屋支店,522,旅費・交通費,,,4500,31,,10,,,,000,共通部門,100,現金,,,4500,00,,,,,,タクシー代,,,,,,,
,,,,,20211206,106,,,040,大阪支店,521,接待交際費,,,71810,31,,10,,,,000,共通部門,100,現金,,,71810,00,,,,,,お歳暮 架空店舗058,,,,,,,
,,,,,20211206,106,,,040,大阪支店,521,接待交際費,,,40629,31,,10,,,,000,共通部門,100,現金,,,40629,00,,,,,,お歳暮 株式会社桜丘百貨店,,,,,,,
,,,,,20211206,110,,,040,大阪支店,522,旅費・交通費,,,2290,31,,10,,,,000,共通部門,100,現金,,,2290,00,,,,,,タクシー代,,,,,,,
,,,,,20211206,159,,,050,九州営業所,522,旅費・交通費,,,10500,31,,10,,,,000,共通部門,100,現金,,,10500,00,,,,,,タクシー代,,,,,,,
,,,,,20211207,16,,,010,札幌営業所,10E201120,車両費,,,2858,31,,10,,,,000,共通部門,100,現金,,,2858,00,,,,,,ガソリン代,,,,,,,
,,,,,20211207,16,,,010,札幌営業所,10E201120,車両費,,,378,31,,10,,,,000,共通部門,100,現金,,,378,00,,,,,,駐車代,,,,,,,
,,,,,20211207,20,,,010,札幌営業所,522,旅費・交通費,,,39000,31,,10,,,,000,共通部門,100,現金,,,39000,00,,,,,,旅費,,,,,,,
,,,,,20211207,21,,,010,札幌営業所,522,旅費・交通費,,,69500,31,,10,,,,000,共通部門,100,現金,,,69500,00,,,,,,架空鉄道会社A代,,,,,,,
,,,,,20211207,22,,,010,札幌営業所,522,旅費・交通費,,,50000,31,,10,,,,000,共通部門,100,現金,,,50000,00,,,,,,旅費,,,,,,,
,,,,,20211207,58,,,020,東京支店,522,旅費・交通費,,,70000,31,,10,,,,000,共通部門,100,現金,,,70000,00,,,,,,旅費,,,,,,,
,,,,,20211207,69,,,010,札幌営業所,10E201270,雑費,,,380,31,,10,,,,000,共通部門,100,現金,,,380,00,,,,,,洗剤代,,,,,,,
,,,,,20211207,69,,,010,札幌営業所,10E201270,雑費,,,2710,31,,10,,,,000,共通部門,100,現金,,,2710,00,,,,,,台所用品,,,,,,,
,,,,,20211207,69,,,020,東京支店,10E201270,雑費,,,898,31,,10,,,,000,共通部門,100,現金,,,898,00,,,,,,洗剤代,,,,,,,
,,,,,20211207,102,,,040,大阪支店,521,接待交際費,,,18300,31,,10,,,,000,共通部門,100,現金,,,18300,00,,,,,,お歳暮 架空店舗089,,,,,,,
,,,,,20211208,76,,,020,東京支店,10E200140,福利厚生費,,,75801,31,,10,,,,000,共通部門,204,未払金,,,75801,00,,,,,,社員夜食代,,,,,,,
,,,,,20211208,77,,,010,札幌営業所,521,接待交際費,,,14800,31,,10,,,,000,共通部門,100,現金,,,14800,00,,,,,,ゴルフプレー代2名,,,,,,,
,,,,,20211208,142,,,040,大阪支店,10E201120,車両費,,,3102,31,,10,,,,000,共通部門,100,現金,,,3102,00,,,,,,高速代,,,,,,,
,,,,,20211208,142,,,040,大阪支店,10E201120,車両費,,,9373,31,,10,,,,000,共通部門,100,現金,,,9373,00,,,,,,高速代,,,,,,,
,,,,,20211208,142,,,040,大阪支店,10E201120,車両費,,,3404,31,,10,,,,000,共通部門,100,現金,,,3404,00,,,,,,高速代,,,,,,,
,,,,,20211208,142,,,040,大阪支店,10E201120,車両費,,,6229,31,,10,,,,000,共通部門,100,現金,,,6229,00,,,,,,高速代,,,,,,,
,,,,,20211208,142,,,040,大阪支店,10E201120,車両費,,,4353,31,,10,,,,000,共通部門,100,現金,,,4353,00,,,,,,高速代,,,,,,,
,,,,,20211208,142,,,040,大阪支店,10E201120,車両費,,,5715,31,,10,,,,000,共通部門,100,現金,,,5715,00,,,,,,ガソリン代,,,,,,,
,,,,,20211209,44,,,020,東京支店,521,接待交際費,,,6260,31,,10,,,,000,共通部門,100,現金,,,6260,00,,,,,,食事代 架空店舗051 3名,,,,,,,
,,,,,20211209,112,,,040,大阪支店,523,通信費,,,173616,31,,10,,,,000,共通部門,10A100020-3,普通預金,40,JKL銀行 梅田,173616,00,,,,,,電話代,,,,,,,
,,,,,20211209,150,,,050,九州営業所,521,接待交際費,,,61058,31,,10,,,,000,共通部門,100,現金,,,61058,00,,,,,,お歳暮 架空店舗058,,,,,,,
,,,,,20211209,150,,,050,九州営業所,521,接待交際費,,,25115,31,,10,,,,000,共通部門,100,現金,,,25115,00,,,,,,お歳暮 株式会社桜丘百貨店,,,,,,,
,,,,,20211210,9,,,010,札幌営業所,521,接待交際費,,,78400,31,,10,,,,000,共通部門,100,現金,,,78400,00,,,,,,お歳暮 株式会社緑野百貨店,,,,,,,
,,,,,20211210,33,,,010,札幌営業所,528,地代・家賃,,,320000,31,,10,,,,000,共通部門,10A100020-3,普通預金,10,DEF銀行 駅前,320000,00,,,,,,家賃支払い,,,,,,,
,,,,,20211210,33,,,010,札幌営業所,523,通信費,,,138505,31,,10,,,,000,共通部門,10A100020-3,普通預金,10,DEF銀行 駅前,138505,00,,,,,,電話代,,,,,,,
,,,,,20211210,62,,,000,共通部門,100,現金,,,1500000,00,,,,,,000,共通部門,10A100020-2,当座預金,1,ABC銀行,1500000,00,,,,,,引き出し,,,,,,,
,,,,,20211210,66,,,000,共通部門,208,預り金,3,源泉税,256142,00,,,,,,000,共通部門,10A100020-3,普通預金,20,ABC銀行 本店,256142,00,,,,,,源泉税支払,,,,,,,
,,,,,20211210,66,,,000,共通部門,208,預り金,2,住民税,449500,00,,,,,,000,共通部門,10A100020-3,普通預金,20,ABC銀行 本店,449500,00,,,,,,住民税支払,,,,,,,
,,,,,20211210,68,,,040,大阪支店,528,地代・家賃,,,840000,31,,10,,,,000,共通部門,10A100020-3,普通預金,40,JKL銀行 梅田,840000,00,,,,,,家賃支払,,,,,,,
,,,,,20211210,69,,,010,札幌営業所,10E201270,雑費,,,5000,31,,10,,,,000,共通部門,204,未払金,,,5000,00,,,,,,有線,,,,,,,
,,,,,20211210,69,,,010,札幌営業所,10E201270,雑費,,,34286,31,,10,,,,000,共通部門,204,未払金,,,34286,00,,,,,,警備料,,,,,,,
,,,,,20211210,82,,,030,名古屋支店,10E201120,車両費,,,17064,31,,10,,,,000,共通部門,204,未払金,,,17064,00,,,,,,ガソリン代,,,,,,,
,,,,,20211210,85,,,030,名古屋支店,523,通信費,,,81236,31,,10,,,,000,共通部門,10A100020-3,普通預金,30,GHI銀行 名古屋,81236,00,,,,,,電話代,,,,,,,
,,,,,20211210,88,,,030,名古屋支店,522,旅費・交通費,,,8000,31,,10,,,,000,共通部門,100,現金,,,8000,00,,,,,,タクシー代,,,,,,,
,,,,,20211210,98,,,000,共通部門,201,買掛金,3,青凪商事株式会社,1074280,00,,,,,,000,共通部門,131,売掛金,3,青凪商事株式会社,1074280,00,,,,,,12月10日伝票No383青凪商事株式会社,,,,,,,
,,,,,20211210,99,,,000,共通部門,10A100020-3,普通預金,20,ABC銀行 本店,8595710,00,,,,,,000,共通部門,131,売掛金,14,株式会社花咲商事,8595710,00,,,,,,12月10日伝票No384株式会社花咲商事東京本社,,,,,,,
,,,,,20211210,99,,,020,東京支店,512,支払手数料,,,735,31,,10,,,,000,共通部門,131,売掛金,14,株式会社花咲商事,735,00,,,,,,12月10日伝票No384株式会社花咲商事東京本社,,,,,,,
,,,,,20211210,100,,,000,共通部門,10A100020-3,普通預金,30,GHI銀行 名古屋,726780,00,,,,,,000,共通部門,131,売掛金,19,株式会社南風商会,726780,00,,,,,,12月10日伝票No385株式会社南風商会,,,,,,,
,,,,,20211210,100,,,030,名古屋支店,512,支払手数料,,,735,31,,10,,,,000,共通部門,131,売掛金,19,株式会社南風商会,735,00,,,,,,12月10日伝票No385株式会社南風商会,,,,,,,
,,,,,20211210,101,,,000,共通部門,130,受取手形,,,6004022,00,,,,,,000,共通部門,131,売掛金,28,株式会社青葉百貨店,6004022,00,,,,,,12月10日伝票No386株式会社青葉百貨店 | 売上伝票=20211130-114;手形番号=R20211210-101-28,,,,,,,
,,,,,20211210,102,,,000,共通部門,201,買掛金,3,青凪商事株式会社,3003306,00,,,,,,000,共通部門,10B100030,支払手形,,,3003306,00,,,,,,12月10日伝票No303青凪商事株式会社,,,,,,,
,,,,,20211210,103,,,040,大阪支店,521,接待交際費,,,2680,31,,10,,,,000,共通部門,100,現金,,,2680,00,,,,,,コーヒー代 架空店舗065,,,,,,,
,,,,,20211210,103,,,000,共通部門,201,買掛金,8,株式会社白樺商事,423360,00,,,,,,000,共通部門,10A100020-3,普通預金,20,ABC銀行 本店,423360,00,,,,,,12月10日伝票No304株式会社白樺商事,,,,,,,
,,,,,20211210,110,,,020,東京支店,528,地代・家賃,,,1260000,31,,10,,,,000,共通部門,10A100020-3,普通預金,20,ABC銀行 本店,1260000,00,,,,,,家賃支払,,,,,,,
,,,,,20211210,129,,,030,名古屋支店,528,地代・家賃,,,399000,31,,10,,,,000,共通部門,10A100020-3,普通預金,30,GHI銀行 名古屋,399000,00,,,,,,家賃支払い,,,,,,,
,,,,,20211210,146,,,000,共通部門,10B100030,支払手形,,,2623516,00,,,,,,000,共通部門,10A100020-2,当座預金,1,ABC銀行,2623516,00,,,,,,手形期日落日 青凪商事株式会社,,,,,,,
,,,,,20211210,162,,,020,東京支店,10E201130,会議費,,,24995,31,,10,,,,000,共通部門,100,現金,,,24995,00,,,,,,会議　食事代,,,,,,,
,,,,,20211210,167,,,050,九州営業所,528,地代・家賃,,,630000,31,,10,,,,000,共通部門,10A100020-3,普通預金,50,MNO銀行 北九州,630000,00,,,,,,家賃支払い,,,,,,,
,,,,,20211210,167,,,050,九州営業所,523,通信費,,,200642,31,,10,,,,000,共通部門,10A100020-3,普通預金,50,MNO銀行 北九州,200642,00,,,,,,電話代,,,,,,,
,,,,,20211210,168,,,050,九州営業所,10E201270,雑費,,,6000,31,,10,,,,000,共通部門,204,未払金,,,6000,00,,,,,,有線,,,,,,,
,,,,,20211210,168,,,050,九州営業所,10E201270,雑費,,,42858,31,,10,,,,000,共通部門,204,未払金,,,42858,00,,,,,,警備料,,,,,,,
,,,,,20211211,82,,,050,九州営業所,10E201120,車両費,,,4014,31,,10,,,,000,共通部門,100,現金,,,4014,00,,,,,,ガソリン代,,,,,,,
,,,,,20211211,82,,,050,九州営業所,10E201120,車両費,,,572,31,,10,,,,000,共通部門,100,現金,,,572,00,,,,,,高速代,,,,,,,
,,,,,20211211,127,,,030,名古屋支店,526,租税公課,,,2000,00,,,,,,000,共通部門,100,現金,,,2000,00,,,,,,収入印紙,,,,,,,
,,,,,20211212,70,,,030,名古屋支店,521,接待交際費,,,27267,31,,10,,,,000,共通部門,100,現金,,,27267,00,,,,,,お歳暮 架空店舗058,,,,,,,
,,,,,20211212,70,,,030,名古屋支店,521,接待交際費,,,10953,31,,10,,,,000,共通部門,100,現金,,,10953,00,,,,,,お歳暮 株式会社桜丘百貨店,,,,,,,
,,,,,20211213,7,,,010,札幌営業所,521,接待交際費,,,15115,31,,10,,,,000,共通部門,100,現金,,,15115,00,,,,,,飲食代 架空店舗090 3名,,,,,,,
,,,,,20211213,7,,,010,札幌営業所,521,接待交際費,,,17486,31,,10,,,,000,共通部門,100,現金,,,17486,00,,,,,,飲食代 架空店舗014 3名,,,,,,,
,,,,,20211213,11,,,010,札幌営業所,10E201120,車両費,,,2800,31,,10,,,,000,共通部門,100,現金,,,2800,00,,,,,,高速代,,,,,,,
,,,,,20211213,11,,,010,札幌営業所,10E201120,車両費,,,4600,31,,10,,,,000,共通部門,100,現金,,,4600,00,,,,,,ガソリン代,,,,,,,
,,,,,20211213,141,,,040,大阪支店,522,旅費・交通費,,,23500,31,,10,,,,000,共通部門,100,現金,,,23500,00,,,,,,架空鉄道会社A代,,,,,,,
,,,,,20211213,158,,,040,大阪支店,522,旅費・交通費,,,34000,31,,10,,,,000,共通部門,100,現金,,,34000,00,,,,,,航空券,,,,,,,
,,,,,20211214,23,,,010,札幌営業所,522,旅費・交通費,,,26667,31,,10,,,,000,共通部門,100,現金,,,26667,00,,,,,,旅費,,,,,,,
,,,,,20211214,23,,,010,札幌営業所,522,旅費・交通費,,,29524,31,,10,,,,000,共通部門,100,現金,,,29524,00,,,,,,旅費,,,,,,,
,,,,,20211214,23,,,010,札幌営業所,522,旅費・交通費,,,36667,31,,10,,,,000,共通部門,100,現金,,,36667,00,,,,,,旅費,,,,,,,
,,,,,20211214,46,,,020,東京支店,10E201120,車両費,,,7429,31,,10,,,,000,共通部門,100,現金,,,7429,00,,,,,,ガソリン代,,,,,,,
,,,,,20211214,46,,,020,東京支店,10E201120,車両費,,,1239,31,,10,,,,000,共通部門,100,現金,,,1239,00,,,,,,駐車代,,,,,,,
,,,,,20211214,46,,,020,東京支店,10E201120,車両費,,,3334,31,,10,,,,000,共通部門,100,現金,,,3334,00,,,,,,高速代,,,,,,,
,,,,,20211214,51,,,020,東京支店,10E201120,車両費,,,5096,31,,10,,,,000,共通部門,100,現金,,,5096,00,,,,,,高速代,,,,,,,
,,,,,20211214,51,,,020,東京支店,10E201120,車両費,,,6381,31,,10,,,,000,共通部門,100,現金,,,6381,00,,,,,,ガソリン代,,,,,,,
,,,,,20211214,51,,,020,東京支店,10E201120,車両費,,,2191,31,,10,,,,000,共通部門,100,現金,,,2191,00,,,,,,駐車代,,,,,,,
,,,,,20211214,73,,,020,東京支店,521,接待交際費,,,8000,31,,10,,,,000,共通部門,100,現金,,,8000,00,,,,,,忘年会会費,,,,,,,
,,,,,20211215,4,,,010,札幌営業所,10E200050,広告宣伝費,,,31500,31,,10,,,,000,共通部門,204,未払金,,,31500,00,,,,,,広告費,,,,,,,
,,,,,20211215,83,,,050,九州営業所,10E201120,車両費,,,6229,31,,10,,,,000,共通部門,100,現金,,,6229,00,,,,,,ガソリン代,,,,,,,
,,,,,20211215,83,,,050,九州営業所,10E201120,車両費,,,4020,31,,10,,,,000,共通部門,100,現金,,,4020,00,,,,,,高速代,,,,,,,
,,,,,20211215,83,,,050,九州営業所,10E201120,車両費,,,800,31,,10,,,,000,共通部門,100,現金,,,800,00,,,,,,駐車代,,,,,,,
,,,,,20211215,91,,,020,東京支店,10E200520,雑給,,,400068,00,,,,,,000,共通部門,100,現金,,,400068,00,,,,,,12月給与その他 0060 パート･アルバイト,,,,,,,
,,,,,20211215,91,,,020,東京支店,10E200520,雑給,,,11330,00,,,,,,000,共通部門,208,預り金,3,源泉税,11330,00,,,,,,12月給与その他 0060 パート･アルバイト,,,,,,,
,,,,,20211215,91,,,020,東京支店,10E200520,雑給,,,12442,00,,,,,,000,共通部門,208,預り金,9,その他,12442,00,,,,,,12月給与その他 0060 パート･アルバイト,,,,,,,
,,,,,20211215,104,,,000,共通部門,10A100020-3,普通預金,50,MNO銀行 北九州,1614480,00,,,,,,000,共通部門,131,売掛金,1,株式会社若葉百貨店,1614480,00,,,,,,12月15日伝票No387株式会社若葉百貨店,,,,,,,
,,,,,20211215,104,,,050,九州営業所,512,支払手数料,,,840,31,,10,,,,000,共通部門,131,売掛金,1,株式会社若葉百貨店,840,00,,,,,,12月15日伝票No387株式会社若葉百貨店,,,,,,,
,,,,,20211215,105,,,000,共通部門,10A100020-3,普通預金,30,GHI銀行 名古屋,2098212,00,,,,,,000,共通部門,131,売掛金,6,株式会社瑞穂流通,2098212,00,,,,,,12月15日伝票No388株式会社瑞穂流通,,,,,,,
,,,,,20211215,105,,,030,名古屋支店,512,支払手数料,,,840,31,,10,,,,000,共通部門,131,売掛金,6,株式会社瑞穂流通,840,00,,,,,,12月15日伝票No388株式会社瑞穂流通,,,,,,,
,,,,,20211215,106,,,000,共通部門,10A100020-3,普通預金,40,JKL銀行 梅田,1447664,00,,,,,,000,共通部門,131,売掛金,8,株式会社高原マーケット,1447664,00,,,,,,12月15日伝票No389株式会社高原マーケット,,,,,,,
,,,,,20211215,106,,,040,大阪支店,512,支払手数料,,,840,31,,10,,,,000,共通部門,131,売掛金,8,株式会社高原マーケット,840,00,,,,,,12月15日伝票No389株式会社高原マーケット,,,,,,,
,,,,,20211215,107,,,000,共通部門,10A100020-3,普通預金,40,JKL銀行 梅田,1302584,00,,,,,,000,共通部門,131,売掛金,9,朝凪物産株式会社,1302584,00,,,,,,12月15日伝票No390朝凪物産株式会社,,,,,,,
,,,,,20211215,107,,,040,大阪支店,512,支払手数料,,,840,31,,10,,,,000,共通部門,131,売掛金,9,朝凪物産株式会社,840,00,,,,,,12月15日伝票No390朝凪物産株式会社,,,,,,,
,,,,,20211215,108,,,000,共通部門,10A100020-3,普通預金,20,ABC銀行 本店,1108516,00,,,,,,000,共通部門,131,売掛金,13,星川商事株式会社,1108516,00,,,,,,12月15日伝票No391星川商事株式会社,,,,,,,
,,,,,20211215,109,,,000,共通部門,10A100020-3,普通預金,40,JKL銀行 梅田,1210299,00,,,,,,000,共通部門,131,売掛金,20,清和商事株式会社,1210299,00,,,,,,12月15日伝票No392清和商事株式会社,,,,,,,
,,,,,20211215,109,,,040,大阪支店,512,支払手数料,,,315,31,,10,,,,000,共通部門,131,売掛金,20,清和商事株式会社,315,00,,,,,,12月15日伝票No392清和商事株式会社,,,,,,,
,,,,,20211215,110,,,000,共通部門,201,買掛金,1,株式会社北辰商事,6139437,00,,,,,,000,共通部門,10A100020-3,普通預金,20,ABC銀行 本店,6139437,00,,,,,,12月15日伝票No305株式会社北辰商事,,,,,,,
,,,,,20211215,117,,,040,大阪支店,10E201140,諸会費,,,20000,00,,,,,,000,共通部門,100,現金,,,20000,00,,,,,,会費,,,,,,,
,,,,,20211215,130,,,040,大阪支店,10E201140,諸会費,,,24000,00,,,,,,000,共通部門,10A100020-3,普通預金,40,JKL銀行 梅田,24000,00,,,,,,会費,,,,,,,
,,,,,20211216,57,,,020,東京支店,522,旅費・交通費,,,110650,31,,10,,,,000,共通部門,100,現金,,,110650,00,,,,,,架空鉄道会社A代,,,,,,,
,,,,,20211216,61,,,020,東京支店,523,通信費,,,141699,31,,10,,,,000,共通部門,10A100020-3,普通預金,20,ABC銀行 本店,141699,00,,,,,,電話代,,,,,,,
,,,,,20211216,74,,,020,東京支店,521,接待交際費,,,10000,31,,10,,,,000,共通部門,100,現金,,,10000,00,,,,,,忘年会会費,,,,,,,
,,,,,20211216,136,,,040,大阪支店,10E201270,雑費,,,16500,31,,10,,,,000,共通部門,100,現金,,,16500,00,,,,,,架空清掃会社A代,,,,,,,
,,,,,20211216,144,,,040,大阪支店,10E201120,車両費,,,572,31,,10,,,,000,共通部門,100,現金,,,572,00,,,,,,ウォッシャー液代,,,,,,,
,,,,,20211216,144,,,040,大阪支店,10E201120,車両費,,,6229,31,,10,,,,000,共通部門,100,現金,,,6229,00,,,,,,ガソリン代,,,,,,,
,,,,,20211216,144,,,040,大阪支店,10E201120,車両費,,,8096,31,,10,,,,000,共通部門,100,現金,,,8096,00,,,,,,ガソリン代,,,,,,,
,,,,,20211216,149,,,030,名古屋支店,521,接待交際費,,,10000,31,,10,,,,000,共通部門,100,現金,,,10000,00,,,,,,忘年会会費,,,,,,,
,,,,,20211216,152,,,050,九州営業所,521,接待交際費,,,10000,31,,10,,,,000,共通部門,100,現金,,,10000,00,,,,,,忘年会会費,,,,,,,
,,,,,20211216,156,,,050,九州営業所,522,旅費・交通費,,,8600,31,,10,,,,000,共通部門,100,現金,,,8600,00,,,,,,出張旅費,,,,,,,
,,,,,20211217,12,,,010,札幌営業所,10E201120,車両費,,,7473,31,,10,,,,000,共通部門,100,現金,,,7473,00,,,,,,ガソリン代,,,,,,,
,,,,,20211217,12,,,010,札幌営業所,10E201120,車両費,,,2858,31,,10,,,,000,共通部門,100,現金,,,2858,00,,,,,,ガソリン代,,,,,,,
,,,,,20211217,12,,,010,札幌営業所,10E201120,車両費,,,6174,31,,10,,,,000,共通部門,100,現金,,,6174,00,,,,,,ガソリン代,,,,,,,
,,,,,20211217,12,,,010,札幌営業所,10E201120,車両費,,,2000,31,,10,,,,000,共通部門,100,現金,,,2000,00,,,,,,高速代,,,,,,,
,,,,,20211217,32,,,010,札幌営業所,10E201110,事務用消耗品費,,,1426,31,,10,,,,000,共通部門,204,未払金,,,1426,00,,,,,,事務用品費,,,,,,,
,,,,,20211217,45,,,020,東京支店,521,接待交際費,,,20000,31,,10,,,,000,共通部門,100,現金,,,20000,00,,,,,,忘年会会費2名,,,,,,,
,,,,,20211217,52,,,020,東京支店,10E201120,車両費,,,1096,31,,10,,,,000,共通部門,100,現金,,,1096,00,,,,,,高速代,,,,,,,
,,,,,20211217,52,,,020,東京支店,10E201120,車両費,,,1096,31,,10,,,,000,共通部門,100,現金,,,1096,00,,,,,,高速代,,,,,,,
,,,,,20211217,52,,,020,東京支店,10E201120,車両費,,,1429,31,,10,,,,000,共通部門,100,現金,,,1429,00,,,,,,高速代,,,,,,,
,,,,,20211217,164,,,050,九州営業所,10E201110,事務用消耗品費,,,11960,31,,10,,,,000,共通部門,100,現金,,,11960,00,,,,,,事務用品,,,,,,,
,,,,,20211218,8,,,010,札幌営業所,521,接待交際費,,,20000,31,,10,,,,000,共通部門,100,現金,,,20000,00,,,,,,定例ミーティング会費,,,,,,,
,,,,,20211218,86,,,050,九州営業所,523,通信費,,,16000,31,,10,,,,000,共通部門,100,現金,,,16000,00,,,,,,切手代,,,,,,,
,,,,,20211218,104,,,040,大阪支店,521,接待交際費,,,8000,31,,10,,,,000,共通部門,100,現金,,,8000,00,,,,,,忘年会会費,,,,,,,
,,,,,20211218,153,,,030,名古屋支店,521,接待交際費,,,8000,31,,10,,,,000,共通部門,100,現金,,,8000,00,,,,,,忘年会会費,,,,,,,
,,,,,20211219,6,,,010,札幌営業所,10E200050,広告宣伝費,,,5000,31,,10,,,,000,共通部門,100,現金,,,5000,00,,,,,,広告料,,,,,,,
,,,,,20211219,47,,,020,東京支店,10E201120,車両費,,,2540,31,,10,,,,000,共通部門,100,現金,,,2540,00,,,,,,ガソリン代,,,,,,,
,,,,,20211219,59,,,020,東京支店,522,旅費・交通費,,,50000,31,,10,,,,000,共通部門,100,現金,,,50000,00,,,,,,旅費,,,,,,,
,,,,,20211219,89,,,030,名古屋支店,522,旅費・交通費,,,20000,31,,10,,,,000,共通部門,100,現金,,,20000,00,,,,,,旅費,,,,,,,
,,,,,20211219,148,,,050,九州営業所,10E201120,車両費,,,5291,31,,10,,,,000,共通部門,100,現金,,,5291,00,,,,,,ガソリン代,,,,,,,
,,,,,20211220,1,,,000,共通部門,10E200140,福利厚生費,,,43200,31,,K8.0,,,,000,共通部門,100,現金,,,43200,00,,,,,,残業夜食　軽減税率,,,,,,,
,,,,,20211220,24,,,010,札幌営業所,522,旅費・交通費,,,82620,31,,10,,,,000,共通部門,100,現金,,,82620,00,,,,,,架空鉄道会社A回数券,,,,,,,
,,,,,20211220,31,,,010,札幌営業所,10E201110,事務用消耗品費,,,3288,31,,10,,,,000,共通部門,204,未払金,,,3288,00,,,,,,コピー代,,,,,,,
,,,,,20211220,48,,,020,東京支店,10E201120,車両費,,,4303,31,,10,,,,000,共通部門,100,現金,,,4303,00,,,,,,ガソリン代,,,,,,,
,,,,,20211220,71,,,020,東京支店,10E201110,事務用消耗品費,,,36741,31,,10,,,,000,共通部門,204,未払金,,,36741,00,,,,,,カウンター料金,,,,,,,
,,,,,20211220,73,,,030,名古屋支店,10E201270,雑費,,,5000,31,,10,,,,000,共通部門,204,未払金,,,5000,00,,,,,,有線,,,,,,,
,,,,,20211220,75,,,010,札幌営業所,10E201120,車両費,,,2858,31,,10,,,,000,共通部門,100,現金,,,2858,00,,,,,,ガソリン代,,,,,,,
,,,,,20211220,75,,,010,札幌営業所,10E201120,車両費,,,286,31,,10,,,,000,共通部門,100,現金,,,286,00,,,,,,駐車代,,,,,,,
,,,,,20211220,75,,,010,札幌営業所,10E201120,車両費,,,381,31,,10,,,,000,共通部門,100,現金,,,381,00,,,,,,駐車代,,,,,,,
,,,,,20211220,76,,,050,九州営業所,10E201110,事務用消耗品費,,,6300,31,,10,,,,000,共通部門,204,未払金,,,6300,00,,,,,,カウンター料金,,,,,,,
,,,,,20211220,80,,,030,名古屋支店,10E200140,福利厚生費,,,417375,31,,10,,,,000,共通部門,204,未払金,,,417375,00,,,,,,会費支払い,,,,,,,
,,,,,20211220,80,,,000,共通部門,525,消耗品費,,,9320,31,,10,,,,000,共通部門,204,未払金,,,9320,00,,,,,,ファイル等,,,,,,,
,,,,,20211220,80,,,000,共通部門,525,消耗品費,,,210161,31,,10,,,,000,共通部門,204,未払金,,,210161,00,,,,,,飲料水,,,,,,,
,,,,,20211220,80,,,000,共通部門,525,消耗品費,,,9420,31,,10,,,,000,共通部門,204,未払金,,,9420,00,,,,,,名刺代,,,,,,,
,,,,,20211220,97,,,030,名古屋支店,10E201110,事務用消耗品費,,,39226,31,,10,,,,000,共通部門,204,未払金,,,39226,00,,,,,,コピー代,,,,,,,
,,,,,20211220,98,,,030,名古屋支店,10E201110,事務用消耗品費,,,10058,31,,10,,,,000,共通部門,204,未払金,,,10058,00,,,,,,事務用品,,,,,,,
,,,,,20211220,100,,,000,共通部門,10A100020-3,普通預金,20,ABC銀行 本店,20000000,00,,,,,,000,共通部門,10A100020-2,当座預金,1,ABC銀行,20000000,00,,,,,,資金移動,,,,,,,
,,,,,20211220,101,,,040,大阪支店,10E200050,広告宣伝費,,,52500,31,,10,,,,000,共通部門,204,未払金,,,52500,00,,,,,,広告料,,,,,,,
,,,,,20211220,105,,,040,大阪支店,521,接待交際費,,,9524,31,,10,,,,000,共通部門,100,現金,,,9524,00,,,,,,忘年会会費,,,,,,,
,,,,,20211220,105,,,040,大阪支店,521,接待交際費,,,10000,31,,10,,,,000,共通部門,100,現金,,,10000,00,,,,,,景品代 架空店舗089,,,,,,,
,,,,,20211220,111,,,000,共通部門,100,現金,,,1158996,00,,,,,,000,共通部門,131,売掛金,11,株式会社楓屋,1158996,00,,,,,,12月20日伝票No393株式会社楓屋,,,,,,,
,,,,,20211220,112,,,000,共通部門,10A100020-3,普通預金,30,GHI銀行 名古屋,570875,00,,,,,,000,共通部門,131,売掛金,21,合同会社つばさ商店,570875,00,,,,,,12月20日伝票No394合同会社つばさ商店,,,,,,,
,,,,,20211220,112,,,030,名古屋支店,512,支払手数料,,,472,31,,10,,,,000,共通部門,131,売掛金,21,合同会社つばさ商店,472,00,,,,,,12月20日伝票No394合同会社つばさ商店,,,,,,,
,,,,,20211220,113,,,000,共通部門,10A100020-3,普通預金,20,ABC銀行 本店,1326942,00,,,,,,000,共通部門,131,売掛金,30,株式会社彩雲トレーディング,1326942,00,,,,,,12月20日伝票No395株式会社彩雲トレーディング,,,,,,,
,,,,,20211220,113,,,020,東京支店,512,支払手数料,,,735,31,,10,,,,000,共通部門,131,売掛金,30,株式会社彩雲トレーディング,735,00,,,,,,12月20日伝票No395株式会社彩雲トレーディング,,,,,,,
,,,,,20211220,114,,,000,共通部門,201,買掛金,4,株式会社和泉流通,1155555,00,,,,,,000,共通部門,10A100020-2,当座預金,1,ABC銀行,1155555,00,,,,,,12月20日伝票No306株式会社和泉流通,,,,,,,
,,,,,20211220,115,,,000,共通部門,201,買掛金,6,株式会社日向産業,3677354,00,,,,,,000,共通部門,10A100020-3,普通預金,20,ABC銀行 本店,3677354,00,,,,,,12月20日伝票No307株式会社日向産業,,,,,,,
,,,,,20211220,116,,,000,共通部門,201,買掛金,11,株式会社花園商会,5286009,00,,,,,,000,共通部門,10A100020-3,普通預金,20,ABC銀行 本店,5286009,00,,,,,,12月20日伝票No308株式会社花園商会,,,,,,,
,,,,,20211220,118,,,040,大阪支店,10E201110,事務用消耗品費,,,8230,31,,10,,,,000,共通部門,204,未払金,,,8230,00,,,,,,コピー代,,,,,,,
,,,,,20211220,135,,,040,大阪支店,10E201110,事務用消耗品費,,,4732,31,,10,,,,000,共通部門,204,未払金,,,4732,00,,,,,,事務用品,,,,,,,
,,,,,20211220,141,,,000,共通部門,10A100020-2,当座預金,1,ABC銀行,6875000,00,,,,,,000,共通部門,130,受取手形,,,6875000,00,,,,,,手形割引 株式会社青葉百貨店 | 手形番号=R20211110-90-28;受取額に決済額を訂正,,,,,,,
,,,,,20211220,141,,,020,東京支店,10E300020,支払利息,,,46367,30,,,,,,000,共通部門,130,受取手形,,,46367,00,,,,,,手形割引料 | 手形番号=R20211110-90-28,,,,,,,
,,,,,20211220,148,,,000,共通部門,10A100020-2,当座預金,1,ABC銀行,9607109,00,,,,,,000,共通部門,130,受取手形,,,9607109,00,,,,,,手形満期 株式会社緑野百貨店 | 手形番号=R20211031-116-12;受取額に決済額を訂正,,,,,,,
,,,,,20211220,163,,,050,九州営業所,10E201140,諸会費,,,18000,00,,,,,,000,共通部門,100,現金,,,18000,00,,,,,,会費,,,,,,,
,,,,,20211221,3,,,010,札幌営業所,10E200140,福利厚生費,,,30125,31,,10,,,,000,共通部門,204,未払金,,,30125,00,,,,,,宿泊代,,,,,,,
,,,,,20211221,25,,,010,札幌営業所,522,旅費・交通費,,,56000,31,,10,,,,000,共通部門,100,現金,,,56000,00,,,,,,旅費,,,,,,,
,,,,,20211221,34,,,010,札幌営業所,10E201040,水道光熱費,,,94721,31,,10,,,,000,共通部門,10A100020-3,普通預金,10,DEF銀行 駅前,94721,00,,,,,,電気代,,,,,,,
,,,,,20211221,34,,,010,札幌営業所,10E201040,水道光熱費,,,3840,31,,10,,,,000,共通部門,10A100020-3,普通預金,10,DEF銀行 駅前,3840,00,,,,,,水道代,,,,,,,
,,,,,20211221,64,,,020,東京支店,10E201040,水道光熱費,,,215755,31,,10,,,,000,共通部門,10A100020-3,普通預金,20,ABC銀行 本店,215755,00,,,,,,電気料,,,,,,,
,,,,,20211221,64,,,020,東京支店,10E201040,水道光熱費,,,9092,31,,10,,,,000,共通部門,10A100020-3,普通預金,20,ABC銀行 本店,9092,00,,,,,,水道料,,,,,,,
,,,,,20211221,75,,,020,東京支店,521,接待交際費,,,8000,31,,10,,,,000,共通部門,100,現金,,,8000,00,,,,,,忘年会会費,,,,,,,
,,,,,20211221,89,,,030,名古屋支店,10E201040,水道光熱費,,,110700,31,,10,,,,000,共通部門,10A100020-3,普通預金,30,GHI銀行 名古屋,110700,00,,,,,,電気料,,,,,,,
,,,,,20211221,89,,,030,名古屋支店,10E201040,水道光熱費,,,4730,31,,10,,,,000,共通部門,10A100020-3,普通預金,30,GHI銀行 名古屋,4730,00,,,,,,水道料,,,,,,,
,,,,,20211221,89,,,030,名古屋支店,10E201040,水道光熱費,,,4990,31,,10,,,,000,共通部門,10A100020-3,普通預金,30,GHI銀行 名古屋,4990,00,,,,,,ガス代,,,,,,,
,,,,,20211221,94,,,030,名古屋支店,10E201270,雑費,,,5377,31,,10,,,,000,共通部門,100,現金,,,5377,00,,,,,,しめ飾り他,,,,,,,
,,,,,20211221,114,,,040,大阪支店,10E201160,新聞図書費,,,2540,31,,10,,,,000,共通部門,100,現金,,,2540,00,,,,,,新聞代,,,,,,,
,,,,,20211221,114,,,040,大阪支店,10E201160,新聞図書費,,,2864,31,,10,,,,000,共通部門,100,現金,,,2864,00,,,,,,新聞代,,,,,,,
,,,,,20211221,126,,,020,東京支店,526,租税公課,,,40000,00,,,,,,000,共通部門,100,現金,,,40000,00,,,,,,収入印紙,,,,,,,
,,,,,20211221,132,,,040,大阪支店,10E201040,水道光熱費,,,139580,31,,10,,,,000,共通部門,10A100020-3,普通預金,40,JKL銀行 梅田,139580,00,,,,,,電気代,,,,,,,
,,,,,20211221,132,,,040,大阪支店,10E201040,水道光熱費,,,7730,31,,10,,,,000,共通部門,10A100020-3,普通預金,40,JKL銀行 梅田,7730,00,,,,,,水道代,,,,,,,
,,,,,20211221,169,,,050,九州営業所,10E201040,水道光熱費,,,139580,31,,10,,,,000,共通部門,10A100020-3,普通預金,50,MNO銀行 北九州,139580,00,,,,,,電気料,,,,,,,
,,,,,20211221,169,,,050,九州営業所,10E201040,水道光熱費,,,7730,31,,10,,,,000,共通部門,10A100020-3,普通預金,50,MNO銀行 北九州,7730,00,,,,,,水道料,,,,,,,
,,,,,20211222,35,,,010,札幌営業所,10E201160,新聞図書費,,,3925,31,,10,,,,000,共通部門,100,現金,,,3925,00,,,,,,新聞代,,,,,,,
,,,,,20211222,53,,,020,東京支店,10E201120,車両費,,,381,31,,10,,,,000,共通部門,100,現金,,,381,00,,,,,,高速代,,,,,,,
,,,,,20211222,53,,,020,東京支店,10E201120,車両費,,,1762,31,,10,,,,000,共通部門,100,現金,,,1762,00,,,,,,駐車代,,,,,,,
,,,,,20211222,72,,,020,東京支店,10E201160,新聞図書費,,,2864,31,,10,,,,000,共通部門,100,現金,,,2864,00,,,,,,新聞代,,,,,,,
,,,,,20211222,72,,,020,東京支店,10E201160,新聞図書費,,,2815,31,,10,,,,000,共通部門,100,現金,,,2815,00,,,,,,新聞代,,,,,,,
,,,,,20211222,72,,,020,東京支店,10E201160,新聞図書費,,,3399,31,,10,,,,000,共通部門,100,現金,,,3399,00,,,,,,新聞代,,,,,,,
,,,,,20211222,72,,,020,東京支店,10E201270,雑費,,,9018,31,,10,,,,000,共通部門,100,現金,,,9018,00,,,,,,しめ飾り、鏡もち他,,,,,,,
,,,,,20211222,74,,,040,大阪支店,10E201270,雑費,,,4688,31,,10,,,,000,共通部門,100,現金,,,4688,00,,,,,,しめ飾り他,,,,,,,
,,,,,20211222,84,,,050,九州営業所,10E201120,車両費,,,6826,31,,10,,,,000,共通部門,100,現金,,,6826,00,,,,,,ガソリン代,,,,,,,
,,,,,20211222,88,,,030,名古屋支店,10E201160,新聞図書費,,,3568,31,,10,,,,000,共通部門,100,現金,,,3568,00,,,,,,新聞代,,,,,,,
,,,,,20211222,90,,,030,名古屋支店,10E201270,雑費,,,10500,31,,10,,,,000,共通部門,100,現金,,,10500,00,,,,,,架空清掃会社A代,,,,,,,
,,,,,20211222,95,,,030,名古屋支店,10E201270,雑費,,,71675,31,,10,,,,000,共通部門,204,未払金,,,71675,00,,,,,,清掃料,,,,,,,
,,,,,20211222,107,,,040,大阪支店,521,接待交際費,,,24000,31,,10,,,,000,共通部門,100,現金,,,24000,00,,,,,,忘年会会費3名,,,,,,,
,,,,,20211222,131,,,040,大阪支店,10E201140,諸会費,,,24000,00,,,,,,000,共通部門,10A100020-3,普通預金,40,JKL銀行 梅田,24000,00,,,,,,会費,,,,,,,
,,,,,20211222,151,,,040,大阪支店,521,接待交際費,,,30000,31,,10,,,,000,共通部門,100,現金,,,30000,00,,,,,,忘年会会費3名,,,,,,,
,,,,,20211222,166,,,050,九州営業所,10E201270,雑費,,,1890,31,,10,,,,000,共通部門,100,現金,,,1890,00,,,,,,架空清掃会社A代,,,,,,,
,,,,,20211222,170,,,050,九州営業所,10E201160,新聞図書費,,,3007,31,,10,,,,000,共通部門,100,現金,,,3007,00,,,,,,新聞代,,,,,,,
,,,,,20211223,26,,,010,札幌営業所,522,旅費・交通費,,,25000,31,,10,,,,000,共通部門,100,現金,,,25000,00,,,,,,旅費,,,,,,,
,,,,,20211223,28,,,010,札幌営業所,522,旅費・交通費,,,2420,31,,10,,,,000,共通部門,204,未払金,,,2420,00,,,,,,タクシー代,,,,,,,
,,,,,20211223,64,,,050,九州営業所,10E200140,福利厚生費,,,18700,31,,10,,,,000,共通部門,204,未払金,,,18700,00,,,,,,お茶代,,,,,,,
,,,,,20211223,71,,,010,札幌営業所,10E201270,雑費,,,4800,31,,10,,,,000,共通部門,100,現金,,,4800,00,,,,,,しめ飾り他,,,,,,,
,,,,,20211223,140,,,040,大阪支店,522,旅費・交通費,,,9870,31,,10,,,,000,共通部門,100,現金,,,9870,00,,,,,,旅費,,,,,,,
,,,,,20211224,38,,,020,東京支店,10E200140,福利厚生費,,,58974,31,,10,,,,000,共通部門,204,未払金,,,58974,00,,,,,,宿泊費,,,,,,,
,,,,,20211224,54,,,020,東京支店,10E201120,車両費,,,1810,31,,10,,,,000,共通部門,100,現金,,,1810,00,,,,,,高速代,,,,,,,
,,,,,20211224,54,,,020,東京支店,10E201120,車両費,,,2572,31,,10,,,,000,共通部門,100,現金,,,2572,00,,,,,,ガソリン代,,,,,,,
,,,,,20211224,78,,,030,名古屋支店,10E200020,販売手数料,,,189000,31,,10,,,,000,共通部門,204,未払金,,,189000,00,,,,,,業務委託費支払い,,,,,,,
,,,,,20211224,87,,,030,名古屋支店,523,通信費,,,69154,31,,10,,,,000,共通部門,10A100020-3,普通預金,30,GHI銀行 名古屋,69154,00,,,,,,携帯代,,,,,,,
,,,,,20211224,120,,,040,大阪支店,10E200020,販売手数料,,,735000,31,,10,,,,000,共通部門,204,未払金,,,735000,00,,,,,,業務委託費,,,,,,,
,,,,,20211224,146,,,050,九州営業所,10E200020,販売手数料,,,168000,31,,10,,,,000,共通部門,204,未払金,,,168000,00,,,,,,業務委託費,,,,,,,
,,,,,20211224,154,,,050,九州営業所,521,接待交際費,,,11429,31,,10,,,,000,共通部門,204,未払金,,,11429,00,,,,,,忘年会会費2名,,,,,,,
,,,,,20211224,154,,,050,九州営業所,521,接待交際費,,,30410,31,,10,,,,000,共通部門,204,未払金,,,30410,00,,,,,,飲食代 架空店舗015,,,,,,,
,,,,,20211225,29,,,010,札幌営業所,523,通信費,,,49768,31,,10,,,,000,共通部門,10A100020-3,普通預金,10,DEF銀行 駅前,49768,00,,,,,,携帯電話代,,,,,,,
,,,,,20211225,37,,,020,東京支店,10E200020,販売手数料,,,1849000,31,,10,,,,000,共通部門,204,未払金,,,1849000,00,,,,,,業務委託費,,,,,,,
,,,,,20211225,79,,,030,名古屋支店,10E200140,福利厚生費,,,75983,31,,10,,,,000,共通部門,100,現金,,,75983,00,,,,,,景品代,,,,,,,
,,,,,20211225,90,,,030,名古屋支店,522,旅費・交通費,,,15000,31,,10,,,,000,共通部門,100,現金,,,15000,00,,,,,,旅費,,,,,,,
,,,,,20211225,92,,,020,東京支店,10E200090,役員報酬,,,1332869,00,,,,,,000,共通部門,10A100020-3,普通預金,20,ABC銀行 本店,1332869,00,,,,,,12月給与その他 0001 役員,,,,,,,
,,,,,20211225,92,,,020,東京支店,10E200090,役員報酬,,,120411,00,,,,,,000,共通部門,208,預り金,1,保険料,120411,00,,,,,,12月給与その他 0001 役員,,,,,,,
,,,,,20211225,92,,,020,東京支店,10E200090,役員報酬,,,171200,00,,,,,,000,共通部門,208,預り金,2,住民税,171200,00,,,,,,12月給与その他 0001 役員,,,,,,,
,,,,,20211225,92,,,020,東京支店,10E200090,役員報酬,,,-44172,00,,,,,,000,共通部門,208,預り金,3,源泉税,-44172,00,,,,,,12月給与その他 0001 役員,,,,,,,
,,,,,20211225,92,,,020,東京支店,10E200090,役員報酬,,,133972,00,,,,,,000,共通部門,208,預り金,4,貯蓄・保険,133972,00,,,,,,12月給与その他 0001 役員,,,,,,,
,,,,,20211225,92,,,020,東京支店,10E200090,役員報酬,,,5720,00,,,,,,000,共通部門,208,預り金,9,その他,5720,00,,,,,,12月給与その他 0001 役員,,,,,,,
,,,,,20211225,92,,,020,東京支店,10E200370,給与手当,,,1423786,00,,,,,,000,共通部門,10A100020-3,普通預金,20,ABC銀行 本店,1423786,00,,,,,,12月給与その他 0020 営業部,,,,,,,
,,,,,20211225,92,,,020,東京支店,10E200370,給与手当,,,236045,00,,,,,,000,共通部門,208,預り金,1,保険料,236045,00,,,,,,12月給与その他 0020 営業部,,,,,,,
,,,,,20211225,92,,,020,東京支店,10E200370,給与手当,,,104300,00,,,,,,000,共通部門,208,預り金,2,住民税,104300,00,,,,,,12月給与その他 0020 営業部,,,,,,,
,,,,,20211225,92,,,020,東京支店,10E200370,給与手当,,,-69671,00,,,,,,000,共通部門,208,預り金,3,源泉税,-69671,00,,,,,,12月給与その他 0020 営業部,,,,,,,
,,,,,20211225,92,,,020,東京支店,10E200370,給与手当,,,43305,00,,,,,,000,共通部門,208,預り金,4,貯蓄・保険,43305,00,,,,,,12月給与その他 0020 営業部,,,,,,,
,,,,,20211225,92,,,020,東京支店,10E200370,給与手当,,,54754,00,,,,,,000,共通部門,208,預り金,9,その他,54754,00,,,,,,12月給与その他 0020 営業部,,,,,,,
,,,,,20211225,92,,,010,札幌営業所,10E200370,給与手当,,,586972,00,,,,,,000,共通部門,10A100020-3,普通預金,20,ABC銀行 本店,586972,00,,,,,,12月給与その他 1000 札幌営業所,,,,,,,
,,,,,20211225,92,,,010,札幌営業所,10E200370,給与手当,,,103424,00,,,,,,000,共通部門,208,預り金,1,保険料,103424,00,,,,,,12月給与その他 1000 札幌営業所,,,,,,,
,,,,,20211225,92,,,010,札幌営業所,10E200370,給与手当,,,46300,00,,,,,,000,共通部門,208,預り金,2,住民税,46300,00,,,,,,12月給与その他 1000 札幌営業所,,,,,,,
,,,,,20211225,92,,,010,札幌営業所,10E200370,給与手当,,,-19810,00,,,,,,000,共通部門,208,預り金,3,源泉税,-19810,00,,,,,,12月給与その他 1000 札幌営業所,,,,,,,
,,,,,20211225,92,,,010,札幌営業所,10E200370,給与手当,,,50648,00,,,,,,000,共通部門,208,預り金,4,貯蓄・保険,50648,00,,,,,,12月給与その他 1000 札幌営業所,,,,,,,
,,,,,20211225,92,,,010,札幌営業所,10E200370,給与手当,,,38032,00,,,,,,000,共通部門,208,預り金,9,その他,38032,00,,,,,,12月給与その他 1000 札幌営業所,,,,,,,
,,,,,20211225,92,,,030,名古屋支店,10E200370,給与手当,,,610049,00,,,,,,000,共通部門,10A100020-3,普通預金,20,ABC銀行 本店,610049,00,,,,,,12月給与その他 3000 名古屋営業所,,,,,,,
,,,,,20211225,92,,,030,名古屋支店,10E200370,給与手当,,,96352,00,,,,,,000,共通部門,208,預り金,1,保険料,96352,00,,,,,,12月給与その他 3000 名古屋営業所,,,,,,,
,,,,,20211225,92,,,030,名古屋支店,10E200370,給与手当,,,42600,00,,,,,,000,共通部門,208,預り金,2,住民税,42600,00,,,,,,12月給与その他 3000 名古屋営業所,,,,,,,
,,,,,20211225,92,,,030,名古屋支店,10E200370,給与手当,,,-88150,00,,,,,,000,共通部門,208,預り金,3,源泉税,-88150,00,,,,,,12月給与その他 3000 名古屋営業所,,,,,,,
,,,,,20211225,92,,,030,名古屋支店,10E200370,給与手当,,,40759,00,,,,,,000,共通部門,208,預り金,4,貯蓄・保険,40759,00,,,,,,12月給与その他 3000 名古屋営業所,,,,,,,
,,,,,20211225,92,,,030,名古屋支店,10E200370,給与手当,,,32905,00,,,,,,000,共通部門,208,預り金,9,その他,32905,00,,,,,,12月給与その他 3000 名古屋営業所,,,,,,,
,,,,,20211225,92,,,040,大阪支店,10E200370,給与手当,,,724185,00,,,,,,000,共通部門,10A100020-3,普通預金,20,ABC銀行 本店,724185,00,,,,,,12月給与その他 4000 大阪支店,,,,,,,
,,,,,20211225,92,,,040,大阪支店,10E200370,給与手当,,,119477,00,,,,,,000,共通部門,208,預り金,1,保険料,119477,00,,,,,,12月給与その他 4000 大阪支店,,,,,,,
,,,,,20211225,92,,,040,大阪支店,10E200370,給与手当,,,53400,00,,,,,,000,共通部門,208,預り金,2,住民税,53400,00,,,,,,12月給与その他 4000 大阪支店,,,,,,,
,,,,,20211225,92,,,040,大阪支店,10E200370,給与手当,,,-10135,00,,,,,,000,共通部門,208,預り金,3,源泉税,-10135,00,,,,,,12月給与その他 4000 大阪支店,,,,,,,
,,,,,20211225,92,,,040,大阪支店,10E200370,給与手当,,,13570,00,,,,,,000,共通部門,208,預り金,4,貯蓄・保険,13570,00,,,,,,12月給与その他 4000 大阪支店,,,,,,,
,,,,,20211225,92,,,040,大阪支店,10E200370,給与手当,,,16703,00,,,,,,000,共通部門,208,預り金,9,その他,16703,00,,,,,,12月給与その他 4000 大阪支店,,,,,,,
,,,,,20211225,92,,,050,九州営業所,10E200370,給与手当,,,473197,00,,,,,,000,共通部門,10A100020-3,普通預金,20,ABC銀行 本店,473197,00,,,,,,12月給与その他 5000 九州営業所,,,,,,,
,,,,,20211225,92,,,050,九州営業所,10E200370,給与手当,,,67268,00,,,,,,000,共通部門,208,預り金,1,保険料,67268,00,,,,,,12月給与その他 5000 九州営業所,,,,,,,
,,,,,20211225,92,,,050,九州営業所,10E200370,給与手当,,,31700,00,,,,,,000,共通部門,208,預り金,2,住民税,31700,00,,,,,,12月給与その他 5000 九州営業所,,,,,,,
,,,,,20211225,92,,,050,九州営業所,10E200370,給与手当,,,-44039,00,,,,,,000,共通部門,208,預り金,3,源泉税,-44039,00,,,,,,12月給与その他 5000 九州営業所,,,,,,,
,,,,,20211225,92,,,050,九州営業所,10E200370,給与手当,,,18540,00,,,,,,000,共通部門,208,預り金,4,貯蓄・保険,18540,00,,,,,,12月給与その他 5000 九州営業所,,,,,,,
,,,,,20211225,92,,,050,九州営業所,10E200370,給与手当,,,13158,00,,,,,,000,共通部門,208,預り金,9,その他,13158,00,,,,,,12月給与その他 5000 九州営業所,,,,,,,
,,,,,20211225,93,,,020,東京支店,10B100320,賞与引当金,,,2083153,00,,,,,,000,共通部門,10A100020-3,普通預金,20,ABC銀行 本店,2083153,00,,,,,,12月賞与その他 0020 営業部,,,,,,,
,,,,,20211225,93,,,020,東京支店,10B100320,賞与引当金,,,324331,00,,,,,,000,共通部門,208,預り金,1,保険料,324331,00,,,,,,12月賞与その他 0020 営業部,,,,,,,
,,,,,20211225,93,,,020,東京支店,10B100320,賞与引当金,,,286256,00,,,,,,000,共通部門,208,預り金,3,源泉税,286256,00,,,,,,12月賞与その他 0020 営業部,,,,,,,
,,,,,20211225,93,,,020,東京支店,10B100320,賞与引当金,,,16260,00,,,,,,000,共通部門,208,預り金,9,その他,16260,00,,,,,,12月賞与その他 0020 営業部,,,,,,,
,,,,,20211225,93,,,010,札幌営業所,10B100320,賞与引当金,,,904516,00,,,,,,000,共通部門,10A100020-3,普通預金,20,ABC銀行 本店,904516,00,,,,,,12月賞与その他 1000 札幌営業所,,,,,,,
,,,,,20211225,93,,,010,札幌営業所,10B100320,賞与引当金,,,135169,00,,,,,,000,共通部門,208,預り金,1,保険料,135169,00,,,,,,12月賞与その他 1000 札幌営業所,,,,,,,
,,,,,20211225,93,,,010,札幌営業所,10B100320,賞与引当金,,,93475,00,,,,,,000,共通部門,208,預り金,3,源泉税,93475,00,,,,,,12月賞与その他 1000 札幌営業所,,,,,,,
,,,,,20211225,93,,,010,札幌営業所,10B100320,賞与引当金,,,6840,00,,,,,,000,共通部門,208,預り金,9,その他,6840,00,,,,,,12月賞与その他 1000 札幌営業所,,,,,,,
,,,,,20211225,93,,,030,名古屋支店,10B100320,賞与引当金,,,841345,00,,,,,,000,共通部門,10A100020-3,普通預金,20,ABC銀行 本店,841345,00,,,,,,12月賞与その他 3000 名古屋営業所,,,,,,,
,,,,,20211225,93,,,030,名古屋支店,10B100320,賞与引当金,,,128711,00,,,,,,000,共通部門,208,預り金,1,保険料,128711,00,,,,,,12月賞与その他 3000 名古屋営業所,,,,,,,
,,,,,20211225,93,,,030,名古屋支店,10B100320,賞与引当金,,,93524,00,,,,,,000,共通部門,208,預り金,3,源泉税,93524,00,,,,,,12月賞与その他 3000 名古屋営業所,,,,,,,
,,,,,20211225,93,,,030,名古屋支店,10B100320,賞与引当金,,,6420,00,,,,,,000,共通部門,208,預り金,9,その他,6420,00,,,,,,12月賞与その他 3000 名古屋営業所,,,,,,,
,,,,,20211225,93,,,040,大阪支店,10B100320,賞与引当金,,,986621,00,,,,,,000,共通部門,10A100020-3,普通預金,20,ABC銀行 本店,986621,00,,,,,,12月賞与その他 4000 大阪支店,,,,,,,
,,,,,20211225,93,,,040,大阪支店,10B100320,賞与引当金,,,154156,00,,,,,,000,共通部門,208,預り金,1,保険料,154156,00,,,,,,12月賞与その他 4000 大阪支店,,,,,,,
,,,,,20211225,93,,,040,大阪支店,10B100320,賞与引当金,,,151423,00,,,,,,000,共通部門,208,預り金,3,源泉税,151423,00,,,,,,12月賞与その他 4000 大阪支店,,,,,,,
,,,,,20211225,93,,,040,大阪支店,10B100320,賞与引当金,,,7800,00,,,,,,000,共通部門,208,預り金,9,その他,7800,00,,,,,,12月賞与その他 4000 大阪支店,,,,,,,
,,,,,20211225,93,,,050,九州営業所,10B100320,賞与引当金,,,641658,00,,,,,,000,共通部門,10A100020-3,普通預金,20,ABC銀行 本店,641658,00,,,,,,12月賞与その他 5000 九州営業所,,,,,,,
,,,,,20211225,93,,,050,九州営業所,10B100320,賞与引当金,,,95104,00,,,,,,000,共通部門,208,預り金,1,保険料,95104,00,,,,,,12月賞与その他 5000 九州営業所,,,,,,,
,,,,,20211225,93,,,050,九州営業所,10B100320,賞与引当金,,,78318,00,,,,,,000,共通部門,208,預り金,3,源泉税,78318,00,,,,,,12月賞与その他 5000 九州営業所,,,,,,,
,,,,,20211225,93,,,050,九州営業所,10B100320,賞与引当金,,,4920,00,,,,,,000,共通部門,208,預り金,9,その他,4920,00,,,,,,12月賞与その他 5000 九州営業所,,,,,,,
,,,,,20211225,111,,,040,大阪支店,522,旅費・交通費,,,15000,31,,10,,,,000,共通部門,204,未払金,,,15000,00,,,,,,タクシー代,,,,,,,
,,,,,20211225,117,,,000,共通部門,130,受取手形,,,17254140,00,,,,,,000,共通部門,131,売掛金,2,株式会社桜丘百貨店,17254140,00,,,,,,12月25日伝票No396株式会社桜丘百貨店 | 売上伝票=20211130-112;手形番号=R20211225-117-2,,,,,,,
,,,,,20211225,118,,,000,共通部門,10A100020-3,普通預金,30,GHI銀行 名古屋,1747797,00,,,,,,000,共通部門,131,売掛金,7,株式会社光彩堂商事,1747797,00,,,,,,12月25日伝票No397株式会社光彩堂商事,,,,,,,
,,,,,20211225,118,,,030,名古屋支店,512,支払手数料,,,735,31,,10,,,,000,共通部門,131,売掛金,7,株式会社光彩堂商事,735,00,,,,,,12月25日伝票No397株式会社光彩堂商事,,,,,,,
,,,,,20211225,119,,,000,共通部門,10A100020-3,普通預金,40,JKL銀行 梅田,835059,00,,,,,,000,共通部門,131,売掛金,23,株式会社杉の木商店,835059,00,,,,,,12月25日伝票No398株式会社杉の木商店,,,,,,,
,,,,,20211225,119,,,040,大阪支店,512,支払手数料,,,630,31,,10,,,,000,共通部門,131,売掛金,23,株式会社杉の木商店,630,00,,,,,,12月25日伝票No398株式会社杉の木商店,,,,,,,
,,,,,20211225,120,,,000,共通部門,10A100020-3,普通預金,10,DEF銀行 駅前,4566466,00,,,,,,000,共通部門,131,売掛金,25,株式会社ほのかマート,4566466,00,,,,,,12月25日伝票No399株式会社ほのかマート,,,,,,,
,,,,,20211225,120,,,010,札幌営業所,512,支払手数料,,,840,31,,10,,,,000,共通部門,131,売掛金,25,株式会社ほのかマート,840,00,,,,,,12月25日伝票No399株式会社ほのかマート,,,,,,,
,,,,,20211225,121,,,040,大阪支店,10E200140,福利厚生費,,,18050,31,,10,,,,000,共通部門,100,現金,,,18050,00,,,,,,お茶代,,,,,,,
,,,,,20211225,139,,,040,大阪支店,10E200140,福利厚生費,,,68045,31,,10,,,,000,共通部門,204,未払金,,,68045,00,,,,,,社員夜食代,,,,,,,
,,,,,20211225,160,,,020,東京支店,522,旅費・交通費,,,73000,31,,10,,,,000,共通部門,100,現金,,,73000,00,,,,,,出張旅費,,,,,,,
,,,,,20211225,172,,,010,札幌営業所,10E200020,販売手数料,,,215000,31,,10,,,,000,共通部門,204,未払金,,,215000,00,,,,,,業務委託費支払い,,,,,,,
,,,,,20211225,990009,,,010,札幌営業所,10E200130,賞与,,,190000,00,,,,,,010,札幌営業所,10B100320,賞与引当金,,,190000,00,,,,,,サンプル定義：賞与半年均等引当 202112 部門010,,,,,,,
,,,,,20211225,990009,,,020,東京支店,10E200130,賞与,,,451667,00,,,,,,020,東京支店,10B100320,賞与引当金,,,451667,00,,,,,,サンプル定義：賞与半年均等引当 202112 部門020,,,,,,,
,,,,,20211225,990009,,,030,名古屋支店,10E200130,賞与,,,178333,00,,,,,,030,名古屋支店,10B100320,賞与引当金,,,178333,00,,,,,,サンプル定義：賞与半年均等引当 202112 部門030,,,,,,,
,,,,,20211225,990009,,,040,大阪支店,10E200130,賞与,,,216667,00,,,,,,040,大阪支店,10B100320,賞与引当金,,,216667,00,,,,,,サンプル定義：賞与半年均等引当 202112 部門040,,,,,,,
,,,,,20211225,990009,,,050,九州営業所,10E200130,賞与,,,136667,00,,,,,,050,九州営業所,10B100320,賞与引当金,,,136667,00,,,,,,サンプル定義：賞与半年均等引当 202112 部門050,,,,,,,
,,,,,20211226,39,,,020,東京支店,10E200140,福利厚生費,,,9000,31,,10,,,,000,共通部門,100,現金,,,9000,00,,,,,,会費,,,,,,,
,,,,,20211226,49,,,020,東京支店,10E201120,車両費,,,123000,31,,10,,,,000,共通部門,100,現金,,,123000,00,,,,,,ガソリン代,,,,,,,
,,,,,20211226,49,,,020,東京支店,10E201120,車両費,,,2620,31,,10,,,,000,共通部門,100,現金,,,2620,00,,,,,,駐車代,,,,,,,
,,,,,20211226,49,,,020,東京支店,10E201120,車両費,,,1191,31,,10,,,,000,共通部門,100,現金,,,1191,00,,,,,,高速代,,,,,,,
,,,,,20211226,62,,,020,東京支店,523,通信費,,,93574,31,,10,,,,000,共通部門,10A100020-3,普通預金,20,ABC銀行 本店,93574,00,,,,,,携帯代,,,,,,,
,,,,,20211226,81,,,030,名古屋支店,10E200140,福利厚生費,,,26540,31,,10,,,,000,共通部門,204,未払金,,,26540,00,,,,,,お茶代,,,,,,,
,,,,,20211226,113,,,040,大阪支店,523,通信費,,,90583,31,,10,,,,000,共通部門,10A100020-3,普通預金,40,JKL銀行 梅田,90583,00,,,,,,携帯代,,,,,,,
,,,,,20211226,165,,,050,九州営業所,10E201270,雑費,,,4762,31,,10,,,,000,共通部門,100,現金,,,4762,00,,,,,,しめ飾り代他,,,,,,,
,,,,,20211226,165,,,050,九州営業所,10E201270,雑費,,,1146,31,,10,,,,000,共通部門,100,現金,,,1146,00,,,,,,洗剤他,,,,,,,
,,,,,20211227,13,,,010,札幌営業所,10E201120,車両費,,,13000,31,,10,,,,000,共通部門,100,現金,,,13000,00,,,,,,ガソリン代,,,,,,,
,,,,,20211227,14,,,010,札幌営業所,10E201120,車両費,,,3000,31,,10,,,,000,共通部門,100,現金,,,3000,00,,,,,,洗車代,,,,,,,
,,,,,20211227,30,,,010,札幌営業所,531,保険料,,,54320,30,,,,,,000,共通部門,10A100020-3,普通預金,10,DEF銀行 駅前,54320,00,,,,,,保険料支払,,,,,,,
,,,,,20211227,148,,,050,九州営業所,10E201120,車両費,,,5422,31,,10,,,,000,共通部門,100,現金,,,5422,00,,,,,,ガソリン代,,,,,,,
,,,,,20211227,148,,,050,九州営業所,10E201120,車両費,,,1000,31,,10,,,,000,共通部門,100,現金,,,1000,00,,,,,,洗車代,,,,,,,
,,,,,20211227,161,,,050,九州営業所,522,旅費・交通費,,,9750,31,,10,,,,000,共通部門,100,現金,,,9750,00,,,,,,旅費,,,,,,,
,,,,,20211227,171,,,050,九州営業所,523,通信費,,,96473,31,,10,,,,000,共通部門,10A100020-3,普通預金,50,MNO銀行 北九州,96473,00,,,,,,携帯代,,,,,,,
,,,,,20211228,1,,,010,札幌営業所,10E200870,運賃,,,582300,31,,10,,,,000,共通部門,204,未払金,,,582300,00,,,,,,運賃 架空運送会社B,,,,,,,
,,,,,20211228,5,,,010,札幌営業所,10E200050,広告宣伝費,,,52500,31,,10,,,,000,共通部門,10A100020-3,普通預金,10,DEF銀行 駅前,52500,00,,,,,,広告費,,,,,,,
,,,,,20211228,27,,,010,札幌営業所,522,旅費・交通費,,,26667,31,,10,,,,000,共通部門,100,現金,,,26667,00,,,,,,旅費,,,,,,,
,,,,,20211228,27,,,010,札幌営業所,522,旅費・交通費,,,29524,31,,10,,,,000,共通部門,100,現金,,,29524,00,,,,,,旅費,,,,,,,
,,,,,20211228,27,,,010,札幌営業所,522,旅費・交通費,,,21429,31,,10,,,,000,共通部門,100,現金,,,21429,00,,,,,,旅費,,,,,,,
,,,,,20211228,36,,,020,東京支店,10E200870,運賃,,,2737239,31,,10,,,,000,共通部門,204,未払金,,,2737239,00,,,,,,運賃 架空運送会社A,,,,,,,
,,,,,20211228,36,,,020,東京支店,10E200870,運賃,,,1669467,31,,10,,,,000,共通部門,204,未払金,,,1669467,00,,,,,,運賃 架空運送会社B,,,,,,,
,,,,,20211228,40,,,020,東京支店,10E200050,広告宣伝費,,,50000,31,,10,,,,000,共通部門,204,未払金,,,50000,00,,,,,,広告掲載,,,,,,,
,,,,,20211228,55,,,020,東京支店,10E201120,車両費,,,12000,31,,10,,,,000,共通部門,100,現金,,,12000,00,,,,,,車両管理費,,,,,,,
,,,,,20211228,67,,,020,東京支店,10E201140,諸会費,,,30000,00,,,,,,000,共通部門,100,現金,,,30000,00,,,,,,会費支払い,,,,,,,
,,,,,20211228,77,,,030,名古屋支店,10E200870,運賃,,,351350,31,,10,,,,000,共通部門,204,未払金,,,351350,00,,,,,,運賃,,,,,,,
,,,,,20211228,83,,,030,名古屋支店,10E201120,車両費,,,48762,31,,10,,,,000,共通部門,100,現金,,,48762,00,,,,,,車両管理費,,,,,,,
,,,,,20211228,83,,,030,名古屋支店,10E201120,車両費,,,18573,31,,10,,,,000,共通部門,100,現金,,,18573,00,,,,,,ガソリン代,,,,,,,
,,,,,20211228,99,,,040,大阪支店,10E200870,運賃,,,1645710,31,,10,,,,000,共通部門,204,未払金,,,1645710,00,,,,,,運賃,,,,,,,
,,,,,20211228,108,,,040,大阪支店,521,接待交際費,,,2260,31,,10,,,,000,共通部門,100,現金,,,2260,00,,,,,,食事代 架空店舗005 3名,,,,,,,
,,,,,20211228,145,,,050,九州営業所,10E200870,運賃,,,325200,31,,10,,,,000,共通部門,204,未払金,,,325200,00,,,,,,運賃,,,,,,,
,,,,,20211229,151,,,000,共通部門,10A100020-3,普通預金,20,ABC銀行 本店,5000000,00,,,,,,000,共通部門,10A100020-3,普通預金,10,DEF銀行 駅前,5000000,00,,,,,,資金移動,,,,,,,
,,,,,20211229,151,,,000,共通部門,10A100020-3,普通預金,20,ABC銀行 本店,6000000,00,,,,,,000,共通部門,10A100020-3,普通預金,30,GHI銀行 名古屋,6000000,00,,,,,,資金移動,,,,,,,
,,,,,20211229,151,,,000,共通部門,10A100020-3,普通預金,20,ABC銀行 本店,4500000,00,,,,,,000,共通部門,10A100020-3,普通預金,40,JKL銀行 梅田,4500000,00,,,,,,資金移動,,,,,,,
,,,,,20211229,151,,,000,共通部門,10A100020-3,普通預金,20,ABC銀行 本店,2500000,00,,,,,,000,共通部門,10A100020-3,普通預金,50,MNO銀行 北九州,2500000,00,,,,,,資金移動,,,,,,,
,,,,,20211230,70,,,020,東京支店,10E201270,雑費,,,6000,31,,10,,,,000,共通部門,204,未払金,,,6000,00,,,,,,有線,,,,,,,
,,,,,20211230,70,,,020,東京支店,10E201270,雑費,,,52381,31,,10,,,,000,共通部門,204,未払金,,,52381,00,,,,,,警備料,,,,,,,
,,,,,20211230,70,,,020,東京支店,10E201120,車両費,,,53600,31,,10,,,,000,共通部門,10A100020-3,普通預金,20,ABC銀行 本店,53600,00,,,,,,高速料,,,,,,,
,,,,,20211230,70,,,020,東京支店,10E201270,雑費,,,73500,31,,10,,,,000,共通部門,204,未払金,,,73500,00,,,,,,清掃料,,,,,,,
,,,,,20211230,96,,,030,名古屋支店,10E201270,雑費,,,22470,31,,10,,,,000,共通部門,10A100020-3,普通預金,30,GHI銀行 名古屋,22470,00,,,,,,警備料,,,,,,,
,,,,,20211230,100,,,040,大阪支店,10E200140,福利厚生費,,,6000,31,,10,,,,000,共通部門,100,現金,,,6000,00,,,,,,会費,,,,,,,
,,,,,20211230,109,,,040,大阪支店,10E201120,車両費,,,61694,31,,10,,,,000,共通部門,204,未払金,,,61694,00,,,,,,ガソリン代,,,,,,,
,,,,,20211230,115,,,040,大阪支店,531,保険料,,,64500,30,,,,,,000,共通部門,10A100020-3,普通預金,40,JKL銀行 梅田,64500,00,,,,,,保険料,,,,,,,
,,,,,20211230,128,,,010,札幌営業所,526,租税公課,,,10000,00,,,,,,000,共通部門,100,現金,,,10000,00,,,,,,収入印紙,,,,,,,
,,,,,20211230,137,,,040,大阪支店,10E201270,雑費,,,6000,31,,10,,,,000,共通部門,204,未払金,,,6000,00,,,,,,有線,,,,,,,
,,,,,20211230,137,,,040,大阪支店,10E201270,雑費,,,42858,31,,10,,,,000,共通部門,204,未払金,,,42858,00,,,,,,警備料,,,,,,,
,,,,,20211230,137,,,040,大阪支店,10E201120,車両費,,,53315,31,,10,,,,000,共通部門,10A100020-3,普通預金,40,JKL銀行 梅田,53315,00,,,,,,高速料,,,,,,,
,,,,,20211230,137,,,040,大阪支店,10E201270,雑費,,,73500,31,,10,,,,000,共通部門,204,未払金,,,73500,00,,,,,,清掃料,,,,,,,
,,,,,20211230,138,,,040,大阪支店,10E201120,車両費,,,3410,31,,10,,,,000,共通部門,100,現金,,,3410,00,,,,,,駐車場代,,,,,,,
,,,,,20211230,138,,,040,大阪支店,10E201120,車両費,,,2524,31,,10,,,,000,共通部門,100,現金,,,2524,00,,,,,,高速代,,,,,,,
,,,,,20211230,138,,,040,大阪支店,10E201120,車両費,,,3667,31,,10,,,,000,共通部門,100,現金,,,3667,00,,,,,,高速代,,,,,,,
,,,,,20211230,138,,,040,大阪支店,10E201120,車両費,,,1096,31,,10,,,,000,共通部門,100,現金,,,1096,00,,,,,,高速代,,,,,,,
,,,,,20211230,138,,,040,大阪支店,10E201120,車両費,,,3000,31,,10,,,,000,共通部門,100,現金,,,3000,00,,,,,,高速代,,,,,,,
,,,,,20211230,138,,,040,大阪支店,10E201120,車両費,,,1096,31,,10,,,,000,共通部門,100,現金,,,1096,00,,,,,,高速代,,,,,,,
,,,,,20211230,138,,,040,大阪支店,10E201120,車両費,,,3810,31,,10,,,,000,共通部門,100,現金,,,3810,00,,,,,,ガソリン代,,,,,,,
,,,,,20211230,155,,,050,九州営業所,10E201120,車両費,,,25000,31,,10,,,,000,共通部門,100,現金,,,25000,00,,,,,,車両管理費,,,,,,,
,,,,,20211231,63,,,020,東京支店,531,保険料,,,81000,30,,,,,,000,共通部門,10A100020-3,普通預金,20,ABC銀行 本店,81000,00,,,,,,保険料,,,,,,,
,,,,,20211231,78,,,030,名古屋支店,531,保険料,,,62000,30,,,,,,000,共通部門,10A100020-3,普通預金,30,GHI銀行 名古屋,62000,00,,,,,,保険料,,,,,,,
,,,,,20211231,79,,,050,九州営業所,531,保険料,,,57000,30,,,,,,000,共通部門,10A100020-3,普通預金,50,MNO銀行 北九州,57000,00,,,,,,保険料支払い,,,,,,,
,,,,,20211231,81,,,010,札幌営業所,525,消耗品費,,,25179,00,,,,,,000,共通部門,525,消耗品費,,,25179,00,,,,,,消耗品費　部門配賦,,,,,,,
,,,,,20211231,81,,,020,東京支店,525,消耗品費,,,109873,00,,,,,,000,共通部門,525,消耗品費,,,109873,00,,,,,,消耗品費　部門配賦,,,,,,,
,,,,,20211231,81,,,030,名古屋支店,525,消耗品費,,,22890,00,,,,,,000,共通部門,525,消耗品費,,,22890,00,,,,,,消耗品費　部門配賦,,,,,,,
,,,,,20211231,81,,,040,大阪支店,525,消耗品費,,,54936,00,,,,,,000,共通部門,525,消耗品費,,,54936,00,,,,,,消耗品費　部門配賦,,,,,,,
,,,,,20211231,81,,,050,九州営業所,525,消耗品費,,,16023,00,,,,,,000,共通部門,525,消耗品費,,,16023,00,,,,,,消耗品費　部門配賦,,,,,,,
,,,,,20211231,93,,,000,共通部門,208,預り金,1,保険料,1515566,00,,,,,,000,共通部門,10A100020-3,普通預金,20,ABC銀行 本店,1515566,00,,,,,,保険料預かり分,,,,,,,
,,,,,20211231,93,,,020,東京支店,10E200540,法定福利費,,,120411,30,,,,,,000,共通部門,10A100020-3,普通預金,20,ABC銀行 本店,120411,00,,,,,,保険料　事業主負担分,,,,,,,
,,,,,20211231,93,,,020,東京支店,10E200540,法定福利費,,,236045,30,,,,,,000,共通部門,10A100020-3,普通預金,20,ABC銀行 本店,236045,00,,,,,,保険料　事業主負担分,,,,,,,
,,,,,20211231,93,,,010,札幌営業所,10E200540,法定福利費,,,103424,30,,,,,,000,共通部門,10A100020-3,普通預金,20,ABC銀行 本店,103424,00,,,,,,保険料　事業主負担分,,,,,,,
,,,,,20211231,93,,,030,名古屋支店,10E200540,法定福利費,,,96352,30,,,,,,000,共通部門,10A100020-3,普通預金,20,ABC銀行 本店,96352,00,,,,,,保険料　事業主負担分,,,,,,,
,,,,,20211231,93,,,040,大阪支店,10E200540,法定福利費,,,128755,30,,,,,,000,共通部門,10A100020-3,普通預金,20,ABC銀行 本店,128755,00,,,,,,保険料　事業主負担分,,,,,,,
,,,,,20211231,93,,,050,九州営業所,10E200540,法定福利費,,,67268,30,,,,,,000,共通部門,10A100020-3,普通預金,20,ABC銀行 本店,67268,00,,,,,,保険料　事業主負担分,,,,,,,
,,,,,20211231,93,,,020,東京支店,10E200540,法定福利費,,,11056,30,,,,,,000,共通部門,10A100020-3,普通預金,20,ABC銀行 本店,11056,00,,,,,,児童拠出金　事業主負担分,,,,,,,
,,,,,20211231,94,,,000,共通部門,204,未払金,,,7644630,00,,,,,,000,共通部門,10A100020-3,普通預金,20,ABC銀行 本店,7644630,00,,,,,,11月分支払,,,,,,,
,,,,,20211231,121,,,000,共通部門,131,売掛金,14,株式会社花咲商事,2823042,00,,,,,,010,札幌営業所,10D100100,売上高,,,2823042,01,,10,,,,12月1日～12月31日分売上,,,,,,,
,,,,,20211231,121,,,000,共通部門,131,売掛金,25,株式会社ほのかマート,6207618,00,,,,,,010,札幌営業所,10D100100,売上高,,,6207618,01,,10,,,,12月1日～12月31日分売上,,,,,,,
,,,,,20211231,121,,,000,共通部門,131,売掛金,5,東雲商会株式会社,1585172,00,,,,,,010,札幌営業所,10D100100,売上高,,,1585172,01,,10,,,,12月1日～12月31日分売上,,,,,,,
,,,,,20211231,122,,,000,共通部門,131,売掛金,2,株式会社桜丘百貨店,20467436,00,,,,,,020,東京支店,10D100100,売上高,,,20467436,01,,10,,,,12月1日～12月31日分売上,,,,,,,
,,,,,20211231,122,,,000,共通部門,131,売掛金,12,株式会社緑野百貨店,17510543,00,,,,,,020,東京支店,10D100100,売上高,,,17510543,01,,10,,,,12月1日～12月31日分売上,,,,,,,
,,,,,20211231,122,,,000,共通部門,131,売掛金,13,星川商事株式会社,1632272,00,,,,,,020,東京支店,10D100100,売上高,,,1632272,01,,10,,,,12月1日～12月31日分売上,,,,,,,
,,,,,20211231,122,,,000,共通部門,131,売掛金,30,株式会社彩雲トレーディング,2107935,00,,,,,,020,東京支店,10D100100,売上高,,,2107935,01,,10,,,,12月1日～12月31日分売上,,,,,,,
,,,,,20211231,122,,,000,共通部門,131,売掛金,14,株式会社花咲商事,3452470,00,,,,,,020,東京支店,10D100100,売上高,,,3452470,01,,10,,,,12月1日～12月31日分売上,,,,,,,
,,,,,20211231,122,,,000,共通部門,131,売掛金,26,若松販売株式会社,2366012,00,,,,,,020,東京支店,10D100100,売上高,,,2366012,01,,10,,,,12月1日～12月31日分売上,,,,,,,
,,,,,20211231,122,,,000,共通部門,131,売掛金,11,株式会社楓屋,1182012,00,,,,,,020,東京支店,10D100100,売上高,,,1182012,01,,10,,,,12月1日～12月31日分売上,,,,,,,
,,,,,20211231,122,,,000,共通部門,131,売掛金,24,白峰商事株式会社,600724,00,,,,,,020,東京支店,10D100100,売上高,,,600724,01,,10,,,,12月1日～12月31日分売上,,,,,,,
,,,,,20211231,122,,,000,共通部門,131,売掛金,10,合同会社こもれび商事,458172,00,,,,,,020,東京支店,10D100100,売上高,,,458172,01,,10,,,,12月1日～12月31日分売上,,,,,,,
,,,,,20211231,123,,,000,共通部門,131,売掛金,14,株式会社花咲商事,3544224,00,,,,,,030,名古屋支店,10D100100,売上高,,,3544224,01,,10,,,,12月1日～12月31日分売上,,,,,,,
,,,,,20211231,123,,,000,共通部門,131,売掛金,7,株式会社光彩堂商事,1478159,00,,,,,,030,名古屋支店,10D100100,売上高,,,1478159,01,,10,,,,12月1日～12月31日分売上,,,,,,,
,,,,,20211231,123,,,000,共通部門,131,売掛金,27,晴海物産株式会社,1655306,00,,,,,,030,名古屋支店,10D100100,売上高,,,1655306,01,,10,,,,12月1日～12月31日分売上,,,,,,,
,,,,,20211231,123,,,000,共通部門,131,売掛金,6,株式会社瑞穂流通,1852360,00,,,,,,030,名古屋支店,10D100100,売上高,,,1852360,01,,10,,,,12月1日～12月31日分売上,,,,,,,
,,,,,20211231,123,,,000,共通部門,131,売掛金,19,株式会社南風商会,906784,00,,,,,,030,名古屋支店,10D100100,売上高,,,906784,01,,10,,,,12月1日～12月31日分売上,,,,,,,
,,,,,20211231,123,,,000,共通部門,131,売掛金,21,合同会社つばさ商店,1839420,00,,,,,,030,名古屋支店,10D100100,売上高,,,1839420,01,,10,,,,12月1日～12月31日分売上,,,,,,,
,,,,,20211231,124,,,000,共通部門,131,売掛金,8,株式会社高原マーケット,1218968,00,,,,,,040,大阪支店,10D100100,売上高,,,1218968,01,,10,,,,12月1日～12月31日分売上,,,,,,,
,,,,,20211231,124,,,000,共通部門,131,売掛金,9,朝凪物産株式会社,1347272,00,,,,,,040,大阪支店,10D100100,売上高,,,1347272,01,,10,,,,12月1日～12月31日分売上,,,,,,,
,,,,,20211231,124,,,000,共通部門,131,売掛金,14,株式会社花咲商事,14867459,00,,,,,,040,大阪支店,10D100100,売上高,,,14867459,01,,10,,,,12月1日～12月31日分売上,,,,,,,
,,,,,20211231,124,,,000,共通部門,131,売掛金,28,株式会社青葉百貨店,11930631,00,,,,,,040,大阪支店,10D100100,売上高,,,11930631,01,,10,,,,12月1日～12月31日分売上,,,,,,,
,,,,,20211231,124,,,000,共通部門,131,売掛金,23,株式会社杉の木商店,1420364,00,,,,,,040,大阪支店,10D100100,売上高,,,1420364,01,,10,,,,12月1日～12月31日分売上,,,,,,,
,,,,,20211231,124,,,000,共通部門,131,売掛金,3,青凪商事株式会社,12141144,00,,,,,,040,大阪支店,10D100100,売上高,,,12141144,01,,10,,,,12月1日～12月31日分売上,,,,,,,
,,,,,20211231,124,,,000,共通部門,131,売掛金,20,清和商事株式会社,2361484,00,,,,,,040,大阪支店,10D100100,売上高,,,2361484,01,,10,,,,12月1日～12月31日分売上,,,,,,,
,,,,,20211231,124,,,000,共通部門,131,売掛金,4,株式会社ひなたマート,1435084,00,,,,,,040,大阪支店,10D100100,売上高,,,1435084,01,,10,,,,12月1日～12月31日分売上,,,,,,,
,,,,,20211231,125,,,000,共通部門,131,売掛金,14,株式会社花咲商事,2089558,00,,,,,,050,九州営業所,10D100100,売上高,,,2089558,01,,10,,,,12月1日～12月31日分売上,,,,,,,
,,,,,20211231,125,,,000,共通部門,131,売掛金,22,株式会社豊原産業,2036596,00,,,,,,050,九州営業所,10D100100,売上高,,,2036596,01,,10,,,,12月1日～12月31日分売上,,,,,,,
,,,,,20211231,125,,,000,共通部門,131,売掛金,1,株式会社若葉百貨店,1949895,00,,,,,,050,九州営業所,10D100100,売上高,,,1949895,01,,10,,,,12月1日～12月31日分売上,,,,,,,
,,,,,20211231,125,,,000,共通部門,131,売掛金,29,株式会社小春サービス,1633676,00,,,,,,050,九州営業所,10D100100,売上高,,,1633676,01,,10,,,,12月1日～12月31日分売上,,,,,,,
,,,,,20211231,126,,,000,共通部門,10A100020-3,普通預金,40,JKL銀行 梅田,1299992,00,,,,,,000,共通部門,131,売掛金,4,株式会社ひなたマート,1299992,00,,,,,,12月31日伝票No400株式会社ひなたマート,,,,,,,
,,,,,20211231,126,,,040,大阪支店,512,支払手数料,,,840,31,,10,,,,000,共通部門,131,売掛金,4,株式会社ひなたマート,840,00,,,,,,12月31日伝票No400株式会社ひなたマート,,,,,,,
,,,,,20211231,127,,,000,共通部門,10A100020-3,普通預金,10,DEF銀行 駅前,2041108,00,,,,,,000,共通部門,131,売掛金,5,東雲商会株式会社,2041108,00,,,,,,12月31日伝票No401東雲商会株式会社,,,,,,,
,,,,,20211231,127,,,010,札幌営業所,512,支払手数料,,,840,31,,10,,,,000,共通部門,131,売掛金,5,東雲商会株式会社,840,00,,,,,,12月31日伝票No401東雲商会株式会社,,,,,,,
,,,,,20211231,128,,,000,共通部門,100,現金,,,320480,00,,,,,,000,共通部門,131,売掛金,10,合同会社こもれび商事,320480,00,,,,,,12月31日伝票No402合同会社こもれび商事,,,,,,,
,,,,,20211231,129,,,000,共通部門,130,受取手形,,,10629137,00,,,,,,000,共通部門,131,売掛金,12,株式会社緑野百貨店,10629137,00,,,,,,12月31日伝票No403株式会社緑野百貨店 | 売上伝票=20211130-112;手形番号=R20211231-129-12,,,,,,,
,,,,,20211231,130,,,000,共通部門,10A100020-3,普通預金,20,ABC銀行 本店,458582,00,,,,,,000,共通部門,131,売掛金,24,白峰商事株式会社,458582,00,,,,,,12月31日伝票No404白峰商事株式会社,,,,,,,
,,,,,20211231,130,,,020,東京支店,512,支払手数料,,,630,31,,10,,,,000,共通部門,131,売掛金,24,白峰商事株式会社,630,00,,,,,,12月31日伝票No404白峰商事株式会社,,,,,,,
,,,,,20211231,131,,,000,共通部門,10A100020-3,普通預金,50,MNO銀行 北九州,488688,00,,,,,,000,共通部門,131,売掛金,29,株式会社小春サービス,488688,00,,,,,,12月31日伝票No405株式会社小春サービス,,,,,,,
,,,,,20211231,131,,,050,九州営業所,512,支払手数料,,,210,31,,10,,,,000,共通部門,131,売掛金,29,株式会社小春サービス,210,00,,,,,,12月31日伝票No405株式会社小春サービス,,,,,,,
,,,,,20211231,132,,,010,札幌営業所,461,仕入高,,,102816,31,,10,,,,000,共通部門,201,買掛金,8,株式会社白樺商事,102816,00,,,,,,12月1日～12月31日分仕入,,,,,,,
,,,,,20211231,132,,,010,札幌営業所,461,仕入高,,,363331,31,,10,,,,000,共通部門,201,買掛金,2,株式会社双葉物産,363331,00,,,,,,12月1日～12月31日分仕入,,,,,,,
,,,,,20211231,133,,,020,東京支店,461,仕入高,,,4570569,31,,10,,,,000,共通部門,201,買掛金,14,合同会社あかね商会,4570569,00,,,,,,12月1日～12月31日分仕入,,,,,,,
,,,,,20211231,133,,,020,東京支店,461,仕入高,,,5031519,31,,10,,,,000,共通部門,201,買掛金,3,青凪商事株式会社,5031519,00,,,,,,12月1日～12月31日分仕入,,,,,,,
,,,,,20211231,133,,,020,東京支店,461,仕入高,,,2069835,31,,10,,,,000,共通部門,201,買掛金,13,朝日野産業株式会社,2069835,00,,,,,,12月1日～12月31日分仕入,,,,,,,
,,,,,20211231,133,,,020,東京支店,461,仕入高,,,10823612,31,,10,,,,000,共通部門,201,買掛金,1,株式会社北辰商事,10823612,00,,,,,,12月1日～12月31日分仕入,,,,,,,
,,,,,20211231,133,,,020,東京支店,461,仕入高,,,8378109,31,,10,,,,000,共通部門,201,買掛金,11,株式会社花園商会,8378109,00,,,,,,12月1日～12月31日分仕入,,,,,,,
,,,,,20211231,133,,,020,東京支店,461,仕入高,,,1085505,31,,10,,,,000,共通部門,201,買掛金,2,株式会社双葉物産,1085505,00,,,,,,12月1日～12月31日分仕入,,,,,,,
,,,,,20211231,133,,,020,東京支店,461,仕入高,,,658954,31,,10,,,,000,共通部門,201,買掛金,12,株式会社泉川商事,658954,00,,,,,,12月1日～12月31日分仕入,,,,,,,
,,,,,20211231,133,,,020,東京支店,461,仕入高,,,251899,31,,10,,,,000,共通部門,201,買掛金,8,株式会社白樺商事,251899,00,,,,,,12月1日～12月31日分仕入,,,,,,,
,,,,,20211231,134,,,030,名古屋支店,461,仕入高,,,2897127,31,,10,,,,000,共通部門,201,買掛金,9,東原産業株式会社,2897127,00,,,,,,12月1日～12月31日分仕入,,,,,,,
,,,,,20211231,134,,,030,名古屋支店,461,仕入高,,,1840617,31,,10,,,,000,共通部門,201,買掛金,15,株式会社麦穂商事,1840617,00,,,,,,12月1日～12月31日分仕入,,,,,,,
,,,,,20211231,134,,,030,名古屋支店,461,仕入高,,,6922413,31,,10,,,,000,共通部門,201,買掛金,7,株式会社夕凪商会,6922413,00,,,,,,12月1日～12月31日分仕入,,,,,,,
,,,,,20211231,134,,,030,名古屋支店,461,仕入高,,,183908,31,,10,,,,000,共通部門,201,買掛金,2,株式会社双葉物産,183908,00,,,,,,12月1日～12月31日分仕入,,,,,,,
,,,,,20211231,134,,,030,名古屋支店,461,仕入高,,,25704,31,,10,,,,000,共通部門,201,買掛金,8,株式会社白樺商事,25704,00,,,,,,12月1日～12月31日分仕入,,,,,,,
,,,,,20211231,135,,,040,大阪支店,461,仕入高,,,6301802,31,,10,,,,000,共通部門,201,買掛金,5,千草商事株式会社,6301802,00,,,,,,12月1日～12月31日分仕入,,,,,,,
,,,,,20211231,135,,,040,大阪支店,461,仕入高,,,1503036,31,,10,,,,000,共通部門,201,買掛金,4,株式会社和泉流通,1503036,00,,,,,,12月1日～12月31日分仕入,,,,,,,
,,,,,20211231,135,,,040,大阪支店,461,仕入高,,,5798593,31,,10,,,,000,共通部門,201,買掛金,10,光野販売株式会社,5798593,00,,,,,,12月1日～12月31日分仕入,,,,,,,
,,,,,20211231,135,,,040,大阪支店,461,仕入高,,,6893004,31,,10,,,,000,共通部門,201,買掛金,6,株式会社日向産業,6893004,00,,,,,,12月1日～12月31日分仕入,,,,,,,
,,,,,20211231,135,,,040,大阪支店,461,仕入高,,,102816,31,,10,,,,000,共通部門,201,買掛金,8,株式会社白樺商事,102816,00,,,,,,12月1日～12月31日分仕入,,,,,,,
,,,,,20211231,135,,,040,大阪支店,461,仕入高,,,183908,31,,10,,,,000,共通部門,201,買掛金,2,株式会社双葉物産,183908,00,,,,,,12月1日～12月31日分仕入,,,,,,,
,,,,,20211231,136,,,050,九州営業所,461,仕入高,,,77112,31,,10,,,,000,共通部門,201,買掛金,8,株式会社白樺商事,77112,00,,,,,,12月1日～12月31日分仕入,,,,,,,
,,,,,20211231,136,,,050,九州営業所,461,仕入高,,,80740,31,,10,,,,000,共通部門,201,買掛金,2,株式会社双葉物産,80740,00,,,,,,12月1日～12月31日分仕入,,,,,,,
,,,,,20211231,137,,,000,共通部門,201,買掛金,2,株式会社双葉物産,1314468,00,,,,,,000,共通部門,10A100020-3,普通預金,20,ABC銀行 本店,1314468,00,,,,,,12月31日伝票No309株式会社双葉物産,,,,,,,
,,,,,20211231,138,,,000,共通部門,201,買掛金,5,千草商事株式会社,4897778,00,,,,,,000,共通部門,10B100030,支払手形,,,4897778,00,,,,,,12月31日伝票No310千草商事株式会社,,,,,,,
,,,,,20211231,139,,,000,共通部門,201,買掛金,7,株式会社夕凪商会,4597303,00,,,,,,000,共通部門,10A100020-3,普通預金,20,ABC銀行 本店,4597303,00,,,,,,12月31日伝票No311株式会社夕凪商会,,,,,,,
,,,,,20211231,140,,,000,共通部門,201,買掛金,9,東原産業株式会社,2224739,00,,,,,,000,共通部門,10B100030,支払手形,,,2224739,00,,,,,,12月31日伝票No312東原産業株式会社,,,,,,,
,,,,,20211231,141,,,000,共通部門,201,買掛金,10,光野販売株式会社,3791833,00,,,,,,000,共通部門,10B100030,支払手形,,,3791833,00,,,,,,12月31日伝票No313光野販売株式会社,,,,,,,
,,,,,20211231,141,,,000,共通部門,10A100020-2,当座預金,1,ABC銀行,13866393,00,,,,,,000,共通部門,130,受取手形,,,13866393,00,,,,,,手形満期 株式会社桜丘百貨店 | 手形番号=R20210925-113-2;受取額に決済額を訂正,,,,,,,
,,,,,20211231,142,,,000,共通部門,201,買掛金,12,株式会社泉川商事,433742,00,,,,,,000,共通部門,10A100020-3,普通預金,20,ABC銀行 本店,433742,00,,,,,,12月31日伝票No314株式会社泉川商事,,,,,,,
,,,,,20211231,143,,,000,共通部門,201,買掛金,13,朝日野産業株式会社,1345680,00,,,,,,000,共通部門,10A100020-3,普通預金,20,ABC銀行 本店,1345680,00,,,,,,12月31日伝票No315朝日野産業株式会社,,,,,,,
,,,,,20211231,144,,,000,共通部門,201,買掛金,14,合同会社あかね商会,3875434,00,,,,,,000,共通部門,10A100020-3,普通預金,20,ABC銀行 本店,3875434,00,,,,,,12月31日伝票No316合同会社あかね商会,,,,,,,
,,,,,20211231,145,,,000,共通部門,201,買掛金,15,株式会社麦穂商事,1543059,00,,,,,,000,共通部門,10A100020-3,普通預金,20,ABC銀行 本店,1543059,00,,,,,,12月31日伝票No317株式会社麦穂商事,,,,,,,
,,,,,20211231,147,,,000,共通部門,10B100030,支払手形,,,3841014,00,,,,,,000,共通部門,10A100020-2,当座預金,1,ABC銀行,3841014,00,,,,,,手形期日落日 千草商事株式会社,,,,,,,
,,,,,20211231,147,,,000,共通部門,10B100030,支払手形,,,1819272,00,,,,,,000,共通部門,10A100020-2,当座預金,1,ABC銀行,1819272,00,,,,,,手形期日落日 東原産業株式会社,,,,,,,
,,,,,20211231,147,,,000,共通部門,10B100030,支払手形,,,3148603,00,,,,,,000,共通部門,10A100020-2,当座預金,1,ABC銀行,3148603,00,,,,,,手形期日落日 光野販売株式会社,,,,,,,
,,,,,20211231,152,,,000,共通部門,10A100020-3,普通預金,20,ABC銀行 本店,40000,00,,,,,,000,共通部門,10A100610,短期貸付金,,,40000,00,,,,,,貸付金返済,,,,,,,
,,,,,20211231,152,,,000,共通部門,10A100020-3,普通預金,20,ABC銀行 本店,50000,00,,,,,,000,共通部門,10A100610,短期貸付金,,,50000,00,,,,,,貸付金返済,,,,,,,
,,,,,20211231,153,,,000,共通部門,10A100020-4,定期積金,,,500000,00,,,,,,000,共通部門,10A100020-3,普通預金,20,ABC銀行 本店,500000,00,,,,,,定期積立金,,,,,,,
,,,,,20211231,153,,,000,共通部門,10A230570,保険積立金,,,125000,00,,,,,,000,共通部門,10A100020-3,普通預金,20,ABC銀行 本店,125000,00,,,,,,保険積立金,,,,,,,
,,,,,20211231,154,,,000,共通部門,202,借入金,,,653500,00,,,,,,000,共通部門,10A100020-2,当座預金,1,ABC銀行,653500,00,,,,,,借入金返済,,,,,,,
,,,,,20211231,154,,,020,東京支店,10E300020,支払利息,,,32675,30,,,,,,000,共通部門,10A100020-2,当座預金,1,ABC銀行,32675,00,,,,,,利息,,,,,,,
,,,,,20220101,18,,,010,札幌営業所,522,旅費・交通費,,,19500,31,,10,,,,000,共通部門,100,現金,,,19500,00,,,,,,旅費,,,,,,,
,,,,,20220102,19,,,010,札幌営業所,522,旅費・交通費,,,11000,31,,10,,,,000,共通部門,100,現金,,,11000,00,,,,,,旅費,,,,,,,
,,,,,20220103,134,,,040,大阪支店,10E201110,事務用消耗品費,,,8400,31,,10,,,,000,共通部門,204,未払金,,,8400,00,,,,,,用紙,,,,,,,
,,,,,20220104,66,,,020,東京支店,10E200730,リース料,,,209850,31,,10,,,,000,共通部門,10A100020-3,普通預金,20,ABC銀行 本店,209850,00,,,,,,リース料,,,,,,,
,,,,,20220104,116,,,040,大阪支店,10E200730,リース料,,,84000,31,,10,,,,000,共通部門,10A100020-3,普通預金,40,JKL銀行 梅田,84000,00,,,,,,リース料,,,,,,,
,,,,,20220105,86,,,000,共通部門,10A100020-3,普通預金,50,MNO銀行 北九州,2036124,00,,,,,,000,共通部門,131,売掛金,22,株式会社豊原産業,2036124,00,,,,,,1月5日伝票No406株式会社豊原産業,,,,,,,
,,,,,20220105,86,,,050,九州営業所,512,支払手数料,,,472,31,,10,,,,000,共通部門,131,売掛金,22,株式会社豊原産業,472,00,,,,,,1月5日伝票No406株式会社豊原産業,,,,,,,
,,,,,20220105,87,,,000,共通部門,10A100020-3,普通預金,20,ABC銀行 本店,2365540,00,,,,,,000,共通部門,131,売掛金,26,若松販売株式会社,2365540,00,,,,,,1月5日伝票No407若松販売株式会社,,,,,,,
,,,,,20220105,87,,,020,東京支店,512,支払手数料,,,472,31,,10,,,,000,共通部門,131,売掛金,26,若松販売株式会社,472,00,,,,,,1月5日伝票No407若松販売株式会社,,,,,,,
,,,,,20220105,88,,,000,共通部門,10A100020-3,普通預金,30,GHI銀行 名古屋,1655306,00,,,,,,000,共通部門,131,売掛金,27,晴海物産株式会社,1655306,00,,,,,,1月5日伝票No408晴海物産株式会社,,,,,,,
,,,,,20220105,143,,,040,大阪支店,10E201120,車両費,,,31200,31,,10,,,,000,共通部門,100,現金,,,31200,00,,,,,,点検作業料,,,,,,,
,,,,,20220106,110,,,040,大阪支店,522,旅費・交通費,,,2290,31,,10,,,,000,共通部門,100,現金,,,2290,00,,,,,,タクシー代,,,,,,,
,,,,,20220106,123,,,040,大阪支店,523,通信費,,,8000,31,,10,,,,000,共通部門,100,現金,,,8000,00,,,,,,切手代,,,,,,,
,,,,,20220106,124,,,040,大阪支店,526,租税公課,,,2000,00,,,,,,000,共通部門,100,現金,,,2000,00,,,,,,収入印紙,,,,,,,
,,,,,20220107,7,,,010,札幌営業所,521,接待交際費,,,10000,31,,10,,,,000,共通部門,100,現金,,,10000,00,,,,,,新年会会費 合同会社こもれび商事,,,,,,,
,,,,,20220107,20,,,010,札幌営業所,522,旅費・交通費,,,39000,31,,10,,,,000,共通部門,100,現金,,,39000,00,,,,,,旅費,,,,,,,
,,,,,20220107,21,,,010,札幌営業所,522,旅費・交通費,,,69500,31,,10,,,,000,共通部門,100,現金,,,69500,00,,,,,,架空鉄道会社A代,,,,,,,
,,,,,20220107,22,,,010,札幌営業所,522,旅費・交通費,,,50000,31,,10,,,,000,共通部門,100,現金,,,50000,00,,,,,,旅費,,,,,,,
,,,,,20220107,102,,,040,大阪支店,521,接待交際費,,,1050,31,,10,,,,000,共通部門,100,現金,,,1050,00,,,,,,差し入れ,,,,,,,
,,,,,20220107,106,,,040,大阪支店,521,接待交際費,,,20000,31,,10,,,,000,共通部門,100,現金,,,20000,00,,,,,,新年会会費2名,,,,,,,
,,,,,20220107,133,,,020,東京支店,10E200600,支払報酬,,,139710,31,,10,,,,000,共通部門,10A100020-3,普通預金,20,ABC銀行 本店,139710,00,,,,,,税理士報酬,,,,,,,
,,,,,20220108,45,,,020,東京支店,521,接待交際費,,,12000,31,,10,,,,000,共通部門,100,現金,,,12000,00,,,,,,新年会会費,,,,,,,
,,,,,20220108,50,,,020,東京支店,10E201120,車両費,,,1200,31,,10,,,,000,共通部門,100,現金,,,1200,00,,,,,,高速代,,,,,,,
,,,,,20220108,75,,,020,東京支店,521,接待交際費,,,26480,31,,10,,,,000,共通部門,100,現金,,,26480,00,,,,,,飲食代 架空店舗020,,,,,,,
,,,,,20220108,79,,,030,名古屋支店,10E200140,福利厚生費,,,39568,31,,10,,,,000,共通部門,100,現金,,,39568,00,,,,,,景品代,,,,,,,
,,,,,20220108,150,,,050,九州営業所,521,接待交際費,,,16000,31,,10,,,,000,共通部門,100,現金,,,16000,00,,,,,,新年会会費2名,,,,,,,
,,,,,20220109,85,,,030,名古屋支店,523,通信費,,,106577,31,,10,,,,000,共通部門,10A100020-3,普通預金,30,GHI銀行 名古屋,106577,00,,,,,,電話代,,,,,,,
,,,,,20220109,112,,,040,大阪支店,523,通信費,,,171053,31,,10,,,,000,共通部門,10A100020-3,普通預金,40,JKL銀行 梅田,171053,00,,,,,,電話代,,,,,,,
,,,,,20220110,16,,,010,札幌営業所,10E201120,車両費,,,381,31,,10,,,,000,共通部門,100,現金,,,381,00,,,,,,高速代,,,,,,,
,,,,,20220110,16,,,010,札幌営業所,10E201120,車両費,,,762,31,,10,,,,000,共通部門,100,現金,,,762,00,,,,,,駐車代,,,,,,,
,,,,,20220110,42,,,020,東京支店,521,接待交際費,,,24260,31,,10,,,,000,共通部門,100,現金,,,24260,00,,,,,,年始挨拶手土産品 架空店舗058,,,,,,,
,,,,,20220110,44,,,020,東京支店,521,接待交際費,,,12000,31,,10,,,,000,共通部門,100,現金,,,12000,00,,,,,,新年会会費,,,,,,,
,,,,,20220110,56,,,020,東京支店,522,旅費・交通費,,,19800,31,,10,,,,000,共通部門,100,現金,,,19800,00,,,,,,旅費,,,,,,,
,,,,,20220110,62,,,000,共通部門,100,現金,,,1000000,00,,,,,,000,共通部門,10A100020-2,当座預金,1,ABC銀行,1000000,00,,,,,,引き出し,,,,,,,
,,,,,20220110,64,,,000,共通部門,208,預り金,3,源泉税,436489,00,,,,,,000,共通部門,10A100020-3,普通預金,20,ABC銀行 本店,436489,00,,,,,,源泉税支払,,,,,,,
,,,,,20220110,64,,,000,共通部門,208,預り金,2,住民税,449500,00,,,,,,000,共通部門,10A100020-3,普通預金,20,ABC銀行 本店,449500,00,,,,,,住民税支払,,,,,,,
,,,,,20220110,67,,,010,札幌営業所,10E201270,雑費,,,5000,31,,10,,,,000,共通部門,204,未払金,,,5000,00,,,,,,有線,,,,,,,
,,,,,20220110,67,,,010,札幌営業所,10E201270,雑費,,,34286,31,,10,,,,000,共通部門,204,未払金,,,34286,00,,,,,,警備料,,,,,,,
,,,,,20220110,71,,,040,大阪支店,10E201270,雑費,,,3155,31,,10,,,,000,共通部門,100,現金,,,3155,00,,,,,,お茶他,,,,,,,
,,,,,20220110,89,,,000,共通部門,201,買掛金,3,青凪商事株式会社,5031519,00,,,,,,000,共通部門,131,売掛金,3,青凪商事株式会社,5031519,00,,,,,,1月10日伝票No409青凪商事株式会社,,,,,,,
,,,,,20220110,90,,,000,共通部門,10A100020-3,普通預金,20,ABC銀行 本店,26776018,00,,,,,,000,共通部門,131,売掛金,14,株式会社花咲商事,26776018,00,,,,,,1月10日伝票No410株式会社花咲商事東京本社,,,,,,,
,,,,,20220110,90,,,020,東京支店,512,支払手数料,,,735,31,,10,,,,000,共通部門,131,売掛金,14,株式会社花咲商事,735,00,,,,,,1月10日伝票No410株式会社花咲商事東京本社,,,,,,,
,,,,,20220110,91,,,000,共通部門,10A100020-3,普通預金,30,GHI銀行 名古屋,906049,00,,,,,,000,共通部門,131,売掛金,19,株式会社南風商会,906049,00,,,,,,1月10日伝票No411株式会社南風商会,,,,,,,
,,,,,20220110,91,,,030,名古屋支店,512,支払手数料,,,735,31,,10,,,,000,共通部門,131,売掛金,19,株式会社南風商会,735,00,,,,,,1月10日伝票No411株式会社南風商会,,,,,,,
,,,,,20220110,92,,,000,共通部門,130,受取手形,,,11930631,00,,,,,,000,共通部門,131,売掛金,28,株式会社青葉百貨店,11930631,00,,,,,,1月10日伝票No412株式会社青葉百貨店 | 売上伝票=20211231-124;手形番号=R20220110-92-28,,,,,,,
,,,,,20220110,93,,,000,共通部門,130,受取手形,,,7109625,00,,,,,,000,共通部門,131,売掛金,3,青凪商事株式会社,7109625,00,,,,,,1月10日伝票No318青凪商事株式会社 | 売上伝票=20211231-124;手形番号=R20220110-93-3;相殺後差額の手形受取,,,,,,,
,,,,,20220110,94,,,000,共通部門,201,買掛金,8,株式会社白樺商事,406123,00,,,,,,000,共通部門,10A100020-3,普通預金,20,ABC銀行 本店,406123,00,,,,,,1月10日伝票No319株式会社白樺商事,,,,,,,
,,,,,20220110,138,,,000,共通部門,10B100030,支払手形,,,2609859,00,,,,,,000,共通部門,10A100020-2,当座預金,1,ABC銀行,2609859,00,,,,,,手形期日落日 青凪商事株式会社,,,,,,,
,,,,,20220110,142,,,040,大阪支店,10E201120,車両費,,,3382,31,,10,,,,000,共通部門,100,現金,,,3382,00,,,,,,高速代,,,,,,,
,,,,,20220110,142,,,040,大阪支店,10E201120,車両費,,,5343,31,,10,,,,000,共通部門,100,現金,,,5343,00,,,,,,駐車代,,,,,,,
,,,,,20220110,142,,,040,大阪支店,10E201120,車両費,,,2223,31,,10,,,,000,共通部門,100,現金,,,2223,00,,,,,,高速代,,,,,,,
,,,,,20220110,142,,,040,大阪支店,10E201120,車両費,,,4306,31,,10,,,,000,共通部門,100,現金,,,4306,00,,,,,,高速代,,,,,,,
,,,,,20220110,142,,,040,大阪支店,10E201120,車両費,,,429,31,,10,,,,000,共通部門,100,現金,,,429,00,,,,,,高速代,,,,,,,
,,,,,20220110,149,,,030,名古屋支店,521,接待交際費,,,12000,31,,10,,,,000,共通部門,100,現金,,,12000,00,,,,,,新年会会費,,,,,,,
,,,,,20220110,152,,,050,九州営業所,521,接待交際費,,,10000,31,,10,,,,000,共通部門,100,現金,,,10000,00,,,,,,新年会会費,,,,,,,
,,,,,20220110,159,,,050,九州営業所,522,旅費・交通費,,,4200,31,,10,,,,000,共通部門,100,現金,,,4200,00,,,,,,タクシー代,,,,,,,
,,,,,20220110,162,,,020,東京支店,10E201130,会議費,,,24995,31,,10,,,,000,共通部門,100,現金,,,24995,00,,,,,,会議　食事代,,,,,,,
,,,,,20220110,168,,,050,九州営業所,10E201270,雑費,,,6000,31,,10,,,,000,共通部門,204,未払金,,,6000,00,,,,,,有線,,,,,,,
,,,,,20220110,168,,,050,九州営業所,10E201270,雑費,,,42858,31,,10,,,,000,共通部門,204,未払金,,,42858,00,,,,,,警備料,,,,,,,
,,,,,20220111,33,,,010,札幌営業所,528,地代・家賃,,,320000,31,,10,,,,000,共通部門,10A100020-3,普通預金,10,DEF銀行 駅前,320000,00,,,,,,家賃支払い,,,,,,,
,,,,,20220111,33,,,010,札幌営業所,523,通信費,,,176983,31,,10,,,,000,共通部門,10A100020-3,普通預金,10,DEF銀行 駅前,176983,00,,,,,,電話代,,,,,,,
,,,,,20220111,65,,,020,東京支店,528,地代・家賃,,,1260000,31,,10,,,,000,共通部門,10A100020-3,普通預金,20,ABC銀行 本店,1260000,00,,,,,,家賃支払,,,,,,,
,,,,,20220111,66,,,040,大阪支店,528,地代・家賃,,,840000,31,,10,,,,000,共通部門,10A100020-3,普通預金,40,JKL銀行 梅田,840000,00,,,,,,家賃支払,,,,,,,
,,,,,20220111,73,,,020,東京支店,521,接待交際費,,,16000,31,,10,,,,000,共通部門,100,現金,,,16000,00,,,,,,新年会会費2名,,,,,,,
,,,,,20220111,76,,,020,東京支店,10E200140,福利厚生費,,,28910,31,,10,,,,000,共通部門,204,未払金,,,28910,00,,,,,,社員食事代,,,,,,,
,,,,,20220111,94,,,030,名古屋支店,10E201270,雑費,,,2036,31,,10,,,,000,共通部門,100,現金,,,2036,00,,,,,,お茶代他,,,,,,,
,,,,,20220111,129,,,030,名古屋支店,528,地代・家賃,,,399000,31,,10,,,,000,共通部門,10A100020-3,普通預金,30,GHI銀行 名古屋,399000,00,,,,,,家賃支払い,,,,,,,
,,,,,20220111,147,,,050,九州営業所,10E201120,車両費,,,6578,31,,10,,,,000,共通部門,204,未払金,,,6578,00,,,,,,ガソリン代,,,,,,,
,,,,,20220111,167,,,050,九州営業所,528,地代・家賃,,,630000,31,,10,,,,000,共通部門,10A100020-3,普通預金,50,MNO銀行 北九州,630000,00,,,,,,家賃支払い,,,,,,,
,,,,,20220111,167,,,050,九州営業所,523,通信費,,,121564,31,,10,,,,000,共通部門,10A100020-3,普通預金,50,MNO銀行 北九州,121564,00,,,,,,電話代,,,,,,,
,,,,,20220112,9,,,010,札幌営業所,521,接待交際費,,,7000,31,,10,,,,000,共通部門,100,現金,,,7000,00,,,,,,新年会会費 合同会社つばさ商店,,,,,,,
,,,,,20220112,43,,,020,東京支店,521,接待交際費,,,1575,31,,10,,,,000,共通部門,100,現金,,,1575,00,,,,,,コーヒー代3名,,,,,,,
,,,,,20220112,57,,,020,東京支店,522,旅費・交通費,,,105670,31,,10,,,,000,共通部門,100,現金,,,105670,00,,,,,,架空鉄道会社A代,,,,,,,
,,,,,20220112,151,,,040,大阪支店,521,接待交際費,,,18642,31,,10,,,,000,共通部門,100,現金,,,18642,00,,,,,,飲食代 架空店舗076 4名,,,,,,,
,,,,,20220112,153,,,030,名古屋支店,521,接待交際費,,,16000,31,,10,,,,000,共通部門,100,現金,,,16000,00,,,,,,新年会会費2名,,,,,,,
,,,,,20220113,11,,,010,札幌営業所,10E201120,車両費,,,3210,31,,10,,,,000,共通部門,100,現金,,,3210,00,,,,,,ガソリン代,,,,,,,
,,,,,20220113,17,,,010,札幌営業所,10E201120,車両費,,,286,31,,10,,,,000,共通部門,100,現金,,,286,00,,,,,,駐車代,,,,,,,
,,,,,20220113,17,,,010,札幌営業所,10E201120,車両費,,,762,31,,10,,,,000,共通部門,100,現金,,,762,00,,,,,,駐車代,,,,,,,
,,,,,20220114,23,,,010,札幌営業所,522,旅費・交通費,,,26667,31,,10,,,,000,共通部門,100,現金,,,26667,00,,,,,,旅費,,,,,,,
,,,,,20220114,23,,,010,札幌営業所,522,旅費・交通費,,,29524,31,,10,,,,000,共通部門,100,現金,,,29524,00,,,,,,旅費,,,,,,,
,,,,,20220114,23,,,010,札幌営業所,522,旅費・交通費,,,36667,31,,10,,,,000,共通部門,100,現金,,,36667,00,,,,,,旅費,,,,,,,
,,,,,20220114,46,,,020,東京支店,10E201120,車両費,,,2341,31,,10,,,,000,共通部門,100,現金,,,2341,00,,,,,,ガソリン代,,,,,,,
,,,,,20220114,46,,,020,東京支店,10E201120,車両費,,,4767,31,,10,,,,000,共通部門,100,現金,,,4767,00,,,,,,ガソリン代,,,,,,,
,,,,,20220114,46,,,020,東京支店,10E201120,車両費,,,4880,31,,10,,,,000,共通部門,100,現金,,,4880,00,,,,,,ガソリン代,,,,,,,
,,,,,20220114,51,,,020,東京支店,10E201120,車両費,,,1505,31,,10,,,,000,共通部門,100,現金,,,1505,00,,,,,,高速代,,,,,,,
,,,,,20220114,51,,,020,東京支店,10E201120,車両費,,,620,31,,10,,,,000,共通部門,100,現金,,,620,00,,,,,,高速代,,,,,,,
,,,,,20220114,51,,,020,東京支店,10E201120,車両費,,,810,31,,10,,,,000,共通部門,100,現金,,,810,00,,,,,,高速代,,,,,,,
,,,,,20220114,51,,,020,東京支店,10E201120,車両費,,,1096,31,,10,,,,000,共通部門,100,現金,,,1096,00,,,,,,高速代,,,,,,,
,,,,,20220114,51,,,020,東京支店,10E201120,車両費,,,1096,31,,10,,,,000,共通部門,100,現金,,,1096,00,,,,,,高速代,,,,,,,
,,,,,20220114,51,,,020,東京支店,10E201120,車両費,,,1096,31,,10,,,,000,共通部門,100,現金,,,1096,00,,,,,,高速代,,,,,,,
,,,,,20220114,51,,,020,東京支店,10E201120,車両費,,,953,31,,10,,,,000,共通部門,100,現金,,,953,00,,,,,,高速代,,,,,,,
,,,,,20220114,61,,,020,東京支店,523,通信費,,,121642,31,,10,,,,000,共通部門,10A100020-3,普通預金,20,ABC銀行 本店,121642,00,,,,,,電話代,,,,,,,
,,,,,20220115,4,,,010,札幌営業所,10E200050,広告宣伝費,,,31500,31,,10,,,,000,共通部門,204,未払金,,,31500,00,,,,,,広告費,,,,,,,
,,,,,20220115,58,,,020,東京支店,522,旅費・交通費,,,86000,31,,10,,,,000,共通部門,100,現金,,,86000,00,,,,,,旅費,,,,,,,
,,,,,20220115,81,,,030,名古屋支店,522,旅費・交通費,,,12000,31,,10,,,,000,共通部門,100,現金,,,12000,00,,,,,,架空鉄道会社A代,,,,,,,
,,,,,20220115,84,,,020,東京支店,10E200520,雑給,,,303937,00,,,,,,000,共通部門,100,現金,,,303937,00,,,,,,1月給与その他 0060 パート･アルバイト,,,,,,,
,,,,,20220115,84,,,020,東京支店,10E200520,雑給,,,860,00,,,,,,000,共通部門,208,預り金,3,源泉税,860,00,,,,,,1月給与その他 0060 パート･アルバイト,,,,,,,
,,,,,20220115,84,,,020,東京支店,10E200520,雑給,,,8628,00,,,,,,000,共通部門,208,預り金,9,その他,8628,00,,,,,,1月給与その他 0060 パート･アルバイト,,,,,,,
,,,,,20220115,95,,,000,共通部門,10A100020-3,普通預金,50,MNO銀行 北九州,1949055,00,,,,,,000,共通部門,131,売掛金,1,株式会社若葉百貨店,1949055,00,,,,,,1月15日伝票No413株式会社若葉百貨店,,,,,,,
,,,,,20220115,95,,,050,九州営業所,512,支払手数料,,,840,31,,10,,,,000,共通部門,131,売掛金,1,株式会社若葉百貨店,840,00,,,,,,1月15日伝票No413株式会社若葉百貨店,,,,,,,
,,,,,20220115,96,,,000,共通部門,10A100020-3,普通預金,30,GHI銀行 名古屋,1851520,00,,,,,,000,共通部門,131,売掛金,6,株式会社瑞穂流通,1851520,00,,,,,,1月15日伝票No414株式会社瑞穂流通,,,,,,,
,,,,,20220115,96,,,030,名古屋支店,512,支払手数料,,,840,31,,10,,,,000,共通部門,131,売掛金,6,株式会社瑞穂流通,840,00,,,,,,1月15日伝票No414株式会社瑞穂流通,,,,,,,
,,,,,20220115,97,,,000,共通部門,10A100020-3,普通預金,40,JKL銀行 梅田,1218128,00,,,,,,000,共通部門,131,売掛金,8,株式会社高原マーケット,1218128,00,,,,,,1月15日伝票No415株式会社高原マーケット,,,,,,,
,,,,,20220115,97,,,040,大阪支店,512,支払手数料,,,840,31,,10,,,,000,共通部門,131,売掛金,8,株式会社高原マーケット,840,00,,,,,,1月15日伝票No415株式会社高原マーケット,,,,,,,
,,,,,20220115,98,,,000,共通部門,10A100020-3,普通預金,40,JKL銀行 梅田,1346432,00,,,,,,000,共通部門,131,売掛金,9,朝凪物産株式会社,1346432,00,,,,,,1月15日伝票No416朝凪物産株式会社,,,,,,,
,,,,,20220115,98,,,040,大阪支店,512,支払手数料,,,840,31,,10,,,,000,共通部門,131,売掛金,9,朝凪物産株式会社,840,00,,,,,,1月15日伝票No416朝凪物産株式会社,,,,,,,
,,,,,20220115,99,,,000,共通部門,10A100020-3,普通預金,20,ABC銀行 本店,1632272,00,,,,,,000,共通部門,131,売掛金,13,星川商事株式会社,1632272,00,,,,,,1月15日伝票No417星川商事株式会社,,,,,,,
,,,,,20220115,100,,,000,共通部門,10A100020-3,普通預金,40,JKL銀行 梅田,2361169,00,,,,,,000,共通部門,131,売掛金,20,清和商事株式会社,2361169,00,,,,,,1月15日伝票No418清和商事株式会社,,,,,,,
,,,,,20220115,100,,,040,大阪支店,512,支払手数料,,,315,31,,10,,,,000,共通部門,131,売掛金,20,清和商事株式会社,315,00,,,,,,1月15日伝票No418清和商事株式会社,,,,,,,
,,,,,20220115,101,,,000,共通部門,201,買掛金,1,株式会社北辰商事,7285614,00,,,,,,000,共通部門,10A100020-3,普通預金,20,ABC銀行 本店,7285614,00,,,,,,1月15日伝票No320株式会社北辰商事,,,,,,,
,,,,,20220115,103,,,040,大阪支店,521,接待交際費,,,1260,31,,10,,,,000,共通部門,100,現金,,,1260,00,,,,,,コーヒー代2名,,,,,,,
,,,,,20220115,109,,,040,大阪支店,10E201120,車両費,,,50400,31,,10,,,,000,共通部門,204,未払金,,,50400,00,,,,,,ガソリン代,,,,,,,
,,,,,20220115,130,,,040,大阪支店,10E201140,諸会費,,,24000,00,,,,,,000,共通部門,10A100020-3,普通預金,40,JKL銀行 梅田,24000,00,,,,,,会費,,,,,,,
,,,,,20220115,156,,,050,九州営業所,522,旅費・交通費,,,7700,31,,10,,,,000,共通部門,100,現金,,,7700,00,,,,,,出張旅費,,,,,,,
,,,,,20220115,165,,,050,九州営業所,10E201270,雑費,,,1007,31,,10,,,,000,共通部門,100,現金,,,1007,00,,,,,,電池代他,,,,,,,
,,,,,20220116,73,,,020,東京支店,521,接待交際費,,,28000,31,,10,,,,000,共通部門,100,現金,,,28000,00,,,,,,ゴルフプレー代2名,,,,,,,
,,,,,20220116,74,,,020,東京支店,521,接待交際費,,,10000,31,,10,,,,000,共通部門,100,現金,,,10000,00,,,,,,新年会会費,,,,,,,
,,,,,20220116,117,,,040,大阪支店,10E201140,諸会費,,,20000,00,,,,,,000,共通部門,100,現金,,,20000,00,,,,,,会費,,,,,,,
,,,,,20220116,136,,,040,大阪支店,10E201270,雑費,,,16500,31,,10,,,,000,共通部門,100,現金,,,16500,00,,,,,,架空清掃会社A代,,,,,,,
,,,,,20220116,157,,,050,九州営業所,522,旅費・交通費,,,38700,31,,10,,,,000,共通部門,10A100020-3,普通預金,50,MNO銀行 北九州,38700,00,,,,,,航空券代,,,,,,,
,,,,,20220117,47,,,020,東京支店,10E201120,車両費,,,2540,31,,10,,,,000,共通部門,100,現金,,,2540,00,,,,,,ガソリン代,,,,,,,
,,,,,20220117,52,,,020,東京支店,10E201120,車両費,,,1096,31,,10,,,,000,共通部門,100,現金,,,1096,00,,,,,,高速代,,,,,,,
,,,,,20220117,52,,,020,東京支店,10E201120,車両費,,,1096,31,,10,,,,000,共通部門,100,現金,,,1096,00,,,,,,高速代,,,,,,,
,,,,,20220117,52,,,020,東京支店,10E201120,車両費,,,1429,31,,10,,,,000,共通部門,100,現金,,,1429,00,,,,,,高速代,,,,,,,
,,,,,20220117,104,,,040,大阪支店,521,接待交際費,,,2100,31,,10,,,,000,共通部門,100,現金,,,2100,00,,,,,,手土産代 架空店舗089,,,,,,,
,,,,,20220118,68,,,030,名古屋支店,521,接待交際費,,,11684,31,,10,,,,000,共通部門,100,現金,,,11684,00,,,,,,飲食代 架空店舗082 3名,,,,,,,
,,,,,20220118,82,,,030,名古屋支店,522,旅費・交通費,,,5000,31,,10,,,,000,共通部門,100,現金,,,5000,00,,,,,,タクシー代,,,,,,,
,,,,,20220118,148,,,050,九州営業所,10E201120,車両費,,,6613,31,,10,,,,000,共通部門,100,現金,,,6613,00,,,,,,ガソリン代,,,,,,,
,,,,,20220118,148,,,050,九州営業所,10E201120,車両費,,,620,31,,10,,,,000,共通部門,100,現金,,,620,00,,,,,,高速代,,,,,,,
,,,,,20220119,69,,,020,東京支店,10E201270,雑費,,,2746,31,,10,,,,000,共通部門,100,現金,,,2746,00,,,,,,お茶代他,,,,,,,
,,,,,20220119,105,,,040,大阪支店,521,接待交際費,,,23372,31,,10,,,,000,共通部門,100,現金,,,23372,00,,,,,,飲食代 架空店舗063 6名,,,,,,,
,,,,,20220119,105,,,040,大阪支店,521,接待交際費,,,39096,31,,10,,,,000,共通部門,100,現金,,,39096,00,,,,,,飲食代 架空店舗022,,,,,,,
,,,,,20220119,105,,,040,大阪支店,521,接待交際費,,,21334,31,,10,,,,000,共通部門,100,現金,,,21334,00,,,,,,飲食代 架空店舗023,,,,,,,
,,,,,20220120,1,,,000,共通部門,10E200140,福利厚生費,,,21600,31,,K8.0,,,,000,共通部門,100,現金,,,21600,00,,,,,,残業夜食　軽減税率,,,,,,,
,,,,,20220120,6,,,010,札幌営業所,10E200050,広告宣伝費,,,5000,31,,10,,,,000,共通部門,100,現金,,,5000,00,,,,,,広告料,,,,,,,
,,,,,20220120,12,,,010,札幌営業所,10E201120,車両費,,,4762,31,,10,,,,000,共通部門,100,現金,,,4762,00,,,,,,ガソリン代,,,,,,,
,,,,,20220120,12,,,010,札幌営業所,10E201120,車両費,,,4431,31,,10,,,,000,共通部門,100,現金,,,4431,00,,,,,,ガソリン代,,,,,,,
,,,,,20220120,24,,,010,札幌営業所,522,旅費・交通費,,,82620,31,,10,,,,000,共通部門,100,現金,,,82620,00,,,,,,架空鉄道会社A回数券,,,,,,,
,,,,,20220120,31,,,010,札幌営業所,10E201110,事務用消耗品費,,,3152,31,,10,,,,000,共通部門,204,未払金,,,3152,00,,,,,,コピー代,,,,,,,
,,,,,20220120,34,,,010,札幌営業所,10E201040,水道光熱費,,,69196,31,,10,,,,000,共通部門,10A100020-3,普通預金,10,DEF銀行 駅前,69196,00,,,,,,電気代,,,,,,,
,,,,,20220120,34,,,010,札幌営業所,10E201040,水道光熱費,,,3725,31,,10,,,,000,共通部門,10A100020-3,普通預金,10,DEF銀行 駅前,3725,00,,,,,,水道代,,,,,,,
,,,,,20220120,48,,,020,東京支店,10E201120,車両費,,,4303,31,,10,,,,000,共通部門,100,現金,,,4303,00,,,,,,ガソリン代,,,,,,,
,,,,,20220120,53,,,020,東京支店,10E201120,車両費,,,381,31,,10,,,,000,共通部門,100,現金,,,381,00,,,,,,高速代,,,,,,,
,,,,,20220120,53,,,020,東京支店,10E201120,車両費,,,1000,31,,10,,,,000,共通部門,100,現金,,,1000,00,,,,,,高速代,,,,,,,
,,,,,20220120,53,,,020,東京支店,10E201120,車両費,,,1000,31,,10,,,,000,共通部門,100,現金,,,1000,00,,,,,,高速代,,,,,,,
,,,,,20220120,63,,,050,九州営業所,10E200140,福利厚生費,,,10100,31,,10,,,,000,共通部門,204,未払金,,,10100,00,,,,,,お茶代,,,,,,,
,,,,,20220120,64,,,020,東京支店,10E201040,水道光熱費,,,168910,31,,10,,,,000,共通部門,10A100020-3,普通預金,20,ABC銀行 本店,168910,00,,,,,,電気料,,,,,,,
,,,,,20220120,64,,,020,東京支店,10E201040,水道光熱費,,,7740,31,,10,,,,000,共通部門,10A100020-3,普通預金,20,ABC銀行 本店,7740,00,,,,,,水道料,,,,,,,
,,,,,20220120,70,,,030,名古屋支店,10E201270,雑費,,,5000,31,,10,,,,000,共通部門,204,未払金,,,5000,00,,,,,,有線,,,,,,,
,,,,,20220120,71,,,020,東京支店,10E201110,事務用消耗品費,,,3509,31,,10,,,,000,共通部門,204,未払金,,,3509,00,,,,,,事務用品,,,,,,,
,,,,,20220120,71,,,020,東京支店,10E201110,事務用消耗品費,,,35137,31,,10,,,,000,共通部門,204,未払金,,,35137,00,,,,,,カウンター料金,,,,,,,
,,,,,20220120,72,,,050,九州営業所,10E201110,事務用消耗品費,,,6300,31,,10,,,,000,共通部門,204,未払金,,,6300,00,,,,,,カウンター料金,,,,,,,
,,,,,20220120,76,,,000,共通部門,525,消耗品費,,,10147,31,,10,,,,000,共通部門,204,未払金,,,10147,00,,,,,,ファイル等,,,,,,,
,,,,,20220120,76,,,000,共通部門,525,消耗品費,,,222011,31,,10,,,,000,共通部門,204,未払金,,,222011,00,,,,,,飲料水,,,,,,,
,,,,,20220120,76,,,000,共通部門,525,消耗品費,,,43810,31,,10,,,,000,共通部門,204,未払金,,,43810,00,,,,,,名刺代,,,,,,,
,,,,,20220120,89,,,030,名古屋支店,10E201040,水道光熱費,,,89831,31,,10,,,,000,共通部門,10A100020-3,普通預金,30,GHI銀行 名古屋,89831,00,,,,,,電気料,,,,,,,
,,,,,20220120,89,,,030,名古屋支店,10E201040,水道光熱費,,,4038,31,,10,,,,000,共通部門,10A100020-3,普通預金,30,GHI銀行 名古屋,4038,00,,,,,,水道料,,,,,,,
,,,,,20220120,89,,,030,名古屋支店,10E201040,水道光熱費,,,4503,31,,10,,,,000,共通部門,10A100020-3,普通預金,30,GHI銀行 名古屋,4503,00,,,,,,ガス代,,,,,,,
,,,,,20220120,97,,,030,名古屋支店,10E201110,事務用消耗品費,,,39887,31,,10,,,,000,共通部門,204,未払金,,,39887,00,,,,,,コピー代,,,,,,,
,,,,,20220120,98,,,030,名古屋支店,10E201110,事務用消耗品費,,,7063,31,,10,,,,000,共通部門,204,未払金,,,7063,00,,,,,,事務用品,,,,,,,
,,,,,20220120,101,,,040,大阪支店,10E200050,広告宣伝費,,,52500,31,,10,,,,000,共通部門,204,未払金,,,52500,00,,,,,,広告料,,,,,,,
,,,,,20220120,102,,,000,共通部門,100,現金,,,1182012,00,,,,,,000,共通部門,131,売掛金,11,株式会社楓屋,1182012,00,,,,,,1月20日伝票No419株式会社楓屋,,,,,,,
,,,,,20220120,103,,,000,共通部門,10A100020-3,普通預金,30,GHI銀行 名古屋,1838948,00,,,,,,000,共通部門,131,売掛金,21,合同会社つばさ商店,1838948,00,,,,,,1月20日伝票No420合同会社つばさ商店,,,,,,,
,,,,,20220120,103,,,030,名古屋支店,512,支払手数料,,,472,31,,10,,,,000,共通部門,131,売掛金,21,合同会社つばさ商店,472,00,,,,,,1月20日伝票No420合同会社つばさ商店,,,,,,,
,,,,,20220120,104,,,000,共通部門,10A100020-3,普通預金,20,ABC銀行 本店,2107200,00,,,,,,000,共通部門,131,売掛金,30,株式会社彩雲トレーディング,2107200,00,,,,,,1月20日伝票No421株式会社彩雲トレーディング,,,,,,,
,,,,,20220120,104,,,020,東京支店,512,支払手数料,,,735,31,,10,,,,000,共通部門,131,売掛金,30,株式会社彩雲トレーディング,735,00,,,,,,1月20日伝票No421株式会社彩雲トレーディング,,,,,,,
,,,,,20220120,105,,,000,共通部門,201,買掛金,4,株式会社和泉流通,1503036,00,,,,,,000,共通部門,10A100020-2,当座預金,1,ABC銀行,1503036,00,,,,,,1月20日伝票No321株式会社和泉流通,,,,,,,
,,,,,20220120,106,,,000,共通部門,201,買掛金,6,株式会社日向産業,4043244,00,,,,,,000,共通部門,10A100020-3,普通預金,20,ABC銀行 本店,4043244,00,,,,,,1月20日伝票No322株式会社日向産業,,,,,,,
,,,,,20220120,107,,,000,共通部門,201,買掛金,11,株式会社花園商会,8378109,00,,,,,,000,共通部門,10B100030,支払手形,,,8378109,00,,,,,,1月20日伝票No323株式会社花園商会,,,,,,,
,,,,,20220120,118,,,040,大阪支店,10E201110,事務用消耗品費,,,7980,31,,10,,,,000,共通部門,204,未払金,,,7980,00,,,,,,コピー代,,,,,,,
,,,,,20220120,119,,,040,大阪支店,10E201110,事務用消耗品費,,,3778,31,,10,,,,000,共通部門,204,未払金,,,3778,00,,,,,,事務用品,,,,,,,
,,,,,20220120,132,,,040,大阪支店,10E201040,水道光熱費,,,106066,31,,10,,,,000,共通部門,10A100020-3,普通預金,40,JKL銀行 梅田,106066,00,,,,,,電気代,,,,,,,
,,,,,20220120,132,,,040,大阪支店,10E201040,水道光熱費,,,5882,31,,10,,,,000,共通部門,10A100020-3,普通預金,40,JKL銀行 梅田,5882,00,,,,,,水道代,,,,,,,
,,,,,20220120,139,,,000,共通部門,10A100020-2,当座預金,1,ABC銀行,5950364,00,,,,,,000,共通部門,130,受取手形,,,5950364,00,,,,,,手形割引 株式会社青葉百貨店 | 手形番号=R20211210-101-28;受取額に決済額を訂正,,,,,,,
,,,,,20220120,139,,,020,東京支店,10E300020,支払利息,,,53658,30,,,,,,000,共通部門,130,受取手形,,,53658,00,,,,,,手形割引料 | 手形番号=R20211210-101-28,,,,,,,
,,,,,20220120,144,,,040,大阪支店,10E201120,車両費,,,4351,31,,10,,,,000,共通部門,100,現金,,,4351,00,,,,,,ガソリン代,,,,,,,
,,,,,20220120,144,,,040,大阪支店,10E201120,車両費,,,7162,31,,10,,,,000,共通部門,100,現金,,,7162,00,,,,,,ガソリン代,,,,,,,
,,,,,20220120,144,,,040,大阪支店,10E201120,車両費,,,305,31,,10,,,,000,共通部門,100,現金,,,305,00,,,,,,ガソリン代,,,,,,,
,,,,,20220120,169,,,050,九州営業所,10E201040,水道光熱費,,,94520,31,,10,,,,000,共通部門,10A100020-3,普通預金,50,MNO銀行 北九州,94520,00,,,,,,電気料,,,,,,,
,,,,,20220120,169,,,050,九州営業所,10E201040,水道光熱費,,,6081,31,,10,,,,000,共通部門,10A100020-3,普通預金,50,MNO銀行 北九州,6081,00,,,,,,水道料,,,,,,,
,,,,,20220121,8,,,010,札幌営業所,521,接待交際費,,,20000,31,,10,,,,000,共通部門,100,現金,,,20000,00,,,,,,定例ミーティング会費,,,,,,,
,,,,,20220121,25,,,010,札幌営業所,522,旅費・交通費,,,56000,31,,10,,,,000,共通部門,100,現金,,,56000,00,,,,,,旅費,,,,,,,
,,,,,20220121,69,,,010,札幌営業所,10E201270,雑費,,,2388,31,,10,,,,000,共通部門,100,現金,,,2388,00,,,,,,お茶代他,,,,,,,
,,,,,20220121,82,,,030,名古屋支店,10E201120,車両費,,,21324,31,,10,,,,000,共通部門,204,未払金,,,21324,00,,,,,,ガソリン代,,,,,,,
,,,,,20220121,126,,,020,東京支店,526,租税公課,,,2000,00,,,,,,000,共通部門,100,現金,,,2000,00,,,,,,収入印紙,,,,,,,
,,,,,20220121,160,,,020,東京支店,522,旅費・交通費,,,70000,31,,10,,,,000,共通部門,100,現金,,,70000,00,,,,,,出張旅費,,,,,,,
,,,,,20220121,163,,,050,九州営業所,10E201140,諸会費,,,18000,00,,,,,,000,共通部門,100,現金,,,18000,00,,,,,,会費,,,,,,,
,,,,,20220122,3,,,010,札幌営業所,10E200140,福利厚生費,,,25450,31,,10,,,,000,共通部門,204,未払金,,,25450,00,,,,,,宿泊代,,,,,,,
,,,,,20220122,90,,,030,名古屋支店,10E201270,雑費,,,10500,31,,10,,,,000,共通部門,100,現金,,,10500,00,,,,,,架空清掃会社A代,,,,,,,
,,,,,20220122,95,,,030,名古屋支店,10E201270,雑費,,,71675,31,,10,,,,000,共通部門,204,未払金,,,71675,00,,,,,,清掃料,,,,,,,
,,,,,20220122,138,,,040,大阪支店,10E201120,車両費,,,4430,31,,10,,,,000,共通部門,100,現金,,,4430,00,,,,,,駐車代,,,,,,,
,,,,,20220122,138,,,040,大阪支店,10E201120,車両費,,,8115,31,,10,,,,000,共通部門,100,現金,,,8115,00,,,,,,高速代,,,,,,,
,,,,,20220122,138,,,040,大阪支店,10E201120,車両費,,,1166,31,,10,,,,000,共通部門,100,現金,,,1166,00,,,,,,高速代,,,,,,,
,,,,,20220122,138,,,040,大阪支店,10E201120,車両費,,,6230,31,,10,,,,000,共通部門,100,現金,,,6230,00,,,,,,高速代,,,,,,,
,,,,,20220122,138,,,040,大阪支店,10E201120,車両費,,,2140,31,,10,,,,000,共通部門,100,現金,,,2140,00,,,,,,高速代,,,,,,,
,,,,,20220122,138,,,040,大阪支店,10E201120,車両費,,,9059,31,,10,,,,000,共通部門,100,現金,,,9059,00,,,,,,ガソリン代,,,,,,,
,,,,,20220122,161,,,050,九州営業所,522,旅費・交通費,,,7260,31,,10,,,,000,共通部門,100,現金,,,7260,00,,,,,,旅費,,,,,,,
,,,,,20220122,166,,,050,九州営業所,10E201270,雑費,,,1890,31,,10,,,,000,共通部門,100,現金,,,1890,00,,,,,,架空清掃会社A代,,,,,,,
,,,,,20220123,26,,,010,札幌営業所,522,旅費・交通費,,,11000,31,,10,,,,000,共通部門,100,現金,,,11000,00,,,,,,旅費,,,,,,,
,,,,,20220123,28,,,010,札幌営業所,522,旅費・交通費,,,2420,31,,10,,,,000,共通部門,204,未払金,,,2420,00,,,,,,タクシー代,,,,,,,
,,,,,20220123,54,,,020,東京支店,10E201120,車両費,,,1810,31,,10,,,,000,共通部門,100,現金,,,1810,00,,,,,,高速代,,,,,,,
,,,,,20220123,54,,,020,東京支店,10E201120,車両費,,,2572,31,,10,,,,000,共通部門,100,現金,,,2572,00,,,,,,高速代,,,,,,,
,,,,,20220123,140,,,040,大阪支店,522,旅費・交通費,,,4970,31,,10,,,,000,共通部門,100,現金,,,4970,00,,,,,,旅費,,,,,,,
,,,,,20220123,158,,,040,大阪支店,522,旅費・交通費,,,9500,31,,10,,,,000,共通部門,100,現金,,,9500,00,,,,,,出張旅費,,,,,,,
,,,,,20220124,108,,,040,大阪支店,521,接待交際費,,,1360,31,,10,,,,000,共通部門,100,現金,,,1360,00,,,,,,コーヒー代2名,,,,,,,
,,,,,20220124,114,,,040,大阪支店,10E201160,新聞図書費,,,2540,31,,10,,,,000,共通部門,100,現金,,,2540,00,,,,,,新聞代,,,,,,,
,,,,,20220124,114,,,040,大阪支店,10E201160,新聞図書費,,,2864,31,,10,,,,000,共通部門,100,現金,,,2864,00,,,,,,新聞代,,,,,,,
,,,,,20220124,120,,,040,大阪支店,10E200020,販売手数料,,,651000,31,,10,,,,000,共通部門,204,未払金,,,651000,00,,,,,,業務委託費,,,,,,,
,,,,,20220124,137,,,040,大阪支店,10E201270,雑費,,,6000,31,,10,,,,000,共通部門,204,未払金,,,6000,00,,,,,,有線,,,,,,,
,,,,,20220124,137,,,040,大阪支店,10E201270,雑費,,,42858,31,,10,,,,000,共通部門,204,未払金,,,42858,00,,,,,,警備料,,,,,,,
,,,,,20220124,137,,,040,大阪支店,10E201120,車両費,,,23547,31,,10,,,,000,共通部門,10A100020-3,普通預金,40,JKL銀行 梅田,23547,00,,,,,,高速料,,,,,,,
,,,,,20220124,137,,,040,大阪支店,10E201270,雑費,,,65540,31,,10,,,,000,共通部門,204,未払金,,,65540,00,,,,,,清掃料,,,,,,,
,,,,,20220124,137,,,040,大阪支店,10E201120,車両費,,,13211,31,,10,,,,000,共通部門,100,現金,,,13211,00,,,,,,ガソリン代,,,,,,,
,,,,,20220124,146,,,050,九州営業所,10E200020,販売手数料,,,168000,31,,10,,,,000,共通部門,204,未払金,,,168000,00,,,,,,業務委託費,,,,,,,
,,,,,20220124,155,,,050,九州営業所,10E201120,車両費,,,7099,31,,10,,,,000,共通部門,100,現金,,,7099,00,,,,,,ガソリン代,,,,,,,
,,,,,20220125,62,,,020,東京支店,523,通信費,,,79525,31,,10,,,,000,共通部門,10A100020-3,普通預金,20,ABC銀行 本店,79525,00,,,,,,携帯代,,,,,,,
,,,,,20220125,72,,,020,東京支店,10E201160,新聞図書費,,,2864,31,,10,,,,000,共通部門,100,現金,,,2864,00,,,,,,新聞代,,,,,,,
,,,,,20220125,72,,,020,東京支店,10E201160,新聞図書費,,,2815,31,,10,,,,000,共通部門,100,現金,,,2815,00,,,,,,新聞代,,,,,,,
,,,,,20220125,72,,,020,東京支店,10E201160,新聞図書費,,,3399,31,,10,,,,000,共通部門,100,現金,,,3399,00,,,,,,新聞代,,,,,,,
,,,,,20220125,85,,,020,東京支店,10E200090,役員報酬,,,1124255,00,,,,,,000,共通部門,10A100020-3,普通預金,20,ABC銀行 本店,1124255,00,,,,,,1月給与その他 0001 役員,,,,,,,
,,,,,20220125,85,,,020,東京支店,10E200090,役員報酬,,,120411,00,,,,,,000,共通部門,208,預り金,1,保険料,120411,00,,,,,,1月給与その他 0001 役員,,,,,,,
,,,,,20220125,85,,,020,東京支店,10E200090,役員報酬,,,171200,00,,,,,,000,共通部門,208,預り金,2,住民税,171200,00,,,,,,1月給与その他 0001 役員,,,,,,,
,,,,,20220125,85,,,020,東京支店,10E200090,役員報酬,,,164442,00,,,,,,000,共通部門,208,預り金,3,源泉税,164442,00,,,,,,1月給与その他 0001 役員,,,,,,,
,,,,,20220125,85,,,020,東京支店,10E200090,役員報酬,,,133972,00,,,,,,000,共通部門,208,預り金,4,貯蓄・保険,133972,00,,,,,,1月給与その他 0001 役員,,,,,,,
,,,,,20220125,85,,,020,東京支店,10E200090,役員報酬,,,5720,00,,,,,,000,共通部門,208,預り金,9,その他,5720,00,,,,,,1月給与その他 0001 役員,,,,,,,
,,,,,20220125,85,,,020,東京支店,10E200370,給与手当,,,1349186,00,,,,,,000,共通部門,10A100020-3,普通預金,20,ABC銀行 本店,1349186,00,,,,,,1月給与その他 0020 営業部,,,,,,,
,,,,,20220125,85,,,020,東京支店,10E200370,給与手当,,,236045,00,,,,,,000,共通部門,208,預り金,1,保険料,236045,00,,,,,,1月給与その他 0020 営業部,,,,,,,
,,,,,20220125,85,,,020,東京支店,10E200370,給与手当,,,104300,00,,,,,,000,共通部門,208,預り金,2,住民税,104300,00,,,,,,1月給与その他 0020 営業部,,,,,,,
,,,,,20220125,85,,,020,東京支店,10E200370,給与手当,,,28970,00,,,,,,000,共通部門,208,預り金,3,源泉税,28970,00,,,,,,1月給与その他 0020 営業部,,,,,,,
,,,,,20220125,85,,,020,東京支店,10E200370,給与手当,,,43305,00,,,,,,000,共通部門,208,預り金,4,貯蓄・保険,43305,00,,,,,,1月給与その他 0020 営業部,,,,,,,
,,,,,20220125,85,,,020,東京支店,10E200370,給与手当,,,59124,00,,,,,,000,共通部門,208,預り金,9,その他,59124,00,,,,,,1月給与その他 0020 営業部,,,,,,,
,,,,,20220125,85,,,010,札幌営業所,10E200370,給与手当,,,543137,00,,,,,,000,共通部門,10A100020-3,普通預金,20,ABC銀行 本店,543137,00,,,,,,1月給与その他 1000 札幌営業所,,,,,,,
,,,,,20220125,85,,,010,札幌営業所,10E200370,給与手当,,,103424,00,,,,,,000,共通部門,208,預り金,1,保険料,103424,00,,,,,,1月給与その他 1000 札幌営業所,,,,,,,
,,,,,20220125,85,,,010,札幌営業所,10E200370,給与手当,,,46300,00,,,,,,000,共通部門,208,預り金,2,住民税,46300,00,,,,,,1月給与その他 1000 札幌営業所,,,,,,,
,,,,,20220125,85,,,010,札幌営業所,10E200370,給与手当,,,11060,00,,,,,,000,共通部門,208,預り金,3,源泉税,11060,00,,,,,,1月給与その他 1000 札幌営業所,,,,,,,
,,,,,20220125,85,,,010,札幌営業所,10E200370,給与手当,,,50648,00,,,,,,000,共通部門,208,預り金,4,貯蓄・保険,50648,00,,,,,,1月給与その他 1000 札幌営業所,,,,,,,
,,,,,20220125,85,,,010,札幌営業所,10E200370,給与手当,,,36144,00,,,,,,000,共通部門,208,預り金,9,その他,36144,00,,,,,,1月給与その他 1000 札幌営業所,,,,,,,
,,,,,20220125,85,,,030,名古屋支店,10E200370,給与手当,,,514007,00,,,,,,000,共通部門,10A100020-3,普通預金,20,ABC銀行 本店,514007,00,,,,,,1月給与その他 3000 名古屋営業所,,,,,,,
,,,,,20220125,85,,,030,名古屋支店,10E200370,給与手当,,,96352,00,,,,,,000,共通部門,208,預り金,1,保険料,96352,00,,,,,,1月給与その他 3000 名古屋営業所,,,,,,,
,,,,,20220125,85,,,030,名古屋支店,10E200370,給与手当,,,42600,00,,,,,,000,共通部門,208,預り金,2,住民税,42600,00,,,,,,1月給与その他 3000 名古屋営業所,,,,,,,
,,,,,20220125,85,,,030,名古屋支店,10E200370,給与手当,,,6380,00,,,,,,000,共通部門,208,預り金,3,源泉税,6380,00,,,,,,1月給与その他 3000 名古屋営業所,,,,,,,
,,,,,20220125,85,,,030,名古屋支店,10E200370,給与手当,,,40759,00,,,,,,000,共通部門,208,預り金,4,貯蓄・保険,40759,00,,,,,,1月給与その他 3000 名古屋営業所,,,,,,,
,,,,,20220125,85,,,030,名古屋支店,10E200370,給与手当,,,35412,00,,,,,,000,共通部門,208,預り金,9,その他,35412,00,,,,,,1月給与その他 3000 名古屋営業所,,,,,,,
,,,,,20220125,85,,,040,大阪支店,10E200370,給与手当,,,698220,00,,,,,,000,共通部門,10A100020-3,普通預金,20,ABC銀行 本店,698220,00,,,,,,1月給与その他 4000 大阪支店,,,,,,,
,,,,,20220125,85,,,040,大阪支店,10E200370,給与手当,,,119477,00,,,,,,000,共通部門,208,預り金,1,保険料,119477,00,,,,,,1月給与その他 4000 大阪支店,,,,,,,
,,,,,20220125,85,,,040,大阪支店,10E200370,給与手当,,,53400,00,,,,,,000,共通部門,208,預り金,2,住民税,53400,00,,,,,,1月給与その他 4000 大阪支店,,,,,,,
,,,,,20220125,85,,,040,大阪支店,10E200370,給与手当,,,14030,00,,,,,,000,共通部門,208,預り金,3,源泉税,14030,00,,,,,,1月給与その他 4000 大阪支店,,,,,,,
,,,,,20220125,85,,,040,大阪支店,10E200370,給与手当,,,13570,00,,,,,,000,共通部門,208,預り金,4,貯蓄・保険,13570,00,,,,,,1月給与その他 4000 大阪支店,,,,,,,
,,,,,20220125,85,,,040,大阪支店,10E200370,給与手当,,,18503,00,,,,,,000,共通部門,208,預り金,9,その他,18503,00,,,,,,1月給与その他 4000 大阪支店,,,,,,,
,,,,,20220125,85,,,050,九州営業所,10E200370,給与手当,,,412755,00,,,,,,000,共通部門,10A100020-3,普通預金,20,ABC銀行 本店,412755,00,,,,,,1月給与その他 5000 九州営業所,,,,,,,
,,,,,20220125,85,,,050,九州営業所,10E200370,給与手当,,,67268,00,,,,,,000,共通部門,208,預り金,1,保険料,67268,00,,,,,,1月給与その他 5000 九州営業所,,,,,,,
,,,,,20220125,85,,,050,九州営業所,10E200370,給与手当,,,31700,00,,,,,,000,共通部門,208,預り金,2,住民税,31700,00,,,,,,1月給与その他 5000 九州営業所,,,,,,,
,,,,,20220125,85,,,050,九州営業所,10E200370,給与手当,,,6740,00,,,,,,000,共通部門,208,預り金,3,源泉税,6740,00,,,,,,1月給与その他 5000 九州営業所,,,,,,,
,,,,,20220125,85,,,050,九州営業所,10E200370,給与手当,,,18540,00,,,,,,000,共通部門,208,預り金,4,貯蓄・保険,18540,00,,,,,,1月給与その他 5000 九州営業所,,,,,,,
,,,,,20220125,85,,,050,九州営業所,10E200370,給与手当,,,12497,00,,,,,,000,共通部門,208,預り金,9,その他,12497,00,,,,,,1月給与その他 5000 九州営業所,,,,,,,
,,,,,20220125,88,,,030,名古屋支店,10E201160,新聞図書費,,,3568,31,,10,,,,000,共通部門,100,現金,,,3568,00,,,,,,新聞代,,,,,,,
,,,,,20220125,108,,,000,共通部門,130,受取手形,,,20467436,00,,,,,,000,共通部門,131,売掛金,2,株式会社桜丘百貨店,20467436,00,,,,,,1月25日伝票No422株式会社桜丘百貨店 | 売上伝票=20211231-122;手形番号=R20220125-108-2,,,,,,,
,,,,,20220125,109,,,000,共通部門,10A100020-3,普通預金,30,GHI銀行 名古屋,1477424,00,,,,,,000,共通部門,131,売掛金,7,株式会社光彩堂商事,1477424,00,,,,,,1月25日伝票No423株式会社光彩堂商事,,,,,,,
,,,,,20220125,109,,,030,名古屋支店,512,支払手数料,,,735,31,,10,,,,000,共通部門,131,売掛金,7,株式会社光彩堂商事,735,00,,,,,,1月25日伝票No423株式会社光彩堂商事,,,,,,,
,,,,,20220125,110,,,000,共通部門,10A100020-3,普通預金,40,JKL銀行 梅田,1419734,00,,,,,,000,共通部門,131,売掛金,23,株式会社杉の木商店,1419734,00,,,,,,1月25日伝票No424株式会社杉の木商店,,,,,,,
,,,,,20220125,110,,,040,大阪支店,512,支払手数料,,,630,31,,10,,,,000,共通部門,131,売掛金,23,株式会社杉の木商店,630,00,,,,,,1月25日伝票No424株式会社杉の木商店,,,,,,,
,,,,,20220125,111,,,040,大阪支店,522,旅費・交通費,,,13570,31,,10,,,,000,共通部門,204,未払金,,,13570,00,,,,,,タクシー代,,,,,,,
,,,,,20220125,111,,,000,共通部門,10A100020-3,普通預金,10,DEF銀行 駅前,6206778,00,,,,,,000,共通部門,131,売掛金,25,株式会社ほのかマート,6206778,00,,,,,,1月25日伝票No425株式会社ほのかマート,,,,,,,
,,,,,20220125,111,,,010,札幌営業所,512,支払手数料,,,840,31,,10,,,,000,共通部門,131,売掛金,25,株式会社ほのかマート,840,00,,,,,,1月25日伝票No425株式会社ほのかマート,,,,,,,
,,,,,20220125,131,,,040,大阪支店,10E201140,諸会費,,,24000,00,,,,,,000,共通部門,10A100020-3,普通預金,40,JKL銀行 梅田,24000,00,,,,,,会費,,,,,,,
,,,,,20220125,171,,,050,九州営業所,523,通信費,,,93574,31,,10,,,,000,共通部門,10A100020-3,普通預金,50,MNO銀行 北九州,93574,00,,,,,,携帯代,,,,,,,
,,,,,20220125,172,,,010,札幌営業所,10E200020,販売手数料,,,144000,31,,10,,,,000,共通部門,204,未払金,,,144000,00,,,,,,業務委託費支払い,,,,,,,
,,,,,20220126,29,,,010,札幌営業所,523,通信費,,,77698,31,,10,,,,000,共通部門,10A100020-3,普通預金,10,DEF銀行 駅前,77698,00,,,,,,携帯電話代,,,,,,,
,,,,,20220126,37,,,020,東京支店,10E200020,販売手数料,,,1357900,31,,10,,,,000,共通部門,204,未払金,,,1357900,00,,,,,,業務委託費,,,,,,,
,,,,,20220126,59,,,020,東京支店,522,旅費・交通費,,,42000,31,,10,,,,000,共通部門,100,現金,,,42000,00,,,,,,旅費,,,,,,,
,,,,,20220126,78,,,030,名古屋支店,10E200020,販売手数料,,,189000,31,,10,,,,000,共通部門,204,未払金,,,189000,00,,,,,,業務委託費支払い,,,,,,,
,,,,,20220126,87,,,030,名古屋支店,523,通信費,,,57592,31,,10,,,,000,共通部門,10A100020-3,普通預金,30,GHI銀行 名古屋,57592,00,,,,,,携帯代,,,,,,,
,,,,,20220126,107,,,040,大阪支店,521,接待交際費,,,10000,31,,10,,,,000,共通部門,100,現金,,,10000,00,,,,,,出産祝い,,,,,,,
,,,,,20220126,113,,,040,大阪支店,523,通信費,,,100364,31,,10,,,,000,共通部門,10A100020-3,普通預金,40,JKL銀行 梅田,100364,00,,,,,,携帯代,,,,,,,
,,,,,20220127,14,,,010,札幌営業所,10E201120,車両費,,,3000,31,,10,,,,000,共通部門,100,現金,,,3000,00,,,,,,ガソリン代,,,,,,,
,,,,,20220127,30,,,010,札幌営業所,531,保険料,,,54320,30,,,,,,000,共通部門,10A100020-3,普通預金,10,DEF銀行 駅前,54320,00,,,,,,保険料支払,,,,,,,
,,,,,20220127,38,,,020,東京支店,10E200140,福利厚生費,,,48164,31,,10,,,,000,共通部門,204,未払金,,,48164,00,,,,,,宿泊費,,,,,,,
,,,,,20220127,39,,,020,東京支店,10E200140,福利厚生費,,,9000,31,,10,,,,000,共通部門,100,現金,,,9000,00,,,,,,会費,,,,,,,
,,,,,20220127,121,,,040,大阪支店,10E200140,福利厚生費,,,11100,31,,10,,,,000,共通部門,100,現金,,,11100,00,,,,,,お茶代,,,,,,,
,,,,,20220127,170,,,050,九州営業所,10E201160,新聞図書費,,,3007,31,,10,,,,000,共通部門,100,現金,,,3007,00,,,,,,新聞代,,,,,,,
,,,,,20220128,13,,,010,札幌営業所,10E201120,車両費,,,2520,31,,10,,,,000,共通部門,100,現金,,,2520,00,,,,,,タイヤ交換代,,,,,,,
,,,,,20220128,27,,,010,札幌営業所,522,旅費・交通費,,,26667,31,,10,,,,000,共通部門,100,現金,,,26667,00,,,,,,旅費,,,,,,,
,,,,,20220128,27,,,010,札幌営業所,522,旅費・交通費,,,29524,31,,10,,,,000,共通部門,100,現金,,,29524,00,,,,,,旅費,,,,,,,
,,,,,20220128,27,,,010,札幌営業所,522,旅費・交通費,,,21429,31,,10,,,,000,共通部門,100,現金,,,21429,00,,,,,,旅費,,,,,,,
,,,,,20220128,35,,,010,札幌営業所,10E201160,新聞図書費,,,3925,31,,10,,,,000,共通部門,100,現金,,,3925,00,,,,,,新聞代,,,,,,,
,,,,,20220128,81,,,030,名古屋支店,10E200140,福利厚生費,,,20200,31,,10,,,,000,共通部門,204,未払金,,,20200,00,,,,,,お茶代,,,,,,,
,,,,,20220128,83,,,030,名古屋支店,10E201120,車両費,,,45000,31,,10,,,,000,共通部門,100,現金,,,45000,00,,,,,,車両管理費,,,,,,,
,,,,,20220129,32,,,010,札幌営業所,10E201110,事務用消耗品費,,,2570,31,,10,,,,000,共通部門,204,未払金,,,2570,00,,,,,,事務用品費,,,,,,,
,,,,,20220130,49,,,020,東京支店,10E201120,車両費,,,163470,31,,10,,,,000,共通部門,204,未払金,,,163470,00,,,,,,ガソリン代,,,,,,,
,,,,,20220130,49,,,020,東京支店,10E201120,車両費,,,2626,31,,10,,,,000,共通部門,100,現金,,,2626,00,,,,,,ガソリン代,,,,,,,
,,,,,20220130,49,,,020,東京支店,10E201120,車両費,,,5729,31,,10,,,,000,共通部門,100,現金,,,5729,00,,,,,,ガソリン代,,,,,,,
,,,,,20220130,55,,,020,東京支店,10E201120,車両費,,,23810,31,,10,,,,000,共通部門,100,現金,,,23810,00,,,,,,車両管理費,,,,,,,
,,,,,20220130,55,,,020,東京支店,10E201120,車両費,,,26667,31,,10,,,,000,共通部門,100,現金,,,26667,00,,,,,,車両管理費,,,,,,,
,,,,,20220130,55,,,020,東京支店,10E201120,車両費,,,7667,31,,10,,,,000,共通部門,100,現金,,,7667,00,,,,,,高速代,,,,,,,
,,,,,20220130,70,,,020,東京支店,10E201270,雑費,,,6000,31,,10,,,,000,共通部門,204,未払金,,,6000,00,,,,,,有線,,,,,,,
,,,,,20220130,70,,,020,東京支店,10E201270,雑費,,,52381,31,,10,,,,000,共通部門,204,未払金,,,52381,00,,,,,,警備料,,,,,,,
,,,,,20220130,70,,,020,東京支店,10E201120,車両費,,,73315,31,,10,,,,000,共通部門,10A100020-3,普通預金,20,ABC銀行 本店,73315,00,,,,,,高速料,,,,,,,
,,,,,20220130,70,,,020,東京支店,10E201270,雑費,,,73500,31,,10,,,,000,共通部門,204,未払金,,,73500,00,,,,,,清掃料,,,,,,,
,,,,,20220130,80,,,050,九州営業所,10E201120,車両費,,,6125,31,,10,,,,000,共通部門,100,現金,,,6125,00,,,,,,ガソリン代,,,,,,,
,,,,,20220130,83,,,030,名古屋支店,522,旅費・交通費,,,9000,31,,10,,,,000,共通部門,100,現金,,,9000,00,,,,,,架空鉄道会社A代,,,,,,,
,,,,,20220130,96,,,030,名古屋支店,10E201270,雑費,,,22470,31,,10,,,,000,共通部門,10A100020-3,普通預金,30,GHI銀行 名古屋,22470,00,,,,,,警備料,,,,,,,
,,,,,20220130,100,,,040,大阪支店,10E200140,福利厚生費,,,6000,31,,10,,,,000,共通部門,100,現金,,,6000,00,,,,,,会費,,,,,,,
,,,,,20220130,115,,,040,大阪支店,531,保険料,,,64500,30,,,,,,000,共通部門,10A100020-3,普通預金,40,JKL銀行 梅田,64500,00,,,,,,保険料,,,,,,,
,,,,,20220130,116,,,040,大阪支店,10E200730,リース料,,,84000,31,,10,,,,000,共通部門,10A100020-3,普通預金,40,JKL銀行 梅田,84000,00,,,,,,リース料,,,,,,,
,,,,,20220130,143,,,000,共通部門,10A100020-3,普通預金,20,ABC銀行 本店,8000000,00,,,,,,000,共通部門,10A100020-3,普通預金,10,DEF銀行 駅前,8000000,00,,,,,,資金移動,,,,,,,
,,,,,20220130,143,,,000,共通部門,10A100020-3,普通預金,20,ABC銀行 本店,6000000,00,,,,,,000,共通部門,10A100020-3,普通預金,30,GHI銀行 名古屋,6000000,00,,,,,,資金移動,,,,,,,
,,,,,20220130,143,,,000,共通部門,10A100020-3,普通預金,20,ABC銀行 本店,6000000,00,,,,,,000,共通部門,10A100020-3,普通預金,40,JKL銀行 梅田,6000000,00,,,,,,資金移動,,,,,,,
,,,,,20220130,143,,,000,共通部門,10A100020-3,普通預金,20,ABC銀行 本店,2500000,00,,,,,,000,共通部門,10A100020-3,普通預金,50,MNO銀行 北九州,2500000,00,,,,,,資金移動,,,,,,,
,,,,,20220130,154,,,050,九州営業所,521,接待交際費,,,10000,31,,10,,,,000,共通部門,204,未払金,,,10000,00,,,,,,お花代,,,,,,,
,,,,,20220130,154,,,050,九州営業所,521,接待交際費,,,10000,31,,10,,,,000,共通部門,204,未払金,,,10000,00,,,,,,香典代,,,,,,,
,,,,,20220131,1,,,010,札幌営業所,10E200870,運賃,,,532550,31,,10,,,,000,共通部門,204,未払金,,,532550,00,,,,,,運賃 架空運送会社B,,,,,,,
,,,,,20220131,5,,,010,札幌営業所,10E200050,広告宣伝費,,,52500,31,,10,,,,000,共通部門,10A100020-3,普通預金,10,DEF銀行 駅前,52500,00,,,,,,広告費,,,,,,,
,,,,,20220131,36,,,020,東京支店,10E200870,運賃,,,2709067,31,,10,,,,000,共通部門,204,未払金,,,2709067,00,,,,,,運賃 架空運送会社A,,,,,,,
,,,,,20220131,36,,,020,東京支店,10E200870,運賃,,,1203372,31,,10,,,,000,共通部門,204,未払金,,,1203372,00,,,,,,運賃 架空運送会社B,,,,,,,
,,,,,20220131,40,,,020,東京支店,10E200050,広告宣伝費,,,50000,31,,10,,,,000,共通部門,204,未払金,,,50000,00,,,,,,広告掲載,,,,,,,
,,,,,20220131,63,,,020,東京支店,531,保険料,,,81000,30,,,,,,000,共通部門,10A100020-3,普通預金,20,ABC銀行 本店,81000,00,,,,,,保険料,,,,,,,
,,,,,20220131,66,,,020,東京支店,10E200730,リース料,,,209850,31,,10,,,,000,共通部門,10A100020-3,普通預金,20,ABC銀行 本店,209850,00,,,,,,リース料,,,,,,,
,,,,,20220131,67,,,020,東京支店,10E201140,諸会費,,,30000,00,,,,,,000,共通部門,100,現金,,,30000,00,,,,,,会費支払い,,,,,,,
,,,,,20220131,74,,,030,名古屋支店,531,保険料,,,62000,30,,,,,,000,共通部門,10A100020-3,普通預金,30,GHI銀行 名古屋,62000,00,,,,,,保険料,,,,,,,
,,,,,20220131,75,,,050,九州営業所,531,保険料,,,57000,30,,,,,,000,共通部門,10A100020-3,普通預金,50,MNO銀行 北九州,57000,00,,,,,,保険料支払い,,,,,,,
,,,,,20220131,77,,,010,札幌営業所,525,消耗品費,,,30356,00,,,,,,000,共通部門,525,消耗品費,,,30356,00,,,,,,消耗品費　部門配賦,,,,,,,
,,,,,20220131,77,,,020,東京支店,525,消耗品費,,,132467,00,,,,,,000,共通部門,525,消耗品費,,,132467,00,,,,,,消耗品費　部門配賦,,,,,,,
,,,,,20220131,77,,,030,名古屋支店,525,消耗品費,,,27596,00,,,,,,000,共通部門,525,消耗品費,,,27596,00,,,,,,消耗品費　部門配賦,,,,,,,
,,,,,20220131,77,,,040,大阪支店,525,消耗品費,,,66232,00,,,,,,000,共通部門,525,消耗品費,,,66232,00,,,,,,消耗品費　部門配賦,,,,,,,
,,,,,20220131,77,,,050,九州営業所,525,消耗品費,,,19317,00,,,,,,000,共通部門,525,消耗品費,,,19317,00,,,,,,消耗品費　部門配賦,,,,,,,
,,,,,20220131,77,,,030,名古屋支店,10E200870,運賃,,,219670,31,,10,,,,000,共通部門,204,未払金,,,219670,00,,,,,,運賃,,,,,,,
,,,,,20220131,99,,,040,大阪支店,10E200870,運賃,,,1426410,31,,10,,,,000,共通部門,204,未払金,,,1426410,00,,,,,,運賃,,,,,,,
,,,,,20220131,105,,,000,共通部門,208,預り金,1,保険料,1580448,00,,,,,,000,共通部門,10A100020-3,普通預金,20,ABC銀行 本店,1580448,00,,,,,,保険料預かり分,,,,,,,
,,,,,20220131,105,,,020,東京支店,10E200540,法定福利費,,,120411,30,,,,,,000,共通部門,10A100020-3,普通預金,20,ABC銀行 本店,120411,00,,,,,,保険料　事業主負担分,,,,,,,
,,,,,20220131,105,,,020,東京支店,10E200540,法定福利費,,,560376,30,,,,,,000,共通部門,10A100020-3,普通預金,20,ABC銀行 本店,560376,00,,,,,,保険料　事業主負担分,,,,,,,
,,,,,20220131,105,,,010,札幌営業所,10E200540,法定福利費,,,238593,30,,,,,,000,共通部門,10A100020-3,普通預金,20,ABC銀行 本店,238593,00,,,,,,保険料　事業主負担分,,,,,,,
,,,,,20220131,105,,,030,名古屋支店,10E200540,法定福利費,,,225063,30,,,,,,000,共通部門,10A100020-3,普通預金,20,ABC銀行 本店,225063,00,,,,,,保険料　事業主負担分,,,,,,,
,,,,,20220131,105,,,040,大阪支店,10E200540,法定福利費,,,273633,30,,,,,,000,共通部門,10A100020-3,普通預金,20,ABC銀行 本店,273633,00,,,,,,保険料　事業主負担分,,,,,,,
,,,,,20220131,105,,,050,九州営業所,10E200540,法定福利費,,,162372,30,,,,,,000,共通部門,10A100020-3,普通預金,20,ABC銀行 本店,162372,00,,,,,,保険料　事業主負担分,,,,,,,
,,,,,20220131,105,,,020,東京支店,10E200540,法定福利費,,,11056,30,,,,,,000,共通部門,10A100020-3,普通預金,20,ABC銀行 本店,11056,00,,,,,,児童拠出金　事業主負担分,,,,,,,
,,,,,20220131,112,,,000,共通部門,131,売掛金,5,東雲商会株式会社,1625694,00,,,,,,010,札幌営業所,10D100100,売上高,,,1625694,01,,10,,,,1月1日～1月31日分売上,,,,,,,
,,,,,20220131,112,,,000,共通部門,131,売掛金,14,株式会社花咲商事,2366508,00,,,,,,010,札幌営業所,10D100100,売上高,,,2366508,01,,10,,,,1月1日～1月31日分売上,,,,,,,
,,,,,20220131,112,,,000,共通部門,131,売掛金,25,株式会社ほのかマート,4782758,00,,,,,,010,札幌営業所,10D100100,売上高,,,4782758,01,,10,,,,1月1日～1月31日分売上,,,,,,,
,,,,,20220131,113,,,000,共通部門,131,売掛金,30,株式会社彩雲トレーディング,2291872,00,,,,,,020,東京支店,10D100100,売上高,,,2291872,01,,10,,,,1月1日～1月31日分売上,,,,,,,
,,,,,20220131,113,,,000,共通部門,131,売掛金,2,株式会社桜丘百貨店,17480828,00,,,,,,020,東京支店,10D100100,売上高,,,17480828,01,,10,,,,1月1日～1月31日分売上,,,,,,,
,,,,,20220131,113,,,000,共通部門,131,売掛金,11,株式会社楓屋,1325236,00,,,,,,020,東京支店,10D100100,売上高,,,1325236,01,,10,,,,1月1日～1月31日分売上,,,,,,,
,,,,,20220131,113,,,000,共通部門,131,売掛金,12,株式会社緑野百貨店,11583188,00,,,,,,020,東京支店,10D100100,売上高,,,11583188,01,,10,,,,1月1日～1月31日分売上,,,,,,,
,,,,,20220131,113,,,000,共通部門,131,売掛金,14,株式会社花咲商事,3579712,00,,,,,,020,東京支店,10D100100,売上高,,,3579712,01,,10,,,,1月1日～1月31日分売上,,,,,,,
,,,,,20220131,113,,,000,共通部門,131,売掛金,26,若松販売株式会社,1442475,00,,,,,,020,東京支店,10D100100,売上高,,,1442475,01,,10,,,,1月1日～1月31日分売上,,,,,,,
,,,,,20220131,113,,,000,共通部門,131,売掛金,13,星川商事株式会社,1280304,00,,,,,,020,東京支店,10D100100,売上高,,,1280304,01,,10,,,,1月1日～1月31日分売上,,,,,,,
,,,,,20220131,113,,,000,共通部門,131,売掛金,10,合同会社こもれび商事,357664,00,,,,,,020,東京支店,10D100100,売上高,,,357664,01,,10,,,,1月1日～1月31日分売上,,,,,,,
,,,,,20220131,113,,,000,共通部門,131,売掛金,24,白峰商事株式会社,536040,00,,,,,,020,東京支店,10D100100,売上高,,,536040,01,,10,,,,1月1日～1月31日分売上,,,,,,,
,,,,,20220131,114,,,000,共通部門,131,売掛金,6,株式会社瑞穂流通,1298020,00,,,,,,030,名古屋支店,10D100100,売上高,,,1298020,01,,10,,,,1月1日～1月31日分売上,,,,,,,
,,,,,20220131,114,,,000,共通部門,131,売掛金,7,株式会社光彩堂商事,1734092,00,,,,,,030,名古屋支店,10D100100,売上高,,,1734092,01,,10,,,,1月1日～1月31日分売上,,,,,,,
,,,,,20220131,114,,,000,共通部門,131,売掛金,19,株式会社南風商会,664590,00,,,,,,030,名古屋支店,10D100100,売上高,,,664590,01,,10,,,,1月1日～1月31日分売上,,,,,,,
,,,,,20220131,114,,,000,共通部門,131,売掛金,21,合同会社つばさ商店,526938,00,,,,,,030,名古屋支店,10D100100,売上高,,,526938,01,,10,,,,1月1日～1月31日分売上,,,,,,,
,,,,,20220131,114,,,000,共通部門,131,売掛金,27,晴海物産株式会社,1918584,00,,,,,,030,名古屋支店,10D100100,売上高,,,1918584,01,,10,,,,1月1日～1月31日分売上,,,,,,,
,,,,,20220131,114,,,000,共通部門,131,売掛金,14,株式会社花咲商事,2765300,00,,,,,,030,名古屋支店,10D100100,売上高,,,2765300,01,,10,,,,1月1日～1月31日分売上,,,,,,,
,,,,,20220131,115,,,000,共通部門,131,売掛金,4,株式会社ひなたマート,1025820,00,,,,,,040,大阪支店,10D100100,売上高,,,1025820,01,,10,,,,1月1日～1月31日分売上,,,,,,,
,,,,,20220131,115,,,000,共通部門,131,売掛金,9,朝凪物産株式会社,1668144,00,,,,,,040,大阪支店,10D100100,売上高,,,1668144,01,,10,,,,1月1日～1月31日分売上,,,,,,,
,,,,,20220131,115,,,000,共通部門,131,売掛金,14,株式会社花咲商事,5786774,00,,,,,,040,大阪支店,10D100100,売上高,,,5786774,01,,10,,,,1月1日～1月31日分売上,,,,,,,
,,,,,20220131,115,,,000,共通部門,131,売掛金,20,清和商事株式会社,2217906,00,,,,,,040,大阪支店,10D100100,売上高,,,2217906,01,,10,,,,1月1日～1月31日分売上,,,,,,,
,,,,,20220131,115,,,000,共通部門,131,売掛金,23,株式会社杉の木商店,3999128,00,,,,,,040,大阪支店,10D100100,売上高,,,3999128,01,,10,,,,1月1日～1月31日分売上,,,,,,,
,,,,,20220131,115,,,000,共通部門,131,売掛金,28,株式会社青葉百貨店,8918449,00,,,,,,040,大阪支店,10D100100,売上高,,,8918449,01,,10,,,,1月1日～1月31日分売上,,,,,,,
,,,,,20220131,115,,,000,共通部門,131,売掛金,8,株式会社高原マーケット,1241068,00,,,,,,040,大阪支店,10D100100,売上高,,,1241068,01,,10,,,,1月1日～1月31日分売上,,,,,,,
,,,,,20220131,115,,,000,共通部門,131,売掛金,3,青凪商事株式会社,4318710,00,,,,,,040,大阪支店,10D100100,売上高,,,4318710,01,,10,,,,1月1日～1月31日分売上,,,,,,,
,,,,,20220131,116,,,000,共通部門,131,売掛金,1,株式会社若葉百貨店,1438024,00,,,,,,050,九州営業所,10D100100,売上高,,,1438024,01,,10,,,,1月1日～1月31日分売上,,,,,,,
,,,,,20220131,116,,,000,共通部門,131,売掛金,22,株式会社豊原産業,1508744,00,,,,,,050,九州営業所,10D100100,売上高,,,1508744,01,,10,,,,1月1日～1月31日分売上,,,,,,,
,,,,,20220131,116,,,000,共通部門,131,売掛金,14,株式会社花咲商事,1431596,00,,,,,,050,九州営業所,10D100100,売上高,,,1431596,01,,10,,,,1月1日～1月31日分売上,,,,,,,
,,,,,20220131,116,,,000,共通部門,131,売掛金,29,株式会社小春サービス,362450,00,,,,,,050,九州営業所,10D100100,売上高,,,362450,01,,10,,,,1月1日～1月31日分売上,,,,,,,
,,,,,20220131,117,,,000,共通部門,10A100020-3,普通預金,40,JKL銀行 梅田,1434244,00,,,,,,000,共通部門,131,売掛金,4,株式会社ひなたマート,1434244,00,,,,,,1月31日伝票No426株式会社ひなたマート,,,,,,,
,,,,,20220131,117,,,040,大阪支店,512,支払手数料,,,840,31,,10,,,,000,共通部門,131,売掛金,4,株式会社ひなたマート,840,00,,,,,,1月31日伝票No426株式会社ひなたマート,,,,,,,
,,,,,20220131,118,,,000,共通部門,10A100020-3,普通預金,10,DEF銀行 駅前,1584332,00,,,,,,000,共通部門,131,売掛金,5,東雲商会株式会社,1584332,00,,,,,,1月31日伝票No427東雲商会株式会社,,,,,,,
,,,,,20220131,118,,,010,札幌営業所,512,支払手数料,,,840,31,,10,,,,000,共通部門,131,売掛金,5,東雲商会株式会社,840,00,,,,,,1月31日伝票No427東雲商会株式会社,,,,,,,
,,,,,20220131,119,,,000,共通部門,100,現金,,,458172,00,,,,,,000,共通部門,131,売掛金,10,合同会社こもれび商事,458172,00,,,,,,1月31日伝票No428合同会社こもれび商事,,,,,,,
,,,,,20220131,120,,,000,共通部門,130,受取手形,,,17510543,00,,,,,,000,共通部門,131,売掛金,12,株式会社緑野百貨店,17510543,00,,,,,,1月31日伝票No429株式会社緑野百貨店 | 売上伝票=20211231-122;手形番号=R20220131-120-12,,,,,,,
,,,,,20220131,121,,,000,共通部門,10A100020-3,普通預金,20,ABC銀行 本店,600094,00,,,,,,000,共通部門,131,売掛金,24,白峰商事株式会社,600094,00,,,,,,1月31日伝票No430白峰商事株式会社,,,,,,,
,,,,,20220131,121,,,020,東京支店,512,支払手数料,,,630,31,,10,,,,000,共通部門,131,売掛金,24,白峰商事株式会社,630,00,,,,,,1月31日伝票No430白峰商事株式会社,,,,,,,
,,,,,20220131,122,,,000,共通部門,10A100020-3,普通預金,50,MNO銀行 北九州,1633466,00,,,,,,000,共通部門,131,売掛金,29,株式会社小春サービス,1633466,00,,,,,,1月31日伝票No431株式会社小春サービス,,,,,,,
,,,,,20220131,122,,,050,九州営業所,512,支払手数料,,,210,31,,10,,,,000,共通部門,131,売掛金,29,株式会社小春サービス,210,00,,,,,,1月31日伝票No431株式会社小春サービス,,,,,,,
,,,,,20220131,123,,,010,札幌営業所,461,仕入高,,,77112,31,,10,,,,000,共通部門,201,買掛金,8,株式会社白樺商事,77112,00,,,,,,1月1日～1月31日分仕入,,,,,,,
,,,,,20220131,123,,,010,札幌営業所,461,仕入高,,,17942,31,,10,,,,000,共通部門,201,買掛金,2,株式会社双葉物産,17942,00,,,,,,1月1日～1月31日分仕入,,,,,,,
,,,,,20220131,124,,,020,東京支店,461,仕入高,,,4344303,31,,10,,,,000,共通部門,201,買掛金,14,合同会社あかね商会,4344303,00,,,,,,1月1日～1月31日分仕入,,,,,,,
,,,,,20220131,124,,,020,東京支店,461,仕入高,,,4775976,31,,10,,,,000,共通部門,201,買掛金,3,青凪商事株式会社,4775976,00,,,,,,1月1日～1月31日分仕入,,,,,,,
,,,,,20220131,124,,,020,東京支店,461,仕入高,,,1909347,31,,10,,,,000,共通部門,201,買掛金,13,朝日野産業株式会社,1909347,00,,,,,,1月1日～1月31日分仕入,,,,,,,
,,,,,20220131,124,,,020,東京支店,461,仕入高,,,8427411,31,,10,,,,000,共通部門,201,買掛金,1,株式会社北辰商事,8427411,00,,,,,,1月1日～1月31日分仕入,,,,,,,
,,,,,20220131,124,,,020,東京支店,461,仕入高,,,6049943,31,,10,,,,000,共通部門,201,買掛金,11,株式会社花園商会,6049943,00,,,,,,1月1日～1月31日分仕入,,,,,,,
,,,,,20220131,124,,,020,東京支店,461,仕入高,,,1072048,31,,10,,,,000,共通部門,201,買掛金,2,株式会社双葉物産,1072048,00,,,,,,1月1日～1月31日分仕入,,,,,,,
,,,,,20220131,124,,,020,東京支店,461,仕入高,,,128520,31,,10,,,,000,共通部門,201,買掛金,8,株式会社白樺商事,128520,00,,,,,,1月1日～1月31日分仕入,,,,,,,
,,,,,20220131,124,,,020,東京支店,461,仕入高,,,517154,31,,10,,,,000,共通部門,201,買掛金,12,株式会社泉川商事,517154,00,,,,,,1月1日～1月31日分仕入,,,,,,,
,,,,,20220131,125,,,030,名古屋支店,461,仕入高,,,2620813,31,,10,,,,000,共通部門,201,買掛金,9,東原産業株式会社,2620813,00,,,,,,1月1日～1月31日分仕入,,,,,,,
,,,,,20220131,125,,,030,名古屋支店,461,仕入高,,,1692895,31,,10,,,,000,共通部門,201,買掛金,15,株式会社麦穂商事,1692895,00,,,,,,1月1日～1月31日分仕入,,,,,,,
,,,,,20220131,125,,,030,名古屋支店,461,仕入高,,,5256041,31,,10,,,,000,共通部門,201,買掛金,7,株式会社夕凪商会,5256041,00,,,,,,1月1日～1月31日分仕入,,,,,,,
,,,,,20220131,125,,,030,名古屋支店,461,仕入高,,,77112,31,,10,,,,000,共通部門,201,買掛金,8,株式会社白樺商事,77112,00,,,,,,1月1日～1月31日分仕入,,,,,,,
,,,,,20220131,126,,,040,大阪支店,461,仕入高,,,5649316,31,,10,,,,000,共通部門,201,買掛金,5,千草商事株式会社,5649316,00,,,,,,1月1日～1月31日分仕入,,,,,,,
,,,,,20220131,126,,,040,大阪支店,461,仕入高,,,1466688,31,,10,,,,000,共通部門,201,買掛金,4,株式会社和泉流通,1466688,00,,,,,,1月1日～1月31日分仕入,,,,,,,
,,,,,20220131,126,,,040,大阪支店,461,仕入高,,,4760408,31,,10,,,,000,共通部門,201,買掛金,10,光野販売株式会社,4760408,00,,,,,,1月1日～1月31日分仕入,,,,,,,
,,,,,20220131,126,,,040,大阪支店,461,仕入高,,,5017707,31,,10,,,,000,共通部門,201,買掛金,6,株式会社日向産業,5017707,00,,,,,,1月1日～1月31日分仕入,,,,,,,
,,,,,20220131,126,,,040,大阪支店,461,仕入高,,,269134,31,,10,,,,000,共通部門,201,買掛金,2,株式会社双葉物産,269134,00,,,,,,1月1日～1月31日分仕入,,,,,,,
,,,,,20220131,126,,,040,大阪支店,461,仕入高,,,123379,31,,10,,,,000,共通部門,201,買掛金,8,株式会社白樺商事,123379,00,,,,,,1月1日～1月31日分仕入,,,,,,,
,,,,,20220131,127,,,050,九州営業所,461,仕入高,,,17942,31,,10,,,,000,共通部門,201,買掛金,2,株式会社双葉物産,17942,00,,,,,,1月1日～1月31日分仕入,,,,,,,
,,,,,20220131,127,,,050,九州営業所,461,仕入高,,,25704,31,,10,,,,000,共通部門,201,買掛金,8,株式会社白樺商事,25704,00,,,,,,1月1日～1月31日分仕入,,,,,,,
,,,,,20220131,128,,,000,共通部門,201,買掛金,2,株式会社双葉物産,1897392,00,,,,,,000,共通部門,10A100020-3,普通預金,20,ABC銀行 本店,1897392,00,,,,,,1月31日伝票No324株式会社双葉物産,,,,,,,
,,,,,20220131,129,,,000,共通部門,201,買掛金,5,千草商事株式会社,6301802,00,,,,,,000,共通部門,10B100030,支払手形,,,6301802,00,,,,,,1月31日伝票No325千草商事株式会社,,,,,,,
,,,,,20220131,129,,,000,共通部門,10A100020-3,普通預金,20,ABC銀行 本店,12000000,00,,,,,,000,共通部門,10A100020-2,当座預金,1,ABC銀行,12000000,00,,,,,,資金移動,,,,,,,
,,,,,20220131,130,,,000,共通部門,201,買掛金,7,株式会社夕凪商会,6922413,00,,,,,,000,共通部門,10A100020-3,普通預金,20,ABC銀行 本店,6922413,00,,,,,,1月31日伝票No326株式会社夕凪商会,,,,,,,
,,,,,20220131,131,,,000,共通部門,201,買掛金,9,東原産業株式会社,2897127,00,,,,,,000,共通部門,10B100030,支払手形,,,2897127,00,,,,,,1月31日伝票No327東原産業株式会社,,,,,,,
,,,,,20220131,132,,,000,共通部門,201,買掛金,10,光野販売株式会社,5798593,00,,,,,,000,共通部門,10B100030,支払手形,,,5798593,00,,,,,,1月31日伝票No328光野販売株式会社,,,,,,,
,,,,,20220131,133,,,000,共通部門,201,買掛金,12,株式会社泉川商事,658954,00,,,,,,000,共通部門,10A100020-3,普通預金,20,ABC銀行 本店,658954,00,,,,,,1月31日伝票No329株式会社泉川商事,,,,,,,
,,,,,20220131,134,,,000,共通部門,201,買掛金,13,朝日野産業株式会社,1802651,00,,,,,,000,共通部門,10A100020-3,普通預金,20,ABC銀行 本店,1802651,00,,,,,,1月31日伝票No330朝日野産業株式会社,,,,,,,
,,,,,20220131,135,,,000,共通部門,201,買掛金,14,合同会社あかね商会,4570569,00,,,,,,000,共通部門,10A100020-3,普通預金,20,ABC銀行 本店,4570569,00,,,,,,1月31日伝票No331合同会社あかね商会,,,,,,,
,,,,,20220131,136,,,000,共通部門,201,買掛金,15,株式会社麦穂商事,1840617,00,,,,,,000,共通部門,10A100020-3,普通預金,20,ABC銀行 本店,1840617,00,,,,,,1月31日伝票No332株式会社麦穂商事,,,,,,,
,,,,,20220131,137,,,000,共通部門,204,未払金,,,12199043,00,,,,,,000,共通部門,10A100020-3,普通預金,20,ABC銀行 本店,12199043,00,,,,,,12月分支払,,,,,,,
,,,,,20220131,138,,,000,共通部門,10A100020-2,当座預金,1,ABC銀行,16028828,00,,,,,,000,共通部門,130,受取手形,,,16028828,00,,,,,,手形満期 株式会社桜丘百貨店 | 手形番号=R20211025-105-2;受取額に決済額を訂正,,,,,,,
,,,,,20220131,139,,,000,共通部門,10B100030,支払手形,,,3730512,00,,,,,,000,共通部門,10A100020-2,当座預金,1,ABC銀行,3730512,00,,,,,,手形期日落日 千草商事株式会社,,,,,,,
,,,,,20220131,139,,,000,共通部門,10B100030,支払手形,,,1819272,00,,,,,,000,共通部門,10A100020-2,当座預金,1,ABC銀行,1819272,00,,,,,,手形期日落日 東原産業株式会社,,,,,,,
,,,,,20220131,139,,,000,共通部門,10B100030,支払手形,,,3051222,00,,,,,,000,共通部門,10A100020-2,当座預金,1,ABC銀行,3051222,00,,,,,,手形期日落日 光野販売株式会社,,,,,,,
,,,,,20220131,141,,,040,大阪支店,522,旅費・交通費,,,10500,31,,10,,,,000,共通部門,100,現金,,,10500,00,,,,,,架空鉄道会社A代,,,,,,,
,,,,,20220131,142,,,000,共通部門,10A100020-2,当座預金,1,ABC銀行,10808171,00,,,,,,000,共通部門,130,受取手形,,,10808171,00,,,,,,手形満期 株式会社緑野百貨店 | 手形番号=R20211130-119-12;受取額に決済額を訂正,,,,,,,
,,,,,20220131,145,,,000,共通部門,10A100020-3,普通預金,20,ABC銀行 本店,40000,00,,,,,,000,共通部門,10A100610,短期貸付金,,,40000,00,,,,,,貸付金返済,,,,,,,
,,,,,20220131,145,,,000,共通部門,10A100020-3,普通預金,20,ABC銀行 本店,50000,00,,,,,,000,共通部門,10A100610,短期貸付金,,,50000,00,,,,,,貸付金返済,,,,,,,
,,,,,20220131,145,,,050,九州営業所,10E200870,運賃,,,169580,31,,10,,,,000,共通部門,204,未払金,,,169580,00,,,,,,運賃,,,,,,,
,,,,,20220131,146,,,000,共通部門,10A100020-4,定期積金,,,500000,00,,,,,,000,共通部門,10A100020-3,普通預金,20,ABC銀行 本店,500000,00,,,,,,定期積立金,,,,,,,
,,,,,20220131,146,,,000,共通部門,10A100020-4,定期積金,,,240000,00,,,,,,000,共通部門,10A100020-3,普通預金,20,ABC銀行 本店,240000,00,,,,,,新規定期積立金,,,,,,,
,,,,,20220131,146,,,000,共通部門,10A230570,保険積立金,,,125000,00,,,,,,000,共通部門,10A100020-3,普通預金,20,ABC銀行 本店,125000,00,,,,,,保険積立金,,,,,,,
,,,,,20220131,147,,,000,共通部門,202,借入金,,,653500,00,,,,,,000,共通部門,10A100020-2,当座預金,1,ABC銀行,653500,00,,,,,,借入金返済,,,,,,,
,,,,,20220131,147,,,020,東京支店,10E300020,支払利息,,,32675,30,,,,,,000,共通部門,10A100020-2,当座預金,1,ABC銀行,32675,00,,,,,,利息,,,,,,,
,,,,,20220131,164,,,050,九州営業所,10E201110,事務用消耗品費,,,1307,31,,10,,,,000,共通部門,100,現金,,,1307,00,,,,,,事務用品,,,,,,,
,,,,,20220131,990010,,,010,札幌営業所,10E200130,賞与,,,110000,00,,,,,,010,札幌営業所,10B100320,賞与引当金,,,110000,00,,,,,,サンプル定義：賞与半年均等引当 202201 部門010,,,,,,,
,,,,,20220131,990010,,,020,東京支店,10E200130,賞与,,,261667,00,,,,,,020,東京支店,10B100320,賞与引当金,,,261667,00,,,,,,サンプル定義：賞与半年均等引当 202201 部門020,,,,,,,
,,,,,20220131,990010,,,030,名古屋支店,10E200130,賞与,,,102667,00,,,,,,030,名古屋支店,10B100320,賞与引当金,,,102667,00,,,,,,サンプル定義：賞与半年均等引当 202201 部門030,,,,,,,
,,,,,20220131,990010,,,040,大阪支店,10E200130,賞与,,,120333,00,,,,,,040,大阪支店,10B100320,賞与引当金,,,120333,00,,,,,,サンプル定義：賞与半年均等引当 202201 部門040,,,,,,,
,,,,,20220131,990010,,,050,九州営業所,10E200130,賞与,,,79000,00,,,,,,050,九州営業所,10B100320,賞与引当金,,,79000,00,,,,,,サンプル定義：賞与半年均等引当 202201 部門050,,,,,,,
,,,,,20220201,67,,,040,大阪支店,10E201270,雑費,,,1029,31,,10,,,,000,共通部門,100,現金,,,1029,00,,,,,,ティッシュ他,,,,,,,
,,,,,20220202,18,,,010,札幌営業所,522,旅費・交通費,,,14500,31,,10,,,,000,共通部門,100,現金,,,14500,00,,,,,,旅費,,,,,,,
,,,,,20220202,94,,,030,名古屋支店,10E201270,雑費,,,1012,31,,10,,,,000,共通部門,100,現金,,,1012,00,,,,,,台所用品他,,,,,,,
,,,,,20220202,102,,,040,大阪支店,521,接待交際費,,,5250,31,,10,,,,000,共通部門,100,現金,,,5250,00,,,,,,ゴルフ景品代 架空店舗089,,,,,,,
,,,,,20220202,150,,,050,九州営業所,521,接待交際費,,,14172,31,,10,,,,000,共通部門,100,現金,,,14172,00,,,,,,飲食代 架空店舗084 4名,,,,,,,
,,,,,20220202,150,,,050,九州営業所,521,接待交際費,,,15467,31,,10,,,,000,共通部門,100,現金,,,15467,00,,,,,,飲食代 架空店舗034 4名,,,,,,,
,,,,,20220203,41,,,020,東京支店,521,接待交際費,,,10000,31,,10,,,,000,共通部門,100,現金,,,10000,00,,,,,,香典代,,,,,,,
,,,,,20220203,134,,,050,九州営業所,10E201110,事務用消耗品費,,,10500,31,,10,,,,000,共通部門,204,未払金,,,10500,00,,,,,,用紙,,,,,,,
,,,,,20220204,19,,,010,札幌営業所,522,旅費・交通費,,,8500,31,,10,,,,000,共通部門,100,現金,,,8500,00,,,,,,旅費,,,,,,,
,,,,,20220204,147,,,050,九州営業所,10E201120,車両費,,,6693,31,,10,,,,000,共通部門,204,未払金,,,6693,00,,,,,,ガソリン代,,,,,,,
,,,,,20220205,20,,,010,札幌営業所,522,旅費・交通費,,,42000,31,,10,,,,000,共通部門,100,現金,,,42000,00,,,,,,旅費,,,,,,,
,,,,,20220205,76,,,020,東京支店,10E200140,福利厚生費,,,15608,31,,10,,,,000,共通部門,204,未払金,,,15608,00,,,,,,社員食事代,,,,,,,
,,,,,20220205,85,,,000,共通部門,10A100020-3,普通預金,50,MNO銀行 北九州,1508272,00,,,,,,000,共通部門,131,売掛金,22,株式会社豊原産業,1508272,00,,,,,,2月5日伝票No432株式会社豊原産業,,,,,,,
,,,,,20220205,85,,,050,九州営業所,512,支払手数料,,,472,31,,10,,,,000,共通部門,131,売掛金,22,株式会社豊原産業,472,00,,,,,,2月5日伝票No432株式会社豊原産業,,,,,,,
,,,,,20220205,86,,,000,共通部門,10A100020-3,普通預金,20,ABC銀行 本店,1442003,00,,,,,,000,共通部門,131,売掛金,26,若松販売株式会社,1442003,00,,,,,,2月5日伝票No433若松販売株式会社,,,,,,,
,,,,,20220205,86,,,020,東京支店,512,支払手数料,,,472,31,,10,,,,000,共通部門,131,売掛金,26,若松販売株式会社,472,00,,,,,,2月5日伝票No433若松販売株式会社,,,,,,,
,,,,,20220205,87,,,000,共通部門,10A100020-3,普通預金,30,GHI銀行 名古屋,1918584,00,,,,,,000,共通部門,131,売掛金,27,晴海物産株式会社,1918584,00,,,,,,2月5日伝票No434晴海物産株式会社,,,,,,,
,,,,,20220205,133,,,020,東京支店,10E200600,支払報酬,,,139710,31,,10,,,,000,共通部門,10A100020-3,普通預金,20,ABC銀行 本店,139710,00,,,,,,税理士報酬,,,,,,,
,,,,,20220205,142,,,040,大阪支店,10E201120,車両費,,,4991,31,,10,,,,000,共通部門,100,現金,,,4991,00,,,,,,高速代,,,,,,,
,,,,,20220205,142,,,040,大阪支店,10E201120,車両費,,,3004,31,,10,,,,000,共通部門,100,現金,,,3004,00,,,,,,高速代,,,,,,,
,,,,,20220205,142,,,040,大阪支店,10E201120,車両費,,,4561,31,,10,,,,000,共通部門,100,現金,,,4561,00,,,,,,高速代,,,,,,,
,,,,,20220205,161,,,050,九州営業所,522,旅費・交通費,,,6980,31,,10,,,,000,共通部門,100,現金,,,6980,00,,,,,,旅費,,,,,,,
,,,,,20220206,21,,,010,札幌営業所,522,旅費・交通費,,,59600,31,,10,,,,000,共通部門,100,現金,,,59600,00,,,,,,架空鉄道会社A代,,,,,,,
,,,,,20220206,106,,,040,大阪支店,521,接待交際費,,,18600,31,,10,,,,000,共通部門,100,現金,,,18600,00,,,,,,ゴルフプレー代,,,,,,,
,,,,,20220206,110,,,040,大阪支店,522,旅費・交通費,,,2290,31,,10,,,,000,共通部門,100,現金,,,2290,00,,,,,,タクシー代,,,,,,,
,,,,,20220206,149,,,030,名古屋支店,521,接待交際費,,,1260,31,,10,,,,000,共通部門,100,現金,,,1260,00,,,,,,コーヒー代2名,,,,,,,
,,,,,20220207,43,,,020,東京支店,521,接待交際費,,,2210,31,,10,,,,000,共通部門,100,現金,,,2210,00,,,,,,コーヒー代他2名,,,,,,,
,,,,,20220207,58,,,020,東京支店,522,旅費・交通費,,,70000,31,,10,,,,000,共通部門,100,現金,,,70000,00,,,,,,旅費,,,,,,,
,,,,,20220207,143,,,040,大阪支店,10E201120,車両費,,,23200,31,,10,,,,000,共通部門,100,現金,,,23200,00,,,,,,車両管理料,,,,,,,
,,,,,20220208,50,,,020,東京支店,10E201120,車両費,,,1200,31,,10,,,,000,共通部門,100,現金,,,1200,00,,,,,,高速代,,,,,,,
,,,,,20220208,75,,,050,九州営業所,10E201120,車両費,,,6630,31,,10,,,,000,共通部門,100,現金,,,6630,00,,,,,,ガソリン代,,,,,,,
,,,,,20220208,75,,,050,九州営業所,10E201120,車両費,,,2286,31,,10,,,,000,共通部門,100,現金,,,2286,00,,,,,,高速代,,,,,,,
,,,,,20220208,75,,,050,九州営業所,10E201120,車両費,,,762,31,,10,,,,000,共通部門,100,現金,,,762,00,,,,,,駐車代,,,,,,,
,,,,,20220208,164,,,050,九州営業所,10E201110,事務用消耗品費,,,898,31,,10,,,,000,共通部門,100,現金,,,898,00,,,,,,事務用品,,,,,,,
,,,,,20220209,152,,,050,九州営業所,521,接待交際費,,,12000,31,,10,,,,000,共通部門,100,現金,,,12000,00,,,,,,ゴルフプレー代,,,,,,,
,,,,,20220210,10,,,010,札幌営業所,10E201120,車両費,,,3000,31,,10,,,,000,共通部門,100,現金,,,3000,00,,,,,,ガソリン代,,,,,,,
,,,,,20220210,60,,,000,共通部門,100,現金,,,500000,00,,,,,,000,共通部門,10A100020-2,当座預金,1,ABC銀行,500000,00,,,,,,引き出し,,,,,,,
,,,,,20220210,62,,,000,共通部門,208,預り金,3,源泉税,232482,00,,,,,,000,共通部門,10A100020-3,普通預金,20,ABC銀行 本店,232482,00,,,,,,源泉税支払,,,,,,,
,,,,,20220210,62,,,000,共通部門,208,預り金,2,住民税,449500,00,,,,,,000,共通部門,10A100020-3,普通預金,20,ABC銀行 本店,449500,00,,,,,,住民税支払,,,,,,,
,,,,,20220210,65,,,010,札幌営業所,10E201270,雑費,,,5000,31,,10,,,,000,共通部門,204,未払金,,,5000,00,,,,,,有線,,,,,,,
,,,,,20220210,65,,,010,札幌営業所,10E201270,雑費,,,34286,31,,10,,,,000,共通部門,204,未払金,,,34286,00,,,,,,警備料,,,,,,,
,,,,,20220210,76,,,050,九州営業所,10E201120,車両費,,,6012,31,,10,,,,000,共通部門,100,現金,,,6012,00,,,,,,ガソリン代,,,,,,,
,,,,,20220210,79,,,030,名古屋支店,522,旅費・交通費,,,22000,31,,10,,,,000,共通部門,100,現金,,,22000,00,,,,,,旅費,,,,,,,
,,,,,20220210,88,,,000,共通部門,201,買掛金,3,青凪商事株式会社,4318710,00,,,,,,000,共通部門,131,売掛金,3,青凪商事株式会社,4318710,00,,,,,,2月10日伝票No435青凪商事株式会社,,,,,,,
,,,,,20220210,89,,,000,共通部門,10A100020-3,普通預金,20,ABC銀行 本店,15929155,00,,,,,,000,共通部門,131,売掛金,14,株式会社花咲商事,15929155,00,,,,,,2月10日伝票No436株式会社花咲商事東京本社,,,,,,,
,,,,,20220210,89,,,020,東京支店,512,支払手数料,,,735,31,,10,,,,000,共通部門,131,売掛金,14,株式会社花咲商事,735,00,,,,,,2月10日伝票No436株式会社花咲商事東京本社,,,,,,,
,,,,,20220210,90,,,000,共通部門,10A100020-3,普通預金,30,GHI銀行 名古屋,663855,00,,,,,,000,共通部門,131,売掛金,19,株式会社南風商会,663855,00,,,,,,2月10日伝票No437株式会社南風商会,,,,,,,
,,,,,20220210,90,,,030,名古屋支店,512,支払手数料,,,735,31,,10,,,,000,共通部門,131,売掛金,19,株式会社南風商会,735,00,,,,,,2月10日伝票No437株式会社南風商会,,,,,,,
,,,,,20220210,91,,,000,共通部門,130,受取手形,,,8918449,00,,,,,,000,共通部門,131,売掛金,28,株式会社青葉百貨店,8918449,00,,,,,,2月10日伝票No438株式会社青葉百貨店 | 売上伝票=20220131-115;手形番号=R20220210-91-28,,,,,,,
,,,,,20220210,92,,,000,共通部門,201,買掛金,3,青凪商事株式会社,457266,00,,,,,,000,共通部門,10B100030,支払手形,,,457266,00,,,,,,2月10日伝票No333青凪商事株式会社,,,,,,,
,,,,,20220210,93,,,000,共通部門,201,買掛金,8,株式会社白樺商事,560347,00,,,,,,000,共通部門,10A100020-3,普通預金,20,ABC銀行 本店,560347,00,,,,,,2月10日伝票No334株式会社白樺商事,,,,,,,
,,,,,20220210,137,,,000,共通部門,10B100030,支払手形,,,2953678,00,,,,,,000,共通部門,10A100020-2,当座預金,1,ABC銀行,2953678,00,,,,,,手形期日落日 青凪商事株式会社,,,,,,,
,,,,,20220210,162,,,020,東京支店,10E201130,会議費,,,24995,31,,10,,,,000,共通部門,100,現金,,,24995,00,,,,,,会議　食事代,,,,,,,
,,,,,20220210,168,,,050,九州営業所,10E201270,雑費,,,6000,31,,10,,,,000,共通部門,204,未払金,,,6000,00,,,,,,有線,,,,,,,
,,,,,20220210,168,,,050,九州営業所,10E201270,雑費,,,42858,31,,10,,,,000,共通部門,204,未払金,,,42858,00,,,,,,警備料,,,,,,,
,,,,,20220211,22,,,010,札幌営業所,522,旅費・交通費,,,23000,31,,10,,,,000,共通部門,100,現金,,,23000,00,,,,,,旅費,,,,,,,
,,,,,20220211,33,,,010,札幌営業所,528,地代・家賃,,,320000,31,,10,,,,000,共通部門,10A100020-3,普通預金,10,DEF銀行 駅前,320000,00,,,,,,家賃支払い,,,,,,,
,,,,,20220211,33,,,010,札幌営業所,523,通信費,,,171286,31,,10,,,,000,共通部門,10A100020-3,普通預金,10,DEF銀行 駅前,171286,00,,,,,,電話代,,,,,,,
,,,,,20220211,63,,,020,東京支店,528,地代・家賃,,,1260000,31,,10,,,,000,共通部門,10A100020-3,普通預金,20,ABC銀行 本店,1260000,00,,,,,,家賃支払,,,,,,,
,,,,,20220211,64,,,040,大阪支店,528,地代・家賃,,,840000,31,,10,,,,000,共通部門,10A100020-3,普通預金,40,JKL銀行 梅田,840000,00,,,,,,家賃支払,,,,,,,
,,,,,20220211,73,,,020,東京支店,521,接待交際費,,,26530,31,,10,,,,000,共通部門,100,現金,,,26530,00,,,,,,食事代,,,,,,,
,,,,,20220211,80,,,030,名古屋支店,522,旅費・交通費,,,10000,31,,10,,,,000,共通部門,100,現金,,,10000,00,,,,,,架空鉄道会社A代,,,,,,,
,,,,,20220211,85,,,030,名古屋支店,523,通信費,,,83240,31,,10,,,,000,共通部門,10A100020-3,普通預金,30,GHI銀行 名古屋,83240,00,,,,,,電話代,,,,,,,
,,,,,20220211,112,,,040,大阪支店,523,通信費,,,159346,31,,10,,,,000,共通部門,10A100020-3,普通預金,40,JKL銀行 梅田,159346,00,,,,,,電話代,,,,,,,
,,,,,20220211,129,,,030,名古屋支店,528,地代・家賃,,,399000,31,,10,,,,000,共通部門,10A100020-3,普通預金,30,GHI銀行 名古屋,399000,00,,,,,,家賃支払い,,,,,,,
,,,,,20220211,141,,,040,大阪支店,522,旅費・交通費,,,21500,31,,10,,,,000,共通部門,100,現金,,,21500,00,,,,,,架空鉄道会社A代,,,,,,,
,,,,,20220211,165,,,050,九州営業所,10E201270,雑費,,,1335,31,,10,,,,000,共通部門,100,現金,,,1335,00,,,,,,ティッシュ代他,,,,,,,
,,,,,20220211,167,,,050,九州営業所,528,地代・家賃,,,630000,31,,10,,,,000,共通部門,10A100020-3,普通預金,50,MNO銀行 北九州,630000,00,,,,,,家賃支払い,,,,,,,
,,,,,20220211,167,,,050,九州営業所,523,通信費,,,130648,31,,10,,,,000,共通部門,10A100020-3,普通預金,50,MNO銀行 北九州,130648,00,,,,,,電話代,,,,,,,
,,,,,20220212,44,,,020,東京支店,521,接待交際費,,,33690,31,,10,,,,000,共通部門,100,現金,,,33690,00,,,,,,飲食代 架空店舗020 5名,,,,,,,
,,,,,20220212,69,,,020,東京支店,521,接待交際費,,,12600,31,,10,,,,000,共通部門,100,現金,,,12600,00,,,,,,ゴルフプレー代,,,,,,,
,,,,,20220212,71,,,040,大阪支店,521,接待交際費,,,13650,31,,10,,,,000,共通部門,100,現金,,,13650,00,,,,,,ゴルフプレー代,,,,,,,
,,,,,20220213,17,,,010,札幌営業所,10E201120,車両費,,,381,31,,10,,,,000,共通部門,100,現金,,,381,00,,,,,,駐車代,,,,,,,
,,,,,20220213,17,,,010,札幌営業所,10E201120,車両費,,,2000,31,,10,,,,000,共通部門,100,現金,,,2000,00,,,,,,高速代,,,,,,,
,,,,,20220213,23,,,010,札幌営業所,522,旅費・交通費,,,381,31,,10,,,,000,共通部門,100,現金,,,381,00,,,,,,旅費,,,,,,,
,,,,,20220213,23,,,010,札幌営業所,522,旅費・交通費,,,2000,31,,10,,,,000,共通部門,100,現金,,,2000,00,,,,,,旅費,,,,,,,
,,,,,20220213,82,,,030,名古屋支店,10E201120,車両費,,,31529,31,,10,,,,000,共通部門,204,未払金,,,31529,00,,,,,,ガソリン代,,,,,,,
,,,,,20220214,46,,,020,東京支店,10E201120,車両費,,,2341,31,,10,,,,000,共通部門,100,現金,,,2341,00,,,,,,ガソリン代,,,,,,,
,,,,,20220214,46,,,020,東京支店,10E201120,車両費,,,4767,31,,10,,,,000,共通部門,100,現金,,,4767,00,,,,,,ガソリン代,,,,,,,
,,,,,20220214,46,,,020,東京支店,10E201120,車両費,,,4880,31,,10,,,,000,共通部門,100,現金,,,4880,00,,,,,,ガソリン代,,,,,,,
,,,,,20220214,51,,,020,東京支店,10E201120,車両費,,,1505,31,,10,,,,000,共通部門,100,現金,,,1505,00,,,,,,高速代,,,,,,,
,,,,,20220214,51,,,020,東京支店,10E201120,車両費,,,620,31,,10,,,,000,共通部門,100,現金,,,620,00,,,,,,高速代,,,,,,,
,,,,,20220214,51,,,020,東京支店,10E201120,車両費,,,810,31,,10,,,,000,共通部門,100,現金,,,810,00,,,,,,高速代,,,,,,,
,,,,,20220214,51,,,020,東京支店,10E201120,車両費,,,1096,31,,10,,,,000,共通部門,100,現金,,,1096,00,,,,,,高速代,,,,,,,
,,,,,20220214,51,,,020,東京支店,10E201120,車両費,,,1096,31,,10,,,,000,共通部門,100,現金,,,1096,00,,,,,,高速代,,,,,,,
,,,,,20220214,51,,,020,東京支店,10E201120,車両費,,,1096,31,,10,,,,000,共通部門,100,現金,,,1096,00,,,,,,高速代,,,,,,,
,,,,,20220214,51,,,020,東京支店,10E201120,車両費,,,953,31,,10,,,,000,共通部門,100,現金,,,953,00,,,,,,高速代,,,,,,,
,,,,,20220214,70,,,030,名古屋支店,521,接待交際費,,,8600,31,,10,,,,000,共通部門,100,現金,,,8600,00,,,,,,ゴルフプレー代,,,,,,,
,,,,,20220215,4,,,010,札幌営業所,10E200050,広告宣伝費,,,31500,31,,10,,,,000,共通部門,204,未払金,,,31500,00,,,,,,広告費,,,,,,,
,,,,,20220215,57,,,020,東京支店,522,旅費・交通費,,,68700,31,,10,,,,000,共通部門,100,現金,,,68700,00,,,,,,架空鉄道会社A代,,,,,,,
,,,,,20220215,83,,,020,東京支店,10E200520,雑給,,,205380,00,,,,,,000,共通部門,100,現金,,,205380,00,,,,,,2月給与その他 0060 パート･アルバイト,,,,,,,
,,,,,20220215,83,,,020,東京支店,10E200520,雑給,,,4860,00,,,,,,000,共通部門,208,預り金,9,その他,4860,00,,,,,,2月給与その他 0060 パート･アルバイト,,,,,,,
,,,,,20220215,94,,,000,共通部門,10A100020-3,普通預金,50,MNO銀行 北九州,1437184,00,,,,,,000,共通部門,131,売掛金,1,株式会社若葉百貨店,1437184,00,,,,,,2月15日伝票No439株式会社若葉百貨店,,,,,,,
,,,,,20220215,94,,,050,九州営業所,512,支払手数料,,,840,31,,10,,,,000,共通部門,131,売掛金,1,株式会社若葉百貨店,840,00,,,,,,2月15日伝票No439株式会社若葉百貨店,,,,,,,
,,,,,20220215,95,,,000,共通部門,10A100020-3,普通預金,30,GHI銀行 名古屋,1297180,00,,,,,,000,共通部門,131,売掛金,6,株式会社瑞穂流通,1297180,00,,,,,,2月15日伝票No440株式会社瑞穂流通,,,,,,,
,,,,,20220215,95,,,030,名古屋支店,512,支払手数料,,,840,31,,10,,,,000,共通部門,131,売掛金,6,株式会社瑞穂流通,840,00,,,,,,2月15日伝票No440株式会社瑞穂流通,,,,,,,
,,,,,20220215,96,,,000,共通部門,10A100020-3,普通預金,40,JKL銀行 梅田,1240228,00,,,,,,000,共通部門,131,売掛金,8,株式会社高原マーケット,1240228,00,,,,,,2月15日伝票No441株式会社高原マーケット,,,,,,,
,,,,,20220215,96,,,040,大阪支店,512,支払手数料,,,840,31,,10,,,,000,共通部門,131,売掛金,8,株式会社高原マーケット,840,00,,,,,,2月15日伝票No441株式会社高原マーケット,,,,,,,
,,,,,20220215,97,,,000,共通部門,10A100020-3,普通預金,40,JKL銀行 梅田,1667304,00,,,,,,000,共通部門,131,売掛金,9,朝凪物産株式会社,1667304,00,,,,,,2月15日伝票No442朝凪物産株式会社,,,,,,,
,,,,,20220215,97,,,040,大阪支店,512,支払手数料,,,840,31,,10,,,,000,共通部門,131,売掛金,9,朝凪物産株式会社,840,00,,,,,,2月15日伝票No442朝凪物産株式会社,,,,,,,
,,,,,20220215,98,,,000,共通部門,10A100020-3,普通預金,20,ABC銀行 本店,1280304,00,,,,,,000,共通部門,131,売掛金,13,星川商事株式会社,1280304,00,,,,,,2月15日伝票No443星川商事株式会社,,,,,,,
,,,,,20220215,99,,,000,共通部門,10A100020-3,普通預金,40,JKL銀行 梅田,2217591,00,,,,,,000,共通部門,131,売掛金,20,清和商事株式会社,2217591,00,,,,,,2月15日伝票No444清和商事株式会社,,,,,,,
,,,,,20220215,99,,,040,大阪支店,512,支払手数料,,,315,31,,10,,,,000,共通部門,131,売掛金,20,清和商事株式会社,315,00,,,,,,2月15日伝票No444清和商事株式会社,,,,,,,
,,,,,20220215,100,,,000,共通部門,201,買掛金,1,株式会社北辰商事,10823612,00,,,,,,000,共通部門,10B100030,支払手形,,,10823612,00,,,,,,2月15日伝票No335株式会社北辰商事,,,,,,,
,,,,,20220215,117,,,040,大阪支店,10E201140,諸会費,,,20000,00,,,,,,000,共通部門,100,現金,,,20000,00,,,,,,会費,,,,,,,
,,,,,20220215,130,,,040,大阪支店,10E201140,諸会費,,,24000,00,,,,,,000,共通部門,10A100020-3,普通預金,40,JKL銀行 梅田,24000,00,,,,,,会費,,,,,,,
,,,,,20220215,151,,,040,大阪支店,521,接待交際費,,,12750,31,,10,,,,000,共通部門,100,現金,,,12750,00,,,,,,飲食代 架空店舗075,,,,,,,
,,,,,20220215,158,,,040,大阪支店,522,旅費・交通費,,,14000,31,,10,,,,000,共通部門,100,現金,,,14000,00,,,,,,出張旅費,,,,,,,
,,,,,20220216,7,,,010,札幌営業所,521,接待交際費,,,3750,31,,10,,,,000,共通部門,100,現金,,,3750,00,,,,,,昼食代 架空店舗004 2名,,,,,,,
,,,,,20220216,11,,,010,札幌営業所,10E201120,車両費,,,3210,31,,10,,,,000,共通部門,100,現金,,,3210,00,,,,,,ガソリン代,,,,,,,
,,,,,20220216,61,,,020,東京支店,523,通信費,,,176510,31,,10,,,,000,共通部門,10A100020-3,普通預金,20,ABC銀行 本店,176510,00,,,,,,電話代,,,,,,,
,,,,,20220216,79,,,030,名古屋支店,10E200140,福利厚生費,,,39415,31,,10,,,,000,共通部門,100,現金,,,39415,00,,,,,,景品代,,,,,,,
,,,,,20220216,136,,,040,大阪支店,10E201270,雑費,,,16500,31,,10,,,,000,共通部門,100,現金,,,16500,00,,,,,,架空清掃会社A代,,,,,,,
,,,,,20220216,148,,,050,九州営業所,10E201120,車両費,,,3570,31,,10,,,,000,共通部門,100,現金,,,3570,00,,,,,,ガソリン代,,,,,,,
,,,,,20220216,154,,,050,九州営業所,521,接待交際費,,,6229,31,,10,,,,000,共通部門,204,未払金,,,6229,00,,,,,,手土産代 架空店舗067,,,,,,,
,,,,,20220216,154,,,050,九州営業所,521,接待交際費,,,18839,31,,10,,,,000,共通部門,204,未払金,,,18839,00,,,,,,飲食代 架空店舗024 4名,,,,,,,
,,,,,20220217,47,,,020,東京支店,10E201120,車両費,,,2540,31,,10,,,,000,共通部門,100,現金,,,2540,00,,,,,,ガソリン代,,,,,,,
,,,,,20220217,52,,,020,東京支店,10E201120,車両費,,,1096,31,,10,,,,000,共通部門,100,現金,,,1096,00,,,,,,高速代,,,,,,,
,,,,,20220217,52,,,020,東京支店,10E201120,車両費,,,1096,31,,10,,,,000,共通部門,100,現金,,,1096,00,,,,,,高速代,,,,,,,
,,,,,20220217,52,,,020,東京支店,10E201120,車両費,,,1429,31,,10,,,,000,共通部門,100,現金,,,1429,00,,,,,,高速代,,,,,,,
,,,,,20220217,74,,,020,東京支店,521,接待交際費,,,8630,31,,10,,,,000,共通部門,100,現金,,,8630,00,,,,,,食事代 架空店舗049 5名,,,,,,,
,,,,,20220218,159,,,050,九州営業所,522,旅費・交通費,,,7600,31,,10,,,,000,共通部門,100,現金,,,7600,00,,,,,,タクシー代,,,,,,,
,,,,,20220219,45,,,020,東京支店,521,接待交際費,,,19991,31,,10,,,,000,共通部門,100,現金,,,19991,00,,,,,,飲食代 架空店舗079 5名,,,,,,,
,,,,,20220219,45,,,020,東京支店,521,接待交際費,,,28362,31,,10,,,,000,共通部門,100,現金,,,28362,00,,,,,,飲食代 架空店舗025,,,,,,,
,,,,,20220219,59,,,020,東京支店,522,旅費・交通費,,,45600,31,,10,,,,000,共通部門,100,現金,,,45600,00,,,,,,旅費,,,,,,,
,,,,,20220219,103,,,040,大阪支店,521,接待交際費,,,2150,31,,10,,,,000,共通部門,100,現金,,,2150,00,,,,,,食事代 弁当差し入れ 架空店舗037,,,,,,,
,,,,,20220219,138,,,040,大阪支店,10E201120,車両費,,,7187,31,,10,,,,000,共通部門,100,現金,,,7187,00,,,,,,高速代,,,,,,,
,,,,,20220219,138,,,040,大阪支店,10E201120,車両費,,,3086,31,,10,,,,000,共通部門,100,現金,,,3086,00,,,,,,駐車代,,,,,,,
,,,,,20220219,138,,,040,大阪支店,10E201120,車両費,,,305,31,,10,,,,000,共通部門,100,現金,,,305,00,,,,,,高速代,,,,,,,
,,,,,20220219,138,,,040,大阪支店,10E201120,車両費,,,8329,31,,10,,,,000,共通部門,100,現金,,,8329,00,,,,,,高速代,,,,,,,
,,,,,20220219,138,,,040,大阪支店,10E201120,車両費,,,5181,31,,10,,,,000,共通部門,100,現金,,,5181,00,,,,,,高速代,,,,,,,
,,,,,20220219,160,,,020,東京支店,522,旅費・交通費,,,69700,31,,10,,,,000,共通部門,100,現金,,,69700,00,,,,,,出張旅費,,,,,,,
,,,,,20220220,1,,,000,共通部門,10E200140,福利厚生費,,,21600,31,,K8.0,,,,000,共通部門,100,現金,,,21600,00,,,,,,残業夜食　軽減税率,,,,,,,
,,,,,20220220,31,,,010,札幌営業所,10E201110,事務用消耗品費,,,3118,31,,10,,,,000,共通部門,204,未払金,,,3118,00,,,,,,コピー代,,,,,,,
,,,,,20220220,34,,,010,札幌営業所,10E201040,水道光熱費,,,65379,31,,10,,,,000,共通部門,10A100020-3,普通預金,10,DEF銀行 駅前,65379,00,,,,,,電気代,,,,,,,
,,,,,20220220,34,,,010,札幌営業所,10E201040,水道光熱費,,,3634,31,,10,,,,000,共通部門,10A100020-3,普通預金,10,DEF銀行 駅前,3634,00,,,,,,水道代,,,,,,,
,,,,,20220220,38,,,020,東京支店,10E200140,福利厚生費,,,48164,31,,10,,,,000,共通部門,204,未払金,,,48164,00,,,,,,宿泊費,,,,,,,
,,,,,20220220,48,,,020,東京支店,10E201120,車両費,,,4303,31,,10,,,,000,共通部門,100,現金,,,4303,00,,,,,,ガソリン代,,,,,,,
,,,,,20220220,53,,,020,東京支店,10E201120,車両費,,,381,31,,10,,,,000,共通部門,100,現金,,,381,00,,,,,,高速代,,,,,,,
,,,,,20220220,53,,,020,東京支店,10E201120,車両費,,,1000,31,,10,,,,000,共通部門,100,現金,,,1000,00,,,,,,高速代,,,,,,,
,,,,,20220220,53,,,020,東京支店,10E201120,車両費,,,1000,31,,10,,,,000,共通部門,100,現金,,,1000,00,,,,,,高速代,,,,,,,
,,,,,20220220,64,,,020,東京支店,10E201040,水道光熱費,,,156878,31,,10,,,,000,共通部門,10A100020-3,普通預金,20,ABC銀行 本店,156878,00,,,,,,電気料,,,,,,,
,,,,,20220220,64,,,020,東京支店,10E201040,水道光熱費,,,7190,31,,10,,,,000,共通部門,10A100020-3,普通預金,20,ABC銀行 本店,7190,00,,,,,,水道料,,,,,,,
,,,,,20220220,66,,,030,名古屋支店,10E201270,雑費,,,5000,31,,10,,,,000,共通部門,204,未払金,,,5000,00,,,,,,有線,,,,,,,
,,,,,20220220,68,,,050,九州営業所,10E201110,事務用消耗品費,,,6300,31,,10,,,,000,共通部門,204,未払金,,,6300,00,,,,,,カウンター料金,,,,,,,
,,,,,20220220,71,,,020,東京支店,10E201110,事務用消耗品費,,,1505,31,,10,,,,000,共通部門,204,未払金,,,1505,00,,,,,,事務用品,,,,,,,
,,,,,20220220,71,,,020,東京支店,10E201110,事務用消耗品費,,,34099,31,,10,,,,000,共通部門,204,未払金,,,34099,00,,,,,,カウンター料金,,,,,,,
,,,,,20220220,74,,,000,共通部門,525,消耗品費,,,19396,31,,10,,,,000,共通部門,204,未払金,,,19396,00,,,,,,ファイル等,,,,,,,
,,,,,20220220,74,,,000,共通部門,525,消耗品費,,,232915,31,,10,,,,000,共通部門,204,未払金,,,232915,00,,,,,,飲料水,,,,,,,
,,,,,20220220,74,,,000,共通部門,525,消耗品費,,,52096,31,,10,,,,000,共通部門,204,未払金,,,52096,00,,,,,,名刺代,,,,,,,
,,,,,20220220,89,,,030,名古屋支店,10E201040,水道光熱費,,,64140,31,,10,,,,000,共通部門,10A100020-3,普通預金,30,GHI銀行 名古屋,64140,00,,,,,,電気料,,,,,,,
,,,,,20220220,89,,,030,名古屋支店,10E201040,水道光熱費,,,3072,31,,10,,,,000,共通部門,10A100020-3,普通預金,30,GHI銀行 名古屋,3072,00,,,,,,水道料,,,,,,,
,,,,,20220220,89,,,030,名古屋支店,10E201040,水道光熱費,,,3528,31,,10,,,,000,共通部門,10A100020-3,普通預金,30,GHI銀行 名古屋,3528,00,,,,,,ガス代,,,,,,,
,,,,,20220220,97,,,030,名古屋支店,10E201110,事務用消耗品費,,,40023,31,,10,,,,000,共通部門,204,未払金,,,40023,00,,,,,,コピー代,,,,,,,
,,,,,20220220,98,,,030,名古屋支店,10E201110,事務用消耗品費,,,3156,31,,10,,,,000,共通部門,204,未払金,,,3156,00,,,,,,事務用品,,,,,,,
,,,,,20220220,101,,,040,大阪支店,10E200050,広告宣伝費,,,52500,31,,10,,,,000,共通部門,204,未払金,,,52500,00,,,,,,広告料,,,,,,,
,,,,,20220220,101,,,000,共通部門,100,現金,,,1325236,00,,,,,,000,共通部門,131,売掛金,11,株式会社楓屋,1325236,00,,,,,,2月20日伝票No445株式会社楓屋,,,,,,,
,,,,,20220220,102,,,000,共通部門,10A100020-3,普通預金,30,GHI銀行 名古屋,526466,00,,,,,,000,共通部門,131,売掛金,21,合同会社つばさ商店,526466,00,,,,,,2月20日伝票No446合同会社つばさ商店,,,,,,,
,,,,,20220220,102,,,030,名古屋支店,512,支払手数料,,,472,31,,10,,,,000,共通部門,131,売掛金,21,合同会社つばさ商店,472,00,,,,,,2月20日伝票No446合同会社つばさ商店,,,,,,,
,,,,,20220220,103,,,000,共通部門,10A100020-3,普通預金,20,ABC銀行 本店,2291137,00,,,,,,000,共通部門,131,売掛金,30,株式会社彩雲トレーディング,2291137,00,,,,,,2月20日伝票No447株式会社彩雲トレーディング,,,,,,,
,,,,,20220220,103,,,020,東京支店,512,支払手数料,,,735,31,,10,,,,000,共通部門,131,売掛金,30,株式会社彩雲トレーディング,735,00,,,,,,2月20日伝票No447株式会社彩雲トレーディング,,,,,,,
,,,,,20220220,104,,,000,共通部門,201,買掛金,4,株式会社和泉流通,1466688,00,,,,,,000,共通部門,10A100020-2,当座預金,1,ABC銀行,1466688,00,,,,,,2月20日伝票No336株式会社和泉流通,,,,,,,
,,,,,20220220,105,,,000,共通部門,201,買掛金,6,株式会社日向産業,6893004,00,,,,,,000,共通部門,10A100020-3,普通預金,20,ABC銀行 本店,6893004,00,,,,,,2月20日伝票No337株式会社日向産業,,,,,,,
,,,,,20220220,106,,,000,共通部門,201,買掛金,11,株式会社花園商会,6049943,00,,,,,,000,共通部門,10B100030,支払手形,,,6049943,00,,,,,,2月20日伝票No338株式会社花園商会,,,,,,,
,,,,,20220220,118,,,040,大阪支店,10E201110,事務用消耗品費,,,8012,31,,10,,,,000,共通部門,204,未払金,,,8012,00,,,,,,コピー代,,,,,,,
,,,,,20220220,132,,,040,大阪支店,10E201040,水道光熱費,,,83296,31,,10,,,,000,共通部門,10A100020-3,普通預金,40,JKL銀行 梅田,83296,00,,,,,,電気代,,,,,,,
,,,,,20220220,132,,,040,大阪支店,10E201040,水道光熱費,,,5650,31,,10,,,,000,共通部門,10A100020-3,普通預金,40,JKL銀行 梅田,5650,00,,,,,,水道代,,,,,,,
,,,,,20220220,135,,,040,大阪支店,10E201110,事務用消耗品費,,,2389,31,,10,,,,000,共通部門,204,未払金,,,2389,00,,,,,,事務用品,,,,,,,
,,,,,20220220,144,,,040,大阪支店,10E201120,車両費,,,4286,31,,10,,,,000,共通部門,100,現金,,,4286,00,,,,,,ガソリン代,,,,,,,
,,,,,20220220,144,,,040,大阪支店,10E201120,車両費,,,5919,31,,10,,,,000,共通部門,100,現金,,,5919,00,,,,,,ガソリン代,,,,,,,
,,,,,20220220,153,,,030,名古屋支店,521,接待交際費,,,9960,31,,10,,,,000,共通部門,100,現金,,,9960,00,,,,,,食事代 架空店舗064 2名,,,,,,,
,,,,,20220220,163,,,050,九州営業所,10E201140,諸会費,,,18000,00,,,,,,000,共通部門,100,現金,,,18000,00,,,,,,会費,,,,,,,
,,,,,20220220,169,,,050,九州営業所,10E201040,水道光熱費,,,4286,31,,10,,,,000,共通部門,10A100020-3,普通預金,50,MNO銀行 北九州,4286,00,,,,,,電気料,,,,,,,
,,,,,20220220,169,,,050,九州営業所,10E201040,水道光熱費,,,5919,31,,10,,,,000,共通部門,10A100020-3,普通預金,50,MNO銀行 北九州,5919,00,,,,,,水道料,,,,,,,
,,,,,20220221,6,,,010,札幌営業所,10E200050,広告宣伝費,,,5000,31,,10,,,,000,共通部門,100,現金,,,5000,00,,,,,,広告料,,,,,,,
,,,,,20220221,8,,,010,札幌営業所,521,接待交際費,,,20000,31,,10,,,,000,共通部門,100,現金,,,20000,00,,,,,,定例ミーティング会費,,,,,,,
,,,,,20220221,25,,,010,札幌営業所,522,旅費・交通費,,,56000,31,,10,,,,000,共通部門,100,現金,,,56000,00,,,,,,旅費,,,,,,,
,,,,,20220221,27,,,010,札幌営業所,522,旅費・交通費,,,41905,31,,10,,,,000,共通部門,100,現金,,,41905,00,,,,,,旅費,,,,,,,
,,,,,20220221,27,,,010,札幌営業所,522,旅費・交通費,,,28381,31,,10,,,,000,共通部門,100,現金,,,28381,00,,,,,,旅費,,,,,,,
,,,,,20220221,27,,,010,札幌営業所,522,旅費・交通費,,,30077,31,,10,,,,000,共通部門,100,現金,,,30077,00,,,,,,旅費,,,,,,,
,,,,,20220221,80,,,030,名古屋支店,10E200140,福利厚生費,,,417375,31,,10,,,,000,共通部門,204,未払金,,,417375,00,,,,,,会費支払い,,,,,,,
,,,,,20220221,137,,,040,大阪支店,10E201270,雑費,,,6000,31,,10,,,,000,共通部門,204,未払金,,,6000,00,,,,,,有線,,,,,,,
,,,,,20220221,137,,,040,大阪支店,10E201270,雑費,,,42858,31,,10,,,,000,共通部門,204,未払金,,,42858,00,,,,,,警備料,,,,,,,
,,,,,20220221,137,,,040,大阪支店,10E201120,車両費,,,13541,31,,10,,,,000,共通部門,10A100020-3,普通預金,40,JKL銀行 梅田,13541,00,,,,,,高速料,,,,,,,
,,,,,20220221,137,,,040,大阪支店,10E201270,雑費,,,56421,31,,10,,,,000,共通部門,204,未払金,,,56421,00,,,,,,清掃料,,,,,,,
,,,,,20220222,12,,,010,札幌営業所,10E201120,車両費,,,3810,31,,10,,,,000,共通部門,100,現金,,,3810,00,,,,,,ガソリン代,,,,,,,
,,,,,20220222,12,,,010,札幌営業所,10E201120,車両費,,,5715,31,,10,,,,000,共通部門,100,現金,,,5715,00,,,,,,ガソリン代,,,,,,,
,,,,,20220222,90,,,030,名古屋支店,10E201270,雑費,,,10500,31,,10,,,,000,共通部門,100,現金,,,10500,00,,,,,,架空清掃会社A代,,,,,,,
,,,,,20220222,95,,,030,名古屋支店,10E201270,雑費,,,71675,31,,10,,,,000,共通部門,204,未払金,,,71675,00,,,,,,清掃料,,,,,,,
,,,,,20220222,155,,,050,九州営業所,10E201120,車両費,,,6222,31,,10,,,,000,共通部門,100,現金,,,6222,00,,,,,,ガソリン代,,,,,,,
,,,,,20220222,166,,,050,九州営業所,10E201270,雑費,,,1890,31,,10,,,,000,共通部門,100,現金,,,1890,00,,,,,,架空清掃会社A代,,,,,,,
,,,,,20220223,3,,,010,札幌営業所,10E200140,福利厚生費,,,28815,31,,10,,,,000,共通部門,204,未払金,,,28815,00,,,,,,宿泊代,,,,,,,
,,,,,20220223,9,,,010,札幌営業所,521,接待交際費,,,10000,31,,10,,,,000,共通部門,100,現金,,,10000,00,,,,,,香典代,,,,,,,
,,,,,20220223,9,,,010,札幌営業所,521,接待交際費,,,12000,31,,10,,,,000,共通部門,100,現金,,,12000,00,,,,,,花代,,,,,,,
,,,,,20220223,26,,,010,札幌営業所,522,旅費・交通費,,,11000,31,,10,,,,000,共通部門,100,現金,,,11000,00,,,,,,旅費,,,,,,,
,,,,,20220223,28,,,010,札幌営業所,522,旅費・交通費,,,2420,31,,10,,,,000,共通部門,204,未払金,,,2420,00,,,,,,タクシー代,,,,,,,
,,,,,20220223,54,,,020,東京支店,10E201120,車両費,,,1810,31,,10,,,,000,共通部門,100,現金,,,1810,00,,,,,,高速代,,,,,,,
,,,,,20220223,54,,,020,東京支店,10E201120,車両費,,,2572,31,,10,,,,000,共通部門,100,現金,,,2572,00,,,,,,高速代,,,,,,,
,,,,,20220223,61,,,050,九州営業所,10E200140,福利厚生費,,,11080,31,,10,,,,000,共通部門,204,未払金,,,11080,00,,,,,,お茶代,,,,,,,
,,,,,20220223,84,,,020,東京支店,10E200090,役員報酬,,,1124255,00,,,,,,000,共通部門,10A100020-3,普通預金,20,ABC銀行 本店,1124255,00,,,,,,2月給与その他 0001 役員,,,,,,,
,,,,,20220223,84,,,020,東京支店,10E200090,役員報酬,,,120411,00,,,,,,000,共通部門,208,預り金,1,保険料,120411,00,,,,,,2月給与その他 0001 役員,,,,,,,
,,,,,20220223,84,,,020,東京支店,10E200090,役員報酬,,,171200,00,,,,,,000,共通部門,208,預り金,2,住民税,171200,00,,,,,,2月給与その他 0001 役員,,,,,,,
,,,,,20220223,84,,,020,東京支店,10E200090,役員報酬,,,164442,00,,,,,,000,共通部門,208,預り金,3,源泉税,164442,00,,,,,,2月給与その他 0001 役員,,,,,,,
,,,,,20220223,84,,,020,東京支店,10E200090,役員報酬,,,133972,00,,,,,,000,共通部門,208,預り金,4,貯蓄・保険,133972,00,,,,,,2月給与その他 0001 役員,,,,,,,
,,,,,20220223,84,,,020,東京支店,10E200090,役員報酬,,,5720,00,,,,,,000,共通部門,208,預り金,9,その他,5720,00,,,,,,2月給与その他 0001 役員,,,,,,,
,,,,,20220223,84,,,020,東京支店,10E200370,給与手当,,,1459122,00,,,,,,000,共通部門,10A100020-3,普通預金,20,ABC銀行 本店,1459122,00,,,,,,2月給与その他 0020 営業部,,,,,,,
,,,,,20220223,84,,,020,東京支店,10E200370,給与手当,,,236045,00,,,,,,000,共通部門,208,預り金,1,保険料,236045,00,,,,,,2月給与その他 0020 営業部,,,,,,,
,,,,,20220223,84,,,020,東京支店,10E200370,給与手当,,,104300,00,,,,,,000,共通部門,208,預り金,2,住民税,104300,00,,,,,,2月給与その他 0020 営業部,,,,,,,
,,,,,20220223,84,,,020,東京支店,10E200370,給与手当,,,35300,00,,,,,,000,共通部門,208,預り金,3,源泉税,35300,00,,,,,,2月給与その他 0020 営業部,,,,,,,
,,,,,20220223,84,,,020,東京支店,10E200370,給与手当,,,43305,00,,,,,,000,共通部門,208,預り金,4,貯蓄・保険,43305,00,,,,,,2月給与その他 0020 営業部,,,,,,,
,,,,,20220223,84,,,020,東京支店,10E200370,給与手当,,,65259,00,,,,,,000,共通部門,208,預り金,9,その他,65259,00,,,,,,2月給与その他 0020 営業部,,,,,,,
,,,,,20220223,84,,,010,札幌営業所,10E200370,給与手当,,,615966,00,,,,,,000,共通部門,10A100020-3,普通預金,20,ABC銀行 本店,615966,00,,,,,,2月給与その他 1000 札幌営業所,,,,,,,
,,,,,20220223,84,,,010,札幌営業所,10E200370,給与手当,,,103424,00,,,,,,000,共通部門,208,預り金,1,保険料,103424,00,,,,,,2月給与その他 1000 札幌営業所,,,,,,,
,,,,,20220223,84,,,010,札幌営業所,10E200370,給与手当,,,46300,00,,,,,,000,共通部門,208,預り金,2,住民税,46300,00,,,,,,2月給与その他 1000 札幌営業所,,,,,,,
,,,,,20220223,84,,,010,札幌営業所,10E200370,給与手当,,,14100,00,,,,,,000,共通部門,208,預り金,3,源泉税,14100,00,,,,,,2月給与その他 1000 札幌営業所,,,,,,,
,,,,,20220223,84,,,010,札幌営業所,10E200370,給与手当,,,50648,00,,,,,,000,共通部門,208,預り金,4,貯蓄・保険,50648,00,,,,,,2月給与その他 1000 札幌営業所,,,,,,,
,,,,,20220223,84,,,010,札幌営業所,10E200370,給与手当,,,42034,00,,,,,,000,共通部門,208,預り金,9,その他,42034,00,,,,,,2月給与その他 1000 札幌営業所,,,,,,,
,,,,,20220223,84,,,030,名古屋支店,10E200370,給与手当,,,557677,00,,,,,,000,共通部門,10A100020-3,普通預金,20,ABC銀行 本店,557677,00,,,,,,2月給与その他 3000 名古屋営業所,,,,,,,
,,,,,20220223,84,,,030,名古屋支店,10E200370,給与手当,,,96352,00,,,,,,000,共通部門,208,預り金,1,保険料,96352,00,,,,,,2月給与その他 3000 名古屋営業所,,,,,,,
,,,,,20220223,84,,,030,名古屋支店,10E200370,給与手当,,,42600,00,,,,,,000,共通部門,208,預り金,2,住民税,42600,00,,,,,,2月給与その他 3000 名古屋営業所,,,,,,,
,,,,,20220223,84,,,030,名古屋支店,10E200370,給与手当,,,7960,00,,,,,,000,共通部門,208,預り金,3,源泉税,7960,00,,,,,,2月給与その他 3000 名古屋営業所,,,,,,,
,,,,,20220223,84,,,030,名古屋支店,10E200370,給与手当,,,40759,00,,,,,,000,共通部門,208,預り金,4,貯蓄・保険,40759,00,,,,,,2月給与その他 3000 名古屋営業所,,,,,,,
,,,,,20220223,84,,,030,名古屋支店,10E200370,給与手当,,,36691,00,,,,,,000,共通部門,208,預り金,9,その他,36691,00,,,,,,2月給与その他 3000 名古屋営業所,,,,,,,
,,,,,20220223,84,,,040,大阪支店,10E200370,給与手当,,,776468,00,,,,,,000,共通部門,10A100020-3,普通預金,20,ABC銀行 本店,776468,00,,,,,,2月給与その他 4000 大阪支店,,,,,,,
,,,,,20220223,84,,,040,大阪支店,10E200370,給与手当,,,119477,00,,,,,,000,共通部門,208,預り金,1,保険料,119477,00,,,,,,2月給与その他 4000 大阪支店,,,,,,,
,,,,,20220223,84,,,040,大阪支店,10E200370,給与手当,,,53400,00,,,,,,000,共通部門,208,預り金,2,住民税,53400,00,,,,,,2月給与その他 4000 大阪支店,,,,,,,
,,,,,20220223,84,,,040,大阪支店,10E200370,給与手当,,,16950,00,,,,,,000,共通部門,208,預り金,3,源泉税,16950,00,,,,,,2月給与その他 4000 大阪支店,,,,,,,
,,,,,20220223,84,,,040,大阪支店,10E200370,給与手当,,,13570,00,,,,,,000,共通部門,208,預り金,4,貯蓄・保険,13570,00,,,,,,2月給与その他 4000 大阪支店,,,,,,,
,,,,,20220223,84,,,040,大阪支店,10E200370,給与手当,,,18388,00,,,,,,000,共通部門,208,預り金,9,その他,18388,00,,,,,,2月給与その他 4000 大阪支店,,,,,,,
,,,,,20220223,84,,,050,九州営業所,10E200370,給与手当,,,448558,00,,,,,,000,共通部門,10A100020-3,普通預金,20,ABC銀行 本店,448558,00,,,,,,2月給与その他 5000 九州営業所,,,,,,,
,,,,,20220223,84,,,050,九州営業所,10E200370,給与手当,,,67268,00,,,,,,000,共通部門,208,預り金,1,保険料,67268,00,,,,,,2月給与その他 5000 九州営業所,,,,,,,
,,,,,20220223,84,,,050,九州営業所,10E200370,給与手当,,,31700,00,,,,,,000,共通部門,208,預り金,2,住民税,31700,00,,,,,,2月給与その他 5000 九州営業所,,,,,,,
,,,,,20220223,84,,,050,九州営業所,10E200370,給与手当,,,8180,00,,,,,,000,共通部門,208,預り金,3,源泉税,8180,00,,,,,,2月給与その他 5000 九州営業所,,,,,,,
,,,,,20220223,84,,,050,九州営業所,10E200370,給与手当,,,18540,00,,,,,,000,共通部門,208,預り金,4,貯蓄・保険,18540,00,,,,,,2月給与その他 5000 九州営業所,,,,,,,
,,,,,20220223,84,,,050,九州営業所,10E200370,給与手当,,,16343,00,,,,,,000,共通部門,208,預り金,9,その他,16343,00,,,,,,2月給与その他 5000 九州営業所,,,,,,,
,,,,,20220223,140,,,040,大阪支店,522,旅費・交通費,,,7400,31,,10,,,,000,共通部門,100,現金,,,7400,00,,,,,,旅費,,,,,,,
,,,,,20220223,156,,,050,九州営業所,522,旅費・交通費,,,9500,31,,10,,,,000,共通部門,100,現金,,,9500,00,,,,,,出張旅費,,,,,,,
,,,,,20220224,75,,,020,東京支店,521,接待交際費,,,1260,31,,10,,,,000,共通部門,100,現金,,,1260,00,,,,,,コーヒー代2名,,,,,,,
,,,,,20220224,78,,,030,名古屋支店,10E200020,販売手数料,,,189000,31,,10,,,,000,共通部門,204,未払金,,,189000,00,,,,,,業務委託費支払い,,,,,,,
,,,,,20220224,83,,,030,名古屋支店,10E201120,車両費,,,38700,31,,10,,,,000,共通部門,100,現金,,,38700,00,,,,,,車両管理費,,,,,,,
,,,,,20220224,87,,,030,名古屋支店,523,通信費,,,71567,31,,10,,,,000,共通部門,10A100020-3,普通預金,30,GHI銀行 名古屋,71567,00,,,,,,携帯代,,,,,,,
,,,,,20220224,104,,,040,大阪支店,521,接待交際費,,,1890,31,,10,,,,000,共通部門,100,現金,,,1890,00,,,,,,コーヒー代3名,,,,,,,
,,,,,20220224,120,,,040,大阪支店,10E200020,販売手数料,,,315000,31,,10,,,,000,共通部門,204,未払金,,,315000,00,,,,,,業務委託費,,,,,,,
,,,,,20220224,157,,,050,九州営業所,522,旅費・交通費,,,44000,31,,10,,,,000,共通部門,10A100020-3,普通預金,50,MNO銀行 北九州,44000,00,,,,,,航空券代,,,,,,,
,,,,,20220224,172,,,010,札幌営業所,10E200020,販売手数料,,,122000,31,,10,,,,000,共通部門,204,未払金,,,122000,00,,,,,,業務委託費支払い,,,,,,,
,,,,,20220225,24,,,010,札幌営業所,522,旅費・交通費,,,55850,31,,10,,,,000,共通部門,100,現金,,,55850,00,,,,,,架空鉄道会社A回数券,,,,,,,
,,,,,20220225,35,,,010,札幌営業所,10E201160,新聞図書費,,,3925,31,,10,,,,000,共通部門,100,現金,,,3925,00,,,,,,新聞代,,,,,,,
,,,,,20220225,37,,,020,東京支店,10E200020,販売手数料,,,754100,31,,10,,,,000,共通部門,204,未払金,,,754100,00,,,,,,業務委託費,,,,,,,
,,,,,20220225,60,,,020,東京支店,522,旅費・交通費,,,10500,31,,10,,,,000,共通部門,100,現金,,,10500,00,,,,,,旅費,,,,,,,
,,,,,20220225,107,,,000,共通部門,130,受取手形,,,17480828,00,,,,,,000,共通部門,131,売掛金,2,株式会社桜丘百貨店,17480828,00,,,,,,2月25日伝票No448株式会社桜丘百貨店 | 売上伝票=20220131-113;手形番号=R20220225-107-2,,,,,,,
,,,,,20220225,108,,,000,共通部門,10A100020-3,普通預金,30,GHI銀行 名古屋,1733357,00,,,,,,000,共通部門,131,売掛金,7,株式会社光彩堂商事,1733357,00,,,,,,2月25日伝票No449株式会社光彩堂商事,,,,,,,
,,,,,20220225,108,,,030,名古屋支店,512,支払手数料,,,735,31,,10,,,,000,共通部門,131,売掛金,7,株式会社光彩堂商事,735,00,,,,,,2月25日伝票No449株式会社光彩堂商事,,,,,,,
,,,,,20220225,109,,,000,共通部門,10A100020-3,普通預金,40,JKL銀行 梅田,3998498,00,,,,,,000,共通部門,131,売掛金,23,株式会社杉の木商店,3998498,00,,,,,,2月25日伝票No450株式会社杉の木商店,,,,,,,
,,,,,20220225,109,,,040,大阪支店,512,支払手数料,,,630,31,,10,,,,000,共通部門,131,売掛金,23,株式会社杉の木商店,630,00,,,,,,2月25日伝票No450株式会社杉の木商店,,,,,,,
,,,,,20220225,110,,,000,共通部門,10A100020-3,普通預金,10,DEF銀行 駅前,4781918,00,,,,,,000,共通部門,131,売掛金,25,株式会社ほのかマート,4781918,00,,,,,,2月25日伝票No451株式会社ほのかマート,,,,,,,
,,,,,20220225,110,,,010,札幌営業所,512,支払手数料,,,840,31,,10,,,,000,共通部門,131,売掛金,25,株式会社ほのかマート,840,00,,,,,,2月25日伝票No451株式会社ほのかマート,,,,,,,
,,,,,20220225,111,,,040,大阪支店,522,旅費・交通費,,,14750,31,,10,,,,000,共通部門,204,未払金,,,14750,00,,,,,,タクシー代,,,,,,,
,,,,,20220225,121,,,040,大阪支店,10E200140,福利厚生費,,,9500,31,,10,,,,000,共通部門,100,現金,,,9500,00,,,,,,お茶代,,,,,,,
,,,,,20220226,29,,,010,札幌営業所,523,通信費,,,66751,31,,10,,,,000,共通部門,10A100020-3,普通預金,10,DEF銀行 駅前,66751,00,,,,,,携帯電話代,,,,,,,
,,,,,20220226,62,,,020,東京支店,523,通信費,,,72648,31,,10,,,,000,共通部門,10A100020-3,普通預金,20,ABC銀行 本店,72648,00,,,,,,携帯代,,,,,,,
,,,,,20220226,72,,,020,東京支店,10E201160,新聞図書費,,,2864,31,,10,,,,000,共通部門,100,現金,,,2864,00,,,,,,新聞代,,,,,,,
,,,,,20220226,72,,,020,東京支店,10E201160,新聞図書費,,,2815,31,,10,,,,000,共通部門,100,現金,,,2815,00,,,,,,新聞代,,,,,,,
,,,,,20220226,72,,,020,東京支店,10E201160,新聞図書費,,,3399,31,,10,,,,000,共通部門,100,現金,,,3399,00,,,,,,新聞代,,,,,,,
,,,,,20220226,82,,,030,名古屋支店,522,旅費・交通費,,,4500,31,,10,,,,000,共通部門,100,現金,,,4500,00,,,,,,タクシー代,,,,,,,
,,,,,20220226,88,,,030,名古屋支店,10E201160,新聞図書費,,,3568,31,,10,,,,000,共通部門,100,現金,,,3568,00,,,,,,新聞代,,,,,,,
,,,,,20220226,109,,,040,大阪支店,10E201120,車両費,,,46487,31,,10,,,,000,共通部門,204,未払金,,,46487,00,,,,,,ガソリン代,,,,,,,
,,,,,20220226,113,,,040,大阪支店,523,通信費,,,59831,31,,10,,,,000,共通部門,10A100020-3,普通預金,40,JKL銀行 梅田,59831,00,,,,,,携帯代,,,,,,,
,,,,,20220226,114,,,040,大阪支店,10E201160,新聞図書費,,,2540,31,,10,,,,000,共通部門,100,現金,,,2540,00,,,,,,新聞代,,,,,,,
,,,,,20220226,114,,,040,大阪支店,10E201160,新聞図書費,,,2864,31,,10,,,,000,共通部門,100,現金,,,2864,00,,,,,,新聞代,,,,,,,
,,,,,20220226,131,,,040,大阪支店,10E201140,諸会費,,,24000,00,,,,,,000,共通部門,10A100020-3,普通預金,40,JKL銀行 梅田,24000,00,,,,,,会費,,,,,,,
,,,,,20220226,146,,,050,九州営業所,10E200020,販売手数料,,,168000,31,,10,,,,000,共通部門,204,未払金,,,168000,00,,,,,,業務委託費,,,,,,,
,,,,,20220226,170,,,050,九州営業所,10E201160,新聞図書費,,,3007,31,,10,,,,000,共通部門,100,現金,,,3007,00,,,,,,新聞代,,,,,,,
,,,,,20220227,15,,,010,札幌営業所,10E201120,車両費,,,2100,31,,10,,,,000,共通部門,100,現金,,,2100,00,,,,,,高速代,,,,,,,
,,,,,20220227,30,,,010,札幌営業所,531,保険料,,,54320,30,,,,,,000,共通部門,10A100020-3,普通預金,10,DEF銀行 駅前,54320,00,,,,,,保険料支払,,,,,,,
,,,,,20220227,39,,,020,東京支店,10E200140,福利厚生費,,,9000,31,,10,,,,000,共通部門,100,現金,,,9000,00,,,,,,会費,,,,,,,
,,,,,20220227,77,,,050,九州営業所,10E201120,車両費,,,4893,31,,10,,,,000,共通部門,100,現金,,,4893,00,,,,,,ガソリン代,,,,,,,
,,,,,20220227,77,,,050,九州営業所,10E201120,車両費,,,1143,31,,10,,,,000,共通部門,100,現金,,,1143,00,,,,,,洗車代,,,,,,,
,,,,,20220227,171,,,050,九州営業所,523,通信費,,,51396,31,,10,,,,000,共通部門,10A100020-3,普通預金,50,MNO銀行 北九州,51396,00,,,,,,携帯代,,,,,,,
,,,,,20220228,1,,,010,札幌営業所,10E200870,運賃,,,129830,31,,10,,,,000,共通部門,204,未払金,,,129830,00,,,,,,運賃 架空運送会社B,,,,,,,
,,,,,20220228,5,,,010,札幌営業所,10E200050,広告宣伝費,,,52500,31,,10,,,,000,共通部門,10A100020-3,普通預金,10,DEF銀行 駅前,52500,00,,,,,,広告費,,,,,,,
,,,,,20220228,36,,,020,東京支店,10E200870,運賃,,,1568981,31,,10,,,,000,共通部門,204,未払金,,,1568981,00,,,,,,運賃 架空運送会社A,,,,,,,
,,,,,20220228,36,,,020,東京支店,10E200870,運賃,,,733172,31,,10,,,,000,共通部門,204,未払金,,,733172,00,,,,,,運賃 架空運送会社B,,,,,,,
,,,,,20220228,40,,,020,東京支店,10E200050,広告宣伝費,,,50000,31,,10,,,,000,共通部門,204,未払金,,,50000,00,,,,,,広告掲載,,,,,,,
,,,,,20220228,49,,,020,東京支店,10E201120,車両費,,,163470,31,,10,,,,000,共通部門,204,未払金,,,163470,00,,,,,,ガソリン代,,,,,,,
,,,,,20220228,49,,,020,東京支店,10E201120,車両費,,,2626,31,,10,,,,000,共通部門,100,現金,,,2626,00,,,,,,ガソリン代,,,,,,,
,,,,,20220228,49,,,020,東京支店,10E201120,車両費,,,5729,31,,10,,,,000,共通部門,100,現金,,,5729,00,,,,,,ガソリン代,,,,,,,
,,,,,20220228,55,,,020,東京支店,10E201120,車両費,,,23810,31,,10,,,,000,共通部門,100,現金,,,23810,00,,,,,,車両管理費,,,,,,,
,,,,,20220228,55,,,020,東京支店,10E201120,車両費,,,26667,31,,10,,,,000,共通部門,100,現金,,,26667,00,,,,,,車両管理費,,,,,,,
,,,,,20220228,55,,,020,東京支店,10E201120,車両費,,,7667,31,,10,,,,000,共通部門,100,現金,,,7667,00,,,,,,高速代,,,,,,,
,,,,,20220228,63,,,020,東京支店,531,保険料,,,81000,30,,,,,,000,共通部門,10A100020-3,普通預金,20,ABC銀行 本店,81000,00,,,,,,保険料,,,,,,,
,,,,,20220228,66,,,020,東京支店,10E200730,リース料,,,209850,31,,10,,,,000,共通部門,10A100020-3,普通預金,20,ABC銀行 本店,209850,00,,,,,,リース料,,,,,,,
,,,,,20220228,67,,,020,東京支店,10E201140,諸会費,,,30000,00,,,,,,000,共通部門,100,現金,,,30000,00,,,,,,会費支払い,,,,,,,
,,,,,20220228,70,,,020,東京支店,10E201270,雑費,,,6000,31,,10,,,,000,共通部門,204,未払金,,,6000,00,,,,,,有線,,,,,,,
,,,,,20220228,70,,,020,東京支店,10E201270,雑費,,,52381,31,,10,,,,000,共通部門,204,未払金,,,52381,00,,,,,,警備料,,,,,,,
,,,,,20220228,70,,,020,東京支店,10E201120,車両費,,,73315,31,,10,,,,000,共通部門,10A100020-3,普通預金,20,ABC銀行 本店,73315,00,,,,,,高速料,,,,,,,
,,,,,20220228,70,,,020,東京支店,10E201270,雑費,,,73500,31,,10,,,,000,共通部門,204,未払金,,,73500,00,,,,,,清掃料,,,,,,,
,,,,,20220228,72,,,030,名古屋支店,531,保険料,,,62000,30,,,,,,000,共通部門,10A100020-3,普通預金,30,GHI銀行 名古屋,62000,00,,,,,,保険料,,,,,,,
,,,,,20220228,73,,,050,九州営業所,531,保険料,,,57000,30,,,,,,000,共通部門,10A100020-3,普通預金,50,MNO銀行 北九州,57000,00,,,,,,保険料支払い,,,,,,,
,,,,,20220228,77,,,030,名古屋支店,10E200870,運賃,,,141620,31,,10,,,,000,共通部門,204,未払金,,,141620,00,,,,,,運賃,,,,,,,
,,,,,20220228,78,,,010,札幌営業所,525,消耗品費,,,33484,00,,,,,,000,共通部門,525,消耗品費,,,33484,00,,,,,,消耗品費　部門配賦,,,,,,,
,,,,,20220228,78,,,020,東京支店,525,消耗品費,,,146118,00,,,,,,000,共通部門,525,消耗品費,,,146118,00,,,,,,消耗品費　部門配賦,,,,,,,
,,,,,20220228,78,,,030,名古屋支店,525,消耗品費,,,30440,00,,,,,,000,共通部門,525,消耗品費,,,30440,00,,,,,,消耗品費　部門配賦,,,,,,,
,,,,,20220228,78,,,040,大阪支店,525,消耗品費,,,73057,00,,,,,,000,共通部門,525,消耗品費,,,73057,00,,,,,,消耗品費　部門配賦,,,,,,,
,,,,,20220228,78,,,050,九州営業所,525,消耗品費,,,21308,00,,,,,,000,共通部門,525,消耗品費,,,21308,00,,,,,,消耗品費　部門配賦,,,,,,,
,,,,,20220228,81,,,030,名古屋支店,10E200140,福利厚生費,,,19900,31,,10,,,,000,共通部門,204,未払金,,,19900,00,,,,,,お茶代,,,,,,,
,,,,,20220228,93,,,010,札幌営業所,10E201000,修繕維持費,,,17850,31,,10,,,,000,共通部門,204,未払金,,,17850,00,,,,,,修繕費,,,,,,,
,,,,,20220228,96,,,030,名古屋支店,10E201270,雑費,,,22470,31,,10,,,,000,共通部門,10A100020-3,普通預金,30,GHI銀行 名古屋,22470,00,,,,,,警備料,,,,,,,
,,,,,20220228,99,,,040,大阪支店,10E200870,運賃,,,798630,31,,10,,,,000,共通部門,204,未払金,,,798630,00,,,,,,運賃,,,,,,,
,,,,,20220228,100,,,040,大阪支店,10E200140,福利厚生費,,,6000,31,,10,,,,000,共通部門,100,現金,,,6000,00,,,,,,会費,,,,,,,
,,,,,20220228,102,,,000,共通部門,208,預り金,1,保険料,742977,00,,,,,,000,共通部門,10A100020-3,普通預金,20,ABC銀行 本店,742977,00,,,,,,保険料預かり分,,,,,,,
,,,,,20220228,102,,,020,東京支店,10E200540,法定福利費,,,120411,30,,,,,,000,共通部門,10A100020-3,普通預金,20,ABC銀行 本店,120411,00,,,,,,保険料　事業主負担分,,,,,,,
,,,,,20220228,102,,,020,東京支店,10E200540,法定福利費,,,236045,30,,,,,,000,共通部門,10A100020-3,普通預金,20,ABC銀行 本店,236045,00,,,,,,保険料　事業主負担分,,,,,,,
,,,,,20220228,102,,,010,札幌営業所,10E200540,法定福利費,,,103424,30,,,,,,000,共通部門,10A100020-3,普通預金,20,ABC銀行 本店,103424,00,,,,,,保険料　事業主負担分,,,,,,,
,,,,,20220228,102,,,030,名古屋支店,10E200540,法定福利費,,,96352,30,,,,,,000,共通部門,10A100020-3,普通預金,20,ABC銀行 本店,96352,00,,,,,,保険料　事業主負担分,,,,,,,
,,,,,20220228,102,,,040,大阪支店,10E200540,法定福利費,,,119477,30,,,,,,000,共通部門,10A100020-3,普通預金,20,ABC銀行 本店,119477,00,,,,,,保険料　事業主負担分,,,,,,,
,,,,,20220228,102,,,050,九州営業所,10E200540,法定福利費,,,67268,30,,,,,,000,共通部門,10A100020-3,普通預金,20,ABC銀行 本店,67268,00,,,,,,保険料　事業主負担分,,,,,,,
,,,,,20220228,102,,,020,東京支店,10E200540,法定福利費,,,11056,30,,,,,,000,共通部門,10A100020-3,普通預金,20,ABC銀行 本店,11056,00,,,,,,児童拠出金　事業主負担分,,,,,,,
,,,,,20220228,108,,,040,大阪支店,521,接待交際費,,,21330,31,,10,,,,000,共通部門,100,現金,,,21330,00,,,,,,飲食代 架空店舗044 3名,,,,,,,
,,,,,20220228,111,,,000,共通部門,131,売掛金,14,株式会社花咲商事,1492021,00,,,,,,010,札幌営業所,10D100100,売上高,,,1492021,01,,10,,,,2月1日～2月28日分売上,,,,,,,
,,,,,20220228,111,,,000,共通部門,131,売掛金,25,株式会社ほのかマート,3741296,00,,,,,,010,札幌営業所,10D100100,売上高,,,3741296,01,,10,,,,2月1日～2月28日分売上,,,,,,,
,,,,,20220228,111,,,000,共通部門,131,売掛金,5,東雲商会株式会社,1394098,00,,,,,,010,札幌営業所,10D100100,売上高,,,1394098,01,,10,,,,2月1日～2月28日分売上,,,,,,,
,,,,,20220228,112,,,000,共通部門,131,売掛金,12,株式会社緑野百貨店,7423367,00,,,,,,020,東京支店,10D100100,売上高,,,7423367,01,,10,,,,2月1日～2月28日分売上,,,,,,,
,,,,,20220228,112,,,000,共通部門,131,売掛金,26,若松販売株式会社,1096632,00,,,,,,020,東京支店,10D100100,売上高,,,1096632,01,,10,,,,2月1日～2月28日分売上,,,,,,,
,,,,,20220228,112,,,000,共通部門,131,売掛金,30,株式会社彩雲トレーディング,1425220,00,,,,,,020,東京支店,10D100100,売上高,,,1425220,01,,10,,,,2月1日～2月28日分売上,,,,,,,
,,,,,20220228,112,,,000,共通部門,131,売掛金,2,株式会社桜丘百貨店,13269523,00,,,,,,020,東京支店,10D100100,売上高,,,13269523,01,,10,,,,2月1日～2月28日分売上,,,,,,,
,,,,,20220228,112,,,000,共通部門,131,売掛金,24,白峰商事株式会社,226620,00,,,,,,020,東京支店,10D100100,売上高,,,226620,01,,10,,,,2月1日～2月28日分売上,,,,,,,
,,,,,20220228,112,,,000,共通部門,131,売掛金,11,株式会社楓屋,806985,00,,,,,,020,東京支店,10D100100,売上高,,,806985,01,,10,,,,2月1日～2月28日分売上,,,,,,,
,,,,,20220228,112,,,000,共通部門,131,売掛金,13,星川商事株式会社,1024020,00,,,,,,020,東京支店,10D100100,売上高,,,1024020,01,,10,,,,2月1日～2月28日分売上,,,,,,,
,,,,,20220228,112,,,000,共通部門,131,売掛金,14,株式会社花咲商事,1540024,00,,,,,,020,東京支店,10D100100,売上高,,,1540024,01,,10,,,,2月1日～2月28日分売上,,,,,,,
,,,,,20220228,112,,,000,共通部門,131,売掛金,10,合同会社こもれび商事,140000,00,,,,,,020,東京支店,10D100100,売上高,,,140000,01,,10,,,,2月1日～2月28日分売上,,,,,,,
,,,,,20220228,113,,,000,共通部門,131,売掛金,21,合同会社つばさ商店,482866,00,,,,,,030,名古屋支店,10D100100,売上高,,,482866,01,,10,,,,2月1日～2月28日分売上,,,,,,,
,,,,,20220228,113,,,000,共通部門,131,売掛金,6,株式会社瑞穂流通,1033750,00,,,,,,030,名古屋支店,10D100100,売上高,,,1033750,01,,10,,,,2月1日～2月28日分売上,,,,,,,
,,,,,20220228,113,,,000,共通部門,131,売掛金,7,株式会社光彩堂商事,1323972,00,,,,,,030,名古屋支店,10D100100,売上高,,,1323972,01,,10,,,,2月1日～2月28日分売上,,,,,,,
,,,,,20220228,113,,,000,共通部門,131,売掛金,14,株式会社花咲商事,1256285,00,,,,,,030,名古屋支店,10D100100,売上高,,,1256285,01,,10,,,,2月1日～2月28日分売上,,,,,,,
,,,,,20220228,113,,,000,共通部門,131,売掛金,27,晴海物産株式会社,919584,00,,,,,,030,名古屋支店,10D100100,売上高,,,919584,01,,10,,,,2月1日～2月28日分売上,,,,,,,
,,,,,20220228,113,,,000,共通部門,131,売掛金,19,株式会社南風商会,352450,00,,,,,,030,名古屋支店,10D100100,売上高,,,352450,01,,10,,,,2月1日～2月28日分売上,,,,,,,
,,,,,20220228,114,,,000,共通部門,131,売掛金,28,株式会社青葉百貨店,6175852,00,,,,,,040,大阪支店,10D100100,売上高,,,6175852,01,,10,,,,2月1日～2月28日分売上,,,,,,,
,,,,,20220228,114,,,000,共通部門,131,売掛金,14,株式会社花咲商事,2468352,00,,,,,,040,大阪支店,10D100100,売上高,,,2468352,01,,10,,,,2月1日～2月28日分売上,,,,,,,
,,,,,20220228,114,,,000,共通部門,131,売掛金,4,株式会社ひなたマート,1290240,00,,,,,,040,大阪支店,10D100100,売上高,,,1290240,01,,10,,,,2月1日～2月28日分売上,,,,,,,
,,,,,20220228,114,,,000,共通部門,131,売掛金,9,朝凪物産株式会社,1713160,00,,,,,,040,大阪支店,10D100100,売上高,,,1713160,01,,10,,,,2月1日～2月28日分売上,,,,,,,
,,,,,20220228,114,,,000,共通部門,131,売掛金,20,清和商事株式会社,794114,00,,,,,,040,大阪支店,10D100100,売上高,,,794114,01,,10,,,,2月1日～2月28日分売上,,,,,,,
,,,,,20220228,114,,,000,共通部門,131,売掛金,3,青凪商事株式会社,828232,00,,,,,,040,大阪支店,10D100100,売上高,,,828232,01,,10,,,,2月1日～2月28日分売上,,,,,,,
,,,,,20220228,114,,,000,共通部門,131,売掛金,8,株式会社高原マーケット,649800,00,,,,,,040,大阪支店,10D100100,売上高,,,649800,01,,10,,,,2月1日～2月28日分売上,,,,,,,
,,,,,20220228,114,,,000,共通部門,131,売掛金,23,株式会社杉の木商店,534144,00,,,,,,040,大阪支店,10D100100,売上高,,,534144,01,,10,,,,2月1日～2月28日分売上,,,,,,,
,,,,,20220228,115,,,000,共通部門,131,売掛金,14,株式会社花咲商事,1202181,00,,,,,,050,九州営業所,10D100100,売上高,,,1202181,01,,10,,,,2月1日～2月28日分売上,,,,,,,
,,,,,20220228,115,,,000,共通部門,131,売掛金,22,株式会社豊原産業,1056168,00,,,,,,050,九州営業所,10D100100,売上高,,,1056168,01,,10,,,,2月1日～2月28日分売上,,,,,,,
,,,,,20220228,115,,,000,共通部門,131,売掛金,1,株式会社若葉百貨店,1608844,00,,,,,,050,九州営業所,10D100100,売上高,,,1608844,01,,10,,,,2月1日～2月28日分売上,,,,,,,
,,,,,20220228,115,,,000,共通部門,131,売掛金,29,株式会社小春サービス,486020,00,,,,,,050,九州営業所,10D100100,売上高,,,486020,01,,10,,,,2月1日～2月28日分売上,,,,,,,
,,,,,20220228,115,,,040,大阪支店,531,保険料,,,64500,30,,,,,,000,共通部門,10A100020-3,普通預金,40,JKL銀行 梅田,64500,00,,,,,,保険料,,,,,,,
,,,,,20220228,116,,,040,大阪支店,10E200730,リース料,,,84000,31,,10,,,,000,共通部門,10A100020-3,普通預金,40,JKL銀行 梅田,84000,00,,,,,,リース料,,,,,,,
,,,,,20220228,116,,,000,共通部門,10A100020-3,普通預金,40,JKL銀行 梅田,1024980,00,,,,,,000,共通部門,131,売掛金,4,株式会社ひなたマート,1024980,00,,,,,,2月28日伝票No452株式会社ひなたマート,,,,,,,
,,,,,20220228,116,,,040,大阪支店,512,支払手数料,,,840,31,,10,,,,000,共通部門,131,売掛金,4,株式会社ひなたマート,840,00,,,,,,2月28日伝票No452株式会社ひなたマート,,,,,,,
,,,,,20220228,117,,,000,共通部門,10A100020-3,普通預金,10,DEF銀行 駅前,1624854,00,,,,,,000,共通部門,131,売掛金,5,東雲商会株式会社,1624854,00,,,,,,2月28日伝票No453東雲商会株式会社,,,,,,,
,,,,,20220228,117,,,010,札幌営業所,512,支払手数料,,,840,31,,10,,,,000,共通部門,131,売掛金,5,東雲商会株式会社,840,00,,,,,,2月28日伝票No453東雲商会株式会社,,,,,,,
,,,,,20220228,118,,,000,共通部門,100,現金,,,357664,00,,,,,,000,共通部門,131,売掛金,10,合同会社こもれび商事,357664,00,,,,,,2月28日伝票No454合同会社こもれび商事,,,,,,,
,,,,,20220228,119,,,000,共通部門,130,受取手形,,,11583188,00,,,,,,000,共通部門,131,売掛金,12,株式会社緑野百貨店,11583188,00,,,,,,2月28日伝票No455株式会社緑野百貨店 | 売上伝票=20220131-113;手形番号=R20220228-119-12,,,,,,,
,,,,,20220228,120,,,000,共通部門,10A100020-3,普通預金,20,ABC銀行 本店,535410,00,,,,,,000,共通部門,131,売掛金,24,白峰商事株式会社,535410,00,,,,,,2月28日伝票No456白峰商事株式会社,,,,,,,
,,,,,20220228,120,,,020,東京支店,512,支払手数料,,,630,31,,10,,,,000,共通部門,131,売掛金,24,白峰商事株式会社,630,00,,,,,,2月28日伝票No456白峰商事株式会社,,,,,,,
,,,,,20220228,121,,,000,共通部門,10A100020-3,普通預金,50,MNO銀行 北九州,362240,00,,,,,,000,共通部門,131,売掛金,29,株式会社小春サービス,362240,00,,,,,,2月28日伝票No457株式会社小春サービス,,,,,,,
,,,,,20220228,121,,,050,九州営業所,512,支払手数料,,,210,31,,10,,,,000,共通部門,131,売掛金,29,株式会社小春サービス,210,00,,,,,,2月28日伝票No457株式会社小春サービス,,,,,,,
,,,,,20220228,122,,,010,札幌営業所,461,仕入高,,,224733,31,,10,,,,000,共通部門,201,買掛金,2,株式会社双葉物産,224733,00,,,,,,2月1日～2月28日分仕入,,,,,,,
,,,,,20220228,122,,,010,札幌営業所,461,仕入高,,,26208,31,,10,,,,000,共通部門,201,買掛金,8,株式会社白樺商事,26208,00,,,,,,2月1日～2月28日分仕入,,,,,,,
,,,,,20220228,123,,,020,東京支店,461,仕入高,,,3385746,31,,10,,,,000,共通部門,201,買掛金,14,合同会社あかね商会,3385746,00,,,,,,2月1日～2月28日分仕入,,,,,,,
,,,,,20220228,123,,,020,東京支店,461,仕入高,,,3726253,31,,10,,,,000,共通部門,201,買掛金,3,青凪商事株式会社,3726253,00,,,,,,2月1日～2月28日分仕入,,,,,,,
,,,,,20220228,123,,,020,東京支店,461,仕入高,,,1292036,31,,10,,,,000,共通部門,201,買掛金,13,朝日野産業株式会社,1292036,00,,,,,,2月1日～2月28日分仕入,,,,,,,
,,,,,20220228,123,,,020,東京支店,461,仕入高,,,4705170,31,,10,,,,000,共通部門,201,買掛金,1,株式会社北辰商事,4705170,00,,,,,,2月1日～2月28日分仕入,,,,,,,
,,,,,20220228,123,,,020,東京支店,461,仕入高,,,3661476,31,,10,,,,000,共通部門,201,買掛金,11,株式会社花園商会,3661476,00,,,,,,2月1日～2月28日分仕入,,,,,,,
,,,,,20220228,123,,,020,東京支店,461,仕入高,,,255528,31,,10,,,,000,共通部門,201,買掛金,12,株式会社泉川商事,255528,00,,,,,,2月1日～2月28日分仕入,,,,,,,
,,,,,20220228,123,,,020,東京支店,461,仕入高,,,361670,31,,10,,,,000,共通部門,201,買掛金,8,株式会社白樺商事,361670,00,,,,,,2月1日～2月28日分仕入,,,,,,,
,,,,,20220228,123,,,020,東京支店,461,仕入高,,,554953,31,,10,,,,000,共通部門,201,買掛金,2,株式会社双葉物産,554953,00,,,,,,2月1日～2月28日分仕入,,,,,,,
,,,,,20220228,124,,,030,名古屋支店,461,仕入高,,,2042022,31,,10,,,,000,共通部門,201,買掛金,9,東原産業株式会社,2042022,00,,,,,,2月1日～2月28日分仕入,,,,,,,
,,,,,20220228,124,,,030,名古屋支店,461,仕入高,,,1144940,31,,10,,,,000,共通部門,201,買掛金,15,株式会社麦穂商事,1144940,00,,,,,,2月1日～2月28日分仕入,,,,,,,
,,,,,20220228,124,,,030,名古屋支店,461,仕入高,,,3221820,31,,10,,,,000,共通部門,201,買掛金,7,株式会社夕凪商会,3221820,00,,,,,,2月1日～2月28日分仕入,,,,,,,
,,,,,20220228,124,,,030,名古屋支店,461,仕入高,,,105486,31,,10,,,,000,共通部門,201,買掛金,2,株式会社双葉物産,105486,00,,,,,,2月1日～2月28日分仕入,,,,,,,
,,,,,20220228,124,,,030,名古屋支店,461,仕入高,,,52416,31,,10,,,,000,共通部門,201,買掛金,8,株式会社白樺商事,52416,00,,,,,,2月1日～2月28日分仕入,,,,,,,
,,,,,20220228,125,,,040,大阪支店,461,仕入高,,,4236496,31,,10,,,,000,共通部門,201,買掛金,5,千草商事株式会社,4236496,00,,,,,,2月1日～2月28日分仕入,,,,,,,
,,,,,20220228,125,,,040,大阪支店,461,仕入高,,,1046118,31,,10,,,,000,共通部門,201,買掛金,4,株式会社和泉流通,1046118,00,,,,,,2月1日～2月28日分仕入,,,,,,,
,,,,,20220228,125,,,040,大阪支店,461,仕入高,,,2656388,31,,10,,,,000,共通部門,201,買掛金,10,光野販売株式会社,2656388,00,,,,,,2月1日～2月28日分仕入,,,,,,,
,,,,,20220228,125,,,040,大阪支店,461,仕入高,,,3218877,31,,10,,,,000,共通部門,201,買掛金,6,株式会社日向産業,3218877,00,,,,,,2月1日～2月28日分仕入,,,,,,,
,,,,,20220228,125,,,040,大阪支店,461,仕入高,,,536607,31,,10,,,,000,共通部門,201,買掛金,2,株式会社双葉物産,536607,00,,,,,,2月1日～2月28日分仕入,,,,,,,
,,,,,20220228,125,,,040,大阪支店,461,仕入高,,,52416,31,,10,,,,000,共通部門,201,買掛金,8,株式会社白樺商事,52416,00,,,,,,2月1日～2月28日分仕入,,,,,,,
,,,,,20220228,126,,,050,九州営業所,461,仕入高,,,26208,31,,10,,,,000,共通部門,201,買掛金,8,株式会社白樺商事,26208,00,,,,,,2月1日～2月28日分仕入,,,,,,,
,,,,,20220228,126,,,050,九州営業所,461,仕入高,,,165109,31,,10,,,,000,共通部門,201,買掛金,2,株式会社双葉物産,165109,00,,,,,,2月1日～2月28日分仕入,,,,,,,
,,,,,20220228,127,,,000,共通部門,201,買掛金,2,株式会社双葉物産,1377066,00,,,,,,000,共通部門,10A100020-3,普通預金,20,ABC銀行 本店,1377066,00,,,,,,2月28日伝票No339株式会社双葉物産,,,,,,,
,,,,,20220228,128,,,000,共通部門,201,買掛金,5,千草商事株式会社,5649316,00,,,,,,000,共通部門,10B100030,支払手形,,,5649316,00,,,,,,2月28日伝票No340千草商事株式会社,,,,,,,
,,,,,20220228,129,,,000,共通部門,201,買掛金,7,株式会社夕凪商会,5256041,00,,,,,,000,共通部門,10A100020-3,普通預金,20,ABC銀行 本店,5256041,00,,,,,,2月28日伝票No341株式会社夕凪商会,,,,,,,
,,,,,20220228,130,,,000,共通部門,201,買掛金,9,東原産業株式会社,2620813,00,,,,,,000,共通部門,10B100030,支払手形,,,2620813,00,,,,,,2月28日伝票No342東原産業株式会社,,,,,,,
,,,,,20220228,131,,,000,共通部門,201,買掛金,10,光野販売株式会社,4760408,00,,,,,,000,共通部門,10B100030,支払手形,,,4760408,00,,,,,,2月28日伝票No343光野販売株式会社,,,,,,,
,,,,,20220228,132,,,000,共通部門,201,買掛金,12,株式会社泉川商事,517154,00,,,,,,000,共通部門,10A100020-3,普通預金,20,ABC銀行 本店,517154,00,,,,,,2月28日伝票No344株式会社泉川商事,,,,,,,
,,,,,20220228,133,,,000,共通部門,201,買掛金,13,朝日野産業株式会社,2069835,00,,,,,,000,共通部門,10A100020-3,普通預金,20,ABC銀行 本店,2069835,00,,,,,,2月28日伝票No345朝日野産業株式会社,,,,,,,
,,,,,20220228,134,,,000,共通部門,201,買掛金,14,合同会社あかね商会,4344303,00,,,,,,000,共通部門,10A100020-3,普通預金,20,ABC銀行 本店,4344303,00,,,,,,2月28日伝票No346合同会社あかね商会,,,,,,,
,,,,,20220228,135,,,000,共通部門,201,買掛金,15,株式会社麦穂商事,1692895,00,,,,,,000,共通部門,10A100020-3,普通預金,20,ABC銀行 本店,1692895,00,,,,,,2月28日伝票No347株式会社麦穂商事,,,,,,,
,,,,,20220228,136,,,000,共通部門,204,未払金,,,10119977,00,,,,,,000,共通部門,10A100020-3,普通預金,20,ABC銀行 本店,10119977,00,,,,,,1月分支払,,,,,,,
,,,,,20220228,138,,,000,共通部門,10B100030,支払手形,,,3923430,00,,,,,,000,共通部門,10A100020-2,当座預金,1,ABC銀行,3923430,00,,,,,,手形期日落日 千草商事株式会社,,,,,,,
,,,,,20220228,138,,,000,共通部門,10B100030,支払手形,,,1859340,00,,,,,,000,共通部門,10A100020-2,当座預金,1,ABC銀行,1859340,00,,,,,,手形期日落日 東原産業株式会社,,,,,,,
,,,,,20220228,138,,,000,共通部門,10B100030,支払手形,,,3215415,00,,,,,,000,共通部門,10A100020-2,当座預金,1,ABC銀行,3215415,00,,,,,,手形期日落日 光野販売株式会社,,,,,,,
,,,,,20220228,140,,,000,共通部門,10A100020-2,当座預金,1,ABC銀行,14382264,00,,,,,,000,共通部門,130,受取手形,,,14382264,00,,,,,,手形満期 株式会社桜丘百貨店 | 手形番号=R20211125-107-2;受取額に決済額を訂正,,,,,,,
,,,,,20220228,141,,,000,共通部門,10A100020-2,当座預金,1,ABC銀行,10629137,00,,,,,,000,共通部門,130,受取手形,,,10629137,00,,,,,,手形満期 株式会社緑野百貨店 | 手形番号=R20211231-129-12;受取額に決済額を訂正,,,,,,,
,,,,,20220228,143,,,000,共通部門,10A100020-3,普通預金,20,ABC銀行 本店,6500000,00,,,,,,000,共通部門,10A100020-3,普通預金,10,DEF銀行 駅前,6500000,00,,,,,,資金移動,,,,,,,
,,,,,20220228,143,,,000,共通部門,10A100020-3,普通預金,20,ABC銀行 本店,7000000,00,,,,,,000,共通部門,10A100020-3,普通預金,30,GHI銀行 名古屋,7000000,00,,,,,,資金移動,,,,,,,
,,,,,20220228,143,,,000,共通部門,10A100020-3,普通預金,20,ABC銀行 本店,6500000,00,,,,,,000,共通部門,10A100020-3,普通預金,40,JKL銀行 梅田,6500000,00,,,,,,資金移動,,,,,,,
,,,,,20220228,143,,,000,共通部門,10A100020-3,普通預金,20,ABC銀行 本店,4000000,00,,,,,,000,共通部門,10A100020-3,普通預金,50,MNO銀行 北九州,4000000,00,,,,,,資金移動,,,,,,,
,,,,,20220228,144,,,000,共通部門,10A100020-3,普通預金,20,ABC銀行 本店,40000,00,,,,,,000,共通部門,10A100610,短期貸付金,,,40000,00,,,,,,貸付金返済,,,,,,,
,,,,,20220228,144,,,000,共通部門,10A100020-3,普通預金,20,ABC銀行 本店,50000,00,,,,,,000,共通部門,10A100610,短期貸付金,,,50000,00,,,,,,貸付金返済,,,,,,,
,,,,,20220228,145,,,050,九州営業所,10E200870,運賃,,,168150,31,,10,,,,000,共通部門,204,未払金,,,168150,00,,,,,,運賃,,,,,,,
,,,,,20220228,145,,,000,共通部門,10A100020-4,定期積金,,,500000,00,,,,,,000,共通部門,10A100020-3,普通預金,20,ABC銀行 本店,500000,00,,,,,,定期積立金,,,,,,,
,,,,,20220228,145,,,000,共通部門,10A100020-4,定期積金,,,240000,00,,,,,,000,共通部門,10A100020-3,普通預金,20,ABC銀行 本店,240000,00,,,,,,新規定期積立金,,,,,,,
,,,,,20220228,145,,,000,共通部門,10A230570,保険積立金,,,125000,00,,,,,,000,共通部門,10A100020-3,普通預金,20,ABC銀行 本店,125000,00,,,,,,保険積立金,,,,,,,
,,,,,20220228,146,,,000,共通部門,202,借入金,,,653500,00,,,,,,000,共通部門,10A100020-2,当座預金,1,ABC銀行,653500,00,,,,,,借入金返済,,,,,,,
,,,,,20220228,146,,,020,東京支店,10E300020,支払利息,,,32675,30,,,,,,000,共通部門,10A100020-2,当座預金,1,ABC銀行,32675,00,,,,,,利息,,,,,,,
,,,,,20220228,990011,,,010,札幌営業所,10E200130,賞与,,,110000,00,,,,,,010,札幌営業所,10B100320,賞与引当金,,,110000,00,,,,,,サンプル定義：賞与半年均等引当 202202 部門010,,,,,,,
,,,,,20220228,990011,,,020,東京支店,10E200130,賞与,,,261666,00,,,,,,020,東京支店,10B100320,賞与引当金,,,261666,00,,,,,,サンプル定義：賞与半年均等引当 202202 部門020,,,,,,,
,,,,,20220228,990011,,,030,名古屋支店,10E200130,賞与,,,102666,00,,,,,,030,名古屋支店,10B100320,賞与引当金,,,102666,00,,,,,,サンプル定義：賞与半年均等引当 202202 部門030,,,,,,,
,,,,,20220228,990011,,,040,大阪支店,10E200130,賞与,,,120334,00,,,,,,040,大阪支店,10B100320,賞与引当金,,,120334,00,,,,,,サンプル定義：賞与半年均等引当 202202 部門040,,,,,,,
,,,,,20220228,990011,,,050,九州営業所,10E200130,賞与,,,79000,00,,,,,,050,九州営業所,10B100320,賞与引当金,,,79000,00,,,,,,サンプル定義：賞与半年均等引当 202202 部門050,,,,,,,
,,,,,20220301,66,,,010,札幌営業所,10E201270,雑費,,,4298,31,,10,,,,000,共通部門,100,現金,,,4298,00,,,,,,ティッシュ他,,,,,,,
,,,,,20220302,164,,,050,九州営業所,10E201110,事務用消耗品費,,,7350,31,,10,,,,000,共通部門,100,現金,,,7350,00,,,,,,事務用品,,,,,,,
,,,,,20220303,19,,,010,札幌営業所,522,旅費・交通費,,,38400,31,,10,,,,000,共通部門,100,現金,,,38400,00,,,,,,旅費,,,,,,,
,,,,,20220303,41,,,020,東京支店,521,接待交際費,,,14286,31,,10,,,,000,共通部門,100,現金,,,14286,00,,,,,,結婚式会費,,,,,,,
,,,,,20220303,41,,,020,東京支店,521,接待交際費,,,9524,31,,10,,,,000,共通部門,100,現金,,,9524,00,,,,,,祝い金,,,,,,,
,,,,,20220303,56,,,020,東京支店,522,旅費・交通費,,,42640,31,,10,,,,000,共通部門,100,現金,,,42640,00,,,,,,旅費,,,,,,,
,,,,,20220303,134,,,020,東京支店,10E201110,事務用消耗品費,,,31500,31,,10,,,,000,共通部門,204,未払金,,,31500,00,,,,,,用紙,,,,,,,
,,,,,20220303,142,,,040,大阪支店,10E201120,車両費,,,220,31,,10,,,,000,共通部門,100,現金,,,220,00,,,,,,高速代,,,,,,,
,,,,,20220303,142,,,040,大阪支店,10E201120,車両費,,,3338,31,,10,,,,000,共通部門,100,現金,,,3338,00,,,,,,ガソリン代,,,,,,,
,,,,,20220303,142,,,040,大阪支店,10E201120,車両費,,,5228,31,,10,,,,000,共通部門,100,現金,,,5228,00,,,,,,高速代,,,,,,,
,,,,,20220303,142,,,040,大阪支店,10E201120,車両費,,,2461,31,,10,,,,000,共通部門,100,現金,,,2461,00,,,,,,高速代,,,,,,,
,,,,,20220303,142,,,040,大阪支店,10E201120,車両費,,,3373,31,,10,,,,000,共通部門,100,現金,,,3373,00,,,,,,高速代,,,,,,,
,,,,,20220303,142,,,040,大阪支店,10E201120,車両費,,,8105,31,,10,,,,000,共通部門,100,現金,,,8105,00,,,,,,高速代,,,,,,,
,,,,,20220305,42,,,020,東京支店,521,接待交際費,,,4510,31,,10,,,,000,共通部門,100,現金,,,4510,00,,,,,,食事代 架空店舗030 2名,,,,,,,
,,,,,20220305,43,,,020,東京支店,521,接待交際費,,,7630,31,,10,,,,000,共通部門,100,現金,,,7630,00,,,,,,手土産代 架空店舗058,,,,,,,
,,,,,20220305,58,,,020,東京支店,522,旅費・交通費,,,69800,31,,10,,,,000,共通部門,100,現金,,,69800,00,,,,,,旅費,,,,,,,
,,,,,20220305,84,,,000,共通部門,10A100020-3,普通預金,50,MNO銀行 北九州,1055696,00,,,,,,000,共通部門,131,売掛金,22,株式会社豊原産業,1055696,00,,,,,,3月5日伝票No458株式会社豊原産業,,,,,,,
,,,,,20220305,84,,,050,九州営業所,512,支払手数料,,,472,31,,10,,,,000,共通部門,131,売掛金,22,株式会社豊原産業,472,00,,,,,,3月5日伝票No458株式会社豊原産業,,,,,,,
,,,,,20220305,85,,,000,共通部門,10A100020-3,普通預金,20,ABC銀行 本店,1096160,00,,,,,,000,共通部門,131,売掛金,26,若松販売株式会社,1096160,00,,,,,,3月5日伝票No459若松販売株式会社,,,,,,,
,,,,,20220305,85,,,020,東京支店,512,支払手数料,,,472,31,,10,,,,000,共通部門,131,売掛金,26,若松販売株式会社,472,00,,,,,,3月5日伝票No459若松販売株式会社,,,,,,,
,,,,,20220305,86,,,000,共通部門,10A100020-3,普通預金,30,GHI銀行 名古屋,919584,00,,,,,,000,共通部門,131,売掛金,27,晴海物産株式会社,919584,00,,,,,,3月5日伝票No460晴海物産株式会社,,,,,,,
,,,,,20220305,133,,,020,東京支店,10E200600,支払報酬,,,139710,31,,10,,,,000,共通部門,10A100020-3,普通預金,20,ABC銀行 本店,139710,00,,,,,,税理士報酬,,,,,,,
,,,,,20220306,7,,,010,札幌営業所,521,接待交際費,,,21840,31,,10,,,,000,共通部門,100,現金,,,21840,00,,,,,,飲食代 架空店舗068 7名,,,,,,,
,,,,,20220306,22,,,010,札幌営業所,522,旅費・交通費,,,32900,31,,10,,,,000,共通部門,100,現金,,,32900,00,,,,,,旅費,,,,,,,
,,,,,20220306,110,,,040,大阪支店,522,旅費・交通費,,,2290,31,,10,,,,000,共通部門,100,現金,,,2290,00,,,,,,タクシー代,,,,,,,
,,,,,20220306,147,,,050,九州営業所,10E201120,車両費,,,6334,31,,10,,,,000,共通部門,204,未払金,,,6334,00,,,,,,ガソリン代,,,,,,,
,,,,,20220307,10,,,010,札幌営業所,10E201120,車両費,,,300,31,,10,,,,000,共通部門,100,現金,,,300,00,,,,,,駐車代,,,,,,,
,,,,,20220307,69,,,020,東京支店,10E201270,雑費,,,1398,31,,10,,,,000,共通部門,100,現金,,,1398,00,,,,,,トイレットペーパー代,,,,,,,
,,,,,20220307,77,,,030,名古屋支店,522,旅費・交通費,,,35000,31,,10,,,,000,共通部門,100,現金,,,35000,00,,,,,,旅費,,,,,,,
,,,,,20220307,78,,,030,名古屋支店,522,旅費・交通費,,,7500,31,,10,,,,000,共通部門,100,現金,,,7500,00,,,,,,架空鉄道会社A代,,,,,,,
,,,,,20220307,79,,,030,名古屋支店,522,旅費・交通費,,,2300,31,,10,,,,000,共通部門,100,現金,,,2300,00,,,,,,タクシー代,,,,,,,
,,,,,20220307,102,,,040,大阪支店,521,接待交際費,,,2100,31,,10,,,,000,共通部門,100,現金,,,2100,00,,,,,,手土産代 架空店舗089,,,,,,,
,,,,,20220307,161,,,050,九州営業所,522,旅費・交通費,,,5530,31,,10,,,,000,共通部門,100,現金,,,5530,00,,,,,,旅費,,,,,,,
,,,,,20220308,50,,,020,東京支店,10E201120,車両費,,,1200,31,,10,,,,000,共通部門,100,現金,,,1200,00,,,,,,高速代,,,,,,,
,,,,,20220308,151,,,040,大阪支店,521,接待交際費,,,8400,31,,10,,,,000,共通部門,100,現金,,,8400,00,,,,,,ゴルフプレー代,,,,,,,
,,,,,20220309,20,,,010,札幌営業所,522,旅費・交通費,,,51200,31,,10,,,,000,共通部門,100,現金,,,51200,00,,,,,,旅費,,,,,,,
,,,,,20220310,11,,,010,札幌営業所,10E201120,車両費,,,4632,31,,10,,,,000,共通部門,100,現金,,,4632,00,,,,,,ガソリン代,,,,,,,
,,,,,20220310,33,,,010,札幌営業所,528,地代・家賃,,,320000,31,,10,,,,000,共通部門,10A100020-3,普通預金,10,DEF銀行 駅前,320000,00,,,,,,家賃支払い,,,,,,,
,,,,,20220310,33,,,010,札幌営業所,523,通信費,,,142365,31,,10,,,,000,共通部門,10A100020-3,普通預金,10,DEF銀行 駅前,142365,00,,,,,,電話代,,,,,,,
,,,,,20220310,57,,,020,東京支店,522,旅費・交通費,,,101000,31,,10,,,,000,共通部門,100,現金,,,101000,00,,,,,,架空鉄道会社A代,,,,,,,
,,,,,20220310,61,,,000,共通部門,208,預り金,3,源泉税,246932,00,,,,,,000,共通部門,10A100020-3,普通預金,20,ABC銀行 本店,246932,00,,,,,,源泉税支払,,,,,,,
,,,,,20220310,61,,,000,共通部門,208,預り金,2,住民税,449500,00,,,,,,000,共通部門,10A100020-3,普通預金,20,ABC銀行 本店,449500,00,,,,,,住民税支払,,,,,,,
,,,,,20220310,63,,,020,東京支店,528,地代・家賃,,,1260000,31,,10,,,,000,共通部門,10A100020-3,普通預金,20,ABC銀行 本店,1260000,00,,,,,,家賃支払,,,,,,,
,,,,,20220310,64,,,040,大阪支店,528,地代・家賃,,,840000,31,,10,,,,000,共通部門,10A100020-3,普通預金,40,JKL銀行 梅田,840000,00,,,,,,家賃支払,,,,,,,
,,,,,20220310,65,,,010,札幌営業所,10E201270,雑費,,,5000,31,,10,,,,000,共通部門,204,未払金,,,5000,00,,,,,,有線,,,,,,,
,,,,,20220310,65,,,010,札幌営業所,10E201270,雑費,,,34286,31,,10,,,,000,共通部門,204,未払金,,,34286,00,,,,,,警備料,,,,,,,
,,,,,20220310,76,,,020,東京支店,10E200140,福利厚生費,,,75460,31,,10,,,,000,共通部門,204,未払金,,,75460,00,,,,,,社員夜食代,,,,,,,
,,,,,20220310,78,,,050,九州営業所,10E201120,車両費,,,5623,31,,10,,,,000,共通部門,100,現金,,,5623,00,,,,,,ガソリン代,,,,,,,
,,,,,20220310,78,,,050,九州営業所,10E201120,車両費,,,1715,31,,10,,,,000,共通部門,100,現金,,,1715,00,,,,,,高速代,,,,,,,
,,,,,20220310,87,,,000,共通部門,201,買掛金,3,青凪商事株式会社,828232,00,,,,,,000,共通部門,131,売掛金,3,青凪商事株式会社,828232,00,,,,,,3月10日伝票No461青凪商事株式会社,,,,,,,
,,,,,20220310,88,,,000,共通部門,10A100020-3,普通預金,20,ABC銀行 本店,7958128,00,,,,,,000,共通部門,131,売掛金,14,株式会社花咲商事,7958128,00,,,,,,3月10日伝票No462株式会社花咲商事東京本社,,,,,,,
,,,,,20220310,88,,,020,東京支店,512,支払手数料,,,735,31,,10,,,,000,共通部門,131,売掛金,14,株式会社花咲商事,735,00,,,,,,3月10日伝票No462株式会社花咲商事東京本社,,,,,,,
,,,,,20220310,89,,,000,共通部門,10A100020-3,普通預金,30,GHI銀行 名古屋,351715,00,,,,,,000,共通部門,131,売掛金,19,株式会社南風商会,351715,00,,,,,,3月10日伝票No463株式会社南風商会,,,,,,,
,,,,,20220310,89,,,030,名古屋支店,512,支払手数料,,,735,31,,10,,,,000,共通部門,131,売掛金,19,株式会社南風商会,735,00,,,,,,3月10日伝票No463株式会社南風商会,,,,,,,
,,,,,20220310,90,,,000,共通部門,130,受取手形,,,6175852,00,,,,,,000,共通部門,131,売掛金,28,株式会社青葉百貨店,6175852,00,,,,,,3月10日伝票No464株式会社青葉百貨店 | 売上伝票=20220228-114;手形番号=R20220310-90-28,,,,,,,
,,,,,20220310,91,,,000,共通部門,201,買掛金,3,青凪商事株式会社,2898021,00,,,,,,000,共通部門,10B100030,支払手形,,,2898021,00,,,,,,3月10日伝票No348青凪商事株式会社,,,,,,,
,,,,,20220310,92,,,000,共通部門,201,買掛金,8,株式会社白樺商事,431827,00,,,,,,000,共通部門,10A100020-3,普通預金,20,ABC銀行 本店,431827,00,,,,,,3月10日伝票No349株式会社白樺商事,,,,,,,
,,,,,20220310,129,,,030,名古屋支店,528,地代・家賃,,,399000,31,,10,,,,000,共通部門,10A100020-3,普通預金,30,GHI銀行 名古屋,399000,00,,,,,,家賃支払い,,,,,,,
,,,,,20220310,136,,,000,共通部門,10B100030,支払手形,,,2823907,00,,,,,,000,共通部門,10A100020-2,当座預金,1,ABC銀行,2823907,00,,,,,,手形期日落日 青凪商事株式会社,,,,,,,
,,,,,20220310,143,,,040,大阪支店,10E201120,車両費,,,12500,31,,10,,,,000,共通部門,100,現金,,,12500,00,,,,,,点検作業料,,,,,,,
,,,,,20220310,150,,,050,九州営業所,521,接待交際費,,,8400,31,,10,,,,000,共通部門,100,現金,,,8400,00,,,,,,ゴルフプレー代,,,,,,,
,,,,,20220310,162,,,020,東京支店,10E201130,会議費,,,24995,31,,10,,,,000,共通部門,100,現金,,,24995,00,,,,,,会議　食事代,,,,,,,
,,,,,20220310,167,,,050,九州営業所,528,地代・家賃,,,630000,31,,10,,,,000,共通部門,10A100020-3,普通預金,50,MNO銀行 北九州,630000,00,,,,,,家賃支払い,,,,,,,
,,,,,20220310,167,,,050,九州営業所,523,通信費,,,175229,31,,10,,,,000,共通部門,10A100020-3,普通預金,50,MNO銀行 北九州,175229,00,,,,,,電話代,,,,,,,
,,,,,20220310,168,,,050,九州営業所,10E201270,雑費,,,6000,31,,10,,,,000,共通部門,204,未払金,,,6000,00,,,,,,有線,,,,,,,
,,,,,20220310,168,,,050,九州営業所,10E201270,雑費,,,42858,31,,10,,,,000,共通部門,204,未払金,,,42858,00,,,,,,警備料,,,,,,,
,,,,,20220311,85,,,030,名古屋支店,523,通信費,,,56347,31,,10,,,,000,共通部門,10A100020-3,普通預金,30,GHI銀行 名古屋,56347,00,,,,,,電話代,,,,,,,
,,,,,20220311,112,,,040,大阪支店,523,通信費,,,268243,31,,10,,,,000,共通部門,10A100020-3,普通預金,40,JKL銀行 梅田,268243,00,,,,,,電話代,,,,,,,
,,,,,20220312,68,,,040,大阪支店,10E201270,雑費,,,630,31,,10,,,,000,共通部門,100,現金,,,630,00,,,,,,電池代,,,,,,,
,,,,,20220312,73,,,020,東京支店,521,接待交際費,,,9750,31,,10,,,,000,共通部門,100,現金,,,9750,00,,,,,,飲食代 架空店舗080 2名,,,,,,,
,,,,,20220312,86,,,030,名古屋支店,523,通信費,,,8000,31,,10,,,,000,共通部門,100,現金,,,8000,00,,,,,,切手代,,,,,,,
,,,,,20220313,21,,,010,札幌営業所,522,旅費・交通費,,,89505,31,,10,,,,000,共通部門,100,現金,,,89505,00,,,,,,架空鉄道会社A代,,,,,,,
,,,,,20220313,144,,,040,大阪支店,10E201120,車両費,,,2382,31,,10,,,,000,共通部門,100,現金,,,2382,00,,,,,,ガソリン代,,,,,,,
,,,,,20220313,144,,,040,大阪支店,10E201120,車両費,,,7487,31,,10,,,,000,共通部門,100,現金,,,7487,00,,,,,,ガソリン代,,,,,,,
,,,,,20220313,144,,,040,大阪支店,10E201120,車両費,,,7662,31,,10,,,,000,共通部門,100,現金,,,7662,00,,,,,,高速代,,,,,,,
,,,,,20220313,158,,,040,大阪支店,522,旅費・交通費,,,57000,31,,10,,,,000,共通部門,100,現金,,,57000,00,,,,,,航空券,,,,,,,
,,,,,20220314,17,,,010,札幌営業所,10E201120,車両費,,,368,31,,10,,,,000,共通部門,100,現金,,,368,00,,,,,,ウォッシャー液,,,,,,,
,,,,,20220314,46,,,020,東京支店,10E201120,車両費,,,2341,31,,10,,,,000,共通部門,100,現金,,,2341,00,,,,,,ガソリン代,,,,,,,
,,,,,20220314,46,,,020,東京支店,10E201120,車両費,,,4767,31,,10,,,,000,共通部門,100,現金,,,4767,00,,,,,,ガソリン代,,,,,,,
,,,,,20220314,46,,,020,東京支店,10E201120,車両費,,,4880,31,,10,,,,000,共通部門,100,現金,,,4880,00,,,,,,ガソリン代,,,,,,,
,,,,,20220314,51,,,020,東京支店,10E201120,車両費,,,1505,31,,10,,,,000,共通部門,100,現金,,,1505,00,,,,,,高速代,,,,,,,
,,,,,20220314,51,,,020,東京支店,10E201120,車両費,,,620,31,,10,,,,000,共通部門,100,現金,,,620,00,,,,,,高速代,,,,,,,
,,,,,20220314,51,,,020,東京支店,10E201120,車両費,,,810,31,,10,,,,000,共通部門,100,現金,,,810,00,,,,,,高速代,,,,,,,
,,,,,20220314,51,,,020,東京支店,10E201120,車両費,,,1096,31,,10,,,,000,共通部門,100,現金,,,1096,00,,,,,,高速代,,,,,,,
,,,,,20220314,51,,,020,東京支店,10E201120,車両費,,,1096,31,,10,,,,000,共通部門,100,現金,,,1096,00,,,,,,高速代,,,,,,,
,,,,,20220314,51,,,020,東京支店,10E201120,車両費,,,1096,31,,10,,,,000,共通部門,100,現金,,,1096,00,,,,,,高速代,,,,,,,
,,,,,20220314,51,,,020,東京支店,10E201120,車両費,,,953,31,,10,,,,000,共通部門,100,現金,,,953,00,,,,,,高速代,,,,,,,
,,,,,20220314,61,,,020,東京支店,523,通信費,,,134697,31,,10,,,,000,共通部門,10A100020-3,普通預金,20,ABC銀行 本店,134697,00,,,,,,電話代,,,,,,,
,,,,,20220314,82,,,030,名古屋支店,10E201120,車両費,,,31405,31,,10,,,,000,共通部門,204,未払金,,,31405,00,,,,,,ガソリン代,,,,,,,
,,,,,20220315,4,,,010,札幌営業所,10E200050,広告宣伝費,,,31500,31,,10,,,,000,共通部門,204,未払金,,,31500,00,,,,,,広告費,,,,,,,
,,,,,20220315,59,,,020,東京支店,522,旅費・交通費,,,42858,31,,10,,,,000,共通部門,100,現金,,,42858,00,,,,,,旅費,,,,,,,
,,,,,20220315,59,,,020,東京支店,522,旅費・交通費,,,30477,31,,10,,,,000,共通部門,100,現金,,,30477,00,,,,,,架空鉄道会社A代,,,,,,,
,,,,,20220315,74,,,020,東京支店,521,接待交際費,,,21650,31,,10,,,,000,共通部門,100,現金,,,21650,00,,,,,,飲食代 架空店舗013,,,,,,,
,,,,,20220315,82,,,020,東京支店,10E200520,雑給,,,258617,00,,,,,,000,共通部門,100,現金,,,258617,00,,,,,,3月給与その他 0060 パート･アルバイト,,,,,,,
,,,,,20220315,82,,,020,東京支店,10E200520,雑給,,,630,00,,,,,,000,共通部門,208,預り金,3,源泉税,630,00,,,,,,3月給与その他 0060 パート･アルバイト,,,,,,,
,,,,,20220315,82,,,020,東京支店,10E200520,雑給,,,9713,00,,,,,,000,共通部門,208,預り金,9,その他,9713,00,,,,,,3月給与その他 0060 パート･アルバイト,,,,,,,
,,,,,20220315,93,,,000,共通部門,10A100020-3,普通預金,50,MNO銀行 北九州,1608004,00,,,,,,000,共通部門,131,売掛金,1,株式会社若葉百貨店,1608004,00,,,,,,3月15日伝票No465株式会社若葉百貨店,,,,,,,
,,,,,20220315,93,,,050,九州営業所,512,支払手数料,,,840,31,,10,,,,000,共通部門,131,売掛金,1,株式会社若葉百貨店,840,00,,,,,,3月15日伝票No465株式会社若葉百貨店,,,,,,,
,,,,,20220315,94,,,000,共通部門,10A100020-3,普通預金,30,GHI銀行 名古屋,1032910,00,,,,,,000,共通部門,131,売掛金,6,株式会社瑞穂流通,1032910,00,,,,,,3月15日伝票No466株式会社瑞穂流通,,,,,,,
,,,,,20220315,94,,,030,名古屋支店,512,支払手数料,,,840,31,,10,,,,000,共通部門,131,売掛金,6,株式会社瑞穂流通,840,00,,,,,,3月15日伝票No466株式会社瑞穂流通,,,,,,,
,,,,,20220315,95,,,000,共通部門,10A100020-3,普通預金,40,JKL銀行 梅田,648960,00,,,,,,000,共通部門,131,売掛金,8,株式会社高原マーケット,648960,00,,,,,,3月15日伝票No467株式会社高原マーケット,,,,,,,
,,,,,20220315,95,,,040,大阪支店,512,支払手数料,,,840,31,,10,,,,000,共通部門,131,売掛金,8,株式会社高原マーケット,840,00,,,,,,3月15日伝票No467株式会社高原マーケット,,,,,,,
,,,,,20220315,96,,,000,共通部門,10A100020-3,普通預金,40,JKL銀行 梅田,1712320,00,,,,,,000,共通部門,131,売掛金,9,朝凪物産株式会社,1712320,00,,,,,,3月15日伝票No468朝凪物産株式会社,,,,,,,
,,,,,20220315,96,,,040,大阪支店,512,支払手数料,,,840,31,,10,,,,000,共通部門,131,売掛金,9,朝凪物産株式会社,840,00,,,,,,3月15日伝票No468朝凪物産株式会社,,,,,,,
,,,,,20220315,97,,,000,共通部門,10A100020-3,普通預金,20,ABC銀行 本店,1024020,00,,,,,,000,共通部門,131,売掛金,13,星川商事株式会社,1024020,00,,,,,,3月15日伝票No469星川商事株式会社,,,,,,,
,,,,,20220315,98,,,000,共通部門,10A100020-3,普通預金,40,JKL銀行 梅田,793799,00,,,,,,000,共通部門,131,売掛金,20,清和商事株式会社,793799,00,,,,,,3月15日伝票No470清和商事株式会社,,,,,,,
,,,,,20220315,98,,,040,大阪支店,512,支払手数料,,,315,31,,10,,,,000,共通部門,131,売掛金,20,清和商事株式会社,315,00,,,,,,3月15日伝票No470清和商事株式会社,,,,,,,
,,,,,20220315,99,,,000,共通部門,201,買掛金,1,株式会社北辰商事,8427411,00,,,,,,000,共通部門,10A100020-3,普通預金,20,ABC銀行 本店,8427411,00,,,,,,3月15日伝票No350株式会社北辰商事,,,,,,,
,,,,,20220315,130,,,040,大阪支店,10E201140,諸会費,,,24000,00,,,,,,000,共通部門,10A100020-3,普通預金,40,JKL銀行 梅田,24000,00,,,,,,会費,,,,,,,
,,,,,20220316,103,,,040,大阪支店,521,接待交際費,,,5680,31,,10,,,,000,共通部門,100,現金,,,5680,00,,,,,,食事代 架空店舗056 2名,,,,,,,
,,,,,20220316,117,,,040,大阪支店,10E201140,諸会費,,,20000,00,,,,,,000,共通部門,100,現金,,,20000,00,,,,,,会費,,,,,,,
,,,,,20220316,136,,,040,大阪支店,10E201270,雑費,,,16500,31,,10,,,,000,共通部門,100,現金,,,16500,00,,,,,,架空清掃会社A代,,,,,,,
,,,,,20220316,148,,,050,九州営業所,10E201120,車両費,,,5584,31,,10,,,,000,共通部門,100,現金,,,5584,00,,,,,,ガソリン代,,,,,,,
,,,,,20220316,149,,,030,名古屋支店,521,接待交際費,,,3496,31,,10,,,,000,共通部門,100,現金,,,3496,00,,,,,,手土産代 架空店舗058,,,,,,,
,,,,,20220316,149,,,030,名古屋支店,521,接待交際費,,,2324,31,,10,,,,000,共通部門,100,現金,,,2324,00,,,,,,コーヒー代他2名,,,,,,,
,,,,,20220317,23,,,010,札幌営業所,522,旅費・交通費,,,54096,31,,10,,,,000,共通部門,100,現金,,,54096,00,,,,,,旅費,,,,,,,
,,,,,20220317,23,,,010,札幌営業所,522,旅費・交通費,,,40000,31,,10,,,,000,共通部門,100,現金,,,40000,00,,,,,,旅費,,,,,,,
,,,,,20220317,23,,,010,札幌営業所,522,旅費・交通費,,,56953,31,,10,,,,000,共通部門,100,現金,,,56953,00,,,,,,旅費,,,,,,,
,,,,,20220317,47,,,020,東京支店,10E201120,車両費,,,2540,31,,10,,,,000,共通部門,100,現金,,,2540,00,,,,,,ガソリン代,,,,,,,
,,,,,20220317,52,,,020,東京支店,10E201120,車両費,,,1096,31,,10,,,,000,共通部門,100,現金,,,1096,00,,,,,,高速代,,,,,,,
,,,,,20220317,52,,,020,東京支店,10E201120,車両費,,,1096,31,,10,,,,000,共通部門,100,現金,,,1096,00,,,,,,高速代,,,,,,,
,,,,,20220317,52,,,020,東京支店,10E201120,車両費,,,1429,31,,10,,,,000,共通部門,100,現金,,,1429,00,,,,,,高速代,,,,,,,
,,,,,20220317,94,,,030,名古屋支店,10E201270,雑費,,,3128,31,,10,,,,000,共通部門,100,現金,,,3128,00,,,,,,トイレットペーパー他,,,,,,,
,,,,,20220318,152,,,050,九州営業所,521,接待交際費,,,9450,31,,10,,,,000,共通部門,100,現金,,,9450,00,,,,,,飲食代 架空店舗033 2名,,,,,,,
,,,,,20220318,153,,,030,名古屋支店,521,接待交際費,,,10000,31,,10,,,,000,共通部門,100,現金,,,10000,00,,,,,,香典代,,,,,,,
,,,,,20220319,8,,,010,札幌営業所,521,接待交際費,,,20000,31,,10,,,,000,共通部門,100,現金,,,20000,00,,,,,,定例ミーティング会費,,,,,,,
,,,,,20220319,71,,,020,東京支店,521,接待交際費,,,28000,31,,10,,,,000,共通部門,100,現金,,,28000,00,,,,,,ゴルフプレー代2名,,,,,,,
,,,,,20220319,80,,,030,名古屋支店,522,旅費・交通費,,,12000,31,,10,,,,000,共通部門,100,現金,,,12000,00,,,,,,旅費,,,,,,,
,,,,,20220319,160,,,020,東京支店,522,旅費・交通費,,,59700,31,,10,,,,000,共通部門,100,現金,,,59700,00,,,,,,出張旅費,,,,,,,
,,,,,20220320,1,,,000,共通部門,10E200140,福利厚生費,,,21600,31,,K8.0,,,,000,共通部門,100,現金,,,21600,00,,,,,,残業夜食　軽減税率,,,,,,,
,,,,,20220320,31,,,010,札幌営業所,10E201110,事務用消耗品費,,,3504,31,,10,,,,000,共通部門,204,未払金,,,3504,00,,,,,,コピー代,,,,,,,
,,,,,20220320,45,,,020,東京支店,521,接待交際費,,,1260,31,,10,,,,000,共通部門,100,現金,,,1260,00,,,,,,コーヒー代2名,,,,,,,
,,,,,20220320,48,,,020,東京支店,10E201120,車両費,,,4303,31,,10,,,,000,共通部門,100,現金,,,4303,00,,,,,,ガソリン代,,,,,,,
,,,,,20220320,53,,,020,東京支店,10E201120,車両費,,,381,31,,10,,,,000,共通部門,100,現金,,,381,00,,,,,,高速代,,,,,,,
,,,,,20220320,53,,,020,東京支店,10E201120,車両費,,,1000,31,,10,,,,000,共通部門,100,現金,,,1000,00,,,,,,高速代,,,,,,,
,,,,,20220320,53,,,020,東京支店,10E201120,車両費,,,1000,31,,10,,,,000,共通部門,100,現金,,,1000,00,,,,,,高速代,,,,,,,
,,,,,20220320,67,,,030,名古屋支店,10E201270,雑費,,,5000,31,,10,,,,000,共通部門,204,未払金,,,5000,00,,,,,,有線,,,,,,,
,,,,,20220320,69,,,050,九州営業所,10E201110,事務用消耗品費,,,6300,31,,10,,,,000,共通部門,204,未払金,,,6300,00,,,,,,カウンター料金,,,,,,,
,,,,,20220320,71,,,020,東京支店,10E201110,事務用消耗品費,,,3453,31,,10,,,,000,共通部門,204,未払金,,,3453,00,,,,,,事務用品,,,,,,,
,,,,,20220320,71,,,020,東京支店,10E201110,事務用消耗品費,,,38103,31,,10,,,,000,共通部門,204,未払金,,,38103,00,,,,,,カウンター料金,,,,,,,
,,,,,20220320,73,,,000,共通部門,525,消耗品費,,,39271,31,,10,,,,000,共通部門,204,未払金,,,39271,00,,,,,,ファイル等,,,,,,,
,,,,,20220320,73,,,000,共通部門,525,消耗品費,,,243810,31,,10,,,,000,共通部門,204,未払金,,,243810,00,,,,,,飲料水,,,,,,,
,,,,,20220320,73,,,000,共通部門,525,消耗品費,,,64762,31,,10,,,,000,共通部門,204,未払金,,,64762,00,,,,,,名刺代,,,,,,,
,,,,,20220320,79,,,030,名古屋支店,10E200140,福利厚生費,,,98513,31,,10,,,,000,共通部門,100,現金,,,98513,00,,,,,,景品代,,,,,,,
,,,,,20220320,97,,,030,名古屋支店,10E201110,事務用消耗品費,,,41123,31,,10,,,,000,共通部門,204,未払金,,,41123,00,,,,,,コピー代,,,,,,,
,,,,,20220320,98,,,030,名古屋支店,10E201110,事務用消耗品費,,,6475,31,,10,,,,000,共通部門,204,未払金,,,6475,00,,,,,,事務用品,,,,,,,
,,,,,20220320,100,,,000,共通部門,100,現金,,,806985,00,,,,,,000,共通部門,131,売掛金,11,株式会社楓屋,806985,00,,,,,,3月20日伝票No471株式会社楓屋,,,,,,,
,,,,,20220320,101,,,040,大阪支店,10E200050,広告宣伝費,,,52500,31,,10,,,,000,共通部門,204,未払金,,,52500,00,,,,,,広告料,,,,,,,
,,,,,20220320,101,,,000,共通部門,10A100020-3,普通預金,30,GHI銀行 名古屋,482394,00,,,,,,000,共通部門,131,売掛金,21,合同会社つばさ商店,482394,00,,,,,,3月20日伝票No472合同会社つばさ商店,,,,,,,
,,,,,20220320,101,,,030,名古屋支店,512,支払手数料,,,472,31,,10,,,,000,共通部門,131,売掛金,21,合同会社つばさ商店,472,00,,,,,,3月20日伝票No472合同会社つばさ商店,,,,,,,
,,,,,20220320,102,,,000,共通部門,10A100020-3,普通預金,20,ABC銀行 本店,1424485,00,,,,,,000,共通部門,131,売掛金,30,株式会社彩雲トレーディング,1424485,00,,,,,,3月20日伝票No473株式会社彩雲トレーディング,,,,,,,
,,,,,20220320,102,,,020,東京支店,512,支払手数料,,,735,31,,10,,,,000,共通部門,131,売掛金,30,株式会社彩雲トレーディング,735,00,,,,,,3月20日伝票No473株式会社彩雲トレーディング,,,,,,,
,,,,,20220320,103,,,000,共通部門,201,買掛金,4,株式会社和泉流通,1046118,00,,,,,,000,共通部門,10A100020-2,当座預金,1,ABC銀行,1046118,00,,,,,,3月20日伝票No351株式会社和泉流通,,,,,,,
,,,,,20220320,104,,,000,共通部門,201,買掛金,6,株式会社日向産業,5017707,00,,,,,,000,共通部門,10A100020-3,普通預金,20,ABC銀行 本店,5017707,00,,,,,,3月20日伝票No352株式会社日向産業,,,,,,,
,,,,,20220320,105,,,000,共通部門,201,買掛金,11,株式会社花園商会,3661476,00,,,,,,000,共通部門,10A100020-3,普通預金,20,ABC銀行 本店,3661476,00,,,,,,3月20日伝票No353株式会社花園商会,,,,,,,
,,,,,20220320,109,,,040,大阪支店,10E201120,車両費,,,78987,31,,10,,,,000,共通部門,204,未払金,,,78987,00,,,,,,ガソリン代,,,,,,,
,,,,,20220320,118,,,040,大阪支店,10E201110,事務用消耗品費,,,8499,31,,10,,,,000,共通部門,204,未払金,,,8499,00,,,,,,コピー代,,,,,,,
,,,,,20220320,135,,,040,大阪支店,10E201110,事務用消耗品費,,,2713,31,,10,,,,000,共通部門,204,未払金,,,2713,00,,,,,,事務用品,,,,,,,
,,,,,20220320,139,,,000,共通部門,10A100020-2,当座預金,1,ABC銀行,17254140,00,,,,,,000,共通部門,130,受取手形,,,17254140,00,,,,,,手形満期 株式会社桜丘百貨店 | 手形番号=R20211225-117-2;受取額に決済額を訂正,,,,,,,
,,,,,20220320,140,,,000,共通部門,10A100020-2,当座預金,1,ABC銀行,11930631,00,,,,,,000,共通部門,130,受取手形,,,11930631,00,,,,,,手形満期 株式会社青葉百貨店 | 手形番号=R20220110-92-28;受取額に決済額を訂正,,,,,,,
,,,,,20220320,141,,,040,大阪支店,522,旅費・交通費,,,53000,31,,10,,,,000,共通部門,100,現金,,,53000,00,,,,,,架空鉄道会社A代,,,,,,,
,,,,,20220320,147,,,000,共通部門,10A100020-3,普通預金,20,ABC銀行 本店,10000000,00,,,,,,000,共通部門,10A100020-2,当座預金,1,ABC銀行,10000000,00,,,,,,資金移動,,,,,,,
,,,,,20220320,156,,,050,九州営業所,522,旅費・交通費,,,16000,31,,10,,,,000,共通部門,100,現金,,,16000,00,,,,,,出張旅費,,,,,,,
,,,,,20220320,159,,,050,九州営業所,522,旅費・交通費,,,8800,31,,10,,,,000,共通部門,100,現金,,,8800,00,,,,,,タクシー代,,,,,,,
,,,,,20220320,165,,,050,九州営業所,10E201270,雑費,,,10000,31,,10,,,,000,共通部門,100,現金,,,10000,00,,,,,,懇親会会費,,,,,,,
,,,,,20220321,6,,,010,札幌営業所,10E200050,広告宣伝費,,,5000,31,,10,,,,000,共通部門,100,現金,,,5000,00,,,,,,広告料,,,,,,,
,,,,,20220321,25,,,010,札幌営業所,522,旅費・交通費,,,56000,31,,10,,,,000,共通部門,100,現金,,,56000,00,,,,,,旅費,,,,,,,
,,,,,20220321,34,,,010,札幌営業所,10E201040,水道光熱費,,,107190,31,,10,,,,000,共通部門,10A100020-3,普通預金,10,DEF銀行 駅前,107190,00,,,,,,電気代,,,,,,,
,,,,,20220321,34,,,010,札幌営業所,10E201040,水道光熱費,,,5728,31,,10,,,,000,共通部門,10A100020-3,普通預金,10,DEF銀行 駅前,5728,00,,,,,,水道代,,,,,,,
,,,,,20220321,64,,,020,東京支店,10E201040,水道光熱費,,,216041,31,,10,,,,000,共通部門,10A100020-3,普通預金,20,ABC銀行 本店,216041,00,,,,,,電気料,,,,,,,
,,,,,20220321,64,,,020,東京支店,10E201040,水道光熱費,,,8279,31,,10,,,,000,共通部門,10A100020-3,普通預金,20,ABC銀行 本店,8279,00,,,,,,水道料,,,,,,,
,,,,,20220321,89,,,030,名古屋支店,10E201040,水道光熱費,,,96107,31,,10,,,,000,共通部門,10A100020-3,普通預金,30,GHI銀行 名古屋,96107,00,,,,,,電気料,,,,,,,
,,,,,20220321,89,,,030,名古屋支店,10E201040,水道光熱費,,,4959,31,,10,,,,000,共通部門,10A100020-3,普通預金,30,GHI銀行 名古屋,4959,00,,,,,,水道料,,,,,,,
,,,,,20220321,89,,,030,名古屋支店,10E201040,水道光熱費,,,5555,31,,10,,,,000,共通部門,10A100020-3,普通預金,30,GHI銀行 名古屋,5555,00,,,,,,ガス代,,,,,,,
,,,,,20220321,132,,,040,大阪支店,10E201040,水道光熱費,,,114985,31,,10,,,,000,共通部門,10A100020-3,普通預金,40,JKL銀行 梅田,114985,00,,,,,,電気代,,,,,,,
,,,,,20220321,132,,,040,大阪支店,10E201040,水道光熱費,,,6279,31,,10,,,,000,共通部門,10A100020-3,普通預金,40,JKL銀行 梅田,6279,00,,,,,,水道代,,,,,,,
,,,,,20220321,163,,,050,九州営業所,10E201140,諸会費,,,18000,00,,,,,,000,共通部門,100,現金,,,18000,00,,,,,,会費,,,,,,,
,,,,,20220321,169,,,050,九州営業所,10E201040,水道光熱費,,,122137,31,,10,,,,000,共通部門,10A100020-3,普通預金,50,MNO銀行 北九州,122137,00,,,,,,電気料,,,,,,,
,,,,,20220321,169,,,050,九州営業所,10E201040,水道光熱費,,,6336,31,,10,,,,000,共通部門,10A100020-3,普通預金,50,MNO銀行 北九州,6336,00,,,,,,水道料,,,,,,,
,,,,,20220322,3,,,010,札幌営業所,10E200140,福利厚生費,,,32185,31,,10,,,,000,共通部門,204,未払金,,,32185,00,,,,,,宿泊代,,,,,,,
,,,,,20220322,24,,,010,札幌営業所,522,旅費・交通費,,,92000,31,,10,,,,000,共通部門,100,現金,,,92000,00,,,,,,架空鉄道会社A回数券,,,,,,,
,,,,,20220322,74,,,050,九州営業所,10E201120,車両費,,,6771,31,,10,,,,000,共通部門,100,現金,,,6771,00,,,,,,ガソリン代,,,,,,,
,,,,,20220322,74,,,050,九州営業所,10E201120,車両費,,,5143,31,,10,,,,000,共通部門,100,現金,,,5143,00,,,,,,高速代,,,,,,,
,,,,,20220322,90,,,030,名古屋支店,10E201270,雑費,,,9500,31,,10,,,,000,共通部門,100,現金,,,9500,00,,,,,,架空清掃会社A代,,,,,,,
,,,,,20220322,95,,,030,名古屋支店,10E201270,雑費,,,71675,31,,10,,,,000,共通部門,204,未払金,,,71675,00,,,,,,清掃料,,,,,,,
,,,,,20220322,107,,,040,大阪支店,521,接待交際費,,,10000,31,,10,,,,000,共通部門,100,現金,,,10000,00,,,,,,お見舞い,,,,,,,
,,,,,20220322,157,,,050,九州営業所,522,旅費・交通費,,,39800,31,,10,,,,000,共通部門,10A100020-3,普通預金,50,MNO銀行 北九州,39800,00,,,,,,航空券代,,,,,,,
,,,,,20220322,166,,,050,九州営業所,10E201270,雑費,,,1890,31,,10,,,,000,共通部門,100,現金,,,1890,00,,,,,,架空清掃会社A代,,,,,,,
,,,,,20220323,12,,,010,札幌営業所,10E201120,車両費,,,3298,31,,10,,,,000,共通部門,100,現金,,,3298,00,,,,,,ガソリン代,,,,,,,
,,,,,20220323,12,,,010,札幌営業所,10E201120,車両費,,,762,31,,10,,,,000,共通部門,100,現金,,,762,00,,,,,,駐車代,,,,,,,
,,,,,20220323,28,,,010,札幌営業所,522,旅費・交通費,,,2420,31,,10,,,,000,共通部門,204,未払金,,,2420,00,,,,,,タクシー代,,,,,,,
,,,,,20220323,54,,,020,東京支店,10E201120,車両費,,,1810,31,,10,,,,000,共通部門,100,現金,,,1810,00,,,,,,高速代,,,,,,,
,,,,,20220323,54,,,020,東京支店,10E201120,車両費,,,2572,31,,10,,,,000,共通部門,100,現金,,,2572,00,,,,,,高速代,,,,,,,
,,,,,20220323,75,,,050,九州営業所,10E201120,車両費,,,5970,31,,10,,,,000,共通部門,100,現金,,,5970,00,,,,,,ガソリン代,,,,,,,
,,,,,20220323,83,,,020,東京支店,10E200090,役員報酬,,,1124255,00,,,,,,000,共通部門,10A100020-3,普通預金,20,ABC銀行 本店,1124255,00,,,,,,3月給与その他 0001 役員,,,,,,,
,,,,,20220323,83,,,020,東京支店,10E200090,役員報酬,,,120411,00,,,,,,000,共通部門,208,預り金,1,保険料,120411,00,,,,,,3月給与その他 0001 役員,,,,,,,
,,,,,20220323,83,,,020,東京支店,10E200090,役員報酬,,,171200,00,,,,,,000,共通部門,208,預り金,2,住民税,171200,00,,,,,,3月給与その他 0001 役員,,,,,,,
,,,,,20220323,83,,,020,東京支店,10E200090,役員報酬,,,164442,00,,,,,,000,共通部門,208,預り金,3,源泉税,164442,00,,,,,,3月給与その他 0001 役員,,,,,,,
,,,,,20220323,83,,,020,東京支店,10E200090,役員報酬,,,133972,00,,,,,,000,共通部門,208,預り金,4,貯蓄・保険,133972,00,,,,,,3月給与その他 0001 役員,,,,,,,
,,,,,20220323,83,,,020,東京支店,10E200090,役員報酬,,,5720,00,,,,,,000,共通部門,208,預り金,9,その他,5720,00,,,,,,3月給与その他 0001 役員,,,,,,,
,,,,,20220323,83,,,020,東京支店,10E200370,給与手当,,,1461754,00,,,,,,000,共通部門,10A100020-3,普通預金,20,ABC銀行 本店,1461754,00,,,,,,3月給与その他 0020 営業部,,,,,,,
,,,,,20220323,83,,,020,東京支店,10E200370,給与手当,,,236045,00,,,,,,000,共通部門,208,預り金,1,保険料,236045,00,,,,,,3月給与その他 0020 営業部,,,,,,,
,,,,,20220323,83,,,020,東京支店,10E200370,給与手当,,,104300,00,,,,,,000,共通部門,208,預り金,2,住民税,104300,00,,,,,,3月給与その他 0020 営業部,,,,,,,
,,,,,20220323,83,,,020,東京支店,10E200370,給与手当,,,35440,00,,,,,,000,共通部門,208,預り金,3,源泉税,35440,00,,,,,,3月給与その他 0020 営業部,,,,,,,
,,,,,20220323,83,,,020,東京支店,10E200370,給与手当,,,43305,00,,,,,,000,共通部門,208,預り金,4,貯蓄・保険,43305,00,,,,,,3月給与その他 0020 営業部,,,,,,,
,,,,,20220323,83,,,020,東京支店,10E200370,給与手当,,,68294,00,,,,,,000,共通部門,208,預り金,9,その他,68294,00,,,,,,3月給与その他 0020 営業部,,,,,,,
,,,,,20220323,83,,,010,札幌営業所,10E200370,給与手当,,,607264,00,,,,,,000,共通部門,10A100020-3,普通預金,20,ABC銀行 本店,607264,00,,,,,,3月給与その他 1000 札幌営業所,,,,,,,
,,,,,20220323,83,,,010,札幌営業所,10E200370,給与手当,,,103424,00,,,,,,000,共通部門,208,預り金,1,保険料,103424,00,,,,,,3月給与その他 1000 札幌営業所,,,,,,,
,,,,,20220323,83,,,010,札幌営業所,10E200370,給与手当,,,46300,00,,,,,,000,共通部門,208,預り金,2,住民税,46300,00,,,,,,3月給与その他 1000 札幌営業所,,,,,,,
,,,,,20220323,83,,,010,札幌営業所,10E200370,給与手当,,,13610,00,,,,,,000,共通部門,208,預り金,3,源泉税,13610,00,,,,,,3月給与その他 1000 札幌営業所,,,,,,,
,,,,,20220323,83,,,010,札幌営業所,10E200370,給与手当,,,50648,00,,,,,,000,共通部門,208,預り金,4,貯蓄・保険,50648,00,,,,,,3月給与その他 1000 札幌営業所,,,,,,,
,,,,,20220323,83,,,010,札幌営業所,10E200370,給与手当,,,37754,00,,,,,,000,共通部門,208,預り金,9,その他,37754,00,,,,,,3月給与その他 1000 札幌営業所,,,,,,,
,,,,,20220323,83,,,030,名古屋支店,10E200370,給与手当,,,551332,00,,,,,,000,共通部門,10A100020-3,普通預金,20,ABC銀行 本店,551332,00,,,,,,3月給与その他 3000 名古屋営業所,,,,,,,
,,,,,20220323,83,,,030,名古屋支店,10E200370,給与手当,,,96352,00,,,,,,000,共通部門,208,預り金,1,保険料,96352,00,,,,,,3月給与その他 3000 名古屋営業所,,,,,,,
,,,,,20220323,83,,,030,名古屋支店,10E200370,給与手当,,,42600,00,,,,,,000,共通部門,208,預り金,2,住民税,42600,00,,,,,,3月給与その他 3000 名古屋営業所,,,,,,,
,,,,,20220323,83,,,030,名古屋支店,10E200370,給与手当,,,7710,00,,,,,,000,共通部門,208,預り金,3,源泉税,7710,00,,,,,,3月給与その他 3000 名古屋営業所,,,,,,,
,,,,,20220323,83,,,030,名古屋支店,10E200370,給与手当,,,40759,00,,,,,,000,共通部門,208,預り金,4,貯蓄・保険,40759,00,,,,,,3月給与その他 3000 名古屋営業所,,,,,,,
,,,,,20220323,83,,,030,名古屋支店,10E200370,給与手当,,,36148,00,,,,,,000,共通部門,208,預り金,9,その他,36148,00,,,,,,3月給与その他 3000 名古屋営業所,,,,,,,
,,,,,20220323,83,,,040,大阪支店,10E200370,給与手当,,,769991,00,,,,,,000,共通部門,10A100020-3,普通預金,20,ABC銀行 本店,769991,00,,,,,,3月給与その他 4000 大阪支店,,,,,,,
,,,,,20220323,83,,,040,大阪支店,10E200370,給与手当,,,119477,00,,,,,,000,共通部門,208,預り金,1,保険料,119477,00,,,,,,3月給与その他 4000 大阪支店,,,,,,,
,,,,,20220323,83,,,040,大阪支店,10E200370,給与手当,,,53400,00,,,,,,000,共通部門,208,預り金,2,住民税,53400,00,,,,,,3月給与その他 4000 大阪支店,,,,,,,
,,,,,20220323,83,,,040,大阪支店,10E200370,給与手当,,,16710,00,,,,,,000,共通部門,208,預り金,3,源泉税,16710,00,,,,,,3月給与その他 4000 大阪支店,,,,,,,
,,,,,20220323,83,,,040,大阪支店,10E200370,給与手当,,,13570,00,,,,,,000,共通部門,208,預り金,4,貯蓄・保険,13570,00,,,,,,3月給与その他 4000 大阪支店,,,,,,,
,,,,,20220323,83,,,040,大阪支店,10E200370,給与手当,,,18952,00,,,,,,000,共通部門,208,預り金,9,その他,18952,00,,,,,,3月給与その他 4000 大阪支店,,,,,,,
,,,,,20220323,83,,,050,九州営業所,10E200370,給与手当,,,458531,00,,,,,,000,共通部門,10A100020-3,普通預金,20,ABC銀行 本店,458531,00,,,,,,3月給与その他 5000 九州営業所,,,,,,,
,,,,,20220323,83,,,050,九州営業所,10E200370,給与手当,,,67268,00,,,,,,000,共通部門,208,預り金,1,保険料,67268,00,,,,,,3月給与その他 5000 九州営業所,,,,,,,
,,,,,20220323,83,,,050,九州営業所,10E200370,給与手当,,,31700,00,,,,,,000,共通部門,208,預り金,2,住民税,31700,00,,,,,,3月給与その他 5000 九州営業所,,,,,,,
,,,,,20220323,83,,,050,九州営業所,10E200370,給与手当,,,8520,00,,,,,,000,共通部門,208,預り金,3,源泉税,8520,00,,,,,,3月給与その他 5000 九州営業所,,,,,,,
,,,,,20220323,83,,,050,九州営業所,10E200370,給与手当,,,18540,00,,,,,,000,共通部門,208,預り金,4,貯蓄・保険,18540,00,,,,,,3月給与その他 5000 九州営業所,,,,,,,
,,,,,20220323,83,,,050,九州営業所,10E200370,給与手当,,,16405,00,,,,,,000,共通部門,208,預り金,9,その他,16405,00,,,,,,3月給与その他 5000 九州営業所,,,,,,,
,,,,,20220323,140,,,040,大阪支店,522,旅費・交通費,,,12300,31,,10,,,,000,共通部門,100,現金,,,12300,00,,,,,,旅費,,,,,,,
,,,,,20220324,26,,,010,札幌営業所,522,旅費・交通費,,,31000,31,,10,,,,000,共通部門,100,現金,,,31000,00,,,,,,旅費,,,,,,,
,,,,,20220324,29,,,010,札幌営業所,523,通信費,,,79684,31,,10,,,,000,共通部門,10A100020-3,普通預金,10,DEF銀行 駅前,79684,00,,,,,,携帯電話代,,,,,,,
,,,,,20220324,60,,,050,九州営業所,10E200140,福利厚生費,,,20500,31,,10,,,,000,共通部門,204,未払金,,,20500,00,,,,,,お茶代,,,,,,,
,,,,,20220324,81,,,030,名古屋支店,10E200140,福利厚生費,,,45800,31,,10,,,,000,共通部門,204,未払金,,,45800,00,,,,,,お茶代,,,,,,,
,,,,,20220324,108,,,040,大阪支店,521,接待交際費,,,1360,31,,10,,,,000,共通部門,100,現金,,,1360,00,,,,,,食事代,,,,,,,
,,,,,20220324,146,,,050,九州営業所,10E200020,販売手数料,,,168000,31,,10,,,,000,共通部門,204,未払金,,,168000,00,,,,,,業務委託費,,,,,,,
,,,,,20220324,154,,,050,九州営業所,521,接待交際費,,,12000,31,,10,,,,000,共通部門,204,未払金,,,12000,00,,,,,,お花代　結婚式,,,,,,,
,,,,,20220324,154,,,050,九州営業所,521,接待交際費,,,10000,31,,10,,,,000,共通部門,204,未払金,,,10000,00,,,,,,結婚式会費,,,,,,,
,,,,,20220324,172,,,010,札幌営業所,10E200020,販売手数料,,,189000,31,,10,,,,000,共通部門,204,未払金,,,189000,00,,,,,,業務委託費支払い,,,,,,,
,,,,,20220325,78,,,030,名古屋支店,10E200020,販売手数料,,,189000,31,,10,,,,000,共通部門,204,未払金,,,189000,00,,,,,,業務委託費支払い,,,,,,,
,,,,,20220325,106,,,000,共通部門,130,受取手形,,,13269523,00,,,,,,000,共通部門,131,売掛金,2,株式会社桜丘百貨店,13269523,00,,,,,,3月25日伝票No474株式会社桜丘百貨店 | 売上伝票=20220228-112;手形番号=R20220325-106-2,,,,,,,
,,,,,20220325,107,,,000,共通部門,10A100020-3,普通預金,30,GHI銀行 名古屋,1323237,00,,,,,,000,共通部門,131,売掛金,7,株式会社光彩堂商事,1323237,00,,,,,,3月25日伝票No475株式会社光彩堂商事,,,,,,,
,,,,,20220325,107,,,030,名古屋支店,512,支払手数料,,,735,31,,10,,,,000,共通部門,131,売掛金,7,株式会社光彩堂商事,735,00,,,,,,3月25日伝票No475株式会社光彩堂商事,,,,,,,
,,,,,20220325,108,,,000,共通部門,10A100020-3,普通預金,40,JKL銀行 梅田,533514,00,,,,,,000,共通部門,131,売掛金,23,株式会社杉の木商店,533514,00,,,,,,3月25日伝票No476株式会社杉の木商店,,,,,,,
,,,,,20220325,108,,,040,大阪支店,512,支払手数料,,,630,31,,10,,,,000,共通部門,131,売掛金,23,株式会社杉の木商店,630,00,,,,,,3月25日伝票No476株式会社杉の木商店,,,,,,,
,,,,,20220325,109,,,000,共通部門,10A100020-3,普通預金,10,DEF銀行 駅前,3740456,00,,,,,,000,共通部門,131,売掛金,25,株式会社ほのかマート,3740456,00,,,,,,3月25日伝票No477株式会社ほのかマート,,,,,,,
,,,,,20220325,109,,,010,札幌営業所,512,支払手数料,,,840,31,,10,,,,000,共通部門,131,売掛金,25,株式会社ほのかマート,840,00,,,,,,3月25日伝票No477株式会社ほのかマート,,,,,,,
,,,,,20220325,111,,,040,大阪支店,522,旅費・交通費,,,16890,31,,10,,,,000,共通部門,204,未払金,,,16890,00,,,,,,タクシー代,,,,,,,
,,,,,20220325,120,,,040,大阪支店,10E200020,販売手数料,,,945000,31,,10,,,,000,共通部門,204,未払金,,,945000,00,,,,,,業務委託費,,,,,,,
,,,,,20220325,121,,,040,大阪支店,10E200140,福利厚生費,,,16500,31,,10,,,,000,共通部門,100,現金,,,16500,00,,,,,,お茶代,,,,,,,
,,,,,20220325,131,,,040,大阪支店,10E201140,諸会費,,,24000,00,,,,,,000,共通部門,10A100020-3,普通預金,40,JKL銀行 梅田,24000,00,,,,,,会費,,,,,,,
,,,,,20220325,138,,,040,大阪支店,10E201120,車両費,,,4351,31,,10,,,,000,共通部門,100,現金,,,4351,00,,,,,,高速代,,,,,,,
,,,,,20220325,138,,,040,大阪支店,10E201120,車両費,,,3408,31,,10,,,,000,共通部門,100,現金,,,3408,00,,,,,,ガソリン代,,,,,,,
,,,,,20220325,138,,,040,大阪支店,10E201120,車両費,,,5686,31,,10,,,,000,共通部門,100,現金,,,5686,00,,,,,,高速代,,,,,,,
,,,,,20220325,138,,,040,大阪支店,10E201120,車両費,,,4287,31,,10,,,,000,共通部門,100,現金,,,4287,00,,,,,,高速代,,,,,,,
,,,,,20220325,138,,,040,大阪支店,10E201120,車両費,,,2569,31,,10,,,,000,共通部門,100,現金,,,2569,00,,,,,,高速代,,,,,,,
,,,,,20220325,138,,,040,大阪支店,10E201120,車両費,,,1096,31,,10,,,,000,共通部門,100,現金,,,1096,00,,,,,,高速代,,,,,,,
,,,,,20220325,138,,,040,大阪支店,10E201120,車両費,,,3372,31,,10,,,,000,共通部門,100,現金,,,3372,00,,,,,,駐車代,,,,,,,
,,,,,20220325,173,,,050,九州営業所,526,租税公課,,,24000,00,,,,,,000,共通部門,100,現金,,,24000,00,,,,,,収入印紙代,,,,,,,
,,,,,20220326,35,,,010,札幌営業所,10E201160,新聞図書費,,,3925,31,,10,,,,000,共通部門,100,現金,,,3925,00,,,,,,新聞代,,,,,,,
,,,,,20220326,37,,,020,東京支店,10E200020,販売手数料,,,1532000,31,,10,,,,000,共通部門,204,未払金,,,1532000,00,,,,,,業務委託費,,,,,,,
,,,,,20220326,38,,,020,東京支店,10E200140,福利厚生費,,,48164,31,,10,,,,000,共通部門,204,未払金,,,48164,00,,,,,,宿泊費,,,,,,,
,,,,,20220326,62,,,020,東京支店,523,通信費,,,99545,31,,10,,,,000,共通部門,10A100020-3,普通預金,20,ABC銀行 本店,99545,00,,,,,,携帯代,,,,,,,
,,,,,20220326,75,,,020,東京支店,521,接待交際費,,,1260,31,,10,,,,000,共通部門,100,現金,,,1260,00,,,,,,コーヒー代2名,,,,,,,
,,,,,20220326,76,,,050,九州営業所,10E201120,車両費,,,4961,31,,10,,,,000,共通部門,100,現金,,,4961,00,,,,,,ガソリン代,,,,,,,
,,,,,20220326,76,,,050,九州営業所,10E201120,車両費,,,572,31,,10,,,,000,共通部門,100,現金,,,572,00,,,,,,駐車代,,,,,,,
,,,,,20220326,88,,,030,名古屋支店,10E201160,新聞図書費,,,3568,31,,10,,,,000,共通部門,100,現金,,,3568,00,,,,,,新聞代,,,,,,,
,,,,,20220326,105,,,040,大阪支店,521,接待交際費,,,11862,31,,10,,,,000,共通部門,100,現金,,,11862,00,,,,,,飲食代 架空店舗075 4名,,,,,,,
,,,,,20220326,105,,,040,大阪支店,521,接待交際費,,,25086,31,,10,,,,000,共通部門,100,現金,,,25086,00,,,,,,飲食代 架空店舗022,,,,,,,
,,,,,20220326,113,,,040,大阪支店,523,通信費,,,110473,31,,10,,,,000,共通部門,10A100020-3,普通預金,40,JKL銀行 梅田,110473,00,,,,,,携帯代,,,,,,,
,,,,,20220326,139,,,040,大阪支店,10E200140,福利厚生費,,,65048,31,,10,,,,000,共通部門,204,未払金,,,65048,00,,,,,,社員夜食代,,,,,,,
,,,,,20220326,171,,,050,九州営業所,523,通信費,,,57089,31,,10,,,,000,共通部門,10A100020-3,普通預金,50,MNO銀行 北九州,57089,00,,,,,,携帯代,,,,,,,
,,,,,20220327,14,,,010,札幌営業所,10E201120,車両費,,,3000,31,,10,,,,000,共通部門,100,現金,,,3000,00,,,,,,ガソリン代,,,,,,,
,,,,,20220327,30,,,010,札幌営業所,531,保険料,,,54320,30,,,,,,000,共通部門,10A100020-3,普通預金,10,DEF銀行 駅前,54320,00,,,,,,保険料支払,,,,,,,
,,,,,20220327,32,,,010,札幌営業所,10E201110,事務用消耗品費,,,3098,31,,10,,,,000,共通部門,204,未払金,,,3098,00,,,,,,事務用品費,,,,,,,
,,,,,20220327,60,,,020,東京支店,522,旅費・交通費,,,11200,31,,10,,,,000,共通部門,100,現金,,,11200,00,,,,,,旅費,,,,,,,
,,,,,20220327,72,,,020,東京支店,10E201160,新聞図書費,,,2864,31,,10,,,,000,共通部門,100,現金,,,2864,00,,,,,,新聞代,,,,,,,
,,,,,20220327,72,,,020,東京支店,10E201160,新聞図書費,,,2815,31,,10,,,,000,共通部門,100,現金,,,2815,00,,,,,,新聞代,,,,,,,
,,,,,20220327,72,,,020,東京支店,10E201160,新聞図書費,,,3399,31,,10,,,,000,共通部門,100,現金,,,3399,00,,,,,,新聞代,,,,,,,
,,,,,20220327,87,,,030,名古屋支店,523,通信費,,,41558,31,,10,,,,000,共通部門,10A100020-3,普通預金,30,GHI銀行 名古屋,41558,00,,,,,,携帯代,,,,,,,
,,,,,20220327,114,,,040,大阪支店,10E201160,新聞図書費,,,2540,31,,10,,,,000,共通部門,100,現金,,,2540,00,,,,,,新聞代,,,,,,,
,,,,,20220327,114,,,040,大阪支店,10E201160,新聞図書費,,,2864,31,,10,,,,000,共通部門,100,現金,,,2864,00,,,,,,新聞代,,,,,,,
,,,,,20220328,9,,,010,札幌営業所,521,接待交際費,,,5250,31,,10,,,,000,共通部門,100,現金,,,5250,00,,,,,,手土産代 株式会社光彩堂商事,,,,,,,
,,,,,20220328,39,,,020,東京支店,10E200140,福利厚生費,,,9000,31,,10,,,,000,共通部門,100,現金,,,9000,00,,,,,,会費,,,,,,,
,,,,,20220328,81,,,030,名古屋支店,522,旅費・交通費,,,9800,31,,10,,,,000,共通部門,100,現金,,,9800,00,,,,,,架空鉄道会社A代,,,,,,,
,,,,,20220328,137,,,040,大阪支店,10E201270,雑費,,,6000,31,,10,,,,000,共通部門,204,未払金,,,6000,00,,,,,,有線,,,,,,,
,,,,,20220328,137,,,040,大阪支店,10E201270,雑費,,,42858,31,,10,,,,000,共通部門,204,未払金,,,42858,00,,,,,,警備料,,,,,,,
,,,,,20220328,137,,,040,大阪支店,10E201120,車両費,,,42652,31,,10,,,,000,共通部門,10A100020-3,普通預金,40,JKL銀行 梅田,42652,00,,,,,,高速料,,,,,,,
,,,,,20220328,137,,,040,大阪支店,10E201270,雑費,,,58100,31,,10,,,,000,共通部門,204,未払金,,,58100,00,,,,,,清掃料,,,,,,,
,,,,,20220328,170,,,050,九州営業所,10E201160,新聞図書費,,,3007,31,,10,,,,000,共通部門,100,現金,,,3007,00,,,,,,新聞代,,,,,,,
,,,,,20220329,27,,,010,札幌営業所,522,旅費・交通費,,,44324,31,,10,,,,000,共通部門,100,現金,,,44324,00,,,,,,旅費,,,,,,,
,,,,,20220329,27,,,010,札幌営業所,522,旅費・交通費,,,56000,31,,10,,,,000,共通部門,100,現金,,,56000,00,,,,,,旅費,,,,,,,
,,,,,20220329,27,,,010,札幌営業所,522,旅費・交通費,,,30858,31,,10,,,,000,共通部門,100,現金,,,30858,00,,,,,,旅費,,,,,,,
,,,,,20220329,83,,,030,名古屋支店,10E201120,車両費,,,51500,31,,10,,,,000,共通部門,100,現金,,,51500,00,,,,,,車両管理費,,,,,,,
,,,,,20220330,144,,,000,共通部門,10A100020-3,普通預金,20,ABC銀行 本店,4000000,00,,,,,,000,共通部門,10A100020-3,普通預金,30,GHI銀行 名古屋,4000000,00,,,,,,資金移動,,,,,,,
,,,,,20220330,148,,,000,共通部門,10A100020-3,普通預金,20,ABC銀行 本店,16000000,00,,,,,,000,共通部門,10A100020-2,当座預金,1,ABC銀行,16000000,00,,,,,,資金移動,,,,,,,
,,,,,20220330,155,,,050,九州営業所,10E201120,車両費,,,6801,31,,10,,,,000,共通部門,100,現金,,,6801,00,,,,,,ガソリン代,,,,,,,
,,,,,20220330,155,,,050,九州営業所,10E201120,車両費,,,1143,31,,10,,,,000,共通部門,100,現金,,,1143,00,,,,,,高速代,,,,,,,
,,,,,20220331,1,,,010,札幌営業所,10E200870,運賃,,,244210,31,,10,,,,000,共通部門,204,未払金,,,244210,00,,,,,,運賃 架空運送会社B,,,,,,,
,,,,,20220331,5,,,010,札幌営業所,10E200050,広告宣伝費,,,52500,31,,10,,,,000,共通部門,10A100020-3,普通預金,10,DEF銀行 駅前,52500,00,,,,,,広告費,,,,,,,
,,,,,20220331,13,,,010,札幌営業所,10E201120,車両費,,,10000,31,,10,,,,000,共通部門,100,現金,,,10000,00,,,,,,ガソリン代,,,,,,,
,,,,,20220331,15,,,010,札幌営業所,10E201120,車両費,,,3000,31,,10,,,,000,共通部門,100,現金,,,3000,00,,,,,,洗車代,,,,,,,
,,,,,20220331,36,,,020,東京支店,10E200870,運賃,,,1376962,31,,10,,,,000,共通部門,204,未払金,,,1376962,00,,,,,,運賃 架空運送会社A,,,,,,,
,,,,,20220331,36,,,020,東京支店,10E200870,運賃,,,792839,31,,10,,,,000,共通部門,204,未払金,,,792839,00,,,,,,運賃 架空運送会社B,,,,,,,
,,,,,20220331,40,,,020,東京支店,10E200050,広告宣伝費,,,50000,31,,10,,,,000,共通部門,204,未払金,,,50000,00,,,,,,広告掲載,,,,,,,
,,,,,20220331,49,,,020,東京支店,10E201120,車両費,,,163470,31,,10,,,,000,共通部門,204,未払金,,,163470,00,,,,,,ガソリン代,,,,,,,
,,,,,20220331,49,,,020,東京支店,10E201120,車両費,,,2626,31,,10,,,,000,共通部門,100,現金,,,2626,00,,,,,,ガソリン代,,,,,,,
,,,,,20220331,49,,,020,東京支店,10E201120,車両費,,,5729,31,,10,,,,000,共通部門,100,現金,,,5729,00,,,,,,ガソリン代,,,,,,,
,,,,,20220331,55,,,020,東京支店,10E201120,車両費,,,23810,31,,10,,,,000,共通部門,100,現金,,,23810,00,,,,,,車両管理費,,,,,,,
,,,,,20220331,55,,,020,東京支店,10E201120,車両費,,,26667,31,,10,,,,000,共通部門,100,現金,,,26667,00,,,,,,車両管理費,,,,,,,
,,,,,20220331,55,,,020,東京支店,10E201120,車両費,,,7667,31,,10,,,,000,共通部門,100,現金,,,7667,00,,,,,,高速代,,,,,,,
,,,,,20220331,62,,,020,東京支店,10E200540,法定福利費,,,403840,30,,,,,,000,共通部門,10A100020-3,普通預金,20,ABC銀行 本店,403840,00,,,,,,労災保険支払い,,,,,,,
,,,,,20220331,62,,,020,東京支店,10E200540,法定福利費,,,662257,30,,,,,,000,共通部門,10A100020-3,普通預金,20,ABC銀行 本店,662257,00,,,,,,雇用保険料　事業主負担,,,,,,,
,,,,,20220331,62,,,000,共通部門,208,預り金,9,その他,441505,00,,,,,,000,共通部門,10A100020-3,普通預金,20,ABC銀行 本店,441505,00,,,,,,雇用保険料,,,,,,,
,,,,,20220331,63,,,020,東京支店,531,保険料,,,81000,30,,,,,,000,共通部門,10A100020-3,普通預金,20,ABC銀行 本店,81000,00,,,,,,保険料,,,,,,,
,,,,,20220331,66,,,020,東京支店,10E200730,リース料,,,209850,31,,10,,,,000,共通部門,10A100020-3,普通預金,20,ABC銀行 本店,209850,00,,,,,,リース料,,,,,,,
,,,,,20220331,67,,,020,東京支店,10E201140,諸会費,,,30000,00,,,,,,000,共通部門,100,現金,,,30000,00,,,,,,会費支払い,,,,,,,
,,,,,20220331,70,,,020,東京支店,10E201270,雑費,,,6000,31,,10,,,,000,共通部門,204,未払金,,,6000,00,,,,,,有線,,,,,,,
,,,,,20220331,70,,,020,東京支店,10E201270,雑費,,,52381,31,,10,,,,000,共通部門,204,未払金,,,52381,00,,,,,,警備料,,,,,,,
,,,,,20220331,70,,,020,東京支店,10E201120,車両費,,,73315,31,,10,,,,000,共通部門,10A100020-3,普通預金,20,ABC銀行 本店,73315,00,,,,,,高速料,,,,,,,
,,,,,20220331,70,,,020,東京支店,10E201270,雑費,,,73500,31,,10,,,,000,共通部門,204,未払金,,,73500,00,,,,,,清掃料,,,,,,,
,,,,,20220331,70,,,030,名古屋支店,531,保険料,,,62000,30,,,,,,000,共通部門,10A100020-3,普通預金,30,GHI銀行 名古屋,62000,00,,,,,,保険料,,,,,,,
,,,,,20220331,72,,,050,九州営業所,531,保険料,,,57000,30,,,,,,000,共通部門,10A100020-3,普通預金,50,MNO銀行 北九州,57000,00,,,,,,保険料支払い,,,,,,,
,,,,,20220331,77,,,030,名古屋支店,10E200870,運賃,,,202600,31,,10,,,,000,共通部門,204,未払金,,,202600,00,,,,,,運賃,,,,,,,
,,,,,20220331,79,,,010,札幌営業所,525,消耗品費,,,38262,00,,,,,,000,共通部門,525,消耗品費,,,38262,00,,,,,,消耗品費　部門配賦,,,,,,,
,,,,,20220331,79,,,020,東京支店,525,消耗品費,,,166966,00,,,,,,000,共通部門,525,消耗品費,,,166966,00,,,,,,消耗品費　部門配賦,,,,,,,
,,,,,20220331,79,,,030,名古屋支店,525,消耗品費,,,34784,00,,,,,,000,共通部門,525,消耗品費,,,34784,00,,,,,,消耗品費　部門配賦,,,,,,,
,,,,,20220331,79,,,040,大阪支店,525,消耗品費,,,83482,00,,,,,,000,共通部門,525,消耗品費,,,83482,00,,,,,,消耗品費　部門配賦,,,,,,,
,,,,,20220331,79,,,050,九州営業所,525,消耗品費,,,24349,00,,,,,,000,共通部門,525,消耗品費,,,24349,00,,,,,,消耗品費　部門配賦,,,,,,,
,,,,,20220331,93,,,040,大阪支店,10E201000,修繕維持費,,,17850,31,,10,,,,000,共通部門,204,未払金,,,17850,00,,,,,,修繕費,,,,,,,
,,,,,20220331,93,,,000,共通部門,208,預り金,1,保険料,742977,00,,,,,,000,共通部門,10A100020-3,普通預金,20,ABC銀行 本店,742977,00,,,,,,保険料預かり分,,,,,,,
,,,,,20220331,93,,,020,東京支店,10E200540,法定福利費,,,120411,30,,,,,,000,共通部門,10A100020-3,普通預金,20,ABC銀行 本店,120411,00,,,,,,保険料　事業主負担分,,,,,,,
,,,,,20220331,93,,,020,東京支店,10E200540,法定福利費,,,236045,30,,,,,,000,共通部門,10A100020-3,普通預金,20,ABC銀行 本店,236045,00,,,,,,保険料　事業主負担分,,,,,,,
,,,,,20220331,93,,,010,札幌営業所,10E200540,法定福利費,,,103424,30,,,,,,000,共通部門,10A100020-3,普通預金,20,ABC銀行 本店,103424,00,,,,,,保険料　事業主負担分,,,,,,,
,,,,,20220331,93,,,030,名古屋支店,10E200540,法定福利費,,,96352,30,,,,,,000,共通部門,10A100020-3,普通預金,20,ABC銀行 本店,96352,00,,,,,,保険料　事業主負担分,,,,,,,
,,,,,20220331,93,,,040,大阪支店,10E200540,法定福利費,,,119477,30,,,,,,000,共通部門,10A100020-3,普通預金,20,ABC銀行 本店,119477,00,,,,,,保険料　事業主負担分,,,,,,,
,,,,,20220331,93,,,050,九州営業所,10E200540,法定福利費,,,67268,30,,,,,,000,共通部門,10A100020-3,普通預金,20,ABC銀行 本店,67268,00,,,,,,保険料　事業主負担分,,,,,,,
,,,,,20220331,93,,,020,東京支店,10E200540,法定福利費,,,11056,30,,,,,,000,共通部門,10A100020-3,普通預金,20,ABC銀行 本店,11056,00,,,,,,児童拠出金　事業主負担分,,,,,,,
,,,,,20220331,96,,,030,名古屋支店,10E201270,雑費,,,22470,31,,10,,,,000,共通部門,10A100020-3,普通預金,30,GHI銀行 名古屋,22470,00,,,,,,警備料,,,,,,,
,,,,,20220331,99,,,040,大阪支店,10E200870,運賃,,,977410,31,,10,,,,000,共通部門,204,未払金,,,977410,00,,,,,,運賃,,,,,,,
,,,,,20220331,100,,,040,大阪支店,10E200140,福利厚生費,,,6000,31,,10,,,,000,共通部門,100,現金,,,6000,00,,,,,,会費,,,,,,,
,,,,,20220331,110,,,000,共通部門,131,売掛金,14,株式会社花咲商事,2360032,00,,,,,,010,札幌営業所,10D100100,売上高,,,2360032,01,,10,,,,3月1日～3月31日分売上,,,,,,,
,,,,,20220331,110,,,000,共通部門,131,売掛金,25,株式会社ほのかマート,2708884,00,,,,,,010,札幌営業所,10D100100,売上高,,,2708884,01,,10,,,,3月1日～3月31日分売上,,,,,,,
,,,,,20220331,110,,,000,共通部門,131,売掛金,5,東雲商会株式会社,1825556,00,,,,,,010,札幌営業所,10D100100,売上高,,,1825556,01,,10,,,,3月1日～3月31日分売上,,,,,,,
,,,,,20220331,111,,,000,共通部門,131,売掛金,30,株式会社彩雲トレーディング,2358524,00,,,,,,020,東京支店,10D100100,売上高,,,2358524,01,,10,,,,3月1日～3月31日分売上,,,,,,,
,,,,,20220331,111,,,000,共通部門,131,売掛金,2,株式会社桜丘百貨店,8251179,00,,,,,,020,東京支店,10D100100,売上高,,,8251179,01,,10,,,,3月1日～3月31日分売上,,,,,,,
,,,,,20220331,111,,,000,共通部門,131,売掛金,24,白峰商事株式会社,3907856,00,,,,,,020,東京支店,10D100100,売上高,,,3907856,01,,10,,,,3月1日～3月31日分売上,,,,,,,
,,,,,20220331,111,,,000,共通部門,131,売掛金,10,合同会社こもれび商事,1407648,00,,,,,,020,東京支店,10D100100,売上高,,,1407648,01,,10,,,,3月1日～3月31日分売上,,,,,,,
,,,,,20220331,111,,,000,共通部門,131,売掛金,26,若松販売株式会社,2699820,00,,,,,,020,東京支店,10D100100,売上高,,,2699820,01,,10,,,,3月1日～3月31日分売上,,,,,,,
,,,,,20220331,111,,,000,共通部門,131,売掛金,12,株式会社緑野百貨店,2901201,00,,,,,,020,東京支店,10D100100,売上高,,,2901201,01,,10,,,,3月1日～3月31日分売上,,,,,,,
,,,,,20220331,111,,,000,共通部門,131,売掛金,11,株式会社楓屋,1581860,00,,,,,,020,東京支店,10D100100,売上高,,,1581860,01,,10,,,,3月1日～3月31日分売上,,,,,,,
,,,,,20220331,111,,,000,共通部門,131,売掛金,13,星川商事株式会社,2940652,00,,,,,,020,東京支店,10D100100,売上高,,,2940652,01,,10,,,,3月1日～3月31日分売上,,,,,,,
,,,,,20220331,111,,,000,共通部門,131,売掛金,14,株式会社花咲商事,1690176,00,,,,,,020,東京支店,10D100100,売上高,,,1690176,01,,10,,,,3月1日～3月31日分売上,,,,,,,
,,,,,20220331,112,,,000,共通部門,131,売掛金,19,株式会社南風商会,2097864,00,,,,,,030,名古屋支店,10D100100,売上高,,,2097864,01,,10,,,,3月1日～3月31日分売上,,,,,,,
,,,,,20220331,112,,,000,共通部門,131,売掛金,21,合同会社つばさ商店,1433744,00,,,,,,030,名古屋支店,10D100100,売上高,,,1433744,01,,10,,,,3月1日～3月31日分売上,,,,,,,
,,,,,20220331,112,,,000,共通部門,131,売掛金,27,晴海物産株式会社,1331520,00,,,,,,030,名古屋支店,10D100100,売上高,,,1331520,01,,10,,,,3月1日～3月31日分売上,,,,,,,
,,,,,20220331,112,,,000,共通部門,131,売掛金,6,株式会社瑞穂流通,871860,00,,,,,,030,名古屋支店,10D100100,売上高,,,871860,01,,10,,,,3月1日～3月31日分売上,,,,,,,
,,,,,20220331,112,,,000,共通部門,131,売掛金,7,株式会社光彩堂商事,758914,00,,,,,,030,名古屋支店,10D100100,売上高,,,758914,01,,10,,,,3月1日～3月31日分売上,,,,,,,
,,,,,20220331,112,,,000,共通部門,131,売掛金,14,株式会社花咲商事,2055400,00,,,,,,030,名古屋支店,10D100100,売上高,,,2055400,01,,10,,,,3月1日～3月31日分売上,,,,,,,
,,,,,20220331,113,,,000,共通部門,131,売掛金,4,株式会社ひなたマート,3647192,00,,,,,,040,大阪支店,10D100100,売上高,,,3647192,01,,10,,,,3月1日～3月31日分売上,,,,,,,
,,,,,20220331,113,,,000,共通部門,131,売掛金,9,朝凪物産株式会社,3304738,00,,,,,,040,大阪支店,10D100100,売上高,,,3304738,01,,10,,,,3月1日～3月31日分売上,,,,,,,
,,,,,20220331,113,,,000,共通部門,131,売掛金,20,清和商事株式会社,1403080,00,,,,,,040,大阪支店,10D100100,売上高,,,1403080,01,,10,,,,3月1日～3月31日分売上,,,,,,,
,,,,,20220331,113,,,000,共通部門,131,売掛金,28,株式会社青葉百貨店,4383630,00,,,,,,040,大阪支店,10D100100,売上高,,,4383630,01,,10,,,,3月1日～3月31日分売上,,,,,,,
,,,,,20220331,113,,,000,共通部門,131,売掛金,14,株式会社花咲商事,3056284,00,,,,,,040,大阪支店,10D100100,売上高,,,3056284,01,,10,,,,3月1日～3月31日分売上,,,,,,,
,,,,,20220331,113,,,000,共通部門,131,売掛金,3,青凪商事株式会社,919254,00,,,,,,040,大阪支店,10D100100,売上高,,,919254,01,,10,,,,3月1日～3月31日分売上,,,,,,,
,,,,,20220331,113,,,000,共通部門,131,売掛金,8,株式会社高原マーケット,754741,00,,,,,,040,大阪支店,10D100100,売上高,,,754741,01,,10,,,,3月1日～3月31日分売上,,,,,,,
,,,,,20220331,113,,,000,共通部門,131,売掛金,23,株式会社杉の木商店,1008640,00,,,,,,040,大阪支店,10D100100,売上高,,,1008640,01,,10,,,,3月1日～3月31日分売上,,,,,,,
,,,,,20220331,114,,,000,共通部門,131,売掛金,1,株式会社若葉百貨店,5724549,00,,,,,,050,九州営業所,10D100100,売上高,,,5724549,01,,10,,,,3月1日～3月31日分売上,,,,,,,
,,,,,20220331,114,,,000,共通部門,131,売掛金,14,株式会社花咲商事,2722880,00,,,,,,050,九州営業所,10D100100,売上高,,,2722880,01,,10,,,,3月1日～3月31日分売上,,,,,,,
,,,,,20220331,114,,,000,共通部門,131,売掛金,22,株式会社豊原産業,2617248,00,,,,,,050,九州営業所,10D100100,売上高,,,2617248,01,,10,,,,3月1日～3月31日分売上,,,,,,,
,,,,,20220331,114,,,000,共通部門,131,売掛金,29,株式会社小春サービス,1721354,00,,,,,,050,九州営業所,10D100100,売上高,,,1721354,01,,10,,,,3月1日～3月31日分売上,,,,,,,
,,,,,20220331,115,,,000,共通部門,10A100020-3,普通預金,40,JKL銀行 梅田,1289400,00,,,,,,000,共通部門,131,売掛金,4,株式会社ひなたマート,1289400,00,,,,,,3月31日伝票No478株式会社ひなたマート,,,,,,,
,,,,,20220331,115,,,040,大阪支店,512,支払手数料,,,840,31,,10,,,,000,共通部門,131,売掛金,4,株式会社ひなたマート,840,00,,,,,,3月31日伝票No478株式会社ひなたマート,,,,,,,
,,,,,20220331,115,,,040,大阪支店,531,保険料,,,64500,30,,,,,,000,共通部門,10A100020-3,普通預金,40,JKL銀行 梅田,64500,00,,,,,,保険料,,,,,,,
,,,,,20220331,116,,,000,共通部門,10A100020-3,普通預金,10,DEF銀行 駅前,1393258,00,,,,,,000,共通部門,131,売掛金,5,東雲商会株式会社,1393258,00,,,,,,3月31日伝票No479東雲商会株式会社,,,,,,,
,,,,,20220331,116,,,010,札幌営業所,512,支払手数料,,,840,31,,10,,,,000,共通部門,131,売掛金,5,東雲商会株式会社,840,00,,,,,,3月31日伝票No479東雲商会株式会社,,,,,,,
,,,,,20220331,116,,,040,大阪支店,10E200730,リース料,,,84000,31,,10,,,,000,共通部門,10A100020-3,普通預金,40,JKL銀行 梅田,84000,00,,,,,,リース料,,,,,,,
,,,,,20220331,117,,,000,共通部門,100,現金,,,140000,00,,,,,,000,共通部門,131,売掛金,10,合同会社こもれび商事,140000,00,,,,,,3月31日伝票No480合同会社こもれび商事,,,,,,,
,,,,,20220331,118,,,000,共通部門,130,受取手形,,,7423367,00,,,,,,000,共通部門,131,売掛金,12,株式会社緑野百貨店,7423367,00,,,,,,3月31日伝票No481株式会社緑野百貨店 | 売上伝票=20220228-112;手形番号=R20220331-118-12,,,,,,,
,,,,,20220331,119,,,000,共通部門,10A100020-3,普通預金,20,ABC銀行 本店,225990,00,,,,,,000,共通部門,131,売掛金,24,白峰商事株式会社,225990,00,,,,,,3月31日伝票No482白峰商事株式会社,,,,,,,
,,,,,20220331,119,,,020,東京支店,512,支払手数料,,,630,31,,10,,,,000,共通部門,131,売掛金,24,白峰商事株式会社,630,00,,,,,,3月31日伝票No482白峰商事株式会社,,,,,,,
,,,,,20220331,120,,,000,共通部門,10A100020-3,普通預金,50,MNO銀行 北九州,485810,00,,,,,,000,共通部門,131,売掛金,29,株式会社小春サービス,485810,00,,,,,,3月31日伝票No483株式会社小春サービス,,,,,,,
,,,,,20220331,120,,,050,九州営業所,512,支払手数料,,,210,31,,10,,,,000,共通部門,131,売掛金,29,株式会社小春サービス,210,00,,,,,,3月31日伝票No483株式会社小春サービス,,,,,,,
,,,,,20220331,121,,,010,札幌営業所,461,仕入高,,,102816,31,,10,,,,000,共通部門,201,買掛金,8,株式会社白樺商事,102816,00,,,,,,3月1日～3月31日分仕入,,,,,,,
,,,,,20220331,121,,,010,札幌営業所,461,仕入高,,,161481,31,,10,,,,000,共通部門,201,買掛金,2,株式会社双葉物産,161481,00,,,,,,3月1日～3月31日分仕入,,,,,,,
,,,,,20220331,122,,,020,東京支店,461,仕入高,,,1604983,31,,10,,,,000,共通部門,201,買掛金,13,朝日野産業株式会社,1604983,00,,,,,,3月1日～3月31日分仕入,,,,,,,
,,,,,20220331,122,,,020,東京支店,461,仕入高,,,708722,31,,10,,,,000,共通部門,201,買掛金,2,株式会社双葉物産,708722,00,,,,,,3月1日～3月31日分仕入,,,,,,,
,,,,,20220331,122,,,020,東京支店,461,仕入高,,,3306604,31,,10,,,,000,共通部門,201,買掛金,14,合同会社あかね商会,3306604,00,,,,,,3月1日～3月31日分仕入,,,,,,,
,,,,,20220331,122,,,020,東京支店,461,仕入高,,,3861324,31,,10,,,,000,共通部門,201,買掛金,3,青凪商事株式会社,3861324,00,,,,,,3月1日～3月31日分仕入,,,,,,,
,,,,,20220331,122,,,020,東京支店,461,仕入高,,,7758109,31,,10,,,,000,共通部門,201,買掛金,1,株式会社北辰商事,7758109,00,,,,,,3月1日～3月31日分仕入,,,,,,,
,,,,,20220331,122,,,020,東京支店,461,仕入高,,,5736237,31,,10,,,,000,共通部門,201,買掛金,11,株式会社花園商会,5736237,00,,,,,,3月1日～3月31日分仕入,,,,,,,
,,,,,20220331,122,,,020,東京支店,461,仕入高,,,371183,31,,10,,,,000,共通部門,201,買掛金,12,株式会社泉川商事,371183,00,,,,,,3月1日～3月31日分仕入,,,,,,,
,,,,,20220331,122,,,020,東京支店,461,仕入高,,,46267,31,,10,,,,000,共通部門,201,買掛金,8,株式会社白樺商事,46267,00,,,,,,3月1日～3月31日分仕入,,,,,,,
,,,,,20220331,123,,,030,名古屋支店,461,仕入高,,,2437314,31,,10,,,,000,共通部門,201,買掛金,9,東原産業株式会社,2437314,00,,,,,,3月1日～3月31日分仕入,,,,,,,
,,,,,20220331,123,,,030,名古屋支店,461,仕入高,,,1591695,31,,10,,,,000,共通部門,201,買掛金,15,株式会社麦穂商事,1591695,00,,,,,,3月1日～3月31日分仕入,,,,,,,
,,,,,20220331,123,,,030,名古屋支店,461,仕入高,,,4231805,31,,10,,,,000,共通部門,201,買掛金,7,株式会社夕凪商会,4231805,00,,,,,,3月1日～3月31日分仕入,,,,,,,
,,,,,20220331,123,,,030,名古屋支店,461,仕入高,,,102816,31,,10,,,,000,共通部門,201,買掛金,8,株式会社白樺商事,102816,00,,,,,,3月1日～3月31日分仕入,,,,,,,
,,,,,20220331,123,,,030,名古屋支店,461,仕入高,,,320719,31,,10,,,,000,共通部門,201,買掛金,2,株式会社双葉物産,320719,00,,,,,,3月1日～3月31日分仕入,,,,,,,
,,,,,20220331,124,,,040,大阪支店,461,仕入高,,,4615320,31,,10,,,,000,共通部門,201,買掛金,6,株式会社日向産業,4615320,00,,,,,,3月1日～3月31日分仕入,,,,,,,
,,,,,20220331,124,,,040,大阪支店,461,仕入高,,,4402685,31,,10,,,,000,共通部門,201,買掛金,5,千草商事株式会社,4402685,00,,,,,,3月1日～3月31日分仕入,,,,,,,
,,,,,20220331,124,,,040,大阪支店,461,仕入高,,,1057191,31,,10,,,,000,共通部門,201,買掛金,4,株式会社和泉流通,1057191,00,,,,,,3月1日～3月31日分仕入,,,,,,,
,,,,,20220331,124,,,040,大阪支店,461,仕入高,,,154224,31,,10,,,,000,共通部門,201,買掛金,8,株式会社白樺商事,154224,00,,,,,,3月1日～3月31日分仕入,,,,,,,
,,,,,20220331,124,,,040,大阪支店,461,仕入高,,,3725251,31,,10,,,,000,共通部門,201,買掛金,10,光野販売株式会社,3725251,00,,,,,,3月1日～3月31日分仕入,,,,,,,
,,,,,20220331,124,,,040,大阪支店,461,仕入高,,,619008,31,,10,,,,000,共通部門,201,買掛金,2,株式会社双葉物産,619008,00,,,,,,3月1日～3月31日分仕入,,,,,,,
,,,,,20220331,124,,,000,共通部門,201,買掛金,10,光野販売株式会社,42840,00,,,,,,040,大阪支店,10E100120,仕入値引戻し高,,,42840,31,,10,,,,3月1日～3月31日分仕入,,,,,,,
,,,,,20220331,125,,,050,九州営業所,461,仕入高,,,217551,31,,10,,,,000,共通部門,201,買掛金,2,株式会社双葉物産,217551,00,,,,,,3月1日～3月31日分仕入,,,,,,,
,,,,,20220331,125,,,050,九州営業所,461,仕入高,,,102816,31,,10,,,,000,共通部門,201,買掛金,8,株式会社白樺商事,102816,00,,,,,,3月1日～3月31日分仕入,,,,,,,
,,,,,20220331,126,,,000,共通部門,201,買掛金,2,株式会社双葉物産,1586888,00,,,,,,000,共通部門,10A100020-3,普通預金,20,ABC銀行 本店,1586888,00,,,,,,3月31日伝票No354株式会社双葉物産,,,,,,,
,,,,,20220331,127,,,000,共通部門,201,買掛金,5,千草商事株式会社,4236496,00,,,,,,000,共通部門,10B100030,支払手形,,,4236496,00,,,,,,3月31日伝票No355千草商事株式会社,,,,,,,
,,,,,20220331,128,,,000,共通部門,201,買掛金,7,株式会社夕凪商会,3221820,00,,,,,,000,共通部門,10A100020-3,普通預金,20,ABC銀行 本店,3221820,00,,,,,,3月31日伝票No356株式会社夕凪商会,,,,,,,
,,,,,20220331,129,,,000,共通部門,201,買掛金,9,東原産業株式会社,2042022,00,,,,,,000,共通部門,10B100030,支払手形,,,2042022,00,,,,,,3月31日伝票No357東原産業株式会社,,,,,,,
,,,,,20220331,130,,,000,共通部門,201,買掛金,10,光野販売株式会社,2656388,00,,,,,,000,共通部門,10A100020-3,普通預金,20,ABC銀行 本店,2656388,00,,,,,,3月31日伝票No358光野販売株式会社,,,,,,,
,,,,,20220331,131,,,000,共通部門,201,買掛金,12,株式会社泉川商事,255528,00,,,,,,000,共通部門,10A100020-3,普通預金,20,ABC銀行 本店,255528,00,,,,,,3月31日伝票No359株式会社泉川商事,,,,,,,
,,,,,20220331,132,,,000,共通部門,201,買掛金,13,朝日野産業株式会社,1909347,00,,,,,,000,共通部門,10A100020-3,普通預金,20,ABC銀行 本店,1909347,00,,,,,,3月31日伝票No360朝日野産業株式会社,,,,,,,
,,,,,20220331,133,,,000,共通部門,201,買掛金,14,合同会社あかね商会,3385746,00,,,,,,000,共通部門,10A100020-3,普通預金,20,ABC銀行 本店,3385746,00,,,,,,3月31日伝票No361合同会社あかね商会,,,,,,,
,,,,,20220331,134,,,000,共通部門,201,買掛金,15,株式会社麦穂商事,1144940,00,,,,,,000,共通部門,10A100020-3,普通預金,20,ABC銀行 本店,1144940,00,,,,,,3月31日伝票No362株式会社麦穂商事,,,,,,,
,,,,,20220331,135,,,000,共通部門,204,未払金,,,6887180,00,,,,,,000,共通部門,10A100020-3,普通預金,20,ABC銀行 本店,6887180,00,,,,,,2月分支払,,,,,,,
,,,,,20220331,137,,,000,共通部門,10B100030,支払手形,,,4897778,00,,,,,,000,共通部門,10A100020-2,当座預金,1,ABC銀行,4897778,00,,,,,,手形期日落日 千草商事株式会社,,,,,,,
,,,,,20220331,137,,,000,共通部門,10B100030,支払手形,,,2224739,00,,,,,,000,共通部門,10A100020-2,当座預金,1,ABC銀行,2224739,00,,,,,,手形期日落日 東原産業株式会社,,,,,,,
,,,,,20220331,137,,,000,共通部門,10B100030,支払手形,,,3791833,00,,,,,,000,共通部門,10A100020-2,当座預金,1,ABC銀行,3791833,00,,,,,,手形期日落日 光野販売株式会社,,,,,,,
,,,,,20220331,138,,,000,共通部門,10A100280,商品,,,7889283,00,,,,,,010,札幌営業所,10E100140,期末商品棚卸高,,,7889283,00,,,,,,期末在庫(札幌),,,,,,,
,,,,,20220331,138,,,000,共通部門,10A100280,商品,,,32429735,00,,,,,,020,東京支店,10E100140,期末商品棚卸高,,,32429735,00,,,,,,期末在庫(東京),,,,,,,
,,,,,20220331,138,,,000,共通部門,10A100280,商品,,,6035795,00,,,,,,030,名古屋支店,10E100140,期末商品棚卸高,,,6035795,00,,,,,,期末在庫(名古屋),,,,,,,
,,,,,20220331,138,,,000,共通部門,10A100280,商品,,,12830339,00,,,,,,040,大阪支店,10E100140,期末商品棚卸高,,,12830339,00,,,,,,期末在庫(大阪),,,,,,,
,,,,,20220331,138,,,000,共通部門,10A100280,商品,,,3840394,00,,,,,,050,九州営業所,10E100140,期末商品棚卸高,,,3840394,00,,,,,,期末在庫(九州),,,,,,,
,,,,,20220331,141,,,000,共通部門,10A100020-2,当座預金,1,ABC銀行,17510543,00,,,,,,000,共通部門,130,受取手形,,,17510543,00,,,,,,手形満期 株式会社緑野百貨店 | 手形番号=R20220131-120-12;受取額に決済額を訂正,,,,,,,
,,,,,20220331,143,,,000,共通部門,10A100020-2,当座預金,1,ABC銀行,5000000,00,,,,,,000,共通部門,10A100020-3,普通預金,10,DEF銀行 駅前,5000000,00,,,,,,資金移動,,,,,,,
,,,,,20220331,143,,,000,共通部門,10A100020-2,当座預金,1,ABC銀行,6000000,00,,,,,,000,共通部門,10A100020-3,普通預金,40,JKL銀行 梅田,6000000,00,,,,,,資金移動,,,,,,,
,,,,,20220331,143,,,000,共通部門,10A100020-2,当座預金,1,ABC銀行,3000000,00,,,,,,000,共通部門,10A100020-3,普通預金,50,MNO銀行 北九州,3000000,00,,,,,,資金移動,,,,,,,
,,,,,20220331,145,,,050,九州営業所,10E200870,運賃,,,635600,31,,10,,,,000,共通部門,204,未払金,,,635600,00,,,,,,運賃,,,,,,,
,,,,,20220331,146,,,000,共通部門,10A100020-3,普通預金,20,ABC銀行 本店,40000,00,,,,,,000,共通部門,10A100610,短期貸付金,,,40000,00,,,,,,貸付金返済,,,,,,,
,,,,,20220331,146,,,000,共通部門,10A100020-3,普通預金,20,ABC銀行 本店,50000,00,,,,,,000,共通部門,10A100610,短期貸付金,,,50000,00,,,,,,貸付金返済,,,,,,,
,,,,,20220331,149,,,020,東京支店,10E200220,減価償却費,,,164000,00,,,,,,000,共通部門,10A210130,構築物,,,164000,00,,,,,,減価償却費,,,,,,,
,,,,,20220331,149,,,020,東京支店,10E200220,減価償却費,,,955962,00,,,,,,000,共通部門,165,備品,,,955962,00,,,,,,減価償却費,,,,,,,
,,,,,20220331,150,,,000,共通部門,10A100020-4,定期積金,,,500000,00,,,,,,000,共通部門,10A100020-3,普通預金,20,ABC銀行 本店,500000,00,,,,,,定期積立金,,,,,,,
,,,,,20220331,150,,,000,共通部門,10A100020-4,定期積金,,,240000,00,,,,,,000,共通部門,10A100020-3,普通預金,20,ABC銀行 本店,240000,00,,,,,,新規定期積立金,,,,,,,
,,,,,20220331,150,,,000,共通部門,10A230570,保険積立金,,,125000,00,,,,,,000,共通部門,10A100020-3,普通預金,20,ABC銀行 本店,125000,00,,,,,,保険積立金,,,,,,,
,,,,,20220331,151,,,000,共通部門,202,借入金,,,653500,00,,,,,,000,共通部門,10A100020-2,当座預金,1,ABC銀行,653500,00,,,,,,借入金返済,,,,,,,
,,,,,20220331,151,,,020,東京支店,10E300020,支払利息,,,32675,30,,,,,,000,共通部門,10A100020-2,当座預金,1,ABC銀行,32675,00,,,,,,利息,,,,,,,
,,,,,20220331,152,,,000,共通部門,10B200080,長期借入金,,,7000000,00,,,,,,000,共通部門,10A100020-2,当座預金,1,ABC銀行,7000000,00,,,,,,長期借入金返済,,,,,,,
,,,,,20220331,152,,,000,共通部門,10E300020,支払利息,,,490000,30,,,,,,000,共通部門,10A100020-2,当座預金,1,ABC銀行,490000,00,,,,,,長期借入金　利息,,,,,,,
,,,,,20220331,153,,,000,共通部門,10A100020-5,定期預金,,,18000000,00,,,,,,000,共通部門,10A100020-2,当座預金,1,ABC銀行,18000000,00,,,,,,新規定期預金,,,,,,,
,,,,,20220331,301,,,010,札幌営業所,10E100100,期首商品棚卸高,,,7858401,00,,,,,,000,共通部門,10A100280,商品,,,7858401,00,,,,,,在庫振替(札幌),,,,,,,
,,,,,20220331,301,,,020,東京支店,10E100100,期首商品棚卸高,,,31348594,00,,,,,,000,共通部門,10A100280,商品,,,31348594,00,,,,,,在庫振替(東京),,,,,,,
,,,,,20220331,301,,,030,名古屋支店,10E100100,期首商品棚卸高,,,5606387,00,,,,,,000,共通部門,10A100280,商品,,,5606387,00,,,,,,在庫振替(名古屋),,,,,,,
,,,,,20220331,301,,,040,大阪支店,10E100100,期首商品棚卸高,,,13493680,00,,,,,,000,共通部門,10A100280,商品,,,13493680,00,,,,,,在庫振替(大阪),,,,,,,
,,,,,20220331,301,,,050,九州営業所,10E100100,期首商品棚卸高,,,4706164,00,,,,,,000,共通部門,10A100280,商品,,,4706164,00,,,,,,在庫振替(九州),,,,,,,
,,,,,20220331,990012,,,010,札幌営業所,10E200130,賞与,,,110000,00,,,,,,010,札幌営業所,10B100320,賞与引当金,,,110000,00,,,,,,サンプル定義：賞与半年均等引当 202203 部門010,,,,,,,
,,,,,20220331,990012,,,020,東京支店,10E200130,賞与,,,261667,00,,,,,,020,東京支店,10B100320,賞与引当金,,,261667,00,,,,,,サンプル定義：賞与半年均等引当 202203 部門020,,,,,,,
,,,,,20220331,990012,,,030,名古屋支店,10E200130,賞与,,,102667,00,,,,,,030,名古屋支店,10B100320,賞与引当金,,,102667,00,,,,,,サンプル定義：賞与半年均等引当 202203 部門030,,,,,,,
,,,,,20220331,990012,,,040,大阪支店,10E200130,賞与,,,120333,00,,,,,,040,大阪支店,10B100320,賞与引当金,,,120333,00,,,,,,サンプル定義：賞与半年均等引当 202203 部門040,,,,,,,
,,,,,20220331,990012,,,050,九州営業所,10E200130,賞与,,,79000,00,,,,,,050,九州営業所,10B100320,賞与引当金,,,79000,00,,,,,,サンプル定義：賞与半年均等引当 202203 部門050,,,,,,,
,,,,,20220331,990001,,,,,10E300020,支払利息,,,817010,00,,,,,,,,10A100020-3,普通預金,,,817010,00,,,,,,サンプル仮定：追加借入23343150円×年3.5％、通年、年度末支払,,,,,,,
,,,,,20220331,990002,,,,,526,租税公課,,,13556343,00,,,,,,,,10B100660,未払消費税等,,,13556343,00,,,,,,当年度消費税概算：税込経理、原本税額欄集計、一般課税・対象仕入税額全額控除を仮定,,,,,,,
,,,,,20220331,990003,,,,,10F100070,法人税、住民税及び事業税（概算）,,,5004173,00,,,,,,,,10B100640,未払法人税等,,,5004173,00,,,,,,法人税等サンプル概算：税引前利益×30％。法定税率・申告税額ではない,,,,,,,
