sequence,syntax_sequence,level,structured_csv_level,type,identifier,name,datatype,multiplicity,domain_name,definition,module,class_term,id,semantic_path,label_local,definition_local,structured_csv_column,element,xpath,default_value,transformation,required,note
1,0000,1,1,C,,Invoice,,1..1,,EN 16931 invoice semantic root.,en16931,Invoice,BG-ROOT,$.invoice,,,Invoice,rsm:CrossIndustryInvoice,/rsm:CrossIndustryInvoice,,,true,CEN/TS 16931-3-3:2020 Table 2 normative mapping.
2,0000.0002.0001,2,2,A,,Invoice number,Identifier,1..1,,An invoice shall have an invoice number.,en16931,Invoice,BT-1,$.invoice.invoiceNumber,,,InvoiceNumber,ram:ID,/rsm:CrossIndustryInvoice/rsm:ExchangedDocument/ram:ID,,,true,CEN/TS 16931-3-3:2020 Table 2 normative mapping.
3,0000.0002.0003.0001,2,2,A,,Invoice issue date,Date,1..1,,The date when the invoice was issued.,en16931,Invoice,BT-2,$.invoice.invoiceIssueDate,,,InvoiceIssueDate,udt:DateTimeString,/rsm:CrossIndustryInvoice/rsm:ExchangedDocument/ram:IssueDateTime/udt:DateTimeString,,CII_DATE_102,true,CEN/TS 16931-3-3:2020 Table 2 normative mapping. Date uses format 102.
4,0000.0002.0002,2,2,A,,Invoice type code,Code,1..1,,Code specifying the functional type of invoice.,en16931,Invoice,BT-3,$.invoice.invoiceTypeCode,,,InvoiceTypeCode,ram:TypeCode,/rsm:CrossIndustryInvoice/rsm:ExchangedDocument/ram:TypeCode,,,true,CEN/TS 16931-3-3:2020 Table 2 normative mapping.
5,0000.0003.0004.0004,2,2,A,,Document currency code,Code,1..1,,"The currency in which all Invoice amounts are given, except for the Total VAT amount in accounting currency.",en16931,Invoice,BT-5,$.invoice.documentCurrencyCode,,,DocumentCurrencyCode,ram:InvoiceCurrencyCode,/rsm:CrossIndustryInvoice/rsm:SupplyChainTradeTransaction/ram:ApplicableHeaderTradeSettlement/ram:InvoiceCurrencyCode,,,true,CEN/TS 16931-3-3:2020 Table 2 normative mapping.
6,0000.0003.0004.0003,2,2,A,,Tax accounting currency code,Code,0..1,,The currency used for VAT accounting and reporting purposes as accepted or required in the country of the Seller.,en16931,Invoice,BT-6,$.invoice.taxAccountingCurrencyCode,,,TaxAccountingCurrencyCode,ram:TaxCurrencyCode,/rsm:CrossIndustryInvoice/rsm:SupplyChainTradeTransaction/ram:ApplicableHeaderTradeSettlement/ram:TaxCurrencyCode,,,false,CEN/TS 16931-3-3:2020 Table 2 normative mapping.
7,0000.0003.0004.0007.0007.0001,2,2,A,,Value added tax point date,Date,0..1,,"The date when the VAT becomes accountable for the Seller and for the Buyer in so far as that date can be determined and differs from the date of issue of the invoice, according to the VAT directive.",en16931,Invoice,BT-7,$.invoice.valueAddedTaxPointDate,,,ValueAddedTaxPointDate,udt:DateString,/rsm:CrossIndustryInvoice/rsm:SupplyChainTradeTransaction/ram:ApplicableHeaderTradeSettlement/ram:ApplicableTradeTax/ram:TaxPointDate/udt:DateString,,CII_DATE_102,false,CEN/TS 16931-3-3:2020 Table 2 normative mapping. Date uses format 102.
8,0000.0003.0004.0007.0008,2,2,A,,Value added tax point date code,Code,0..1,,The code of the date when the VAT becomes accountable for the Seller and for the Buyer.,en16931,Invoice,BT-8,$.invoice.valueAddedTaxPointDateCode,,,ValueAddedTaxPointDateCode,ram:DueDateTypeCode,/rsm:CrossIndustryInvoice/rsm:SupplyChainTradeTransaction/ram:ApplicableHeaderTradeSettlement/ram:ApplicableTradeTax/ram:DueDateTypeCode,,UNCL2005_TO_UNCL2475,false,CEN Table 1: BT-8 2005→2475 code mapping.
9,0000.0003.0004.0010.0002.0001,2,2,A,,Payment due date,Date,0..1,,The date when the payment is due.,en16931,Invoice,BT-9,$.invoice.paymentDueDate,,,PaymentDueDate,udt:DateTimeString,/rsm:CrossIndustryInvoice/rsm:SupplyChainTradeTransaction/ram:ApplicableHeaderTradeSettlement/ram:SpecifiedTradePaymentTerms/ram:DueDateDateTime/udt:DateTimeString,,CII_DATE_102,false,CEN/TS 16931-3-3:2020 Table 2 normative mapping. Date uses format 102.
10,0000.0003.0002.0001,2,2,A,,Buyer reference,Text,0..1,,An identifier assigned by the Buyer used for internal routing purposes.,en16931,Invoice,BT-10,$.invoice.buyerReference,,,BuyerReference,ram:BuyerReference,/rsm:CrossIndustryInvoice/rsm:SupplyChainTradeTransaction/ram:ApplicableHeaderTradeAgreement/ram:BuyerReference,,,false,CEN/TS 16931-3-3:2020 Table 2 normative mapping.
11,0000.0003.0002.0009.0001,2,2,A,,Project reference,Identifier,0..1,,The identification of the project the invoice refers to,en16931,Invoice,BT-11,$.invoice.projectReference,,,ProjectReference,ram:ID,/rsm:CrossIndustryInvoice/rsm:SupplyChainTradeTransaction/ram:ApplicableHeaderTradeAgreement/ram:SpecifiedProcuringProject[ram:Name='Project reference']/ram:ID,,,false,CEN/TS 16931-3-3:2020 Table 2 normative mapping.
12,0000.0003.0002.0007.0001,2,2,A,,Contract reference,Identifier,0..1,,The identification of a contract.,en16931,Invoice,BT-12,$.invoice.contractReference,,,ContractReference,ram:IssuerAssignedID,/rsm:CrossIndustryInvoice/rsm:SupplyChainTradeTransaction/ram:ApplicableHeaderTradeAgreement/ram:ContractReferencedDocument/ram:IssuerAssignedID,,,false,CEN/TS 16931-3-3:2020 Table 2 normative mapping.
13,0000.0003.0002.0006.0001,2,2,A,,Purchase order reference,Identifier,0..1,,"An identifier of a referenced purchase order, issued by the Buyer.",en16931,Invoice,BT-13,$.invoice.purchaseOrderReference,,,PurchaseOrderReference,ram:IssuerAssignedID,/rsm:CrossIndustryInvoice/rsm:SupplyChainTradeTransaction/ram:ApplicableHeaderTradeAgreement/ram:BuyerOrderReferencedDocument/ram:IssuerAssignedID,,,false,CEN/TS 16931-3-3:2020 Table 2 normative mapping.
14,0000.0003.0002.0005.0001,2,2,A,,Sales order reference,Identifier,0..1,,"An identifier of a referenced sales order, issued by the Seller.",en16931,Invoice,BT-14,$.invoice.salesOrderReference,,,SalesOrderReference,ram:IssuerAssignedID,/rsm:CrossIndustryInvoice/rsm:SupplyChainTradeTransaction/ram:ApplicableHeaderTradeAgreement/ram:SellerOrderReferencedDocument/ram:IssuerAssignedID,,,false,CEN/TS 16931-3-3:2020 Table 2 normative mapping.
15,0000.0003.0003.0004.0001,2,2,A,,Receiving advice reference,Identifier,0..1,,An identifier of a referenced receiving advice.,en16931,Invoice,BT-15,$.invoice.receivingAdviceReference,,,ReceivingAdviceReference,ram:IssuerAssignedID,/rsm:CrossIndustryInvoice/rsm:SupplyChainTradeTransaction/ram:ApplicableHeaderTradeDelivery/ram:ReceivingAdviceReferencedDocument/ram:IssuerAssignedID,,,false,CEN/TS 16931-3-3:2020 Table 2 normative mapping.
16,0000.0003.0003.0003.0001,2,2,A,,Despatch advice reference,Identifier,0..1,,An identifier of a referenced despatch advice. The identification of the call for,en16931,Invoice,BT-16,$.invoice.despatchAdviceReference,,,DespatchAdviceReference,ram:IssuerAssignedID,/rsm:CrossIndustryInvoice/rsm:SupplyChainTradeTransaction/ram:ApplicableHeaderTradeDelivery/ram:DespatchAdviceReferencedDocument/ram:IssuerAssignedID,,,false,CEN/TS 16931-3-3:2020 Table 2 normative mapping.
17,0000.0003.0002.0008.0001,2,2,A,,Tender or lot reference,Identifier,0..1,,"tender or lot the invoice relates to. An identifier for an object on which the invoice is based, given by the Seller. The identification scheme identifier of the Invoiced object identifier. A textual value that specifies where",en16931,Invoice,BT-17,$.invoice.tenderOrLotReference,,,TenderOrLotReference,ram:IssuerAssignedID,/rsm:CrossIndustryInvoice/rsm:SupplyChainTradeTransaction/ram:ApplicableHeaderTradeAgreement/ram:AdditionalReferencedDocument[ram:TypeCode='50']/ram:IssuerAssignedID,,,false,CEN/TS 16931-3-3:2020 Table 2 normative mapping.
18,0000.0003.0002.0008.0001,2,2,A,,Invoiced object identifier,Identifier,0..1,,"An identifier for an object on which the invoice is based, given by the Seller.",en16931,Invoice,BT-18,$.invoice.invoicedObjectIdentifier,,,InvoicedObjectIdentifier,ram:IssuerAssignedID,/rsm:CrossIndustryInvoice/rsm:SupplyChainTradeTransaction/ram:ApplicableHeaderTradeAgreement/ram:AdditionalReferencedDocument[ram:TypeCode='130']/ram:IssuerAssignedID,,,false,CEN/TS 16931-3-3:2020 Table 2 normative mapping.
19,0000.0003.0002.0008.0006,2,2,A,,Scheme identifier,Identifier,0..1,,The identification scheme identifier of the Invoiced object identifier.,en16931,Invoice,BT-18-1,$.invoice.invoicedObjectIdentifierSchemeIdentifier,,,SchemeIdentifier,ram:ReferenceTypeCode,/rsm:CrossIndustryInvoice/rsm:SupplyChainTradeTransaction/ram:ApplicableHeaderTradeAgreement/ram:AdditionalReferencedDocument[ram:TypeCode='130']/ram:ReferenceTypeCode,,,false,CEN/TS 16931-3-3:2020 Table 2 normative mapping.
20,0000.0003.0004.0013.0001,2,2,A,,Buyer accounting reference,Text,0..1,,A textual value that specifies where to book the relevant data into the Buyer's financial accounts.,en16931,Invoice,BT-19,$.invoice.buyerAccountingReference,,,BuyerAccountingReference,ram:ID,/rsm:CrossIndustryInvoice/rsm:SupplyChainTradeTransaction/ram:ApplicableHeaderTradeSettlement/ram:ReceivableSpecifiedTradeAccountingAccount/ram:ID,,,false,CEN/TS 16931-3-3:2020 Table 2 normative mapping.
21,0000.0003.0004.0010.0001,2,2,A,,Payment terms,Text,0..1,,A textual description of the payment terms that apply to the amount due for payment (Including description of possible penalties). A group of business terms providing,en16931,Invoice,BT-20,$.invoice.paymentTerms,,,PaymentTerms,ram:Description,/rsm:CrossIndustryInvoice/rsm:SupplyChainTradeTransaction/ram:ApplicableHeaderTradeSettlement/ram:SpecifiedTradePaymentTerms/ram:Description,,,false,CEN/TS 16931-3-3:2020 Table 2 normative mapping.
22,0000.0002.0004,2,2,C,,Invoice note,,0..*,,"textual notes that are relevant for the invoice, together with an indication of the note subject.",en16931,Invoice note,BG-1,$.invoice.invoiceNote,,,InvoiceNote,ram:IncludedNote,/rsm:CrossIndustryInvoice/rsm:ExchangedDocument/ram:IncludedNote,,,false,CEN/TS 16931-3-3:2020 Table 2 normative mapping.
23,0000.0002.0004.0002,3,3,A,,Invoice note subject code,Code,0..1,,The subject of the textual note in BT-22. A textual note that gives,en16931,Invoice note,BT-21,$.invoice.invoiceNote.invoiceNoteSubjectCode,,,InvoiceNoteSubjectCode,ram:SubjectCode,/rsm:CrossIndustryInvoice/rsm:ExchangedDocument/ram:IncludedNote/ram:SubjectCode,,,false,CEN/TS 16931-3-3:2020 Table 2 normative mapping.
24,0000.0002.0004.0001,3,3,A,,Invoice note,Text,1..1,,unstructured information that is relevant to the Invoice as a whole. A group of business terms providing,en16931,Invoice note,BT-22,$.invoice.invoiceNote.invoiceNote,,,InvoiceNote,ram:Content,/rsm:CrossIndustryInvoice/rsm:ExchangedDocument/ram:IncludedNote/ram:Content,,,true,CEN/TS 16931-3-3:2020 Table 2 normative mapping.
25,0000.0001,2,2,C,,Process control,,1..1,,information on the business process and rules applicable to the Invoice document. Identifies the business process,en16931,Process control,BG-2,$.invoice.processControl,,,ProcessControl,rsm:ExchangedDocumentContext,/rsm:CrossIndustryInvoice/rsm:ExchangedDocumentContext,,,true,CEN/TS 16931-3-3:2020 Table 2 normative mapping.
26,0000.0001.0001.0001,3,3,A,,Business process type,Identifier,0..1,,"context in which the transaction appears, to enable the Buyer to process the Invoice in an appropriate way. An identification of the specification containing the total set of rules",en16931,Process control,BT-23,$.invoice.processControl.businessProcessType,,,BusinessProcessType,ram:ID,/rsm:CrossIndustryInvoice/rsm:ExchangedDocumentContext/ram:BusinessProcessSpecifiedDocumentContextParameter/ram:ID,,,false,CEN/TS 16931-3-3:2020 Table 2 normative mapping.
27,0000.0001.0002.0001,3,3,A,,Specification identifier,Identifier,1..1,,"regarding semantic content, cardinalities and business rules to",en16931,Process control,BT-24,$.invoice.processControl.specificationIdentifier,,,SpecificationIdentifier,ram:ID,/rsm:CrossIndustryInvoice/rsm:ExchangedDocumentContext/ram:GuidelineSpecifiedDocumentContextParameter/ram:ID,,,true,CEN/TS 16931-3-3:2020 Table 2 normative mapping.
28,0000.0003.0004.0012,2,2,C,,Preceding invoice reference,,0..*,,A group of business terms providing information on one or more preceding Invoices.,en16931,Preceding invoice reference,BG-3,$.invoice.precedingInvoiceReference,,,PrecedingInvoiceReference,ram:InvoiceReferencedDocument,/rsm:CrossIndustryInvoice/rsm:SupplyChainTradeTransaction/ram:ApplicableHeaderTradeSettlement/ram:InvoiceReferencedDocument,,,false,CEN/TS 16931-3-3:2020 Table 2 normative mapping.
29,0000.0003.0004.0012.0001,3,3,A,,Preceding invoice reference,Identifier,1..1,,The identification of an Invoice that was previously sent by the Seller. The date when the Preceding,en16931,Preceding invoice reference,BT-25,$.invoice.precedingInvoiceReference.precedingInvoiceReference,,,PrecedingInvoiceReference,ram:IssuerAssignedID,/rsm:CrossIndustryInvoice/rsm:SupplyChainTradeTransaction/ram:ApplicableHeaderTradeSettlement/ram:InvoiceReferencedDocument/ram:IssuerAssignedID,,,true,CEN/TS 16931-3-3:2020 Table 2 normative mapping.
30,0000.0003.0004.0012.0002.0001,3,3,A,,Preceding invoice issue date,Date,0..1,,Invoice was issued.,en16931,Preceding invoice reference,BT-26,$.invoice.precedingInvoiceReference.precedingInvoiceIssueDate,,,PrecedingInvoiceIssueDate,qdt:DateTimeString,/rsm:CrossIndustryInvoice/rsm:SupplyChainTradeTransaction/ram:ApplicableHeaderTradeSettlement/ram:InvoiceReferencedDocument/ram:FormattedIssueDateTime/qdt:DateTimeString,,CII_DATE_102,false,CEN/TS 16931-3-3:2020 Table 2 normative mapping. Date uses format 102.
31,0000.0003.0002.0002,2,2,C,,Seller,,1..1,,A group of business terms providing information about the Seller. The full formal name by which the,en16931,Seller,BG-4,$.invoice.seller,,,Seller,ram:SellerTradeParty,/rsm:CrossIndustryInvoice/rsm:SupplyChainTradeTransaction/ram:ApplicableHeaderTradeAgreement/ram:SellerTradeParty,,,true,CEN/TS 16931-3-3:2020 Table 2 normative mapping.
32,0000.0003.0002.0002.0003,3,3,A,,Seller name,Text,1..1,,Seller is registered in the national registry of legal entities or as a Taxable person or otherwise trades as a person or persons. A name by which the Seller is,en16931,Seller,BT-27,$.invoice.seller.sellerName,,,SellerName,ram:Name,/rsm:CrossIndustryInvoice/rsm:SupplyChainTradeTransaction/ram:ApplicableHeaderTradeAgreement/ram:SellerTradeParty/ram:Name,,,true,CEN/TS 16931-3-3:2020 Table 2 normative mapping.
33,0000.0003.0002.0002.0005.0002,3,3,A,,Seller trading name,Text,0..1,,Name under which the seller trades.,en16931,Seller,BT-28,$.invoice.seller.sellerTradingName,,,SellerTradingName,ram:TradingBusinessName,/rsm:CrossIndustryInvoice/rsm:SupplyChainTradeTransaction/ram:ApplicableHeaderTradeAgreement/ram:SellerTradeParty/ram:SpecifiedLegalOrganization/ram:TradingBusinessName,,,false,CEN/TS 16931-3-3:2020 Table 2 normative mapping.
37,0000.0003.0002.0002.0005.0001,3,3,A,,Seller legal registration identifier,Identifier,0..1,,registrar that identifies the Seller as a legal entity or person. The identification scheme identifier of the Seller legal registration identifier. The Seller's VAT identifier (also known as Seller VAT identification,en16931,Seller,BT-30,$.invoice.seller.sellerLegalRegistrationIdentifier,,,SellerLegalRegistrationIdentifier,ram:ID,/rsm:CrossIndustryInvoice/rsm:SupplyChainTradeTransaction/ram:ApplicableHeaderTradeAgreement/ram:SellerTradeParty/ram:SpecifiedLegalOrganization/ram:ID,,,false,CEN/TS 16931-3-3:2020 Table 2 normative mapping.
38,0000.0003.0002.0002.0005.0001@schemeID,3,3,A,,Scheme identifier,Identifier,0..1,,The identification scheme identifier of the Seller legal registration identifier.,en16931,Seller,BT-30-1,$.invoice.seller.sellerLegalRegistrationIdentifierSchemeIdentifier,,,SchemeIdentifier,@schemeID,/rsm:CrossIndustryInvoice/rsm:SupplyChainTradeTransaction/ram:ApplicableHeaderTradeAgreement/ram:SellerTradeParty/ram:SpecifiedLegalOrganization/ram:ID/@schemeID,,,false,CEN/TS 16931-3-3:2020 Table 2 normative mapping.
39,0000.0003.0002.0002.0009.0001,3,3,A,,Seller VAT identifier,Identifier,0..1,,number). The local identification (defined by the Seller’s address) of the Seller for tax purposes or a reference that enables the Seller to state his,en16931,Seller,BT-31,$.invoice.seller.sellerVatIdentifier,,,SellerVatIdentifier,ram:ID,/rsm:CrossIndustryInvoice/rsm:SupplyChainTradeTransaction/ram:ApplicableHeaderTradeAgreement/ram:SellerTradeParty/ram:SpecifiedTaxRegistration/ram:ID[@schemeID='VA'],,,false,CEN/TS 16931-3-3:2020 Table 2 normative mapping.
40,0000.0003.0002.0002.0009.0001,3,3,A,,Seller tax registration identifier,Identifier,0..1,,registered tax status.,en16931,Seller,BT-32,$.invoice.seller.sellerTaxRegistrationIdentifier,,,SellerTaxRegistrationIdentifier,ram:ID,/rsm:CrossIndustryInvoice/rsm:SupplyChainTradeTransaction/ram:ApplicableHeaderTradeAgreement/ram:SellerTradeParty/ram:SpecifiedTaxRegistration/ram:ID[@schemeID='FC'],,,false,CEN/TS 16931-3-3:2020 Table 2 normative mapping.
41,0000.0003.0002.0002.0004,3,3,A,,Seller additional legal information,Text,0..1,,Additional legal information relevant for the Seller.,en16931,Seller,BT-33,$.invoice.seller.sellerAdditionalLegalInformation,,,SellerAdditionalLegalInformation,ram:Description,/rsm:CrossIndustryInvoice/rsm:SupplyChainTradeTransaction/ram:ApplicableHeaderTradeAgreement/ram:SellerTradeParty/ram:Description,,,false,CEN/TS 16931-3-3:2020 Table 2 normative mapping.
42,0000.0003.0002.0002.0008.0001,3,3,A,,Seller electronic address,Identifier,0..1,,address to which the application level response to the invoice may be delivered. The identification scheme identifier of the Seller electronic address. A group of business terms providing,en16931,Seller,BT-34,$.invoice.seller.sellerElectronicAddress,,,SellerElectronicAddress,ram:URIID,/rsm:CrossIndustryInvoice/rsm:SupplyChainTradeTransaction/ram:ApplicableHeaderTradeAgreement/ram:SellerTradeParty/ram:URIUniversalCommunication/ram:URIID,,,false,CEN/TS 16931-3-3:2020 Table 2 normative mapping.
43,0000.0003.0002.0002.0008.0001@schemeID,3,3,A,,Scheme identifier,Identifier,1..1,,The identification scheme identifier of the Seller electronic address.,en16931,Seller,BT-34-1,$.invoice.seller.sellerElectronicAddressSchemeIdentifier,,,SchemeIdentifier,@schemeID,/rsm:CrossIndustryInvoice/rsm:SupplyChainTradeTransaction/ram:ApplicableHeaderTradeAgreement/ram:SellerTradeParty/ram:URIUniversalCommunication/ram:URIID/@schemeID,,,true,CEN/TS 16931-3-3:2020 Table 2 normative mapping.
44,0000.0003.0002.0002.0007,3,3,C,,Seller postal address,,1..1,,information about the address of the Seller.,en16931,Seller postal address,BG-5,$.invoice.seller.sellerPostalAddress,,,SellerPostalAddress,ram:PostalTradeAddress,/rsm:CrossIndustryInvoice/rsm:SupplyChainTradeTransaction/ram:ApplicableHeaderTradeAgreement/ram:SellerTradeParty/ram:PostalTradeAddress,,,true,CEN/TS 16931-3-3:2020 Table 2 normative mapping.
45,0000.0003.0002.0002.0007.0002,4,4,A,,Seller address line 1,Text,0..1,,The main address line in an address. An additional address line in an,en16931,Seller postal address,BT-35,$.invoice.seller.sellerPostalAddress.sellerAddressLine1,,,SellerAddressLine1,ram:LineOne,/rsm:CrossIndustryInvoice/rsm:SupplyChainTradeTransaction/ram:ApplicableHeaderTradeAgreement/ram:SellerTradeParty/ram:PostalTradeAddress/ram:LineOne,,,false,CEN/TS 16931-3-3:2020 Table 2 normative mapping.
46,0000.0003.0002.0002.0007.0003,4,4,A,,Seller address line 2,Text,0..1,,address that can be used to give further details supplementing the main line. An additional address line in an,en16931,Seller postal address,BT-36,$.invoice.seller.sellerPostalAddress.sellerAddressLine2,,,SellerAddressLine2,ram:LineTwo,/rsm:CrossIndustryInvoice/rsm:SupplyChainTradeTransaction/ram:ApplicableHeaderTradeAgreement/ram:SellerTradeParty/ram:PostalTradeAddress/ram:LineTwo,,,false,CEN/TS 16931-3-3:2020 Table 2 normative mapping.
47,0000.0003.0002.0002.0007.0004,4,4,A,,Seller address line 3,Text,0..1,,"address that can be used to give further details supplementing the main line. The common name of the city, town",en16931,Seller postal address,BT-162,$.invoice.seller.sellerPostalAddress.sellerAddressLine3,,,SellerAddressLine3,ram:LineThree,/rsm:CrossIndustryInvoice/rsm:SupplyChainTradeTransaction/ram:ApplicableHeaderTradeAgreement/ram:SellerTradeParty/ram:PostalTradeAddress/ram:LineThree,,,false,CEN/TS 16931-3-3:2020 Table 2 normative mapping.
48,0000.0003.0002.0002.0007.0005,4,4,A,,Seller city,Text,1..1,,"or village, where the Seller address is located. The identifier for an addressable",en16931,Seller postal address,BT-37,$.invoice.seller.sellerPostalAddress.sellerCity,,,SellerCity,ram:CityName,/rsm:CrossIndustryInvoice/rsm:SupplyChainTradeTransaction/ram:ApplicableHeaderTradeAgreement/ram:SellerTradeParty/ram:PostalTradeAddress/ram:CityName,,,true,CEN/TS 16931-3-3:2020 Table 2 normative mapping.
49,0000.0003.0002.0002.0007.0001,4,4,A,,Seller post code,Text,1..1,,group of properties according to the relevant postal service.,en16931,Seller postal address,BT-38,$.invoice.seller.sellerPostalAddress.sellerPostCode,,,SellerPostCode,ram:PostcodeCode,/rsm:CrossIndustryInvoice/rsm:SupplyChainTradeTransaction/ram:ApplicableHeaderTradeAgreement/ram:SellerTradeParty/ram:PostalTradeAddress/ram:PostcodeCode,,,true,CEN/TS 16931-3-3:2020 Table 2 normative mapping.
50,0000.0003.0002.0002.0007.0007,4,4,A,,Seller country subdivision,Text,0..1,,The subdivision of a country.,en16931,Seller postal address,BT-39,$.invoice.seller.sellerPostalAddress.sellerCountrySubdivision,,,SellerCountrySubdivision,ram:CountrySubDivisionName,/rsm:CrossIndustryInvoice/rsm:SupplyChainTradeTransaction/ram:ApplicableHeaderTradeAgreement/ram:SellerTradeParty/ram:PostalTradeAddress/ram:CountrySubDivisionName,,,false,CEN/TS 16931-3-3:2020 Table 2 normative mapping.
51,0000.0003.0002.0002.0007.0006,4,4,A,,Seller country code,Code,1..1,,A group of business terms providing contact information about the Seller.,en16931,Seller postal address,BT-40,$.invoice.seller.sellerPostalAddress.sellerCountryCode,,,SellerCountryCode,ram:CountryID,/rsm:CrossIndustryInvoice/rsm:SupplyChainTradeTransaction/ram:ApplicableHeaderTradeAgreement/ram:SellerTradeParty/ram:PostalTradeAddress/ram:CountryID,,,true,CEN/TS 16931-3-3:2020 Table 2 normative mapping. Task-local D16B XSD correction: CountryID.
52,0000.0003.0002.0002.0006,3,3,C,,Seller contact,,0..1,,A group of business terms providing contact information about the Seller.,en16931,Seller contact,BG-6,$.invoice.seller.sellerContact,,,SellerContact,ram:DefinedTradeContact,/rsm:CrossIndustryInvoice/rsm:SupplyChainTradeTransaction/ram:ApplicableHeaderTradeAgreement/ram:SellerTradeParty/ram:DefinedTradeContact,,,false,CEN/TS 16931-3-3:2020 Table 2 normative mapping.
53,0000.0003.0002.0002.0006.0001,4,4,A,,Seller contact point,Text,0..1,,A contact point for a legal entity or person.,en16931,Seller contact,BT-41,$.invoice.seller.sellerContact.sellerContactPoint,,,SellerContactPoint,ram:PersonName,/rsm:CrossIndustryInvoice/rsm:SupplyChainTradeTransaction/ram:ApplicableHeaderTradeAgreement/ram:SellerTradeParty/ram:DefinedTradeContact/ram:PersonName,,,false,CEN STR-5 also allows DepartmentName; PersonName is deterministic forward representation.
54,0000.0003.0002.0002.0006.0003.0001,4,4,A,,Seller contact telephone number,Text,0..1,,A phone number for the contact point.,en16931,Seller contact,BT-42,$.invoice.seller.sellerContact.sellerContactTelephoneNumber,,,SellerContactTelephoneNumber,ram:CompleteNumber,/rsm:CrossIndustryInvoice/rsm:SupplyChainTradeTransaction/ram:ApplicableHeaderTradeAgreement/ram:SellerTradeParty/ram:DefinedTradeContact/ram:TelephoneUniversalCommunication/ram:CompleteNumber,,,false,CEN/TS 16931-3-3:2020 Table 2 normative mapping.
55,0000.0003.0002.0002.0006.0004.0001,4,4,A,,Seller contact email address,Text,0..1,,A group of business terms providing information about the Buyer.,en16931,Seller contact,BT-43,$.invoice.seller.sellerContact.sellerContactEmailAddress,,,SellerContactEmailAddress,ram:URIID,/rsm:CrossIndustryInvoice/rsm:SupplyChainTradeTransaction/ram:ApplicableHeaderTradeAgreement/ram:SellerTradeParty/ram:DefinedTradeContact/ram:EmailURIUniversalCommunication/ram:URIID,,,false,CEN/TS 16931-3-3:2020 Table 2 normative mapping.
56,0000.0003.0002.0003,2,2,C,,Buyer,,1..1,,Buyer party information.,en16931,Buyer,BG-7,$.invoice.buyer,,,Buyer,ram:BuyerTradeParty,/rsm:CrossIndustryInvoice/rsm:SupplyChainTradeTransaction/ram:ApplicableHeaderTradeAgreement/ram:BuyerTradeParty,,,true,CEN/TS 16931-3-3:2020 Table 2 normative mapping.
57,0000.0003.0002.0003.0003,3,3,A,,Buyer name,Text,1..1,,The full name of the Buyer. A name by which the Buyer is,en16931,Buyer,BT-44,$.invoice.buyer.buyerName,,,BuyerName,ram:Name,/rsm:CrossIndustryInvoice/rsm:SupplyChainTradeTransaction/ram:ApplicableHeaderTradeAgreement/ram:BuyerTradeParty/ram:Name,,,true,CEN/TS 16931-3-3:2020 Table 2 normative mapping.
58,0000.0003.0002.0003.0004.0002,3,3,A,,Buyer trading name,Text,0..1,,"known, other than Buyer name (also known as Business name). An identifier of the Buyer.",en16931,Buyer,BT-45,$.invoice.buyer.buyerTradingName,,,BuyerTradingName,ram:TradingBusinessName,/rsm:CrossIndustryInvoice/rsm:SupplyChainTradeTransaction/ram:ApplicableHeaderTradeAgreement/ram:BuyerTradeParty/ram:SpecifiedLegalOrganization/ram:TradingBusinessName,,,false,CEN/TS 16931-3-3:2020 Table 2 normative mapping.
62,0000.0003.0002.0003.0004.0001,3,3,A,,Buyer legal registration identifier,Identifier,0..1,,An identifier issued by an official registrar that identifies the Buyer as a legal entity or person. The identification scheme identifier of the Buyer legal registration identifier.,en16931,Buyer,BT-47,$.invoice.buyer.buyerLegalRegistrationIdentifier,,,BuyerLegalRegistrationIdentifier,ram:ID,/rsm:CrossIndustryInvoice/rsm:SupplyChainTradeTransaction/ram:ApplicableHeaderTradeAgreement/ram:BuyerTradeParty/ram:SpecifiedLegalOrganization/ram:ID,,,false,CEN/TS 16931-3-3:2020 Table 2 normative mapping.
63,0000.0003.0002.0003.0004.0001@schemeID,3,3,A,,Scheme identifier,Identifier,0..1,,The identification scheme identifier of the Buyer legal registration identifier.,en16931,Buyer,BT-47-1,$.invoice.buyer.buyerLegalRegistrationIdentifierSchemeIdentifier,,,SchemeIdentifier,@schemeID,/rsm:CrossIndustryInvoice/rsm:SupplyChainTradeTransaction/ram:ApplicableHeaderTradeAgreement/ram:BuyerTradeParty/ram:SpecifiedLegalOrganization/ram:ID/@schemeID,,,false,CEN/TS 16931-3-3:2020 Table 2 normative mapping.
64,0000.0003.0002.0003.0008.0001,3,3,A,,Buyer VAT identifier,Identifier,0..1,,The Buyer's VAT identifier (also known as Buyer VAT identification number). Identifies the Buyer's electronic,en16931,Buyer,BT-48,$.invoice.buyer.buyerVatIdentifier,,,BuyerVatIdentifier,ram:ID,/rsm:CrossIndustryInvoice/rsm:SupplyChainTradeTransaction/ram:ApplicableHeaderTradeAgreement/ram:BuyerTradeParty/ram:SpecifiedTaxRegistration/ram:ID[@schemeID='VA'],,,false,CEN/TS 16931-3-3:2020 Table 2 normative mapping.
65,0000.0003.0002.0003.0007.0001,3,3,A,,Buyer electronic address,Identifier,0..1,,address to which the invoice is delivered. The identification scheme identifier of the Buyer electronic address. A group of business terms providing,en16931,Buyer,BT-49,$.invoice.buyer.buyerElectronicAddress,,,BuyerElectronicAddress,ram:URIID,/rsm:CrossIndustryInvoice/rsm:SupplyChainTradeTransaction/ram:ApplicableHeaderTradeAgreement/ram:BuyerTradeParty/ram:URIUniversalCommunication/ram:URIID,,,false,CEN/TS 16931-3-3:2020 Table 2 normative mapping.
66,0000.0003.0002.0003.0007.0001@schemeID,3,3,A,,Scheme identifier,Identifier,1..1,,The identification scheme identifier of the Buyer electronic address.,en16931,Buyer,BT-49-1,$.invoice.buyer.buyerElectronicAddressSchemeIdentifier,,,SchemeIdentifier,@schemeID,/rsm:CrossIndustryInvoice/rsm:SupplyChainTradeTransaction/ram:ApplicableHeaderTradeAgreement/ram:BuyerTradeParty/ram:URIUniversalCommunication/ram:URIID/@schemeID,,,true,CEN/TS 16931-3-3:2020 Table 2 normative mapping.
67,0000.0003.0002.0003.0006,3,3,C,,Buyer postal address,,1..1,,information about the postal address for the Buyer.,en16931,Buyer postal address,BG-8,$.invoice.buyer.buyerPostalAddress,,,BuyerPostalAddress,ram:PostalTradeAddress,/rsm:CrossIndustryInvoice/rsm:SupplyChainTradeTransaction/ram:ApplicableHeaderTradeAgreement/ram:BuyerTradeParty/ram:PostalTradeAddress,,,true,CEN/TS 16931-3-3:2020 Table 2 normative mapping.
68,0000.0003.0002.0003.0006.0002,4,4,A,,Buyer address line 1,Text,0..1,,The main address line in an address. An additional address line in an,en16931,Buyer postal address,BT-50,$.invoice.buyer.buyerPostalAddress.buyerAddressLine1,,,BuyerAddressLine1,ram:LineOne,/rsm:CrossIndustryInvoice/rsm:SupplyChainTradeTransaction/ram:ApplicableHeaderTradeAgreement/ram:BuyerTradeParty/ram:PostalTradeAddress/ram:LineOne,,,false,CEN/TS 16931-3-3:2020 Table 2 normative mapping.
69,0000.0003.0002.0003.0006.0003,4,4,A,,Buyer address line 2,Text,0..1,,address that can be used to give,en16931,Buyer postal address,BT-51,$.invoice.buyer.buyerPostalAddress.buyerAddressLine2,,,BuyerAddressLine2,ram:LineTwo,/rsm:CrossIndustryInvoice/rsm:SupplyChainTradeTransaction/ram:ApplicableHeaderTradeAgreement/ram:BuyerTradeParty/ram:PostalTradeAddress/ram:LineTwo,,,false,CEN/TS 16931-3-3:2020 Table 2 normative mapping.
70,0000.0003.0002.0003.0006.0004,4,4,A,,Buyer address line 3,Text,0..1,,"address that can be used to give further details supplementing the main line. The common name of the city, town",en16931,Buyer postal address,BT-163,$.invoice.buyer.buyerPostalAddress.buyerAddressLine3,,,BuyerAddressLine3,ram:LineThree,/rsm:CrossIndustryInvoice/rsm:SupplyChainTradeTransaction/ram:ApplicableHeaderTradeAgreement/ram:BuyerTradeParty/ram:PostalTradeAddress/ram:LineThree,,,false,CEN/TS 16931-3-3:2020 Table 2 normative mapping.
71,0000.0003.0002.0003.0006.0005,4,4,A,,Buyer city,Text,1..1,,"or village, where the Buyer's address is located. The identifier for an addressable",en16931,Buyer postal address,BT-52,$.invoice.buyer.buyerPostalAddress.buyerCity,,,BuyerCity,ram:CityName,/rsm:CrossIndustryInvoice/rsm:SupplyChainTradeTransaction/ram:ApplicableHeaderTradeAgreement/ram:BuyerTradeParty/ram:PostalTradeAddress/ram:CityName,,,true,CEN/TS 16931-3-3:2020 Table 2 normative mapping.
72,0000.0003.0002.0003.0006.0001,4,4,A,,Buyer post code,Text,1..1,,group of properties according to the relevant postal service.,en16931,Buyer postal address,BT-53,$.invoice.buyer.buyerPostalAddress.buyerPostCode,,,BuyerPostCode,ram:PostcodeCode,/rsm:CrossIndustryInvoice/rsm:SupplyChainTradeTransaction/ram:ApplicableHeaderTradeAgreement/ram:BuyerTradeParty/ram:PostalTradeAddress/ram:PostcodeCode,,,true,CEN/TS 16931-3-3:2020 Table 2 normative mapping.
73,0000.0003.0002.0003.0006.0007,4,4,A,,Buyer country subdivision,Text,0..1,,The subdivision of a country.,en16931,Buyer postal address,BT-54,$.invoice.buyer.buyerPostalAddress.buyerCountrySubdivision,,,BuyerCountrySubdivision,ram:CountrySubDivisionName,/rsm:CrossIndustryInvoice/rsm:SupplyChainTradeTransaction/ram:ApplicableHeaderTradeAgreement/ram:BuyerTradeParty/ram:PostalTradeAddress/ram:CountrySubDivisionName,,,false,CEN/TS 16931-3-3:2020 Table 2 normative mapping.
74,0000.0003.0002.0003.0006.0006,4,4,A,,Buyer country code,Code,1..1,,A code that identifies the country.,en16931,Buyer postal address,BT-55,$.invoice.buyer.buyerPostalAddress.buyerCountryCode,,,BuyerCountryCode,ram:CountryID,/rsm:CrossIndustryInvoice/rsm:SupplyChainTradeTransaction/ram:ApplicableHeaderTradeAgreement/ram:BuyerTradeParty/ram:PostalTradeAddress/ram:CountryID,,,true,CEN/TS 16931-3-3:2020 Table 2 normative mapping. Task-local D16B XSD correction: CountryID.
75,0000.0003.0002.0003.0005,3,3,C,,Buyer contact,,0..1,,A group of business terms providing contact information relevant for the Buyer. A contact point for a legal entity or,en16931,Buyer contact,BG-9,$.invoice.buyer.buyerContact,,,BuyerContact,ram:DefinedTradeContact,/rsm:CrossIndustryInvoice/rsm:SupplyChainTradeTransaction/ram:ApplicableHeaderTradeAgreement/ram:BuyerTradeParty/ram:DefinedTradeContact,,,false,CEN/TS 16931-3-3:2020 Table 2 normative mapping.
76,0000.0003.0002.0003.0005.0001,4,4,A,,Buyer contact point,Text,0..1,,person. A phone number for the contact,en16931,Buyer contact,BT-56,$.invoice.buyer.buyerContact.buyerContactPoint,,,BuyerContactPoint,ram:PersonName,/rsm:CrossIndustryInvoice/rsm:SupplyChainTradeTransaction/ram:ApplicableHeaderTradeAgreement/ram:BuyerTradeParty/ram:DefinedTradeContact/ram:PersonName,,,false,CEN STR-5 also allows DepartmentName; PersonName is deterministic forward representation.
77,0000.0003.0002.0003.0005.0003.0001,4,4,A,,Buyer contact telephone number,Text,0..1,,point.,en16931,Buyer contact,BT-57,$.invoice.buyer.buyerContact.buyerContactTelephoneNumber,,,BuyerContactTelephoneNumber,ram:CompleteNumber,/rsm:CrossIndustryInvoice/rsm:SupplyChainTradeTransaction/ram:ApplicableHeaderTradeAgreement/ram:BuyerTradeParty/ram:DefinedTradeContact/ram:TelephoneUniversalCommunication/ram:CompleteNumber,,,false,CEN/TS 16931-3-3:2020 Table 2 normative mapping.
78,0000.0003.0002.0003.0005.0004.0001,4,4,A,,Buyer contact email address,Text,0..1,,An e-mail address for the contact point.,en16931,Buyer contact,BT-58,$.invoice.buyer.buyerContact.buyerContactEmailAddress,,,BuyerContactEmailAddress,ram:URIID,/rsm:CrossIndustryInvoice/rsm:SupplyChainTradeTransaction/ram:ApplicableHeaderTradeAgreement/ram:BuyerTradeParty/ram:DefinedTradeContact/ram:EmailURIUniversalCommunication/ram:URIID,,,false,CEN/TS 16931-3-3:2020 Table 2 normative mapping.
79,0000.0003.0004.0005,2,2,C,,Payee,,0..1,,"information about the Payee, i.e. the role that receives the payment.",en16931,Payee,BG-10,$.invoice.payee,,,Payee,ram:PayeeTradeParty,/rsm:CrossIndustryInvoice/rsm:SupplyChainTradeTransaction/ram:ApplicableHeaderTradeSettlement/ram:PayeeTradeParty,,,false,CEN/TS 16931-3-3:2020 Table 2 normative mapping.
80,0000.0003.0004.0005.0003,3,3,A,,Payee name,Text,1..1,,The name of the Payee. An identifier for the Payee.,en16931,Payee,BT-59,$.invoice.payee.payeeName,,,PayeeName,ram:Name,/rsm:CrossIndustryInvoice/rsm:SupplyChainTradeTransaction/ram:ApplicableHeaderTradeSettlement/ram:PayeeTradeParty/ram:Name,,,true,CEN/TS 16931-3-3:2020 Table 2 normative mapping.
81,0000.0003.0004.0005.0002,3,3,A,,Payee identifier,Identifier,0..1,,The identification scheme identifier of the Payee identifier. An identifier issued by an official registrar that identifies the Payee as,en16931,Payee,BT-60,$.invoice.payee[payeeIdentifierSchemeIdentifier].payeeIdentifier,,,PayeeIdentifier,ram:GlobalID,/rsm:CrossIndustryInvoice/rsm:SupplyChainTradeTransaction/ram:ApplicableHeaderTradeSettlement/ram:PayeeTradeParty/ram:GlobalID,,CII_IDENTIFIER_VARIANT_GLOBAL,false,CEN/TS SYN-1; GlobalID when scheme fact is present.
81,0000.0003.0004.0005.0001,3,3,A,,Payee identifier,Identifier,0..1,,The identification scheme identifier of the Payee identifier. An identifier issued by an official registrar that identifies the Payee as,en16931,Payee,BT-60,$.invoice.payee[not(payeeIdentifierSchemeIdentifier)].payeeIdentifier,,,PayeeIdentifier,ram:ID,/rsm:CrossIndustryInvoice/rsm:SupplyChainTradeTransaction/ram:ApplicableHeaderTradeSettlement/ram:PayeeTradeParty/ram:ID,,CII_IDENTIFIER_VARIANT_LOCAL,false,CEN/TS SYN-1; ID when scheme fact is absent.
82,0000.0003.0004.0005.0002@schemeID,3,3,A,,Scheme identifier,Identifier,0..1,,The identification scheme identifier of the Payee identifier.,en16931,Payee,BT-60-1,$.invoice.payee[payeeIdentifierSchemeIdentifier].payeeIdentifierSchemeIdentifier,,,SchemeIdentifier,@schemeID,/rsm:CrossIndustryInvoice/rsm:SupplyChainTradeTransaction/ram:ApplicableHeaderTradeSettlement/ram:PayeeTradeParty/ram:GlobalID/@schemeID,,,false,CEN/TS 16931-3-3:2020 Table 2 normative mapping.
83,0000.0003.0004.0005.0004.0001,3,3,A,,Payee legal registration identifier,Identifier,0..1,,a legal entity or person. The identification scheme identifier of the Payee legal registration identifier. A group of business terms providing,en16931,Payee,BT-61,$.invoice.payee.payeeLegalRegistrationIdentifier,,,PayeeLegalRegistrationIdentifier,ram:ID,/rsm:CrossIndustryInvoice/rsm:SupplyChainTradeTransaction/ram:ApplicableHeaderTradeSettlement/ram:PayeeTradeParty/ram:SpecifiedLegalOrganization/ram:ID,,,false,CEN/TS 16931-3-3:2020 Table 2 normative mapping.
84,0000.0003.0004.0005.0004.0001@schemeID,3,3,A,,Scheme identifier,Identifier,0..1,,The identification scheme identifier of the Payee legal registration identifier.,en16931,Payee,BT-61-1,$.invoice.payee.payeeLegalRegistrationIdentifierSchemeIdentifier,,,SchemeIdentifier,@schemeID,/rsm:CrossIndustryInvoice/rsm:SupplyChainTradeTransaction/ram:ApplicableHeaderTradeSettlement/ram:PayeeTradeParty/ram:SpecifiedLegalOrganization/ram:ID/@schemeID,,,false,CEN/TS 16931-3-3:2020 Table 2 normative mapping.
85,0000.0003.0002.0004,2,2,C,,Seller tax representative party,,0..1,,information about the Seller's tax representative. The full name of the Seller's tax,en16931,Seller tax representative party,BG-11,$.invoice.sellerTaxRepresentativeParty,,,SellerTaxRepresentativeParty,ram:SellerTaxRepresentativeTradeParty,/rsm:CrossIndustryInvoice/rsm:SupplyChainTradeTransaction/ram:ApplicableHeaderTradeAgreement/ram:SellerTaxRepresentativeTradeParty,,,false,CEN/TS 16931-3-3:2020 Table 2 normative mapping.
86,0000.0003.0002.0004.0001,3,3,A,,Seller tax representative name,Text,1..1,,The full name of the Seller's tax representative party.,en16931,Seller tax representative party,BT-62,$.invoice.sellerTaxRepresentativeParty.sellerTaxRepresentativeName,,,SellerTaxRepresentativeName,ram:Name,/rsm:CrossIndustryInvoice/rsm:SupplyChainTradeTransaction/ram:ApplicableHeaderTradeAgreement/ram:SellerTaxRepresentativeTradeParty/ram:Name,,,true,CEN/TS 16931-3-3:2020 Table 2 normative mapping.
87,0000.0003.0002.0004.0003.0001,3,3,A,,Seller tax representative VAT identifier,Identifier,1..1,,The VAT identifier of the Seller's tax representative party. A group of business terms providing,en16931,Seller tax representative party,BT-63,$.invoice.sellerTaxRepresentativeParty.sellerTaxRepresentativeVatIdentifier,,,SellerTaxRepresentativeVatIdentifier,ram:ID,/rsm:CrossIndustryInvoice/rsm:SupplyChainTradeTransaction/ram:ApplicableHeaderTradeAgreement/ram:SellerTaxRepresentativeTradeParty/ram:SpecifiedTaxRegistration/ram:ID[@schemeID='VA'],,,true,CEN/TS 16931-3-3:2020 Table 2 normative mapping.
88,0000.0003.0002.0004.0002,3,3,C,,Seller tax representative postal address,,1..1,,information about the postal address for the tax representative party.,en16931,Seller tax representative postal address,BG-12,$.invoice.sellerTaxRepresentativeParty.sellerTaxRepresentativePostalAddress,,,SellerTaxRepresentativePostalAddress,ram:PostalTradeAddress,/rsm:CrossIndustryInvoice/rsm:SupplyChainTradeTransaction/ram:ApplicableHeaderTradeAgreement/ram:SellerTaxRepresentativeTradeParty/ram:PostalTradeAddress,,,true,CEN/TS 16931-3-3:2020 Table 2 normative mapping.
89,0000.0003.0002.0004.0002.0002,4,4,A,,Tax representative address line 1,Text,0..1,,The main address line in an address. An additional address line in an,en16931,Seller tax representative postal address,BT-64,$.invoice.sellerTaxRepresentativeParty.sellerTaxRepresentativePostalAddress.taxRepresentativeAddressLine1,,,TaxRepresentativeAddressLine1,ram:LineOne,/rsm:CrossIndustryInvoice/rsm:SupplyChainTradeTransaction/ram:ApplicableHeaderTradeAgreement/ram:SellerTaxRepresentativeTradeParty/ram:PostalTradeAddress/ram:LineOne,,,false,CEN/TS 16931-3-3:2020 Table 2 normative mapping.
90,0000.0003.0002.0004.0002.0003,4,4,A,,Tax representative address line 2,Text,0..1,,address that can be used to give further details supplementing the main line. An additional address line in an,en16931,Seller tax representative postal address,BT-65,$.invoice.sellerTaxRepresentativeParty.sellerTaxRepresentativePostalAddress.taxRepresentativeAddressLine2,,,TaxRepresentativeAddressLine2,ram:LineTwo,/rsm:CrossIndustryInvoice/rsm:SupplyChainTradeTransaction/ram:ApplicableHeaderTradeAgreement/ram:SellerTaxRepresentativeTradeParty/ram:PostalTradeAddress/ram:LineTwo,,,false,CEN/TS 16931-3-3:2020 Table 2 normative mapping.
91,0000.0003.0002.0004.0002.0004,4,4,A,,Tax representative address line 3,Text,0..1,,"address that can be used to give further details supplementing the main line. The common name of the city, town",en16931,Seller tax representative postal address,BT-164,$.invoice.sellerTaxRepresentativeParty.sellerTaxRepresentativePostalAddress.taxRepresentativeAddressLine3,,,TaxRepresentativeAddressLine3,ram:LineThree,/rsm:CrossIndustryInvoice/rsm:SupplyChainTradeTransaction/ram:ApplicableHeaderTradeAgreement/ram:SellerTaxRepresentativeTradeParty/ram:PostalTradeAddress/ram:LineThree,,,false,CEN/TS 16931-3-3:2020 Table 2 normative mapping.
92,0000.0003.0002.0004.0002.0005,4,4,A,,Tax representative city,Text,0..1,,"or village, where the tax representative address is located. The identifier for an addressable",en16931,Seller tax representative postal address,BT-66,$.invoice.sellerTaxRepresentativeParty.sellerTaxRepresentativePostalAddress.taxRepresentativeCity,,,TaxRepresentativeCity,ram:CityName,/rsm:CrossIndustryInvoice/rsm:SupplyChainTradeTransaction/ram:ApplicableHeaderTradeAgreement/ram:SellerTaxRepresentativeTradeParty/ram:PostalTradeAddress/ram:CityName,,,false,CEN/TS 16931-3-3:2020 Table 2 normative mapping.
93,0000.0003.0002.0004.0002.0001,4,4,A,,Tax representative post code,Text,0..1,,group of properties according to the relevant postal service.,en16931,Seller tax representative postal address,BT-67,$.invoice.sellerTaxRepresentativeParty.sellerTaxRepresentativePostalAddress.taxRepresentativePostCode,,,TaxRepresentativePostCode,ram:PostcodeCode,/rsm:CrossIndustryInvoice/rsm:SupplyChainTradeTransaction/ram:ApplicableHeaderTradeAgreement/ram:SellerTaxRepresentativeTradeParty/ram:PostalTradeAddress/ram:PostcodeCode,,,false,CEN/TS 16931-3-3:2020 Table 2 normative mapping.
94,0000.0003.0002.0004.0002.0007,4,4,A,,Tax representative country subdivision,Text,0..1,,The subdivision of a country.,en16931,Seller tax representative postal address,BT-68,$.invoice.sellerTaxRepresentativeParty.sellerTaxRepresentativePostalAddress.taxRepresentativeCountrySubdivision,,,TaxRepresentativeCountrySubdivision,ram:CountrySubDivisionName,/rsm:CrossIndustryInvoice/rsm:SupplyChainTradeTransaction/ram:ApplicableHeaderTradeAgreement/ram:SellerTaxRepresentativeTradeParty/ram:PostalTradeAddress/ram:CountrySubDivisionName,,,false,CEN/TS 16931-3-3:2020 Table 2 normative mapping.
95,0000.0003.0002.0004.0002.0006,4,4,A,,Tax representative country code,Code,1..1,,A code that identifies the country. A group of business terms providing,en16931,Seller tax representative postal address,BT-69,$.invoice.sellerTaxRepresentativeParty.sellerTaxRepresentativePostalAddress.taxRepresentativeCountryCode,,,TaxRepresentativeCountryCode,ram:CountryID,/rsm:CrossIndustryInvoice/rsm:SupplyChainTradeTransaction/ram:ApplicableHeaderTradeAgreement/ram:SellerTaxRepresentativeTradeParty/ram:PostalTradeAddress/ram:CountryID,,,true,CEN/TS 16931-3-3:2020 Table 2 normative mapping.
96,0000.0003.0003.0001,2,2,C,,Delivery information,,0..1,,information about where and when the goods and services invoiced are delivered.,en16931,Delivery information,BG-13,$.invoice.deliveryInformation,,,DeliveryInformation,ram:ShipToTradeParty,/rsm:CrossIndustryInvoice/rsm:SupplyChainTradeTransaction/ram:ApplicableHeaderTradeDelivery/ram:ShipToTradeParty,,,false,CEN/TS 16931-3-3:2020 Table 2 normative mapping.
97,0000.0003.0003.0001.0003,3,3,A,,Deliver to party name,Text,0..1,,The name of the party to which the goods and services are delivered.,en16931,Delivery information,BT-70,$.invoice.deliveryInformation.deliverToPartyName,,,DeliverToPartyName,ram:Name,/rsm:CrossIndustryInvoice/rsm:SupplyChainTradeTransaction/ram:ApplicableHeaderTradeDelivery/ram:ShipToTradeParty/ram:Name,,,false,CEN/TS 16931-3-3:2020 Table 2 normative mapping.
98,0000.0003.0003.0001.0002,3,3,A,,Deliver to location identifier,Identifier,0..1,,An identifier for the location at which the goods and services are delivered. The identification scheme identifier of the Deliver to location identifier. the date on which the supply of,en16931,Delivery information,BT-71,$.invoice.deliveryInformation[deliverToLocationIdentifierSchemeIdentifier].deliverToLocationIdentifier,,,DeliverToLocationIdentifier,ram:GlobalID,/rsm:CrossIndustryInvoice/rsm:SupplyChainTradeTransaction/ram:ApplicableHeaderTradeDelivery/ram:ShipToTradeParty/ram:GlobalID,,CII_IDENTIFIER_VARIANT_GLOBAL,false,CEN/TS 16931-3-3:2020 Table 2 normative mapping.
98,0000.0003.0003.0001.0001,3,3,A,,Deliver to location identifier,Identifier,0..1,,An identifier for the location at which the goods and services are delivered. The identification scheme identifier of the Deliver to location identifier. the date on which the supply of,en16931,Delivery information,BT-71,$.invoice.deliveryInformation[not(deliverToLocationIdentifierSchemeIdentifier)].deliverToLocationIdentifier,,,DeliverToLocationIdentifier,ram:ID,/rsm:CrossIndustryInvoice/rsm:SupplyChainTradeTransaction/ram:ApplicableHeaderTradeDelivery/ram:ShipToTradeParty/ram:ID,,CII_IDENTIFIER_VARIANT_LOCAL,false,CEN/TS 16931-3-3:2020 Table 2 normative mapping.
99,0000.0003.0003.0001.0002@schemeID,3,3,A,,Scheme identifier,Identifier,0..1,,The identification scheme identifier of the Deliver to location identifier.,en16931,Delivery information,BT-71-1,$.invoice.deliveryInformation[deliverToLocationIdentifierSchemeIdentifier].deliverToLocationIdentifierSchemeIdentifier,,,SchemeIdentifier,@schemeID,/rsm:CrossIndustryInvoice/rsm:SupplyChainTradeTransaction/ram:ApplicableHeaderTradeDelivery/ram:ShipToTradeParty/ram:GlobalID/@schemeID,,,false,CEN/TS 16931-3-3:2020 Table 2 normative mapping.
100,0000.0003.0003.0002.0001.0001,3,3,A,,Actual delivery date,Date,0..1,,goods or services was made or completed. A group of business terms providing,en16931,Delivery information,BT-72,$.invoice.deliveryInformation.actualDeliveryDate,,,ActualDeliveryDate,udt:DateTimeString,/rsm:CrossIndustryInvoice/rsm:SupplyChainTradeTransaction/ram:ApplicableHeaderTradeDelivery/ram:ActualDeliverySupplyChainEvent/ram:OccurrenceDateTime/udt:DateTimeString,,CII_DATE_102,false,CEN/TS 16931-3-3:2020 Table 2 normative mapping. Date uses format 102.
101,0000.0003.0004.0008,2,2,C,,Invoicing period,,0..1,,information on the invoice period. The date when the Invoice period,en16931,Invoicing period,BG-14,$.invoice.invoicingPeriod,,,InvoicingPeriod,ram:BillingSpecifiedPeriod,/rsm:CrossIndustryInvoice/rsm:SupplyChainTradeTransaction/ram:ApplicableHeaderTradeSettlement/ram:BillingSpecifiedPeriod,,,false,CEN/TS 16931-3-3:2020 Table 2 normative mapping.
102,0000.0003.0004.0008.0001.0001,3,3,A,,Invoicing period start date,Date,0..1,,starts.,en16931,Invoicing period,BT-73,$.invoice.invoicingPeriod.invoicingPeriodStartDate,,,InvoicingPeriodStartDate,udt:DateTimeString,/rsm:CrossIndustryInvoice/rsm:SupplyChainTradeTransaction/ram:ApplicableHeaderTradeSettlement/ram:BillingSpecifiedPeriod/ram:StartDateTime/udt:DateTimeString,,CII_DATE_102,false,CEN/TS 16931-3-3:2020 Table 2 normative mapping. Date uses format 102.
103,0000.0003.0004.0008.0002.0001,3,3,A,,Invoicing period end date,Date,0..1,,The date when the Invoice period ends.,en16931,Invoicing period,BT-74,$.invoice.invoicingPeriod.invoicingPeriodEndDate,,,InvoicingPeriodEndDate,udt:DateTimeString,/rsm:CrossIndustryInvoice/rsm:SupplyChainTradeTransaction/ram:ApplicableHeaderTradeSettlement/ram:BillingSpecifiedPeriod/ram:EndDateTime/udt:DateTimeString,,CII_DATE_102,false,CEN/TS 16931-3-3:2020 Table 2 normative mapping. Date uses format 102.
104,0000.0003.0003.0001.0004,3,3,C,,Deliver to address,,0..1,,information about the address to which goods and services invoiced were or are delivered.,en16931,Deliver to address,BG-15,$.invoice.deliveryInformation.deliverToAddress,,,DeliverToAddress,ram:PostalTradeAddress,/rsm:CrossIndustryInvoice/rsm:SupplyChainTradeTransaction/ram:ApplicableHeaderTradeDelivery/ram:ShipToTradeParty/ram:PostalTradeAddress,,,false,CEN/TS 16931-3-3:2020 Table 2 normative mapping.
105,0000.0003.0003.0001.0004.0002,4,4,A,,Deliver to address line 1,Text,0..1,,The main address line in an address. An additional address line in an,en16931,Deliver to address,BT-75,$.invoice.deliveryInformation.deliverToAddress.deliverToAddressLine1,,,DeliverToAddressLine1,ram:LineOne,/rsm:CrossIndustryInvoice/rsm:SupplyChainTradeTransaction/ram:ApplicableHeaderTradeDelivery/ram:ShipToTradeParty/ram:PostalTradeAddress/ram:LineOne,,,false,CEN/TS 16931-3-3:2020 Table 2 normative mapping.
106,0000.0003.0003.0001.0004.0003,4,4,A,,Deliver to address line 2,Text,0..1,,address that can be used to give further details supplementing the main line. An additional address line in an,en16931,Deliver to address,BT-76,$.invoice.deliveryInformation.deliverToAddress.deliverToAddressLine2,,,DeliverToAddressLine2,ram:LineTwo,/rsm:CrossIndustryInvoice/rsm:SupplyChainTradeTransaction/ram:ApplicableHeaderTradeDelivery/ram:ShipToTradeParty/ram:PostalTradeAddress/ram:LineTwo,,,false,CEN/TS 16931-3-3:2020 Table 2 normative mapping.
107,0000.0003.0003.0001.0004.0004,4,4,A,,Deliver to address line 3,Text,0..1,,"address that can be used to give further details supplementing the main line. The common name of the city, town",en16931,Deliver to address,BT-165,$.invoice.deliveryInformation.deliverToAddress.deliverToAddressLine3,,,DeliverToAddressLine3,ram:LineThree,/rsm:CrossIndustryInvoice/rsm:SupplyChainTradeTransaction/ram:ApplicableHeaderTradeDelivery/ram:ShipToTradeParty/ram:PostalTradeAddress/ram:LineThree,,,false,CEN/TS 16931-3-3:2020 Table 2 normative mapping.
108,0000.0003.0003.0001.0004.0005,4,4,A,,Deliver to city,Text,0..1,,"or village, where the deliver to address is located. The identifier for an addressable",en16931,Deliver to address,BT-77,$.invoice.deliveryInformation.deliverToAddress.deliverToCity,,,DeliverToCity,ram:CityName,/rsm:CrossIndustryInvoice/rsm:SupplyChainTradeTransaction/ram:ApplicableHeaderTradeDelivery/ram:ShipToTradeParty/ram:PostalTradeAddress/ram:CityName,,,false,CEN/TS 16931-3-3:2020 Table 2 normative mapping.
109,0000.0003.0003.0001.0004.0001,4,4,A,,Deliver to post code,Text,0..1,,group of properties according to the relevant postal service.,en16931,Deliver to address,BT-78,$.invoice.deliveryInformation.deliverToAddress.deliverToPostCode,,,DeliverToPostCode,ram:PostcodeCode,/rsm:CrossIndustryInvoice/rsm:SupplyChainTradeTransaction/ram:ApplicableHeaderTradeDelivery/ram:ShipToTradeParty/ram:PostalTradeAddress/ram:PostcodeCode,,,false,CEN/TS 16931-3-3:2020 Table 2 normative mapping.
110,0000.0003.0003.0001.0004.0007,4,4,A,,Deliver to country subdivision,Text,0..1,,The subdivision of a country.,en16931,Deliver to address,BT-79,$.invoice.deliveryInformation.deliverToAddress.deliverToCountrySubdivision,,,DeliverToCountrySubdivision,ram:CountrySubDivisionName,/rsm:CrossIndustryInvoice/rsm:SupplyChainTradeTransaction/ram:ApplicableHeaderTradeDelivery/ram:ShipToTradeParty/ram:PostalTradeAddress/ram:CountrySubDivisionName,,,false,CEN/TS 16931-3-3:2020 Table 2 normative mapping.
111,0000.0003.0003.0001.0004.0006,4,4,A,,Deliver to country code,Code,1..1,,A code that identifies the country.,en16931,Deliver to address,BT-80,$.invoice.deliveryInformation.deliverToAddress.deliverToCountryCode,,,DeliverToCountryCode,ram:CountryID,/rsm:CrossIndustryInvoice/rsm:SupplyChainTradeTransaction/ram:ApplicableHeaderTradeDelivery/ram:ShipToTradeParty/ram:PostalTradeAddress/ram:CountryID,,,true,CEN/TS 16931-3-3:2020 Table 2 normative mapping.
112,0000.0003.0004.0006,2,2,C,,Payment instructions,,0..*,,Information about payment means.,en16931,Payment instruction,BG-16,$.invoice.paymentInstructions,,,PaymentInstructions,ram:SpecifiedTradeSettlementPaymentMeans,/rsm:CrossIndustryInvoice/rsm:SupplyChainTradeTransaction/ram:ApplicableHeaderTradeSettlement/ram:SpecifiedTradeSettlementPaymentMeans,,,false,CEN/TS 16931-3-3:2020 Table 2 normative mapping.
113,0000.0003.0004.0006.0001,3,3,A,,Payment means type code,Code,1..1,,"has been settled. The means, expressed as text, for",en16931,Payment instruction,BT-81,$.invoice.paymentInstructions.paymentMeansTypeCode,,,PaymentMeansTypeCode,ram:TypeCode,/rsm:CrossIndustryInvoice/rsm:SupplyChainTradeTransaction/ram:ApplicableHeaderTradeSettlement/ram:SpecifiedTradeSettlementPaymentMeans/ram:TypeCode,,,true,CEN/TS 16931-3-3:2020 Table 2 normative mapping.
114,0000.0003.0004.0006.0002,3,3,A,,Payment means text,Text,0..1,,how a payment is expected to be or has been settled. A textual value used to establish a,en16931,Payment instruction,BT-82,$.invoice.paymentInstructions.paymentMeansText,,,PaymentMeansText,ram:Information,/rsm:CrossIndustryInvoice/rsm:SupplyChainTradeTransaction/ram:ApplicableHeaderTradeSettlement/ram:SpecifiedTradeSettlementPaymentMeans/ram:Information,,,false,CEN/TS 16931-3-3:2020 Table 2 normative mapping.
115,0000.0003.0004.0002,3,3,A,,Payment remittance information,Text,0..1,,Remittance information for matching payment.,en16931,Payment instruction,BT-83,$.invoice.paymentInstructions.paymentRemittanceInformation,,,PaymentRemittanceInformation,ram:PaymentReference,/rsm:CrossIndustryInvoice/rsm:SupplyChainTradeTransaction/ram:ApplicableHeaderTradeSettlement/ram:PaymentReference,,,false,CEN/TS 16931-3-3:2020 Table 2 normative mapping.
116,0000.0003.0004.0006.0005,3,3,C,,Credit transfer,,0..*,,Payment terms textual information.,en16931,Credit transfer,BG-17,$.invoice.paymentInstructions.creditTransfer,,,CreditTransfer,ram:PayeePartyCreditorFinancialAccount,/rsm:CrossIndustryInvoice/rsm:SupplyChainTradeTransaction/ram:ApplicableHeaderTradeSettlement/ram:SpecifiedTradeSettlementPaymentMeans/ram:PayeePartyCreditorFinancialAccount,,,false,CEN/TS 16931-3-3:2020 Table 2 normative mapping.
117,0000.0003.0004.0006.0005.0001,4,4,A,,Payment account identifier,Identifier,0..1,,"payment account, at a payment service provider, to which payment should be made. The name of the payment account,",en16931,Credit transfer,BT-84,$.invoice.paymentInstructions.creditTransfer.paymentAccountIdentifier,,,PaymentAccountIdentifier,ram:IBANID,/rsm:CrossIndustryInvoice/rsm:SupplyChainTradeTransaction/ram:ApplicableHeaderTradeSettlement/ram:SpecifiedTradeSettlementPaymentMeans/ram:PayeePartyCreditorFinancialAccount/ram:IBANID,,CII_ACCOUNT_ID_IF_IBAN,false,CEN/TS: use IBANID if applicable.
117,0000.0003.0004.0006.0005.0003,4,4,A,,Payment account identifier,Identifier,0..1,,"payment account, at a payment service provider, to which payment should be made. The name of the payment account,",en16931,Credit transfer,BT-84,$.invoice.paymentInstructions.creditTransfer.paymentAccountIdentifier,,,PaymentAccountIdentifier,ram:ProprietaryID,/rsm:CrossIndustryInvoice/rsm:SupplyChainTradeTransaction/ram:ApplicableHeaderTradeSettlement/ram:SpecifiedTradeSettlementPaymentMeans/ram:PayeePartyCreditorFinancialAccount/ram:ProprietaryID,,CII_ACCOUNT_ID_IF_NOT_IBAN,false,CEN/TS: use ProprietaryID otherwise.
118,0000.0003.0004.0006.0005.0002,4,4,A,,Payment account name,Text,0..1,,"at a payment service provider, to which payment should be made. An identifier for the payment",en16931,Credit transfer,BT-85,$.invoice.paymentInstructions.creditTransfer.paymentAccountName,,,PaymentAccountName,ram:AccountName,/rsm:CrossIndustryInvoice/rsm:SupplyChainTradeTransaction/ram:ApplicableHeaderTradeSettlement/ram:SpecifiedTradeSettlementPaymentMeans/ram:PayeePartyCreditorFinancialAccount/ram:AccountName,,,false,CEN/TS 16931-3-3:2020 Table 2 normative mapping.
119,0000.0003.0004.0006.0007.0001,4,4,A,,Payment service provider identifier,Identifier,0..1,,service provider where a payment account is located. A group of business terms providing,en16931,Credit transfer,BT-86,$.invoice.paymentInstructions.creditTransfer.paymentServiceProviderIdentifier,,,PaymentServiceProviderIdentifier,ram:BICID,/rsm:CrossIndustryInvoice/rsm:SupplyChainTradeTransaction/ram:ApplicableHeaderTradeSettlement/ram:SpecifiedTradeSettlementPaymentMeans/ram:PayeeSpecifiedCreditorFinancialInstitution/ram:BICID,,,false,CEN/TS 16931-3-3:2020 Table 2 normative mapping.
120,0000.0003.0004.0006.0003,3,3,C,,Payment card information,,0..1,,information about card used for payment contemporaneous with invoice issuance.,en16931,Payment card information,BG-18,$.invoice.paymentInstructions.paymentCardInformation,,,PaymentCardInformation,ram:ApplicableTradeSettlementFinancialCard,/rsm:CrossIndustryInvoice/rsm:SupplyChainTradeTransaction/ram:ApplicableHeaderTradeSettlement/ram:SpecifiedTradeSettlementPaymentMeans/ram:ApplicableTradeSettlementFinancialCard,,,false,CEN/TS 16931-3-3:2020 Table 2 normative mapping.
121,0000.0003.0004.0006.0003.0001,4,4,A,,Payment card primary account number,Identifier,1..1,,The Primary Account Number (PAN) of the card used for payment.,en16931,Payment card information,BT-87,$.invoice.paymentInstructions.paymentCardInformation.paymentCardPrimaryAccountNumber,,,PaymentCardPrimaryAccountNumber,ram:ID,/rsm:CrossIndustryInvoice/rsm:SupplyChainTradeTransaction/ram:ApplicableHeaderTradeSettlement/ram:SpecifiedTradeSettlementPaymentMeans/ram:ApplicableTradeSettlementFinancialCard/ram:ID,,,true,CEN/TS 16931-3-3:2020 Table 2 normative mapping.
122,0000.0003.0004.0006.0003.0002,4,4,A,,Payment card holder name,Text,0..1,,The name of the payment card holder.,en16931,Payment card information,BT-88,$.invoice.paymentInstructions.paymentCardInformation.paymentCardHolderName,,,PaymentCardHolderName,ram:CardholderName,/rsm:CrossIndustryInvoice/rsm:SupplyChainTradeTransaction/ram:ApplicableHeaderTradeSettlement/ram:SpecifiedTradeSettlementPaymentMeans/ram:ApplicableTradeSettlementFinancialCard/ram:CardholderName,,,false,CEN/TS 16931-3-3:2020 Table 2 normative mapping.
123,0000.0003.0004,3,3,C,,Direct debit,,0..1,,A group of business terms to specify a direct debit. Unique identifier assigned by the,en16931,Direct debit,BG-19,$.invoice.paymentInstructions.directDebit,,,DirectDebit,ram:ApplicableHeaderTradeSettlement,/rsm:CrossIndustryInvoice/rsm:SupplyChainTradeTransaction/ram:ApplicableHeaderTradeSettlement,,,false,CEN/TS 16931-3-3:2020 Table 2 normative mapping.
124,0000.0003.0004.0010.0003,4,4,A,,Mandate reference identifier,Identifier,0..1,,Payee for referencing the direct debit mandate. Unique banking reference identifier,en16931,Direct debit,BT-89,$.invoice.paymentInstructions.directDebit.mandateReferenceIdentifier,,,MandateReferenceIdentifier,ram:DirectDebitMandateID,/rsm:CrossIndustryInvoice/rsm:SupplyChainTradeTransaction/ram:ApplicableHeaderTradeSettlement/ram:SpecifiedTradePaymentTerms/ram:DirectDebitMandateID,,,false,CEN/TS 16931-3-3:2020 Table 2 normative mapping.
125,0000.0003.0004.0001,4,4,A,,Bank assigned creditor identifier,Identifier,0..1,,of the Payee or Seller assigned by the Payee or Seller bank.,en16931,Direct debit,BT-90,$.invoice.paymentInstructions.directDebit.bankAssignedCreditorIdentifier,,,BankAssignedCreditorIdentifier,ram:CreditorReferenceID,/rsm:CrossIndustryInvoice/rsm:SupplyChainTradeTransaction/ram:ApplicableHeaderTradeSettlement/ram:CreditorReferenceID,,,false,CEN/TS 16931-3-3:2020 Table 2 normative mapping.
126,0000.0003.0004.0006.0004.0001,4,4,A,,Debited account identifier,Identifier,0..1,,The account to be debited by the direct debit. A group of business terms providing,en16931,Direct debit,BT-91,$.invoice.paymentInstructions.directDebit.debitedAccountIdentifier,,,DebitedAccountIdentifier,ram:IBANID,/rsm:CrossIndustryInvoice/rsm:SupplyChainTradeTransaction/ram:ApplicableHeaderTradeSettlement/ram:SpecifiedTradeSettlementPaymentMeans/ram:PayerPartyDebtorFinancialAccount/ram:IBANID,,,false,CEN/TS 16931-3-3:2020 Table 2 normative mapping.
127,0000.0003.0004.0009,2,2,C,,Document level allowances,,0..*,,information about allowances applicable to the Invoice as a whole.,en16931,Document level allowance,BG-20,$.invoice.documentLevelAllowances,,,DocumentLevelAllowances,ram:SpecifiedTradeAllowanceCharge,/rsm:CrossIndustryInvoice/rsm:SupplyChainTradeTransaction/ram:ApplicableHeaderTradeSettlement/ram:SpecifiedTradeAllowanceCharge[ram:ChargeIndicator/udt:Indicator='false'],,,false,CEN/TS 16931-3-3:2020 Table 2 normative mapping.
128,0000.0003.0004.0009.0004,3,3,A,,Document level allowance amount,Amount,1..1,,"The amount of an allowance, without VAT. The base amount that may be used,",en16931,Document level allowance,BT-92,$.invoice.documentLevelAllowances.documentLevelAllowanceAmount,,,DocumentLevelAllowanceAmount,ram:ActualAmount,/rsm:CrossIndustryInvoice/rsm:SupplyChainTradeTransaction/ram:ApplicableHeaderTradeSettlement/ram:SpecifiedTradeAllowanceCharge[ram:ChargeIndicator/udt:Indicator='false']/ram:ActualAmount,,,true,CEN/TS 16931-3-3:2020 Table 2 normative mapping.
129,0000.0003.0004.0009.0003,3,3,A,,Document level allowance base amount,Amount,0..1,,"in conjunction with the document level allowance percentage, to calculate the document level allowance amount. The percentage that may be used, in",en16931,Document level allowance,BT-93,$.invoice.documentLevelAllowances.documentLevelAllowanceBaseAmount,,,DocumentLevelAllowanceBaseAmount,ram:BasisAmount,/rsm:CrossIndustryInvoice/rsm:SupplyChainTradeTransaction/ram:ApplicableHeaderTradeSettlement/ram:SpecifiedTradeAllowanceCharge[ram:ChargeIndicator/udt:Indicator='false']/ram:BasisAmount,,,false,CEN/TS 16931-3-3:2020 Table 2 normative mapping.
130,0000.0003.0004.0009.0002,3,3,A,,Document level allowance percentage,Percentage,0..1,,"conjunction with the document level allowance base amount, to calculate",en16931,Document level allowance,BT-94,$.invoice.documentLevelAllowances.documentLevelAllowancePercentage,,,DocumentLevelAllowancePercentage,ram:CalculationPercent,/rsm:CrossIndustryInvoice/rsm:SupplyChainTradeTransaction/ram:ApplicableHeaderTradeSettlement/ram:SpecifiedTradeAllowanceCharge[ram:ChargeIndicator/udt:Indicator='false']/ram:CalculationPercent,,,false,CEN/TS 16931-3-3:2020 Table 2 normative mapping.
131,0000.0003.0004.0009.0007.0002,3,3,A,,Document level allowance VAT category code,Code,1..1,,"The VAT rate, represented as percentage that applies to the",en16931,Document level allowance,BT-95,$.invoice.documentLevelAllowances.documentLevelAllowanceVatCategoryCode,,,DocumentLevelAllowanceVatCategoryCode,ram:CategoryCode,/rsm:CrossIndustryInvoice/rsm:SupplyChainTradeTransaction/ram:ApplicableHeaderTradeSettlement/ram:SpecifiedTradeAllowanceCharge[ram:ChargeIndicator/udt:Indicator='false']/ram:CategoryTradeTax[ram:TypeCode='VAT']/ram:CategoryCode,,,true,CEN/TS 16931-3-3:2020 Table 2 normative mapping.
132,0000.0003.0004.0009.0007.0003,3,3,A,,Document level allowance VAT rate,Percentage,0..1,,document level allowance.,en16931,Document level allowance,BT-96,$.invoice.documentLevelAllowances.documentLevelAllowanceVatRate,,,DocumentLevelAllowanceVatRate,ram:RateApplicablePercent,/rsm:CrossIndustryInvoice/rsm:SupplyChainTradeTransaction/ram:ApplicableHeaderTradeSettlement/ram:SpecifiedTradeAllowanceCharge[ram:ChargeIndicator/udt:Indicator='false']/ram:CategoryTradeTax[ram:TypeCode='VAT']/ram:RateApplicablePercent,,,false,CEN/TS 16931-3-3:2020 Table 2 normative mapping.
133,0000.0003.0004.0009.0006,3,3,A,,Document level allowance reason,Text,0..1,,Reason for a document level allowance.,en16931,Document level allowance,BT-97,$.invoice.documentLevelAllowances.documentLevelAllowanceReason,,,DocumentLevelAllowanceReason,ram:Reason,/rsm:CrossIndustryInvoice/rsm:SupplyChainTradeTransaction/ram:ApplicableHeaderTradeSettlement/ram:SpecifiedTradeAllowanceCharge[ram:ChargeIndicator/udt:Indicator='false']/ram:Reason,,,false,CEN/TS 16931-3-3:2020 Table 2 normative mapping.
134,0000.0003.0004.0009.0005,3,3,A,,Document level allowance reason code,Code,0..1,,"The reason for the document level allowance, expressed as a code. A group of business terms providing",en16931,Document level allowance,BT-98,$.invoice.documentLevelAllowances.documentLevelAllowanceReasonCode,,,DocumentLevelAllowanceReasonCode,ram:ReasonCode,/rsm:CrossIndustryInvoice/rsm:SupplyChainTradeTransaction/ram:ApplicableHeaderTradeSettlement/ram:SpecifiedTradeAllowanceCharge[ram:ChargeIndicator/udt:Indicator='false']/ram:ReasonCode,,,false,CEN/TS 16931-3-3:2020 Table 2 normative mapping.
135,0000.0003.0004.0009,2,2,C,,Document level charges,,0..*,,"information about charges and taxes other than VAT, applicable to the Invoice as a whole. The amount of a charge, without",en16931,Document level charge,BG-21,$.invoice.documentLevelCharges,,,DocumentLevelCharges,ram:SpecifiedTradeAllowanceCharge,/rsm:CrossIndustryInvoice/rsm:SupplyChainTradeTransaction/ram:ApplicableHeaderTradeSettlement/ram:SpecifiedTradeAllowanceCharge[ram:ChargeIndicator/udt:Indicator='true'],,,false,CEN/TS 16931-3-3:2020 Table 2 normative mapping.
136,0000.0003.0004.0009.0004,3,3,A,,Document level charge amount,Amount,1..1,,"VAT. The base amount that may be used,",en16931,Document level charge,BT-99,$.invoice.documentLevelCharges.documentLevelChargeAmount,,,DocumentLevelChargeAmount,ram:ActualAmount,/rsm:CrossIndustryInvoice/rsm:SupplyChainTradeTransaction/ram:ApplicableHeaderTradeSettlement/ram:SpecifiedTradeAllowanceCharge[ram:ChargeIndicator/udt:Indicator='true']/ram:ActualAmount,,,true,CEN/TS 16931-3-3:2020 Table 2 normative mapping.
137,0000.0003.0004.0009.0003,3,3,A,,Document level charge base amount,Amount,0..1,,"in conjunction with the document level charge percentage, to calculate the document level charge amount. The percentage that may be used, in",en16931,Document level charge,BT-100,$.invoice.documentLevelCharges.documentLevelChargeBaseAmount,,,DocumentLevelChargeBaseAmount,ram:BasisAmount,/rsm:CrossIndustryInvoice/rsm:SupplyChainTradeTransaction/ram:ApplicableHeaderTradeSettlement/ram:SpecifiedTradeAllowanceCharge[ram:ChargeIndicator/udt:Indicator='true']/ram:BasisAmount,,,false,CEN/TS 16931-3-3:2020 Table 2 normative mapping.
138,0000.0003.0004.0009.0002,3,3,A,,Document level charge percentage,Percentage,0..1,,conjunction with the document level,en16931,Document level charge,BT-101,$.invoice.documentLevelCharges.documentLevelChargePercentage,,,DocumentLevelChargePercentage,ram:CalculationPercent,/rsm:CrossIndustryInvoice/rsm:SupplyChainTradeTransaction/ram:ApplicableHeaderTradeSettlement/ram:SpecifiedTradeAllowanceCharge[ram:ChargeIndicator/udt:Indicator='true']/ram:CalculationPercent,,,false,CEN/TS 16931-3-3:2020 Table 2 normative mapping.
139,0000.0003.0004.0009.0007.0002,3,3,A,,Document level charge VAT category code,Code,1..1,,"The VAT rate, represented as",en16931,Document level charge,BT-102,$.invoice.documentLevelCharges.documentLevelChargeVatCategoryCode,,,DocumentLevelChargeVatCategoryCode,ram:CategoryCode,/rsm:CrossIndustryInvoice/rsm:SupplyChainTradeTransaction/ram:ApplicableHeaderTradeSettlement/ram:SpecifiedTradeAllowanceCharge[ram:ChargeIndicator/udt:Indicator='true']/ram:CategoryTradeTax[ram:TypeCode='VAT']/ram:CategoryCode,,,true,CEN/TS 16931-3-3:2020 Table 2 normative mapping.
140,0000.0003.0004.0009.0007.0003,3,3,A,,Document level charge VAT rate,Percentage,0..1,,percentage that applies to the document level charge.,en16931,Document level charge,BT-103,$.invoice.documentLevelCharges.documentLevelChargeVatRate,,,DocumentLevelChargeVatRate,ram:RateApplicablePercent,/rsm:CrossIndustryInvoice/rsm:SupplyChainTradeTransaction/ram:ApplicableHeaderTradeSettlement/ram:SpecifiedTradeAllowanceCharge[ram:ChargeIndicator/udt:Indicator='true']/ram:CategoryTradeTax[ram:TypeCode='VAT']/ram:RateApplicablePercent,,,false,CEN/TS 16931-3-3:2020 Table 2 normative mapping.
141,0000.0003.0004.0009.0006,3,3,A,,Document level charge reason,Text,0..1,,Reason for a document level charge.,en16931,Document level charge,BT-104,$.invoice.documentLevelCharges.documentLevelChargeReason,,,DocumentLevelChargeReason,ram:Reason,/rsm:CrossIndustryInvoice/rsm:SupplyChainTradeTransaction/ram:ApplicableHeaderTradeSettlement/ram:SpecifiedTradeAllowanceCharge[ram:ChargeIndicator/udt:Indicator='true']/ram:Reason,,,false,CEN/TS 16931-3-3:2020 Table 2 normative mapping.
142,0000.0003.0004.0009.0005,3,3,A,,Document level charge reason code,Code,0..1,,"charge, expressed as a code. A group of business terms providing the monetary totals for the Invoice.",en16931,Document level charge,BT-105,$.invoice.documentLevelCharges.documentLevelChargeReasonCode,,,DocumentLevelChargeReasonCode,ram:ReasonCode,/rsm:CrossIndustryInvoice/rsm:SupplyChainTradeTransaction/ram:ApplicableHeaderTradeSettlement/ram:SpecifiedTradeAllowanceCharge[ram:ChargeIndicator/udt:Indicator='true']/ram:ReasonCode,,,false,CEN/TS 16931-3-3:2020 Table 2 normative mapping.
143,0000.0003.0004.0011,2,2,C,,Document totals,,1..1,,Invoice monetary totals.,en16931,Document total,BG-22,$.invoice.documentTotals,,,DocumentTotals,ram:SpecifiedTradeSettlementHeaderMonetarySummation,/rsm:CrossIndustryInvoice/rsm:SupplyChainTradeTransaction/ram:ApplicableHeaderTradeSettlement/ram:SpecifiedTradeSettlementHeaderMonetarySummation,,,true,CEN/TS 16931-3-3:2020 Table 2 normative mapping.
144,0000.0003.0004.0011.0001,3,3,A,,Sum of invoice line net amount,Amount,1..1,,Sum of all Invoice line net amounts in the Invoice. Sum of all allowances on document,en16931,Document total,BT-106,$.invoice.documentTotals.sumOfInvoiceLineNetAmount,,,SumOfInvoiceLineNetAmount,ram:LineTotalAmount,/rsm:CrossIndustryInvoice/rsm:SupplyChainTradeTransaction/ram:ApplicableHeaderTradeSettlement/ram:SpecifiedTradeSettlementHeaderMonetarySummation/ram:LineTotalAmount,,,true,CEN/TS 16931-3-3:2020 Table 2 normative mapping.
145,0000.0003.0004.0011.0003,3,3,A,,Sum of allowances on document level,Amount,0..1,,level in the Invoice. Sum of all charges on document,en16931,Document total,BT-107,$.invoice.documentTotals.sumOfAllowancesOnDocumentLevel,,,SumOfAllowancesOnDocumentLevel,ram:AllowanceTotalAmount,/rsm:CrossIndustryInvoice/rsm:SupplyChainTradeTransaction/ram:ApplicableHeaderTradeSettlement/ram:SpecifiedTradeSettlementHeaderMonetarySummation/ram:AllowanceTotalAmount,,,false,CEN/TS 16931-3-3:2020 Table 2 normative mapping.
146,0000.0003.0004.0011.0002,3,3,A,,Sum of charges on document level,Amount,0..1,,level in the Invoice. The total amount of the Invoice,en16931,Document total,BT-108,$.invoice.documentTotals.sumOfChargesOnDocumentLevel,,,SumOfChargesOnDocumentLevel,ram:ChargeTotalAmount,/rsm:CrossIndustryInvoice/rsm:SupplyChainTradeTransaction/ram:ApplicableHeaderTradeSettlement/ram:SpecifiedTradeSettlementHeaderMonetarySummation/ram:ChargeTotalAmount,,,false,CEN/TS 16931-3-3:2020 Table 2 normative mapping.
147,0000.0003.0004.0011.0004,3,3,A,,Invoice total amount without VAT,Amount,1..1,,without VAT.,en16931,Document total,BT-109,$.invoice.documentTotals.invoiceTotalAmountWithoutVat,,,InvoiceTotalAmountWithoutVat,ram:TaxBasisTotalAmount,/rsm:CrossIndustryInvoice/rsm:SupplyChainTradeTransaction/ram:ApplicableHeaderTradeSettlement/ram:SpecifiedTradeSettlementHeaderMonetarySummation/ram:TaxBasisTotalAmount,,,true,CEN/TS 16931-3-3:2020 Table 2 normative mapping.
148,0000.0003.0004.0011.0005,3,3,A,,Invoice total VAT amount,Amount,1..1,,The total VAT amount for the Invoice. The VAT total amount expressed in the accounting currency accepted or required in the country of the Seller.,en16931,Document total,BT-110,$.invoice.documentTotals.invoiceTotalVatAmount,,,InvoiceTotalVatAmount,ram:TaxTotalAmount,/rsm:CrossIndustryInvoice/rsm:SupplyChainTradeTransaction/ram:ApplicableHeaderTradeSettlement/ram:SpecifiedTradeSettlementHeaderMonetarySummation/ram:TaxTotalAmount,,CII_TAX_TOTAL_DOCUMENT_CURRENCY,true,@currencyID distinguishes document-currency VAT total.
149,0000.0003.0004.0011.0005,3,3,A,,Invoice total VAT amount in accounting currency,Amount,0..1,,The total amount of the Invoice with,en16931,Document total,BT-111,$.invoice.documentTotals.invoiceTotalVatAmountInAccountingCurrency,,,InvoiceTotalVatAmountInAccountingCurrency,ram:TaxTotalAmount,/rsm:CrossIndustryInvoice/rsm:SupplyChainTradeTransaction/ram:ApplicableHeaderTradeSettlement/ram:SpecifiedTradeSettlementHeaderMonetarySummation/ram:TaxTotalAmount,,CII_TAX_TOTAL_ACCOUNTING_CURRENCY,false,@currencyID distinguishes accounting-currency VAT total.
150,0000.0003.0004.0011.0007,3,3,A,,Invoice total amount with VAT,Amount,1..1,,Invoice total amount including VAT.,en16931,Document total,BT-112,$.invoice.documentTotals.invoiceTotalAmountWithVat,,,InvoiceTotalAmountWithVat,ram:GrandTotalAmount,/rsm:CrossIndustryInvoice/rsm:SupplyChainTradeTransaction/ram:ApplicableHeaderTradeSettlement/ram:SpecifiedTradeSettlementHeaderMonetarySummation/ram:GrandTotalAmount,,,true,CEN/TS 16931-3-3:2020 Table 2 normative mapping.
151,0000.0003.0004.0011.0008,3,3,A,,Paid amount,Amount,0..1,,been paid in advance. The amount to be added to the,en16931,Document total,BT-113,$.invoice.documentTotals.paidAmount,,,PaidAmount,ram:TotalPrepaidAmount,/rsm:CrossIndustryInvoice/rsm:SupplyChainTradeTransaction/ram:ApplicableHeaderTradeSettlement/ram:SpecifiedTradeSettlementHeaderMonetarySummation/ram:TotalPrepaidAmount,,,false,CEN/TS 16931-3-3:2020 Table 2 normative mapping.
152,0000.0003.0004.0011.0006,3,3,A,,Rounding amount,Amount,0..1,,invoice total to round the amount to be paid.,en16931,Document total,BT-114,$.invoice.documentTotals.roundingAmount,,,RoundingAmount,ram:RoundingAmount,/rsm:CrossIndustryInvoice/rsm:SupplyChainTradeTransaction/ram:ApplicableHeaderTradeSettlement/ram:SpecifiedTradeSettlementHeaderMonetarySummation/ram:RoundingAmount,,,false,CEN/TS 16931-3-3:2020 Table 2 normative mapping.
153,0000.0003.0004.0011.0009,3,3,A,,Amount due for payment,Amount,1..1,,The outstanding amount that is requested to be paid. A group of business terms providing,en16931,Document total,BT-115,$.invoice.documentTotals.amountDueForPayment,,,AmountDueForPayment,ram:DuePayableAmount,/rsm:CrossIndustryInvoice/rsm:SupplyChainTradeTransaction/ram:ApplicableHeaderTradeSettlement/ram:SpecifiedTradeSettlementHeaderMonetarySummation/ram:DuePayableAmount,,,true,CEN/TS 16931-3-3:2020 Table 2 normative mapping.
154,0000.0003.0004.0007,2,2,C,,VAT breakdown,,1..*,,"information about VAT breakdown by different categories, rates and exemption reasons Sum of all taxable amounts subject",en16931,VAT breakdown,BG-23,$.invoice.vatBreakdown,,,VatBreakdown,ram:ApplicableTradeTax,/rsm:CrossIndustryInvoice/rsm:SupplyChainTradeTransaction/ram:ApplicableHeaderTradeSettlement/ram:ApplicableTradeTax[ram:TypeCode='VAT'],,,true,CEN/TS 16931-3-3:2020 Table 2 normative mapping. Task-local class-anchor correction: VAT predicate.
155,0000.0003.0004.0007.0004,3,3,A,,VAT category taxable amount,Amount,1..1,,to a specific VAT category code and VAT category rate (if the VAT category rate is applicable). The total VAT amount for a given,en16931,VAT breakdown,BT-116,$.invoice.vatBreakdown.vatCategoryTaxableAmount,,,VatCategoryTaxableAmount,ram:BasisAmount,/rsm:CrossIndustryInvoice/rsm:SupplyChainTradeTransaction/ram:ApplicableHeaderTradeSettlement/ram:ApplicableTradeTax[ram:TypeCode='VAT']/ram:BasisAmount,,,true,CEN/TS 16931-3-3:2020 Table 2 normative mapping.
156,0000.0003.0004.0007.0001,3,3,A,,VAT category tax amount,Amount,1..1,,VAT amount for VAT category.,en16931,VAT breakdown,BT-117,$.invoice.vatBreakdown.vatCategoryTaxAmount,,,VatCategoryTaxAmount,ram:CalculatedAmount,/rsm:CrossIndustryInvoice/rsm:SupplyChainTradeTransaction/ram:ApplicableHeaderTradeSettlement/ram:ApplicableTradeTax[ram:TypeCode='VAT']/ram:CalculatedAmount,,,true,CEN/TS 16931-3-3:2020 Table 2 normative mapping.
157,0000.0003.0004.0007.0005,3,3,A,,VAT category code,Code,1..1,,"The VAT rate, represented as",en16931,VAT breakdown,BT-118,$.invoice.vatBreakdown.vatCategoryCode,,,VatCategoryCode,ram:CategoryCode,/rsm:CrossIndustryInvoice/rsm:SupplyChainTradeTransaction/ram:ApplicableHeaderTradeSettlement/ram:ApplicableTradeTax[ram:TypeCode='VAT']/ram:CategoryCode,,,true,CEN/TS 16931-3-3:2020 Table 2 normative mapping.
158,0000.0003.0004.0007.0009,3,3,A,,VAT category rate,Decimal,0..1,,percentage that applies for the relevant VAT category. A textual statement of the reason,en16931,VAT breakdown,BT-119,$.invoice.vatBreakdown.vatCategoryRate,,,VatCategoryRate,ram:RateApplicablePercent,/rsm:CrossIndustryInvoice/rsm:SupplyChainTradeTransaction/ram:ApplicableHeaderTradeSettlement/ram:ApplicableTradeTax[ram:TypeCode='VAT']/ram:RateApplicablePercent,,,false,CEN/TS 16931-3-3:2020 Table 2 normative mapping.
159,0000.0003.0004.0007.0003,3,3,A,,VAT exemption reason text,Text,0..1,,why the amount is exempted from VAT or why no VAT is being charged A coded statement of the reason for why the amount is exempted from,en16931,VAT breakdown,BT-120,$.invoice.vatBreakdown.vatExemptionReasonText,,,VatExemptionReasonText,ram:ExemptionReason,/rsm:CrossIndustryInvoice/rsm:SupplyChainTradeTransaction/ram:ApplicableHeaderTradeSettlement/ram:ApplicableTradeTax[ram:TypeCode='VAT']/ram:ExemptionReason,,,false,CEN/TS 16931-3-3:2020 Table 2 normative mapping.
160,0000.0003.0004.0007.0006,3,3,A,,VAT exemption reason code,Code,0..1,,Code identifying the reason for VAT exemption.,en16931,VAT breakdown,BT-121,$.invoice.vatBreakdown.vatExemptionReasonCode,,,VatExemptionReasonCode,ram:ExemptionReasonCode,/rsm:CrossIndustryInvoice/rsm:SupplyChainTradeTransaction/ram:ApplicableHeaderTradeSettlement/ram:ApplicableTradeTax[ram:TypeCode='VAT']/ram:ExemptionReasonCode,,,false,CEN/TS 16931-3-3:2020 Table 2 normative mapping.
161,0000.0003.0002.0008,2,2,C,,Additional supporting documents,,0..*,,An identifier of the supporting,en16931,Additional supporting document,BG-24,$.invoice.additionalSupportingDocuments[not(externalDocumentLocation)][not(attachedDocument)],,,AdditionalSupportingDocuments,ram:AdditionalReferencedDocument,/rsm:CrossIndustryInvoice/rsm:SupplyChainTradeTransaction/ram:ApplicableHeaderTradeAgreement/ram:AdditionalReferencedDocument[ram:TypeCode='916'],,,false,CEN/TS 16931-3-3:2020 Table 2 normative mapping. Task-local class-anchor correction: TypeCode 916 predicate.
161,0000.0003.0002.0008,2,2,C,,Additional supporting documents,,0..*,,An identifier of the supporting,en16931,Additional supporting document,BG-24,$.invoice.additionalSupportingDocuments[externalDocumentLocation][not(attachedDocument)],,,AdditionalSupportingDocuments,ram:AdditionalReferencedDocument,/rsm:CrossIndustryInvoice/rsm:SupplyChainTradeTransaction/ram:ApplicableHeaderTradeAgreement/ram:AdditionalReferencedDocument[ram:TypeCode='916'],,,false,CEN/TS 16931-3-3:2020 Table 2 normative mapping. Task-local class-anchor correction: TypeCode 916 predicate.
161,0000.0003.0002.0008,2,2,C,,Additional supporting documents,,0..*,,An identifier of the supporting,en16931,Additional supporting document,BG-24,$.invoice.additionalSupportingDocuments[not(externalDocumentLocation)][attachedDocument],,,AdditionalSupportingDocuments,ram:AdditionalReferencedDocument,/rsm:CrossIndustryInvoice/rsm:SupplyChainTradeTransaction/ram:ApplicableHeaderTradeAgreement/ram:AdditionalReferencedDocument[ram:TypeCode='916'],,,false,CEN/TS 16931-3-3:2020 Table 2 normative mapping. Task-local class-anchor correction: TypeCode 916 predicate.
162,0000.0003.0002.0008.0001,3,3,A,,Supporting document reference,Identifier,1..1,,document. A description of the supporting,en16931,Additional supporting document,BT-122,$.invoice.additionalSupportingDocuments[not(externalDocumentLocation)][not(attachedDocument)].supportingDocumentReference,,,SupportingDocumentReference,ram:IssuerAssignedID,/rsm:CrossIndustryInvoice/rsm:SupplyChainTradeTransaction/ram:ApplicableHeaderTradeAgreement/ram:AdditionalReferencedDocument[ram:TypeCode='916']/ram:IssuerAssignedID,,,true,CEN/TS 16931-3-3:2020 Table 2 normative mapping.
162,0000.0003.0002.0008.0001,3,3,A,,Supporting document reference,Identifier,1..1,,document. A description of the supporting,en16931,Additional supporting document,BT-122,$.invoice.additionalSupportingDocuments[externalDocumentLocation][not(attachedDocument)].supportingDocumentReference,,,SupportingDocumentReference,ram:IssuerAssignedID,/rsm:CrossIndustryInvoice/rsm:SupplyChainTradeTransaction/ram:ApplicableHeaderTradeAgreement/ram:AdditionalReferencedDocument[ram:TypeCode='916']/ram:IssuerAssignedID,,,true,CEN/TS 16931-3-3:2020 Table 2 normative mapping.
162,0000.0003.0002.0008.0001,3,3,A,,Supporting document reference,Identifier,1..1,,document. A description of the supporting,en16931,Additional supporting document,BT-122,$.invoice.additionalSupportingDocuments[not(externalDocumentLocation)][attachedDocument].supportingDocumentReference,,,SupportingDocumentReference,ram:IssuerAssignedID,/rsm:CrossIndustryInvoice/rsm:SupplyChainTradeTransaction/ram:ApplicableHeaderTradeAgreement/ram:AdditionalReferencedDocument[ram:TypeCode='916']/ram:IssuerAssignedID,,,true,CEN/TS 16931-3-3:2020 Table 2 normative mapping.
163,0000.0003.0002.0008.0004,3,3,A,,Supporting document description,Text,0..1,,document. The URL (Uniform Resource Locator) that identifies where the external document is located.,en16931,Additional supporting document,BT-123,$.invoice.additionalSupportingDocuments.supportingDocumentDescription,,,SupportingDocumentDescription,ram:Name,/rsm:CrossIndustryInvoice/rsm:SupplyChainTradeTransaction/ram:ApplicableHeaderTradeAgreement/ram:AdditionalReferencedDocument[ram:TypeCode='916']/ram:Name,,,false,CEN/TS 16931-3-3:2020 Table 2 normative mapping.
164,0000.0003.0002.0008.0002,3,3,A,,External document location,Identifier,0..1,,The URL (Uniform Resource Locator) that identifies where the external document is located.,en16931,Additional supporting document,BT-124,$.invoice.additionalSupportingDocuments[externalDocumentLocation][not(attachedDocument)].externalDocumentLocation,,,ExternalDocumentLocation,ram:URIID,/rsm:CrossIndustryInvoice/rsm:SupplyChainTradeTransaction/ram:ApplicableHeaderTradeAgreement/ram:AdditionalReferencedDocument[ram:TypeCode='916']/ram:URIID,,,false,CEN/TS 16931-3-3:2020 Table 2 normative mapping.
165,0000.0003.0002.0008.0005,3,3,A,,Attached document,Binary object,0..1,,An attached document embedded as binary object or sent together with the invoice. The mime code of the attached document. The file name of the attached document A group of business terms providing,en16931,Additional supporting document,BT-125,$.invoice.additionalSupportingDocuments[not(externalDocumentLocation)][attachedDocument].attachedDocument,,,AttachedDocument,ram:AttachmentBinaryObject,/rsm:CrossIndustryInvoice/rsm:SupplyChainTradeTransaction/ram:ApplicableHeaderTradeAgreement/ram:AdditionalReferencedDocument[ram:TypeCode='916']/ram:AttachmentBinaryObject,,,false,CEN/TS 16931-3-3:2020 Table 2 normative mapping.
166,0000.0003.0002.0008.0005@mimeCode,3,3,A,,Attached document MIME code,Code,1..1,,The MIME code of the attached document.,en16931,Additional supporting document,BT-125-1,$.invoice.additionalSupportingDocuments[not(externalDocumentLocation)][attachedDocument].attachedDocumentMimeCode,,,AttachedDocumentMimeCode,@mimeCode,/rsm:CrossIndustryInvoice/rsm:SupplyChainTradeTransaction/ram:ApplicableHeaderTradeAgreement/ram:AdditionalReferencedDocument[ram:TypeCode='916']/ram:AttachmentBinaryObject/@mimeCode,,,true,CEN/TS 16931-3-3:2020 Table 2 normative mapping.
167,0000.0003.0002.0008.0005@filename,3,3,A,,Attached document filename,Text,1..1,,The file name of the attached document.,en16931,Additional supporting document,BT-125-2,$.invoice.additionalSupportingDocuments[not(externalDocumentLocation)][attachedDocument].attachedDocumentFilename,,,AttachedDocumentFilename,@filename,/rsm:CrossIndustryInvoice/rsm:SupplyChainTradeTransaction/ram:ApplicableHeaderTradeAgreement/ram:AdditionalReferencedDocument[ram:TypeCode='916']/ram:AttachmentBinaryObject/@filename,,,true,CEN/TS 16931-3-3:2020 Table 2 normative mapping.
168,0000.0003.0001,2,2,C,,Invoice line,,1..*,,information on individual Invoice lines.,en16931,Invoice line,BG-25,$.invoice.invoiceLine,,,InvoiceLine,ram:IncludedSupplyChainTradeLineItem,/rsm:CrossIndustryInvoice/rsm:SupplyChainTradeTransaction/ram:IncludedSupplyChainTradeLineItem,,,true,CEN/TS 16931-3-3:2020 Table 2 normative mapping.
169,0000.0003.0001.0001.0001,3,3,A,,Invoice line identifier,Identifier,1..1,,A unique identifier for the individual line within the Invoice. A textual note that gives,en16931,Invoice line,BT-126,$.invoice.invoiceLine.invoiceLineIdentifier,,,InvoiceLineIdentifier,ram:LineID,/rsm:CrossIndustryInvoice/rsm:SupplyChainTradeTransaction/ram:IncludedSupplyChainTradeLineItem/ram:AssociatedDocumentLineDocument/ram:LineID,,,true,CEN/TS 16931-3-3:2020 Table 2 normative mapping.
170,0000.0003.0001.0001.0002.0001,3,3,A,,Invoice line note,Text,0..1,,unstructured information that is relevant to the Invoice line. An identifier for an object on which,en16931,Invoice line,BT-127,$.invoice.invoiceLine.invoiceLineNote,,,InvoiceLineNote,ram:Content,/rsm:CrossIndustryInvoice/rsm:SupplyChainTradeTransaction/ram:IncludedSupplyChainTradeLineItem/ram:AssociatedDocumentLineDocument/ram:IncludedNote/ram:Content,,,false,CEN/TS 16931-3-3:2020 Table 2 normative mapping.
171,0000.0003.0001.0005.0006.0001,3,3,A,,Invoice line object identifier,Identifier,0..1,,Identifier for an object on which the invoice line is based.,en16931,Invoice line,BT-128,$.invoice.invoiceLine.invoiceLineObjectIdentifier,,,InvoiceLineObjectIdentifier,ram:IssuerAssignedID,/rsm:CrossIndustryInvoice/rsm:SupplyChainTradeTransaction/ram:IncludedSupplyChainTradeLineItem/ram:SpecifiedLineTradeSettlement/ram:AdditionalReferencedDocument[ram:TypeCode='130']/ram:IssuerAssignedID,,,false,CEN/TS 16931-3-3:2020 Table 2 normative mapping.
172,0000.0003.0001.0005.0006.0003,3,3,A,,Scheme identifier,Identifier,0..1,,The identification scheme identifier of the Invoice line object identifier.,en16931,Invoice line,BT-128-1,$.invoice.invoiceLine.invoiceLineObjectIdentifierSchemeIdentifier,,,SchemeIdentifier,ram:ReferenceTypeCode,/rsm:CrossIndustryInvoice/rsm:SupplyChainTradeTransaction/ram:IncludedSupplyChainTradeLineItem/ram:SpecifiedLineTradeSettlement/ram:AdditionalReferencedDocument[ram:TypeCode='130']/ram:ReferenceTypeCode,,,false,CEN/TS 16931-3-3:2020 Table 2 normative mapping.
173,0000.0003.0001.0004.0001,3,3,A,,Invoiced quantity,Quantity,0..1,,services) that is charged in the Invoice line. The unit of measure that applies to the invoiced quantity.,en16931,Invoice line,BT-129,$.invoice.invoiceLine.invoicedQuantity,,,InvoicedQuantity,ram:BilledQuantity,/rsm:CrossIndustryInvoice/rsm:SupplyChainTradeTransaction/ram:IncludedSupplyChainTradeLineItem/ram:SpecifiedLineTradeDelivery/ram:BilledQuantity,,,false,CEN/TS 16931-3-3:2020 Table 2 normative mapping.
174,0000.0003.0001.0004.0001@unitCode,3,3,A,,Invoiced quantity unit code,Code,0..1,,Unit of measure for invoiced quantity.,en16931,Invoice line,BT-130,$.invoice.invoiceLine.invoicedQuantityUnitCode,,,InvoicedQuantityUnitCode,@unitCode,/rsm:CrossIndustryInvoice/rsm:SupplyChainTradeTransaction/ram:IncludedSupplyChainTradeLineItem/ram:SpecifiedLineTradeDelivery/ram:BilledQuantity/@unitCode,,,false,CEN/TS 16931-3-3:2020 Table 2 normative mapping.
175,0000.0003.0001.0005.0005.0001,3,3,A,,Invoice line net amount,Amount,1..1,,Line net amount.,en16931,Invoice line,BT-131,$.invoice.invoiceLine.invoiceLineNetAmount,,,InvoiceLineNetAmount,ram:LineTotalAmount,/rsm:CrossIndustryInvoice/rsm:SupplyChainTradeTransaction/ram:IncludedSupplyChainTradeLineItem/ram:SpecifiedLineTradeSettlement/ram:SpecifiedTradeSettlementLineMonetarySummation/ram:LineTotalAmount,,,true,CEN/TS 16931-3-3:2020 Table 2 normative mapping.
176,0000.0003.0001.0003.0001.0001,3,3,A,,Referenced purchase order line reference,Identifier,0..1,,"within a purchase order, issued by the Buyer. A textual value that specifies where",en16931,Invoice line,BT-132,$.invoice.invoiceLine.referencedPurchaseOrderLineReference,,,ReferencedPurchaseOrderLineReference,ram:LineID,/rsm:CrossIndustryInvoice/rsm:SupplyChainTradeTransaction/ram:IncludedSupplyChainTradeLineItem/ram:SpecifiedLineTradeAgreement/ram:BuyerOrderReferencedDocument/ram:LineID,,,false,CEN/TS 16931-3-3:2020 Table 2 normative mapping.
177,0000.0003.0001.0005.0007.0001,3,3,A,,Invoice line buyer accounting reference,Text,0..1,,to book the relevant data into the Buyer's financial accounts. A group of business terms providing,en16931,Invoice line,BT-133,$.invoice.invoiceLine.invoiceLineBuyerAccountingReference,,,InvoiceLineBuyerAccountingReference,ram:ID,/rsm:CrossIndustryInvoice/rsm:SupplyChainTradeTransaction/ram:IncludedSupplyChainTradeLineItem/ram:SpecifiedLineTradeSettlement/ram:ReceivableSpecifiedTradeAccountingAccount/ram:ID,,,false,CEN/TS 16931-3-3:2020 Table 2 normative mapping.
178,0000.0003.0001.0005.0003,3,3,C,,Invoice line period,,0..1,,information about the period relevant for the Invoice line. The date when the Invoice period,en16931,Invoice line period,BG-26,$.invoice.invoiceLine.invoiceLinePeriod,,,InvoiceLinePeriod,ram:BillingSpecifiedPeriod,/rsm:CrossIndustryInvoice/rsm:SupplyChainTradeTransaction/ram:IncludedSupplyChainTradeLineItem/ram:SpecifiedLineTradeSettlement/ram:BillingSpecifiedPeriod,,,false,CEN/TS 16931-3-3:2020 Table 2 normative mapping.
179,0000.0003.0001.0005.0003.0001.0001,4,4,A,,Invoice line period start date,Date,0..1,,for this Invoice line starts.,en16931,Invoice line period,BT-134,$.invoice.invoiceLine.invoiceLinePeriod.invoiceLinePeriodStartDate,,,InvoiceLinePeriodStartDate,udt:DateTimeString,/rsm:CrossIndustryInvoice/rsm:SupplyChainTradeTransaction/ram:IncludedSupplyChainTradeLineItem/ram:SpecifiedLineTradeSettlement/ram:BillingSpecifiedPeriod/ram:StartDateTime/udt:DateTimeString,,CII_DATE_102,false,CEN/TS 16931-3-3:2020 Table 2 normative mapping. Date uses format 102.
180,0000.0003.0001.0005.0003.0002.0001,4,4,A,,Invoice line period end date,Date,0..1,,The date when the Invoice period for this Invoice line ends. A group of business terms providing,en16931,Invoice line period,BT-135,$.invoice.invoiceLine.invoiceLinePeriod.invoiceLinePeriodEndDate,,,InvoiceLinePeriodEndDate,udt:DateTimeString,/rsm:CrossIndustryInvoice/rsm:SupplyChainTradeTransaction/ram:IncludedSupplyChainTradeLineItem/ram:SpecifiedLineTradeSettlement/ram:BillingSpecifiedPeriod/ram:EndDateTime/udt:DateTimeString,,CII_DATE_102,false,CEN/TS 16931-3-3:2020 Table 2 normative mapping. Date uses format 102.
181,0000.0003.0001.0005.0004,3,3,C,,Invoice line allowances,,0..*,,information about allowances applicable to the individual Invoice line.,en16931,Invoice line allowance,BG-27,$.invoice.invoiceLine.invoiceLineAllowances,,,InvoiceLineAllowances,ram:SpecifiedTradeAllowanceCharge,/rsm:CrossIndustryInvoice/rsm:SupplyChainTradeTransaction/ram:IncludedSupplyChainTradeLineItem/ram:SpecifiedLineTradeSettlement/ram:SpecifiedTradeAllowanceCharge[ram:ChargeIndicator/udt:Indicator='false'],,,false,CEN/TS 16931-3-3:2020 Table 2 normative mapping.
182,0000.0003.0001.0005.0004.0004,4,4,A,,Invoice line allowance amount,Amount,1..1,,"The amount of an allowance, without VAT. The base amount that may be used,",en16931,Invoice line allowance,BT-136,$.invoice.invoiceLine.invoiceLineAllowances.invoiceLineAllowanceAmount,,,InvoiceLineAllowanceAmount,ram:ActualAmount,/rsm:CrossIndustryInvoice/rsm:SupplyChainTradeTransaction/ram:IncludedSupplyChainTradeLineItem/ram:SpecifiedLineTradeSettlement/ram:SpecifiedTradeAllowanceCharge[ram:ChargeIndicator/udt:Indicator='false']/ram:ActualAmount,,,true,CEN/TS 16931-3-3:2020 Table 2 normative mapping.
183,0000.0003.0001.0005.0004.0003,4,4,A,,Invoice line allowance base amount,Amount,0..1,,"in conjunction with the Invoice line allowance percentage, to calculate the Invoice line allowance amount. The percentage that may be used, in",en16931,Invoice line allowance,BT-137,$.invoice.invoiceLine.invoiceLineAllowances.invoiceLineAllowanceBaseAmount,,,InvoiceLineAllowanceBaseAmount,ram:BasisAmount,/rsm:CrossIndustryInvoice/rsm:SupplyChainTradeTransaction/ram:IncludedSupplyChainTradeLineItem/ram:SpecifiedLineTradeSettlement/ram:SpecifiedTradeAllowanceCharge[ram:ChargeIndicator/udt:Indicator='false']/ram:BasisAmount,,,false,CEN/TS 16931-3-3:2020 Table 2 normative mapping.
184,0000.0003.0001.0005.0004.0002,4,4,A,,Invoice line allowance percentage,Percentage,0..1,,"conjunction with the Invoice line allowance base amount, to calculate the Invoice line allowance amount.",en16931,Invoice line allowance,BT-138,$.invoice.invoiceLine.invoiceLineAllowances.invoiceLineAllowancePercentage,,,InvoiceLineAllowancePercentage,ram:CalculationPercent,/rsm:CrossIndustryInvoice/rsm:SupplyChainTradeTransaction/ram:IncludedSupplyChainTradeLineItem/ram:SpecifiedLineTradeSettlement/ram:SpecifiedTradeAllowanceCharge[ram:ChargeIndicator/udt:Indicator='false']/ram:CalculationPercent,,,false,CEN/TS 16931-3-3:2020 Table 2 normative mapping.
185,0000.0003.0001.0005.0004.0006,4,4,A,,Invoice line allowance reason,Text,0..1,,Reason for line allowance.,en16931,Invoice line allowance,BT-139,$.invoice.invoiceLine.invoiceLineAllowances.invoiceLineAllowanceReason,,,InvoiceLineAllowanceReason,ram:Reason,/rsm:CrossIndustryInvoice/rsm:SupplyChainTradeTransaction/ram:IncludedSupplyChainTradeLineItem/ram:SpecifiedLineTradeSettlement/ram:SpecifiedTradeAllowanceCharge[ram:ChargeIndicator/udt:Indicator='false']/ram:Reason,,,false,CEN/TS 16931-3-3:2020 Table 2 normative mapping.
186,0000.0003.0001.0005.0004.0005,4,4,A,,Invoice line allowance reason code,Code,0..1,,"The reason for the Invoice line allowance, expressed as a code. A group of business terms providing",en16931,Invoice line allowance,BT-140,$.invoice.invoiceLine.invoiceLineAllowances.invoiceLineAllowanceReasonCode,,,InvoiceLineAllowanceReasonCode,ram:ReasonCode,/rsm:CrossIndustryInvoice/rsm:SupplyChainTradeTransaction/ram:IncludedSupplyChainTradeLineItem/ram:SpecifiedLineTradeSettlement/ram:SpecifiedTradeAllowanceCharge[ram:ChargeIndicator/udt:Indicator='false']/ram:ReasonCode,,,false,CEN/TS 16931-3-3:2020 Table 2 normative mapping.
187,0000.0003.0001.0005.0004,3,3,C,,Invoice line charges,,0..*,,information about charges and taxes other than VAT applicable to the individual Invoice line.,en16931,Invoice line charge,BG-28,$.invoice.invoiceLine.invoiceLineCharges,,,InvoiceLineCharges,ram:SpecifiedTradeAllowanceCharge,/rsm:CrossIndustryInvoice/rsm:SupplyChainTradeTransaction/ram:IncludedSupplyChainTradeLineItem/ram:SpecifiedLineTradeSettlement/ram:SpecifiedTradeAllowanceCharge[ram:ChargeIndicator/udt:Indicator='true'],,,false,CEN/TS 16931-3-3:2020 Table 2 normative mapping.
188,0000.0003.0001.0005.0004.0004,4,4,A,,Invoice line charge amount,Amount,1..1,,"The amount of a charge, without VAT. The base amount that may be used,",en16931,Invoice line charge,BT-141,$.invoice.invoiceLine.invoiceLineCharges.invoiceLineChargeAmount,,,InvoiceLineChargeAmount,ram:ActualAmount,/rsm:CrossIndustryInvoice/rsm:SupplyChainTradeTransaction/ram:IncludedSupplyChainTradeLineItem/ram:SpecifiedLineTradeSettlement/ram:SpecifiedTradeAllowanceCharge[ram:ChargeIndicator/udt:Indicator='true']/ram:ActualAmount,,,true,CEN/TS 16931-3-3:2020 Table 2 normative mapping.
189,0000.0003.0001.0005.0004.0003,4,4,A,,Invoice line charge base amount,Amount,0..1,,"in conjunction with the Invoice line charge percentage, to calculate the Invoice line charge amount. The percentage that may be used, in",en16931,Invoice line charge,BT-142,$.invoice.invoiceLine.invoiceLineCharges.invoiceLineChargeBaseAmount,,,InvoiceLineChargeBaseAmount,ram:BasisAmount,/rsm:CrossIndustryInvoice/rsm:SupplyChainTradeTransaction/ram:IncludedSupplyChainTradeLineItem/ram:SpecifiedLineTradeSettlement/ram:SpecifiedTradeAllowanceCharge[ram:ChargeIndicator/udt:Indicator='true']/ram:BasisAmount,,,false,CEN/TS 16931-3-3:2020 Table 2 normative mapping.
190,0000.0003.0001.0005.0004.0002,4,4,A,,Invoice line charge percentage,Percentage,0..1,,"conjunction with the Invoice line charge base amount, to calculate the Invoice line charge amount.",en16931,Invoice line charge,BT-143,$.invoice.invoiceLine.invoiceLineCharges.invoiceLineChargePercentage,,,InvoiceLineChargePercentage,ram:CalculationPercent,/rsm:CrossIndustryInvoice/rsm:SupplyChainTradeTransaction/ram:IncludedSupplyChainTradeLineItem/ram:SpecifiedLineTradeSettlement/ram:SpecifiedTradeAllowanceCharge[ram:ChargeIndicator/udt:Indicator='true']/ram:CalculationPercent,,,false,CEN/TS 16931-3-3:2020 Table 2 normative mapping.
191,0000.0003.0001.0005.0004.0006,4,4,A,,Invoice line charge reason,Text,0..1,,"The reason for the Invoice line charge, expressed as text.",en16931,Invoice line charge,BT-144,$.invoice.invoiceLine.invoiceLineCharges.invoiceLineChargeReason,,,InvoiceLineChargeReason,ram:Reason,/rsm:CrossIndustryInvoice/rsm:SupplyChainTradeTransaction/ram:IncludedSupplyChainTradeLineItem/ram:SpecifiedLineTradeSettlement/ram:SpecifiedTradeAllowanceCharge[ram:ChargeIndicator/udt:Indicator='true']/ram:Reason,,,false,CEN/TS 16931-3-3:2020 Table 2 normative mapping.
192,0000.0003.0001.0005.0004.0005,4,4,A,,Invoice line charge reason code,Code,0..1,,The reason for the Invoice line,en16931,Invoice line charge,BT-145,$.invoice.invoiceLine.invoiceLineCharges.invoiceLineChargeReasonCode,,,InvoiceLineChargeReasonCode,ram:ReasonCode,/rsm:CrossIndustryInvoice/rsm:SupplyChainTradeTransaction/ram:IncludedSupplyChainTradeLineItem/ram:SpecifiedLineTradeSettlement/ram:SpecifiedTradeAllowanceCharge[ram:ChargeIndicator/udt:Indicator='true']/ram:ReasonCode,,,false,CEN/TS 16931-3-3:2020 Table 2 normative mapping.
193,0000.0003.0001.0003,3,3,C,,Price details,,1..1,,"information about the price applied for the goods and services invoiced on the Invoice line. The price of an item, exclusive of",en16931,Price detail,BG-29,$.invoice.invoiceLine.priceDetails,,,PriceDetails,ram:SpecifiedLineTradeAgreement,/rsm:CrossIndustryInvoice/rsm:SupplyChainTradeTransaction/ram:IncludedSupplyChainTradeLineItem/ram:SpecifiedLineTradeAgreement,,,true,CEN/TS 16931-3-3:2020 Table 2 normative mapping.
194,0000.0003.0001.0003.0003.0001,4,4,A,,Item net price,Amount,1..1,,"VAT, after subtracting item price discount. The total discount subtracted from",en16931,Price detail,BT-146,$.invoice.invoiceLine.priceDetails.itemNetPrice,,,ItemNetPrice,ram:ChargeAmount,/rsm:CrossIndustryInvoice/rsm:SupplyChainTradeTransaction/ram:IncludedSupplyChainTradeLineItem/ram:SpecifiedLineTradeAgreement/ram:NetPriceProductTradePrice/ram:ChargeAmount,,,true,CEN/TS 16931-3-3:2020 Table 2 normative mapping.
195,0000.0003.0001.0003.0002.0003.0002,4,4,A,,Item price discount,Amount,0..1,,"the Item gross price to calculate the Item net price. The unit price, exclusive of VAT,",en16931,Price detail,BT-147,$.invoice.invoiceLine.priceDetails.itemPriceDiscount,,,ItemPriceDiscount,ram:ActualAmount,/rsm:CrossIndustryInvoice/rsm:SupplyChainTradeTransaction/ram:IncludedSupplyChainTradeLineItem/ram:SpecifiedLineTradeAgreement/ram:GrossPriceProductTradePrice/ram:AppliedTradeAllowanceCharge/ram:ActualAmount,,,false,CEN/TS 16931-3-3:2020 Table 2 normative mapping.
196,0000.0003.0001.0003.0002.0001,4,4,A,,Item gross price,Amount,0..1,,before subtracting Item price discount.,en16931,Price detail,BT-148,$.invoice.invoiceLine.priceDetails.itemGrossPrice,,,ItemGrossPrice,ram:ChargeAmount,/rsm:CrossIndustryInvoice/rsm:SupplyChainTradeTransaction/ram:IncludedSupplyChainTradeLineItem/ram:SpecifiedLineTradeAgreement/ram:GrossPriceProductTradePrice/ram:ChargeAmount,,,false,CEN/TS 16931-3-3:2020 Table 2 normative mapping.
197,0000.0003.0001.0003.0003.0002,4,4,A,,Item price base quantity,Quantity,0..1,,The number of item units to which the price applies. The unit of measure that applies to,en16931,Price detail,BT-149,$.invoice.invoiceLine.priceDetails.itemPriceBaseQuantity,,,ItemPriceBaseQuantity,ram:BasisQuantity,/rsm:CrossIndustryInvoice/rsm:SupplyChainTradeTransaction/ram:IncludedSupplyChainTradeLineItem/ram:SpecifiedLineTradeAgreement/ram:NetPriceProductTradePrice/ram:BasisQuantity,,,false,CEN STR-3: NetPrice is deterministic forward representation; GrossPrice is reverse alias.
198,0000.0003.0001.0003.0003.0002@unitCode,4,4,A,,Item price base quantity unit code,Code,0..1,,the Item price base quantity. A group of business terms providing,en16931,Price detail,BT-150,$.invoice.invoiceLine.priceDetails.itemPriceBaseQuantityUnitCode,,,ItemPriceBaseQuantityUnitCode,@unitCode,/rsm:CrossIndustryInvoice/rsm:SupplyChainTradeTransaction/ram:IncludedSupplyChainTradeLineItem/ram:SpecifiedLineTradeAgreement/ram:NetPriceProductTradePrice/ram:BasisQuantity/@unitCode,,,false,CEN/TS 16931-3-3:2020 Table 2 normative mapping.
199,0000.0003.0001.0005.0002,3,3,C,,Line VAT information,,1..1,,information about the VAT,en16931,Line VAT information,BG-30,$.invoice.invoiceLine.lineVatInformation,,,LineVatInformation,ram:ApplicableTradeTax,/rsm:CrossIndustryInvoice/rsm:SupplyChainTradeTransaction/ram:IncludedSupplyChainTradeLineItem/ram:SpecifiedLineTradeSettlement/ram:ApplicableTradeTax[ram:TypeCode='VAT'],,,true,CEN/TS 16931-3-3:2020 Table 2 normative mapping. Task-local class-anchor correction: VAT predicate.
200,0000.0003.0001.0005.0002.0002,4,4,A,,Invoiced item VAT category code,Code,1..1,,"The VAT rate, represented as",en16931,Line VAT information,BT-151,$.invoice.invoiceLine.lineVatInformation.invoicedItemVatCategoryCode,,,InvoicedItemVatCategoryCode,ram:CategoryCode,/rsm:CrossIndustryInvoice/rsm:SupplyChainTradeTransaction/ram:IncludedSupplyChainTradeLineItem/ram:SpecifiedLineTradeSettlement/ram:ApplicableTradeTax[ram:TypeCode='VAT']/ram:CategoryCode,,,true,CEN/TS 16931-3-3:2020 Table 2 normative mapping.
201,0000.0003.0001.0005.0002.0003,4,4,A,,Invoiced item VAT rate,Decimal,0..1,,percentage that applies to the invoiced item. A group of business terms providing information about the goods and,en16931,Line VAT information,BT-152,$.invoice.invoiceLine.lineVatInformation.invoicedItemVatRate,,,InvoicedItemVatRate,ram:RateApplicablePercent,/rsm:CrossIndustryInvoice/rsm:SupplyChainTradeTransaction/ram:IncludedSupplyChainTradeLineItem/ram:SpecifiedLineTradeSettlement/ram:ApplicableTradeTax[ram:TypeCode='VAT']/ram:RateApplicablePercent,,,false,CEN/TS 16931-3-3:2020 Table 2 normative mapping.
202,0000.0003.0001.0002,3,3,C,,Item information,,1..1,,A group of business terms providing information about the goods and services invoiced.,en16931,Item information,BG-31,$.invoice.invoiceLine.itemInformation,,,ItemInformation,ram:SpecifiedTradeProduct,/rsm:CrossIndustryInvoice/rsm:SupplyChainTradeTransaction/ram:IncludedSupplyChainTradeLineItem/ram:SpecifiedTradeProduct,,,true,CEN/TS 16931-3-3:2020 Table 2 normative mapping.
203,0000.0003.0001.0002.0004,4,4,A,,Item name,Text,1..1,,A name for an item.,en16931,Item information,BT-153,$.invoice.invoiceLine.itemInformation.itemName,,,ItemName,ram:Name,/rsm:CrossIndustryInvoice/rsm:SupplyChainTradeTransaction/ram:IncludedSupplyChainTradeLineItem/ram:SpecifiedTradeProduct/ram:Name,,,true,CEN/TS 16931-3-3:2020 Table 2 normative mapping.
204,0000.0003.0001.0002.0005,4,4,A,,Item description,Text,0..1,,A description for an item.,en16931,Item information,BT-154,$.invoice.invoiceLine.itemInformation.itemDescription,,,ItemDescription,ram:Description,/rsm:CrossIndustryInvoice/rsm:SupplyChainTradeTransaction/ram:IncludedSupplyChainTradeLineItem/ram:SpecifiedTradeProduct/ram:Description,,,false,CEN/TS 16931-3-3:2020 Table 2 normative mapping.
205,0000.0003.0001.0002.0002,4,4,A,,Item seller identifier,Identifier,0..1,,"An identifier, assigned by the Seller, for the item.",en16931,Item information,BT-155,$.invoice.invoiceLine.itemInformation.itemSellerIdentifier,,,ItemSellerIdentifier,ram:SellerAssignedID,/rsm:CrossIndustryInvoice/rsm:SupplyChainTradeTransaction/ram:IncludedSupplyChainTradeLineItem/ram:SpecifiedTradeProduct/ram:SellerAssignedID,,,false,CEN/TS 16931-3-3:2020 Table 2 normative mapping.
206,0000.0003.0001.0002.0003,4,4,A,,Item buyer identifier,Identifier,0..1,,"An identifier, assigned by the Buyer, for the item.",en16931,Item information,BT-156,$.invoice.invoiceLine.itemInformation.itemBuyerIdentifier,,,ItemBuyerIdentifier,ram:BuyerAssignedID,/rsm:CrossIndustryInvoice/rsm:SupplyChainTradeTransaction/ram:IncludedSupplyChainTradeLineItem/ram:SpecifiedTradeProduct/ram:BuyerAssignedID,,,false,CEN/TS 16931-3-3:2020 Table 2 normative mapping.
207,0000.0003.0001.0002.0001,4,4,A,,Item standard identifier,Identifier,0..1,,An item identifier based on a registered scheme.,en16931,Item information,BT-157,$.invoice.invoiceLine.itemInformation.itemStandardIdentifier,,,ItemStandardIdentifier,ram:GlobalID,/rsm:CrossIndustryInvoice/rsm:SupplyChainTradeTransaction/ram:IncludedSupplyChainTradeLineItem/ram:SpecifiedTradeProduct/ram:GlobalID,,,false,CEN/TS 16931-3-3:2020 Table 2 normative mapping.
208,0000.0003.0001.0002.0001@schemeID,4,4,A,,Scheme identifier,Identifier,1..1,,The identification scheme identifier of the Item standard identifier.,en16931,Item information,BT-157-1,$.invoice.invoiceLine.itemInformation.itemStandardIdentifierSchemeIdentifier,,,SchemeIdentifier,@schemeID,/rsm:CrossIndustryInvoice/rsm:SupplyChainTradeTransaction/ram:IncludedSupplyChainTradeLineItem/ram:SpecifiedTradeProduct/ram:GlobalID/@schemeID,,,true,CEN/TS 16931-3-3:2020 Table 2 normative mapping.
209,0000.0003.0001.0002.0007,4,4,C,,Item Classification Identifier,,0..*,,Technical occurrence class for Item classification identifier and its supplementary components; it does not introduce a new EN BG/BT semantic identity.,en16931,Item Classification Identifier,,$.invoice.invoiceLine.itemInformation.itemClassificationIdentifier,,,ItemClassificationIdentifier,ram:DesignatedProductClassification,/rsm:CrossIndustryInvoice/rsm:SupplyChainTradeTransaction/ram:IncludedSupplyChainTradeLineItem/ram:SpecifiedTradeProduct/ram:DesignatedProductClassification,,,false,CEN/TS 16931-3-3:2020 Table 2 normative mapping.
210,0000.0003.0001.0002.0007.0001,5,5,A,,Identifier,Identifier,1..1,,A code for classifying the item by its type or nature.,en16931,Item Classification Identifier,BT-158,$.invoice.invoiceLine.itemInformation.itemClassificationIdentifier.identifier,,,Identifier,ram:ClassCode,/rsm:CrossIndustryInvoice/rsm:SupplyChainTradeTransaction/ram:IncludedSupplyChainTradeLineItem/ram:SpecifiedTradeProduct/ram:DesignatedProductClassification/ram:ClassCode,,,true,CEN/TS 16931-3-3:2020 Table 2 normative mapping.
211,0000.0003.0001.0002.0007.0001@listID,5,5,A,,Scheme identifier,Identifier,1..1,,The identification scheme identifier of the Item classification identifier.,en16931,Item Classification Identifier,BT-158-1,$.invoice.invoiceLine.itemInformation.itemClassificationIdentifier.schemeIdentifier,,,SchemeIdentifier,@listID,/rsm:CrossIndustryInvoice/rsm:SupplyChainTradeTransaction/ram:IncludedSupplyChainTradeLineItem/ram:SpecifiedTradeProduct/ram:DesignatedProductClassification/ram:ClassCode/@listID,,,true,CEN/TS 16931-3-3:2020 Table 2 normative mapping.
212,0000.0003.0001.0002.0007.0001@listVersionID,5,5,A,,Scheme version identifier,Identifier,0..1,,The version identifier of the identification scheme used for the Item classification identifier.,en16931,Item Classification Identifier,BT-158-2,$.invoice.invoiceLine.itemInformation.itemClassificationIdentifier.schemeVersionIdentifier,,,SchemeVersionIdentifier,@listVersionID,/rsm:CrossIndustryInvoice/rsm:SupplyChainTradeTransaction/ram:IncludedSupplyChainTradeLineItem/ram:SpecifiedTradeProduct/ram:DesignatedProductClassification/ram:ClassCode/@listVersionID,,,false,CEN/TS 16931-3-3:2020 Table 2 normative mapping.
213,0000.0003.0001.0002.0008.0001,4,4,A,,Item country of origin,Code,0..1,,The code identifying the country from which the item originates.,en16931,Item information,BT-159,$.invoice.invoiceLine.itemInformation.itemCountryOfOrigin,,,ItemCountryOfOrigin,ram:ID,/rsm:CrossIndustryInvoice/rsm:SupplyChainTradeTransaction/ram:IncludedSupplyChainTradeLineItem/ram:SpecifiedTradeProduct/ram:OriginTradeCountry/ram:ID,,,false,CEN/TS 16931-3-3:2020 Table 2 normative mapping.
214,0000.0003.0001.0002.0006,4,4,C,,Item attributes,,0..*,,A group of business terms providing information about properties of the goods and services invoiced.,en16931,Item attribute,BG-32,$.invoice.invoiceLine.itemInformation.itemAttributes,,,ItemAttributes,ram:ApplicableProductCharacteristic,/rsm:CrossIndustryInvoice/rsm:SupplyChainTradeTransaction/ram:IncludedSupplyChainTradeLineItem/ram:SpecifiedTradeProduct/ram:ApplicableProductCharacteristic,,,false,CEN/TS 16931-3-3:2020 Table 2 normative mapping.
215,0000.0003.0001.0002.0006.0001,5,5,A,,Item attribute name,Text,1..1,,The name of the attribute or property of the item.,en16931,Item attribute,BT-160,$.invoice.invoiceLine.itemInformation.itemAttributes.itemAttributeName,,,ItemAttributeName,ram:Description,/rsm:CrossIndustryInvoice/rsm:SupplyChainTradeTransaction/ram:IncludedSupplyChainTradeLineItem/ram:SpecifiedTradeProduct/ram:ApplicableProductCharacteristic/ram:Description,,,true,CEN/TS 16931-3-3:2020 Table 2 normative mapping.
216,0000.0003.0001.0002.0006.0002,5,5,A,,Item attribute value,Text,1..1,,The value of the attribute or property of the item.,en16931,Item attribute,BT-161,$.invoice.invoiceLine.itemInformation.itemAttributes.itemAttributeValue,,,ItemAttributeValue,ram:Value,/rsm:CrossIndustryInvoice/rsm:SupplyChainTradeTransaction/ram:IncludedSupplyChainTradeLineItem/ram:SpecifiedTradeProduct/ram:ApplicableProductCharacteristic/ram:Value,,,true,CEN/TS 16931-3-3:2020 Table 2 normative mapping.
34,0000.0003.0002.0002.0002,3,3,C,,Seller Identifier,,0..*,,Technical occurrence class for Seller identifier and its supplementary components; it does not introduce a new EN BG/BT semantic identity.,en16931,Seller Identifier,,$.invoice.seller.sellerIdentifier[schemeIdentifier],,,SellerIdentifier,ram:GlobalID,/rsm:CrossIndustryInvoice/rsm:SupplyChainTradeTransaction/ram:ApplicableHeaderTradeAgreement/ram:SellerTradeParty/ram:GlobalID,,CII_IDENTIFIER_VARIANT_GLOBAL,false,Syntax-specific Class alias for CEN SYN-1.
35,0000.0003.0002.0002.0002,4,4,A,,Identifier,Identifier,1..1,,The identification scheme identifier of the Seller identifier. An identifier issued by an official,en16931,Seller Identifier,BT-29,$.invoice.seller.sellerIdentifier[schemeIdentifier].identifier,,,SellerIdentifierIdentifier,.,.,,CII_IDENTIFIER_VARIANT_GLOBAL,true,Value of selected identifier alias. Task-local Structured CSV field correction.
34,0000.0003.0002.0002.0001,3,3,C,,Seller Identifier,,0..*,,Technical occurrence class for Seller identifier and its supplementary components; it does not introduce a new EN BG/BT semantic identity.,en16931,Seller Identifier,,$.invoice.seller.sellerIdentifier[not(schemeIdentifier)],,,SellerIdentifier,ram:ID,/rsm:CrossIndustryInvoice/rsm:SupplyChainTradeTransaction/ram:ApplicableHeaderTradeAgreement/ram:SellerTradeParty/ram:ID,,CII_IDENTIFIER_VARIANT_LOCAL,false,Syntax-specific Class alias for CEN SYN-1.
35,0000.0003.0002.0002.0001,4,4,A,,Identifier,Identifier,1..1,,The identification scheme identifier of the Seller identifier. An identifier issued by an official,en16931,Seller Identifier,BT-29,$.invoice.seller.sellerIdentifier[not(schemeIdentifier)].identifier,,,SellerIdentifierIdentifier,.,.,,CII_IDENTIFIER_VARIANT_LOCAL,true,Value of selected identifier alias. Task-local Structured CSV field correction.
36,0000.0003.0002.0002.0002@schemeID,4,4,A,,Scheme identifier,Identifier,0..1,,The identification scheme identifier of the Seller identifier.,en16931,Seller Identifier,BT-29-1,$.invoice.seller.sellerIdentifier[schemeIdentifier].schemeIdentifier,,,SellerIdentifierSchemeIdentifier,@schemeID,@schemeID,,,false,Supplementary scheme identifier on GlobalID. Task-local Structured CSV field correction.
59,0000.0003.0002.0003.0002,3,3,C,,Buyer Identifier,,0..*,,Technical occurrence Class grouping a Buyer identifier with its supplementary scheme identifier.,en16931,Buyer Identifier,,$.invoice.buyer.buyerIdentifier[schemeIdentifier],,,BuyerIdentifier,ram:GlobalID,/rsm:CrossIndustryInvoice/rsm:SupplyChainTradeTransaction/ram:ApplicableHeaderTradeAgreement/ram:BuyerTradeParty/ram:GlobalID,,CII_IDENTIFIER_VARIANT_GLOBAL,false,Syntax-specific Class alias for CEN SYN-1.
60,0000.0003.0002.0003.0002,4,4,A,,Identifier,Identifier,1..1,,The identification scheme identifier,en16931,Buyer Identifier,BT-46,$.invoice.buyer.buyerIdentifier[schemeIdentifier].identifier,,,BuyerIdentifierIdentifier,.,.,,CII_IDENTIFIER_VARIANT_GLOBAL,true,Value of selected identifier alias. Task-local Structured CSV field correction.
59,0000.0003.0002.0003.0001,3,3,C,,Buyer Identifier,,0..*,,Technical occurrence Class grouping a Buyer identifier with its supplementary scheme identifier.,en16931,Buyer Identifier,,$.invoice.buyer.buyerIdentifier[not(schemeIdentifier)],,,BuyerIdentifier,ram:ID,/rsm:CrossIndustryInvoice/rsm:SupplyChainTradeTransaction/ram:ApplicableHeaderTradeAgreement/ram:BuyerTradeParty/ram:ID,,CII_IDENTIFIER_VARIANT_LOCAL,false,Syntax-specific Class alias for CEN SYN-1.
60,0000.0003.0002.0003.0001,4,4,A,,Identifier,Identifier,1..1,,The identification scheme identifier,en16931,Buyer Identifier,BT-46,$.invoice.buyer.buyerIdentifier[not(schemeIdentifier)].identifier,,,BuyerIdentifierIdentifier,.,.,,CII_IDENTIFIER_VARIANT_LOCAL,true,Value of selected identifier alias. Task-local Structured CSV field correction.
61,0000.0003.0002.0003.0002@schemeID,4,4,A,,Scheme identifier,Identifier,0..1,,The identification scheme identifier of the Buyer identifier.,en16931,Buyer Identifier,BT-46-1,$.invoice.buyer.buyerIdentifier[schemeIdentifier].schemeIdentifier,,,BuyerIdentifierSchemeIdentifier,@schemeID,@schemeID,,,false,Supplementary scheme identifier on GlobalID. Task-local Structured CSV field correction.
9001,0000.0003.0003,2,2,F,,CII required ApplicableHeaderTradeDelivery,String,1..1,,CII schema/Table 3 requires ApplicableHeaderTradeDelivery 1..1.,cii,CII syntax,CII-REQ,const:cii.CII.required.ApplicableHeaderTradeDelivery,,,,ram:ApplicableHeaderTradeDelivery,/rsm:CrossIndustryInvoice/rsm:SupplyChainTradeTransaction/ram:ApplicableHeaderTradeDelivery,NA,,true,CII schema/Table 3 requires ApplicableHeaderTradeDelivery 1..1.
9002,0000.0002.0003.0001@format,3,3,F,,Invoice issue date format,String,1..1,,BT-2 fixed date format.,cii,CII syntax,CII-REQ,const:cii.Invoice.issue.date.format,,,,@format,/rsm:CrossIndustryInvoice/rsm:ExchangedDocument/ram:IssueDateTime/udt:DateTimeString/@format,102,,true,BT-2 fixed date format.
9003,0000.0003.0004.0007.0007.0001@format,4,4,F,,VAT point date format,String,1..1,,BT-7 fixed date format.,cii,CII syntax,CII-REQ,const:cii.VAT.point.date.format,,,,@format,/rsm:CrossIndustryInvoice/rsm:SupplyChainTradeTransaction/ram:ApplicableHeaderTradeSettlement/ram:ApplicableTradeTax/ram:TaxPointDate/udt:DateString/@format,102,,true,BT-7 fixed date format.
9004,0000.0003.0004.0010.0002.0001@format,4,4,F,,Payment due date format,String,1..1,,BT-9 fixed date format.,cii,CII syntax,CII-REQ,const:cii.Payment.due.date.format,,,,@format,/rsm:CrossIndustryInvoice/rsm:SupplyChainTradeTransaction/ram:ApplicableHeaderTradeSettlement/ram:SpecifiedTradePaymentTerms/ram:DueDateDateTime/udt:DateTimeString/@format,102,,true,BT-9 fixed date format.
9005,0000.0003.0004.0012.0002.0001@format,4,4,F,,Preceding invoice issue date format,String,1..1,,BT-26 fixed date format.,cii,CII syntax,CII-REQ,const:cii.Preceding.invoice.issue.date.format,,,,@format,/rsm:CrossIndustryInvoice/rsm:SupplyChainTradeTransaction/ram:ApplicableHeaderTradeSettlement/ram:InvoiceReferencedDocument/ram:FormattedIssueDateTime/qdt:DateTimeString/@format,102,,true,BT-26 fixed date format.
9006,0000.0003.0003.0002.0001.0001@format,4,4,F,,Actual delivery date format,String,1..1,,BT-72 fixed date format.,cii,CII syntax,CII-REQ,const:cii.Actual.delivery.date.format,,,,@format,/rsm:CrossIndustryInvoice/rsm:SupplyChainTradeTransaction/ram:ApplicableHeaderTradeDelivery/ram:ActualDeliverySupplyChainEvent/ram:OccurrenceDateTime/udt:DateTimeString/@format,102,,true,BT-72 fixed date format.
9007,0000.0003.0004.0008.0001.0001@format,4,4,F,,Invoice period start date format,String,1..1,,BT-73 fixed date format.,cii,CII syntax,CII-REQ,const:cii.Invoice.period.start.date.format,,,,@format,/rsm:CrossIndustryInvoice/rsm:SupplyChainTradeTransaction/ram:ApplicableHeaderTradeSettlement/ram:BillingSpecifiedPeriod/ram:StartDateTime/udt:DateTimeString/@format,102,,true,BT-73 fixed date format.
9008,0000.0003.0004.0008.0002.0001@format,4,4,F,,Invoice period end date format,String,1..1,,BT-74 fixed date format.,cii,CII syntax,CII-REQ,const:cii.Invoice.period.end.date.format,,,,@format,/rsm:CrossIndustryInvoice/rsm:SupplyChainTradeTransaction/ram:ApplicableHeaderTradeSettlement/ram:BillingSpecifiedPeriod/ram:EndDateTime/udt:DateTimeString/@format,102,,true,BT-74 fixed date format.
9009,0000.0003.0001.0005.0003.0001.0001@format,5,5,F,,Invoice line period start date format,String,1..1,,BT-134 fixed date format.,cii,CII syntax,CII-REQ,const:cii.Invoice.line.period.start.date.format,,,,@format,/rsm:CrossIndustryInvoice/rsm:SupplyChainTradeTransaction/ram:IncludedSupplyChainTradeLineItem/ram:SpecifiedLineTradeSettlement/ram:BillingSpecifiedPeriod/ram:StartDateTime/udt:DateTimeString/@format,102,,true,BT-134 fixed date format.
9010,0000.0003.0001.0005.0003.0002.0001@format,5,5,F,,Invoice line period end date format,String,1..1,,BT-135 fixed date format.,cii,CII syntax,CII-REQ,const:cii.Invoice.line.period.end.date.format,,,,@format,/rsm:CrossIndustryInvoice/rsm:SupplyChainTradeTransaction/ram:IncludedSupplyChainTradeLineItem/ram:SpecifiedLineTradeSettlement/ram:BillingSpecifiedPeriod/ram:EndDateTime/udt:DateTimeString/@format,102,,true,BT-135 fixed date format.
