Column1,Column2,Column3,Column4,Column5,Column6,Column7,Column8,Column9,Column10,Column11,Column12,Column13,Column14,Column15,Column16,Column17,Column18,Column19,Column20,Column21,Column22,Column23,Column24,Column25,Column26,Column27,Column28,Column29,Column30,Column31,Column32,Column33,Column34,Column35,Column36,Column37,Column38,Column39,Column40,Column41,Column42,Column43,Column44,Column45,Column46,Column47,Column48,Column49,Column50,Column51,Column52,Column53,Column54,Column55,Column56,Column57,Column58,Column59,Column60,Column61,Column62,Column63,Column64,Column65,Column66,Column67,Column68,Column69,Column70,Column71,Column72,Column73,Column74,Column75,Column76,Column77,Column78,Column79,Column80,Column81
伝票日付,伝票番号,仕訳区分,管理仕訳区分,借方税計算モード,借方部門コード,借方部門名,借方科目コード,借方科目名,借方補助コード,借方補助名,借方税区分コード,借方税区分名,借方金額,借方消費税額,貸方税計算モード,貸方部門コード,貸方部門名,貸方科目コード,貸方科目名,貸方補助コード,貸方補助名,貸方税区分コード,貸方税区分名,貸方金額,貸方消費税額,摘要文,数字１,数字２,入力プログラム区分,配賦元税計算,配賦元集計方法,配賦元集計開始日付,配賦元集計終了日付,配賦元管理仕訳区分,配賦元部門コード,配賦元部門名,配賦元科目コード,配賦元科目名,配賦元補助コード,配賦元補助名,配賦元金額,数字３,数字４,数字５,金額１,金額２,金額３,金額４,金額５,文字列１,文字列２,文字列３,文字列４,文字列５,入力日付時間,借方取引先コード,借方取引先名,借方セグメント１コード,借方セグメント１名,借方セグメント２コード,借方セグメント２名,借方セグメント３コード,借方セグメント３名,貸方取引先コード,貸方取引先名,貸方セグメント１コード,貸方セグメント１名,貸方セグメント２コード,貸方セグメント２名,貸方セグメント３コード,貸方セグメント３名,配賦選択,配賦元取引先コード,配賦元取引先名,配賦元セグメント１コード,配賦元セグメント１名,配賦元セグメント２コード,配賦元セグメント２名,配賦元セグメント３コード,配賦元セグメント３名
20210402,900050,21,0,1,D01,Demo Sales,1200,Demo Accounts Receivable,C001,Demo Customer Aurora,00,Out of scope,427020,0,1,D01,Demo Sales,4020,Demo Other Operating Revenue,C001,Demo Customer Aurora,B5,Taxable sale 10%,427020,38820,Synthetic demo credit sale 900050,,,0,,,,,,,,,,,,,,,,,,,,,,,,,,20210402120000,C001,Demo Customer Aurora,,,,,,,C001,Demo Customer Aurora,,,,,,,,,,,,,,,
20210403,900001,21,0,1,D01,Demo Sales,1200,Demo Accounts Receivable,C004,Demo Customer Dawn,00,Out of scope,355310,0,1,D01,Demo Sales,4010,Demo Service Revenue,C004,Demo Customer Dawn,B5,Taxable sale 10%,355310,32301,Synthetic demo credit sale 900001,,,0,,,,,,,,,,,,,,,,,,,,,,,,,,20210403120000,C004,Demo Customer Dawn,,,,,,,C004,Demo Customer Dawn,,,,,,,,,,,,,,,
20210403,900012,21,0,1,D01,Demo Sales,1200,Demo Accounts Receivable,C007,Demo Customer Grove,00,Out of scope,555650,0,1,D01,Demo Sales,4000,Demo Product Sales,C007,Demo Customer Grove,B5,Taxable sale 10%,555650,50514,Synthetic demo credit sale 900012,,,0,,,,,,,,,,,,,,,,,,,,,,,,,,20210403120000,C007,Demo Customer Grove,,,,,,,C007,Demo Customer Grove,,,,,,,,,,,,,,,
20210404,900017,21,0,1,D04,Demo Logistics,2000,Demo Accounts Payable,V006,Demo Vendor Prairie,00,Out of scope,336970,0,1,D04,Demo Logistics,1120,Demo Harbor Ordinary Deposit,B003,Harbor Demo Bank,00,Out of scope,336970,0,Synthetic demo vendor settlement 900017,,,0,,,,,,,,,,,,,,,,,,,,,,,,,,20210404120000,V006,Demo Vendor Prairie,,,,,,,B003,Harbor Demo Bank,,,,,,,,,,,,,,,
20210406,900006,21,0,1,D04,Demo Logistics,5000,Demo Purchases,V001,Demo Vendor Keystone,Q5,Taxable purchase 10%,367850,33441,1,D04,Demo Logistics,2000,Demo Accounts Payable,V001,Demo Vendor Keystone,00,Out of scope,367850,0,Synthetic demo purchase on account 900006,,,0,,,,,,,,,,,,,,,,,,,,,,,,,,20210406120000,V001,Demo Vendor Keystone,,,,,,,V001,Demo Vendor Keystone,,,,,,,,,,,,,,,
20210406,900010,21,0,1,D01,Demo Sales,1200,Demo Accounts Receivable,C001,Demo Customer Aurora,00,Out of scope,228470,0,1,D01,Demo Sales,4010,Demo Service Revenue,C001,Demo Customer Aurora,B5,Taxable sale 10%,228470,20770,Synthetic demo credit sale 900010,,,0,,,,,,,,,,,,,,,,,,,,,,,,,,20210406120000,C001,Demo Customer Aurora,,,,,,,C001,Demo Customer Aurora,,,,,,,,,,,,,,,
20210406,900024,21,0,1,D02,Demo Administration,6000,Demo Salaries,,,00,Out of scope,260850,0,1,D02,Demo Administration,1100,Demo Central Ordinary Deposit,B001,Demo Central Bank,00,Out of scope,686450,0,Synthetic demo monthly payroll bundle 900024,,,0,,,,,,,,,,,,,,,,,,,,,,,,,,20210406120000,,,,,,,,,B001,Demo Central Bank,,,,,,,,,,,,,,,
20210406,900024,21,0,1,D02,Demo Administration,6010,Demo Statutory Welfare,,,00,Out of scope,253980,0,,,,,,,,,,,,Synthetic demo monthly payroll bundle 900024,,,0,,,,,,,,,,,,,,,,,,,,,,,,,,20210406120000,,,,,,,,,,,,,,,,,,,,,,,,,
20210406,900024,21,0,1,D02,Demo Administration,2110,Demo Payroll Withholding,,,00,Out of scope,171620,0,,,,,,,,,,,,Synthetic demo monthly payroll bundle 900024,,,0,,,,,,,,,,,,,,,,,,,,,,,,,,20210406120000,,,,,,,,,,,,,,,,,,,,,,,,,
20210406,900027,21,0,1,D04,Demo Logistics,2000,Demo Accounts Payable,V006,Demo Vendor Prairie,00,Out of scope,110390,0,1,D04,Demo Logistics,1100,Demo Central Ordinary Deposit,B001,Demo Central Bank,00,Out of scope,110390,0,Synthetic demo vendor settlement 900027,,,0,,,,,,,,,,,,,,,,,,,,,,,,,,20210406120000,V006,Demo Vendor Prairie,,,,,,,B001,Demo Central Bank,,,,,,,,,,,,,,,
20210407,900045,21,0,1,D04,Demo Logistics,5000,Demo Purchases,V006,Demo Vendor Prairie,Q5,Taxable purchase 10%,95580,8689,1,D04,Demo Logistics,2000,Demo Accounts Payable,V006,Demo Vendor Prairie,00,Out of scope,95580,0,Synthetic demo purchase on account 900045,,,0,,,,,,,,,,,,,,,,,,,,,,,,,,20210407120000,V006,Demo Vendor Prairie,,,,,,,V006,Demo Vendor Prairie,,,,,,,,,,,,,,,
20210407,900056,21,0,1,D04,Demo Logistics,5020,Demo Inventory Adjustment,V001,Demo Vendor Keystone,Q5,Taxable purchase 10%,222250,20205,1,D04,Demo Logistics,2000,Demo Accounts Payable,V001,Demo Vendor Keystone,00,Out of scope,222250,0,Synthetic demo purchase on account 900056,,,0,,,,,,,,,,,,,,,,,,,,,,,,,,20210407120000,V001,Demo Vendor Keystone,,,,,,,V001,Demo Vendor Keystone,,,,,,,,,,,,,,,
20210408,900020,21,0,1,D01,Demo Sales,1200,Demo Accounts Receivable,C001,Demo Customer Aurora,00,Out of scope,65230,0,1,D01,Demo Sales,4020,Demo Other Operating Revenue,C001,Demo Customer Aurora,B5,Taxable sale 10%,65230,5930,Synthetic demo credit sale 900020,,,0,,,,,,,,,,,,,,,,,,,,,,,,,,20210408120000,C001,Demo Customer Aurora,,,,,,,C001,Demo Customer Aurora,,,,,,,,,,,,,,,
20210408,900028,21,0,1,D01,Demo Sales,1110,Demo North Current Deposit,B002,North Demo Bank,00,Out of scope,418510,0,,,,,,,,,,,,Synthetic demo mixed sales and receipt 900028,,,0,,,,,,,,,,,,,,,,,,,,,,,,,,20210408120000,B002,North Demo Bank,,,,,,,,,,,,,,,,,,,,,,,
20210408,900028,21,0,1,D01,Demo Sales,1200,Demo Accounts Receivable,C009,Demo Customer Indigo,00,Out of scope,290830,0,,,,,,,,,,,,Synthetic demo mixed sales and receipt 900028,,,0,,,,,,,,,,,,,,,,,,,,,,,,,,20210408120000,C009,Demo Customer Indigo,,,,,,,,,,,,,,,,,,,,,,,
20210408,900028,21,0,,,,,,,,,,,,1,D01,Demo Sales,4000,Demo Product Sales,C010,Demo Customer Juniper,B5,Taxable sale 10%,397230,36112,Synthetic demo mixed sales and receipt 900028,,,0,,,,,,,,,,,,,,,,,,,,,,,,,,20210408120000,,,,,,,,,C010,Demo Customer Juniper,,,,,,,,,,,,,,,
20210408,900028,21,0,,,,,,,,,,,,1,D01,Demo Sales,4010,Demo Service Revenue,C001,Demo Customer Aurora,B5,Taxable sale 10%,312110,28374,Synthetic demo mixed sales and receipt 900028,,,0,,,,,,,,,,,,,,,,,,,,,,,,,,20210408120000,,,,,,,,,C001,Demo Customer Aurora,,,,,,,,,,,,,,,
20210409,900037,21,0,1,D03,Demo Operations,6030,Demo Utilities,S002,Demo Energy Services,Q5,Taxable purchase 10%,374460,34042,1,D03,Demo Operations,1110,Demo North Current Deposit,B002,North Demo Bank,00,Out of scope,558900,0,Synthetic demo operating cost bundle 900037,,,0,,,,,,,,,,,,,,,,,,,,,,,,,,20210409120000,S002,Demo Energy Services,,,,,,,B002,North Demo Bank,,,,,,,,,,,,,,,
20210409,900037,21,0,1,D03,Demo Operations,6040,Demo Communication,S003,Demo Network Services,Q5,Taxable purchase 10%,22350,2032,,,,,,,,,,,,Synthetic demo operating cost bundle 900037,,,0,,,,,,,,,,,,,,,,,,,,,,,,,,20210409120000,S003,Demo Network Services,,,,,,,,,,,,,,,,,,,,,,,
20210409,900037,21,0,1,D03,Demo Operations,6060,Demo Office Supplies,V008,Demo Vendor Rivulet,Q5,Taxable purchase 10%,162090,14735,,,,,,,,,,,,Synthetic demo operating cost bundle 900037,,,0,,,,,,,,,,,,,,,,,,,,,,,,,,20210409120000,V008,Demo Vendor Rivulet,,,,,,,,,,,,,,,,,,,,,,,
20210410,900004,21,0,1,D01,Demo Sales,1110,Demo North Current Deposit,B002,North Demo Bank,00,Out of scope,200680,0,1,D01,Demo Sales,1200,Demo Accounts Receivable,C003,Demo Customer Cobalt,00,Out of scope,200680,0,Synthetic demo customer receipt 900004,,,0,,,,,,,,,,,,,,,,,,,,,,,,,,20210410120000,B002,North Demo Bank,,,,,,,C003,Demo Customer Cobalt,,,,,,,,,,,,,,,
20210411,900035,21,0,1,D04,Demo Logistics,5020,Demo Inventory Adjustment,V006,Demo Vendor Prairie,Q5,Taxable purchase 10%,181350,16486,1,D04,Demo Logistics,2000,Demo Accounts Payable,V006,Demo Vendor Prairie,00,Out of scope,181350,0,Synthetic demo purchase on account 900035,,,0,,,,,,,,,,,,,,,,,,,,,,,,,,20210411120000,V006,Demo Vendor Prairie,,,,,,,V006,Demo Vendor Prairie,,,,,,,,,,,,,,,
20210412,900003,21,0,1,D01,Demo Sales,2000,Demo Accounts Payable,V004,Demo Vendor Nimbus,00,Out of scope,298830,0,,,,,,,,,,,,Synthetic demo multi-vendor settlement 900003,,,0,,,,,,,,,,,,,,,,,,,,,,,,,,20210412120000,V004,Demo Vendor Nimbus,,,,,,,,,,,,,,,,,,,,,,,
20210412,900003,21,0,1,D01,Demo Sales,2100,Demo Accrued Payables,V007,Demo Vendor Quartz,00,Out of scope,380340,0,,,,,,,,,,,,Synthetic demo multi-vendor settlement 900003,,,0,,,,,,,,,,,,,,,,,,,,,,,,,,20210412120000,V007,Demo Vendor Quartz,,,,,,,,,,,,,,,,,,,,,,,
20210412,900003,21,0,,,,,,,,,,,,1,D01,Demo Sales,1100,Demo Central Ordinary Deposit,B001,Demo Central Bank,00,Out of scope,516160,0,Synthetic demo multi-vendor settlement 900003,,,0,,,,,,,,,,,,,,,,,,,,,,,,,,20210412120000,,,,,,,,,B001,Demo Central Bank,,,,,,,,,,,,,,,
20210412,900003,21,0,,,,,,,,,,,,1,D01,Demo Sales,1110,Demo North Current Deposit,B002,North Demo Bank,00,Out of scope,163010,0,Synthetic demo multi-vendor settlement 900003,,,0,,,,,,,,,,,,,,,,,,,,,,,,,,20210412120000,,,,,,,,,B002,North Demo Bank,,,,,,,,,,,,,,,
20210412,900043,21,0,1,D03,Demo Operations,6030,Demo Utilities,S002,Demo Energy Services,Q5,Taxable purchase 10%,108570,9870,1,D03,Demo Operations,1110,Demo North Current Deposit,B002,North Demo Bank,00,Out of scope,402120,0,Synthetic demo operating cost bundle 900043,,,0,,,,,,,,,,,,,,,,,,,,,,,,,,20210412120000,S002,Demo Energy Services,,,,,,,B002,North Demo Bank,,,,,,,,,,,,,,,
20210412,900043,21,0,1,D03,Demo Operations,6040,Demo Communication,S003,Demo Network Services,Q5,Taxable purchase 10%,80420,7311,,,,,,,,,,,,Synthetic demo operating cost bundle 900043,,,0,,,,,,,,,,,,,,,,,,,,,,,,,,20210412120000,S003,Demo Network Services,,,,,,,,,,,,,,,,,,,,,,,
20210412,900043,21,0,1,D03,Demo Operations,6060,Demo Office Supplies,V004,Demo Vendor Nimbus,Q5,Taxable purchase 10%,213130,19375,,,,,,,,,,,,Synthetic demo operating cost bundle 900043,,,0,,,,,,,,,,,,,,,,,,,,,,,,,,20210412120000,V004,Demo Vendor Nimbus,,,,,,,,,,,,,,,,,,,,,,,
20210412,900060,21,0,1,D01,Demo Sales,1200,Demo Accounts Receivable,C001,Demo Customer Aurora,00,Out of scope,227480,0,1,D01,Demo Sales,4000,Demo Product Sales,C001,Demo Customer Aurora,B5,Taxable sale 10%,227480,20680,Synthetic demo credit sale 900060,,,0,,,,,,,,,,,,,,,,,,,,,,,,,,20210412120000,C001,Demo Customer Aurora,,,,,,,C001,Demo Customer Aurora,,,,,,,,,,,,,,,
20210414,900026,21,0,1,D04,Demo Logistics,5020,Demo Inventory Adjustment,V001,Demo Vendor Keystone,Q5,Taxable purchase 10%,78360,7124,1,D04,Demo Logistics,2000,Demo Accounts Payable,V001,Demo Vendor Keystone,00,Out of scope,78360,0,Synthetic demo purchase on account 900026,,,0,,,,,,,,,,,,,,,,,,,,,,,,,,20210414120000,V001,Demo Vendor Keystone,,,,,,,V001,Demo Vendor Keystone,,,,,,,,,,,,,,,
20210414,900044,21,0,1,D01,Demo Sales,1120,Demo Harbor Ordinary Deposit,B003,Harbor Demo Bank,00,Out of scope,489180,0,1,D01,Demo Sales,1200,Demo Accounts Receivable,C003,Demo Customer Cobalt,00,Out of scope,489180,0,Synthetic demo customer receipt 900044,,,0,,,,,,,,,,,,,,,,,,,,,,,,,,20210414120000,B003,Harbor Demo Bank,,,,,,,C003,Demo Customer Cobalt,,,,,,,,,,,,,,,
20210415,900031,21,0,1,D01,Demo Sales,1200,Demo Accounts Receivable,C004,Demo Customer Dawn,00,Out of scope,372520,0,1,D01,Demo Sales,4010,Demo Service Revenue,C004,Demo Customer Dawn,B5,Taxable sale 10%,372520,33865,Synthetic demo credit sale 900031,,,0,,,,,,,,,,,,,,,,,,,,,,,,,,20210415120000,C004,Demo Customer Dawn,,,,,,,C004,Demo Customer Dawn,,,,,,,,,,,,,,,
20210415,900033,21,0,1,D01,Demo Sales,1100,Demo Central Ordinary Deposit,B001,Demo Central Bank,00,Out of scope,341050,0,1,D01,Demo Sales,1200,Demo Accounts Receivable,C010,Demo Customer Juniper,00,Out of scope,341050,0,Synthetic demo customer receipt 900033,,,0,,,,,,,,,,,,,,,,,,,,,,,,,,20210415120000,B001,Demo Central Bank,,,,,,,C010,Demo Customer Juniper,,,,,,,,,,,,,,,
20210415,900048,21,0,1,D02,Demo Administration,6140,Demo Vehicle Expense,V001,Demo Vendor Keystone,Q5,Taxable purchase 10%,132570,12052,1,D02,Demo Administration,1100,Demo Central Ordinary Deposit,B001,Demo Central Bank,00,Out of scope,132570,0,Synthetic demo operating expense 900048,,,0,,,,,,,,,,,,,,,,,,,,,,,,,,20210415120000,V001,Demo Vendor Keystone,,,,,,,B001,Demo Central Bank,,,,,,,,,,,,,,,
20210415,900049,21,0,1,D01,Demo Sales,2000,Demo Accounts Payable,V010,Demo Vendor Tandem,00,Out of scope,146320,0,,,,,,,,,,,,Synthetic demo multi-vendor settlement 900049,,,0,,,,,,,,,,,,,,,,,,,,,,,,,,20210415120000,V010,Demo Vendor Tandem,,,,,,,,,,,,,,,,,,,,,,,
20210415,900049,21,0,1,D01,Demo Sales,2100,Demo Accrued Payables,V003,Demo Vendor Mosaic,00,Out of scope,54120,0,,,,,,,,,,,,Synthetic demo multi-vendor settlement 900049,,,0,,,,,,,,,,,,,,,,,,,,,,,,,,20210415120000,V003,Demo Vendor Mosaic,,,,,,,,,,,,,,,,,,,,,,,
20210415,900049,21,0,,,,,,,,,,,,1,D01,Demo Sales,1110,Demo North Current Deposit,B002,North Demo Bank,00,Out of scope,156340,0,Synthetic demo multi-vendor settlement 900049,,,0,,,,,,,,,,,,,,,,,,,,,,,,,,20210415120000,,,,,,,,,B002,North Demo Bank,,,,,,,,,,,,,,,
20210415,900049,21,0,,,,,,,,,,,,1,D01,Demo Sales,1120,Demo Harbor Ordinary Deposit,B003,Harbor Demo Bank,00,Out of scope,44100,0,Synthetic demo multi-vendor settlement 900049,,,0,,,,,,,,,,,,,,,,,,,,,,,,,,20210415120000,,,,,,,,,B003,Harbor Demo Bank,,,,,,,,,,,,,,,
20210416,900014,21,0,1,D01,Demo Sales,1120,Demo Harbor Ordinary Deposit,B003,Harbor Demo Bank,00,Out of scope,270050,0,1,D01,Demo Sales,1200,Demo Accounts Receivable,C003,Demo Customer Cobalt,00,Out of scope,270050,0,Synthetic demo customer receipt 900014,,,0,,,,,,,,,,,,,,,,,,,,,,,,,,20210416120000,B003,Harbor Demo Bank,,,,,,,C003,Demo Customer Cobalt,,,,,,,,,,,,,,,
20210416,900034,21,0,1,D01,Demo Sales,1110,Demo North Current Deposit,B002,North Demo Bank,00,Out of scope,388000,0,,,,,,,,,,,,Synthetic demo mixed sales and receipt 900034,,,0,,,,,,,,,,,,,,,,,,,,,,,,,,20210416120000,B002,North Demo Bank,,,,,,,,,,,,,,,,,,,,,,,
20210416,900034,21,0,1,D01,Demo Sales,1200,Demo Accounts Receivable,C005,Demo Customer Elm,00,Out of scope,280970,0,,,,,,,,,,,,Synthetic demo mixed sales and receipt 900034,,,0,,,,,,,,,,,,,,,,,,,,,,,,,,20210416120000,C005,Demo Customer Elm,,,,,,,,,,,,,,,,,,,,,,,
20210416,900034,21,0,,,,,,,,,,,,1,D01,Demo Sales,4000,Demo Product Sales,C006,Demo Customer Fjord,B5,Taxable sale 10%,247510,22501,Synthetic demo mixed sales and receipt 900034,,,0,,,,,,,,,,,,,,,,,,,,,,,,,,20210416120000,,,,,,,,,C006,Demo Customer Fjord,,,,,,,,,,,,,,,
20210416,900034,21,0,,,,,,,,,,,,1,D01,Demo Sales,4010,Demo Service Revenue,C007,Demo Customer Grove,R5,Taxable sale 8%,421460,31219,Synthetic demo mixed sales and receipt 900034,,,0,,,,,,,,,,,,,,,,,,,,,,,,,,20210416120000,,,,,,,,,C007,Demo Customer Grove,,,,,,,,,,,,,,,
20210416,900046,21,0,1,D01,Demo Sales,1110,Demo North Current Deposit,B002,North Demo Bank,00,Out of scope,424770,0,1,D01,Demo Sales,1200,Demo Accounts Receivable,C007,Demo Customer Grove,00,Out of scope,254860,0,Synthetic demo combined customer receipt 900046,,,0,,,,,,,,,,,,,,,,,,,,,,,,,,20210416120000,B002,North Demo Bank,,,,,,,C007,Demo Customer Grove,,,,,,,,,,,,,,,
20210416,900046,21,0,,,,,,,,,,,,1,D01,Demo Sales,1200,Demo Accounts Receivable,C008,Demo Customer Halo,00,Out of scope,33980,0,Synthetic demo combined customer receipt 900046,,,0,,,,,,,,,,,,,,,,,,,,,,,,,,20210416120000,,,,,,,,,C008,Demo Customer Halo,,,,,,,,,,,,,,,
20210416,900046,21,0,,,,,,,,,,,,1,D01,Demo Sales,1200,Demo Accounts Receivable,C009,Demo Customer Indigo,00,Out of scope,135930,0,Synthetic demo combined customer receipt 900046,,,0,,,,,,,,,,,,,,,,,,,,,,,,,,20210416120000,,,,,,,,,C009,Demo Customer Indigo,,,,,,,,,,,,,,,
20210416,900058,21,0,1,D03,Demo Operations,6030,Demo Utilities,S002,Demo Energy Services,Q5,Taxable purchase 10%,92840,8440,1,D03,Demo Operations,1110,Demo North Current Deposit,B002,North Demo Bank,00,Out of scope,515790,0,Synthetic demo operating cost bundle 900058,,,0,,,,,,,,,,,,,,,,,,,,,,,,,,20210416120000,S002,Demo Energy Services,,,,,,,B002,North Demo Bank,,,,,,,,,,,,,,,
20210416,900058,21,0,1,D03,Demo Operations,6040,Demo Communication,S003,Demo Network Services,Q5,Taxable purchase 10%,154730,14066,,,,,,,,,,,,Synthetic demo operating cost bundle 900058,,,0,,,,,,,,,,,,,,,,,,,,,,,,,,20210416120000,S003,Demo Network Services,,,,,,,,,,,,,,,,,,,,,,,
20210416,900058,21,0,1,D03,Demo Operations,6060,Demo Office Supplies,V009,Demo Vendor Summit,Q5,Taxable purchase 10%,268220,24384,,,,,,,,,,,,Synthetic demo operating cost bundle 900058,,,0,,,,,,,,,,,,,,,,,,,,,,,,,,20210416120000,V009,Demo Vendor Summit,,,,,,,,,,,,,,,,,,,,,,,
20210417,900007,21,0,1,D04,Demo Logistics,2000,Demo Accounts Payable,V006,Demo Vendor Prairie,00,Out of scope,106280,0,1,D04,Demo Logistics,1110,Demo North Current Deposit,B002,North Demo Bank,00,Out of scope,106280,0,Synthetic demo vendor settlement 900007,,,0,,,,,,,,,,,,,,,,,,,,,,,,,,20210417120000,V006,Demo Vendor Prairie,,,,,,,B002,North Demo Bank,,,,,,,,,,,,,,,
20210417,900051,21,0,1,D01,Demo Sales,1200,Demo Accounts Receivable,C004,Demo Customer Dawn,00,Out of scope,496230,0,1,D01,Demo Sales,4000,Demo Product Sales,C004,Demo Customer Dawn,B5,Taxable sale 10%,496230,45112,Synthetic demo credit sale 900051,,,0,,,,,,,,,,,,,,,,,,,,,,,,,,20210417120000,C004,Demo Customer Dawn,,,,,,,C004,Demo Customer Dawn,,,,,,,,,,,,,,,
20210418,900008,21,0,1,D05,Demo Digital Services,6100,Demo Repairs,V001,Demo Vendor Keystone,Q5,Taxable purchase 10%,71340,6485,1,D05,Demo Digital Services,1120,Demo Harbor Ordinary Deposit,B003,Harbor Demo Bank,00,Out of scope,71340,0,Synthetic demo operating expense 900008,,,0,,,,,,,,,,,,,,,,,,,,,,,,,,20210418120000,V001,Demo Vendor Keystone,,,,,,,B003,Harbor Demo Bank,,,,,,,,,,,,,,,
20210418,900023,21,0,1,D01,Demo Sales,1120,Demo Harbor Ordinary Deposit,B003,Harbor Demo Bank,00,Out of scope,323360,0,1,D01,Demo Sales,1200,Demo Accounts Receivable,C010,Demo Customer Juniper,00,Out of scope,323360,0,Synthetic demo customer receipt 900023,,,0,,,,,,,,,,,,,,,,,,,,,,,,,,20210418120000,B003,Harbor Demo Bank,,,,,,,C010,Demo Customer Juniper,,,,,,,,,,,,,,,
20210419,900030,21,0,1,D02,Demo Administration,6000,Demo Salaries,,,00,Out of scope,277600,0,1,D02,Demo Administration,1100,Demo Central Ordinary Deposit,B001,Demo Central Bank,00,Out of scope,660970,0,Synthetic demo monthly payroll bundle 900030,,,0,,,,,,,,,,,,,,,,,,,,,,,,,,20210419120000,,,,,,,,,B001,Demo Central Bank,,,,,,,,,,,,,,,
20210419,900030,21,0,1,D02,Demo Administration,6010,Demo Statutory Welfare,,,00,Out of scope,112360,0,,,,,,,,,,,,Synthetic demo monthly payroll bundle 900030,,,0,,,,,,,,,,,,,,,,,,,,,,,,,,20210419120000,,,,,,,,,,,,,,,,,,,,,,,,,
20210419,900030,21,0,1,D02,Demo Administration,2110,Demo Payroll Withholding,,,00,Out of scope,271010,0,,,,,,,,,,,,Synthetic demo monthly payroll bundle 900030,,,0,,,,,,,,,,,,,,,,,,,,,,,,,,20210419120000,,,,,,,,,,,,,,,,,,,,,,,,,
20210419,900032,21,0,1,D01,Demo Sales,1200,Demo Accounts Receivable,C007,Demo Customer Grove,00,Out of scope,104340,0,1,D01,Demo Sales,4020,Demo Other Operating Revenue,C007,Demo Customer Grove,B5,Taxable sale 10%,104340,9485,Synthetic demo credit sale 900032,,,0,,,,,,,,,,,,,,,,,,,,,,,,,,20210419120000,C007,Demo Customer Grove,,,,,,,C007,Demo Customer Grove,,,,,,,,,,,,,,,
20210419,900036,21,0,1,D04,Demo Logistics,5000,Demo Purchases,V001,Demo Vendor Keystone,Q5,Taxable purchase 10%,68760,6251,1,D04,Demo Logistics,2000,Demo Accounts Payable,V001,Demo Vendor Keystone,00,Out of scope,68760,0,Synthetic demo purchase on account 900036,,,0,,,,,,,,,,,,,,,,,,,,,,,,,,20210419120000,V001,Demo Vendor Keystone,,,,,,,V001,Demo Vendor Keystone,,,,,,,,,,,,,,,
20210419,900055,21,0,1,D01,Demo Sales,2000,Demo Accounts Payable,V006,Demo Vendor Prairie,00,Out of scope,87280,0,,,,,,,,,,,,Synthetic demo multi-vendor settlement 900055,,,0,,,,,,,,,,,,,,,,,,,,,,,,,,20210419120000,V006,Demo Vendor Prairie,,,,,,,,,,,,,,,,,,,,,,,
20210419,900055,21,0,1,D01,Demo Sales,2100,Demo Accrued Payables,V009,Demo Vendor Summit,00,Out of scope,194270,0,,,,,,,,,,,,Synthetic demo multi-vendor settlement 900055,,,0,,,,,,,,,,,,,,,,,,,,,,,,,,20210419120000,V009,Demo Vendor Summit,,,,,,,,,,,,,,,,,,,,,,,
20210419,900055,21,0,,,,,,,,,,,,1,D01,Demo Sales,1110,Demo North Current Deposit,B002,North Demo Bank,00,Out of scope,219600,0,Synthetic demo multi-vendor settlement 900055,,,0,,,,,,,,,,,,,,,,,,,,,,,,,,20210419120000,,,,,,,,,B002,North Demo Bank,,,,,,,,,,,,,,,
20210419,900055,21,0,,,,,,,,,,,,1,D01,Demo Sales,1120,Demo Harbor Ordinary Deposit,B003,Harbor Demo Bank,00,Out of scope,61950,0,Synthetic demo multi-vendor settlement 900055,,,0,,,,,,,,,,,,,,,,,,,,,,,,,,20210419120000,,,,,,,,,B003,Harbor Demo Bank,,,,,,,,,,,,,,,
20210420,900005,21,0,1,D06,Demo Management,2200,Demo Short-term Loans,,,00,Out of scope,127550,0,1,D06,Demo Management,1120,Demo Harbor Ordinary Deposit,B003,Harbor Demo Bank,00,Out of scope,398610,0,Synthetic demo financing settlement 900005,,,0,,,,,,,,,,,,,,,,,,,,,,,,,,20210420120000,,,,,,,,,B003,Harbor Demo Bank,,,,,,,,,,,,,,,
20210420,900005,21,0,1,D06,Demo Management,6070,Demo Bank Fees,B003,Harbor Demo Bank,00,Out of scope,187340,0,,,,,,,,,,,,Synthetic demo financing settlement 900005,,,0,,,,,,,,,,,,,,,,,,,,,,,,,,20210420120000,B003,Harbor Demo Bank,,,,,,,,,,,,,,,,,,,,,,,
20210420,900005,21,0,1,D06,Demo Management,7000,Demo Taxes and Dues,,,P0,Non-taxable purchase,83720,0,,,,,,,,,,,,Synthetic demo financing settlement 900005,,,0,,,,,,,,,,,,,,,,,,,,,,,,,,20210420120000,,,,,,,,,,,,,,,,,,,,,,,,,
20210420,900015,21,0,1,D01,Demo Sales,2000,Demo Accounts Payable,V006,Demo Vendor Prairie,00,Out of scope,479460,0,,,,,,,,,,,,Synthetic demo multi-vendor settlement 900015,,,0,,,,,,,,,,,,,,,,,,,,,,,,,,20210420120000,V006,Demo Vendor Prairie,,,,,,,,,,,,,,,,,,,,,,,
20210420,900015,21,0,1,D01,Demo Sales,2100,Demo Accrued Payables,V009,Demo Vendor Summit,00,Out of scope,135240,0,,,,,,,,,,,,Synthetic demo multi-vendor settlement 900015,,,0,,,,,,,,,,,,,,,,,,,,,,,,,,20210420120000,V009,Demo Vendor Summit,,,,,,,,,,,,,,,,,,,,,,,
20210420,900015,21,0,,,,,,,,,,,,1,D01,Demo Sales,1100,Demo Central Ordinary Deposit,B001,Demo Central Bank,00,Out of scope,116790,0,Synthetic demo multi-vendor settlement 900015,,,0,,,,,,,,,,,,,,,,,,,,,,,,,,20210420120000,,,,,,,,,B001,Demo Central Bank,,,,,,,,,,,,,,,
20210420,900015,21,0,,,,,,,,,,,,1,D01,Demo Sales,1110,Demo North Current Deposit,B002,North Demo Bank,00,Out of scope,497910,0,Synthetic demo multi-vendor settlement 900015,,,0,,,,,,,,,,,,,,,,,,,,,,,,,,20210420120000,,,,,,,,,B002,North Demo Bank,,,,,,,,,,,,,,,
20210420,900029,21,0,1,D05,Demo Digital Services,1400,Demo Prepaid Expenses,S001,Demo Property Services,00,Out of scope,183370,0,1,D05,Demo Digital Services,1120,Demo Harbor Ordinary Deposit,B003,Harbor Demo Bank,00,Out of scope,183370,0,Synthetic demo prepaid service 900029,,,0,,,,,,,,,,,,,,,,,,,,,,,,,,20210420120000,S001,Demo Property Services,,,,,,,B003,Harbor Demo Bank,,,,,,,,,,,,,,,
20210420,900039,21,0,1,D05,Demo Digital Services,1400,Demo Prepaid Expenses,S005,Demo Professional Services,00,Out of scope,83970,0,1,D05,Demo Digital Services,1100,Demo Central Ordinary Deposit,B001,Demo Central Bank,00,Out of scope,83970,0,Synthetic demo prepaid service 900039,,,0,,,,,,,,,,,,,,,,,,,,,,,,,,20210420120000,S005,Demo Professional Services,,,,,,,B001,Demo Central Bank,,,,,,,,,,,,,,,
20210422,900016,21,0,1,D04,Demo Logistics,5010,Demo Freight-in,V001,Demo Vendor Keystone,Q5,Taxable purchase 10%,241670,21970,1,D04,Demo Logistics,2000,Demo Accounts Payable,V001,Demo Vendor Keystone,00,Out of scope,241670,0,Synthetic demo purchase on account 900016,,,0,,,,,,,,,,,,,,,,,,,,,,,,,,20210422120000,V001,Demo Vendor Keystone,,,,,,,V001,Demo Vendor Keystone,,,,,,,,,,,,,,,
20210422,900021,21,0,1,D01,Demo Sales,2000,Demo Accounts Payable,V002,Demo Vendor Lattice,00,Out of scope,189620,0,,,,,,,,,,,,Synthetic demo multi-vendor settlement 900021,,,0,,,,,,,,,,,,,,,,,,,,,,,,,,20210422120000,V002,Demo Vendor Lattice,,,,,,,,,,,,,,,,,,,,,,,
20210422,900021,21,0,1,D01,Demo Sales,2100,Demo Accrued Payables,V005,Demo Vendor Orchid,00,Out of scope,93400,0,,,,,,,,,,,,Synthetic demo multi-vendor settlement 900021,,,0,,,,,,,,,,,,,,,,,,,,,,,,,,20210422120000,V005,Demo Vendor Orchid,,,,,,,,,,,,,,,,,,,,,,,
20210422,900021,21,0,,,,,,,,,,,,1,D01,Demo Sales,1100,Demo Central Ordinary Deposit,B001,Demo Central Bank,00,Out of scope,90560,0,Synthetic demo multi-vendor settlement 900021,,,0,,,,,,,,,,,,,,,,,,,,,,,,,,20210422120000,,,,,,,,,B001,Demo Central Bank,,,,,,,,,,,,,,,
20210422,900021,21,0,,,,,,,,,,,,1,D01,Demo Sales,1110,Demo North Current Deposit,B002,North Demo Bank,00,Out of scope,192460,0,Synthetic demo multi-vendor settlement 900021,,,0,,,,,,,,,,,,,,,,,,,,,,,,,,20210422120000,,,,,,,,,B002,North Demo Bank,,,,,,,,,,,,,,,
20210422,900025,21,0,1,D04,Demo Logistics,5010,Demo Freight-in,V006,Demo Vendor Prairie,Q5,Taxable purchase 10%,187410,17037,1,D04,Demo Logistics,2000,Demo Accounts Payable,V006,Demo Vendor Prairie,00,Out of scope,187410,0,Synthetic demo purchase on account 900025,,,0,,,,,,,,,,,,,,,,,,,,,,,,,,20210422120000,V006,Demo Vendor Prairie,,,,,,,V006,Demo Vendor Prairie,,,,,,,,,,,,,,,
20210422,900040,21,0,1,D01,Demo Sales,1110,Demo North Current Deposit,B002,North Demo Bank,00,Out of scope,43800,0,,,,,,,,,,,,Synthetic demo mixed sales and receipt 900040,,,0,,,,,,,,,,,,,,,,,,,,,,,,,,20210422120000,B002,North Demo Bank,,,,,,,,,,,,,,,,,,,,,,,
20210422,900040,21,0,1,D01,Demo Sales,1200,Demo Accounts Receivable,C001,Demo Customer Aurora,00,Out of scope,164790,0,,,,,,,,,,,,Synthetic demo mixed sales and receipt 900040,,,0,,,,,,,,,,,,,,,,,,,,,,,,,,20210422120000,C001,Demo Customer Aurora,,,,,,,,,,,,,,,,,,,,,,,
20210422,900040,21,0,,,,,,,,,,,,1,D01,Demo Sales,4000,Demo Product Sales,C002,Demo Customer Birch,B5,Taxable sale 10%,60490,5499,Synthetic demo mixed sales and receipt 900040,,,0,,,,,,,,,,,,,,,,,,,,,,,,,,20210422120000,,,,,,,,,C002,Demo Customer Birch,,,,,,,,,,,,,,,
20210422,900040,21,0,,,,,,,,,,,,1,D01,Demo Sales,4010,Demo Service Revenue,C003,Demo Customer Cobalt,B5,Taxable sale 10%,148100,13464,Synthetic demo mixed sales and receipt 900040,,,0,,,,,,,,,,,,,,,,,,,,,,,,,,20210422120000,,,,,,,,,C003,Demo Customer Cobalt,,,,,,,,,,,,,,,
20210423,900002,21,0,1,D01,Demo Sales,1200,Demo Accounts Receivable,C007,Demo Customer Grove,00,Out of scope,152170,0,1,D01,Demo Sales,4020,Demo Other Operating Revenue,C007,Demo Customer Grove,B5,Taxable sale 10%,152170,13834,Synthetic demo credit sale 900002,,,0,,,,,,,,,,,,,,,,,,,,,,,,,,20210423120000,C007,Demo Customer Grove,,,,,,,C007,Demo Customer Grove,,,,,,,,,,,,,,,
20210423,900041,21,0,1,D01,Demo Sales,1200,Demo Accounts Receivable,C004,Demo Customer Dawn,00,Out of scope,97700,0,1,D01,Demo Sales,4020,Demo Other Operating Revenue,C004,Demo Customer Dawn,B5,Taxable sale 10%,97700,8882,Synthetic demo credit sale 900041,,,0,,,,,,,,,,,,,,,,,,,,,,,,,,20210423120000,C004,Demo Customer Dawn,,,,,,,C004,Demo Customer Dawn,,,,,,,,,,,,,,,
20210423,900052,21,0,1,D03,Demo Operations,6030,Demo Utilities,S002,Demo Energy Services,Q5,Taxable purchase 10%,96180,8744,1,D03,Demo Operations,1110,Demo North Current Deposit,B002,North Demo Bank,00,Out of scope,246630,0,Synthetic demo operating cost bundle 900052,,,0,,,,,,,,,,,,,,,,,,,,,,,,,,20210423120000,S002,Demo Energy Services,,,,,,,B002,North Demo Bank,,,,,,,,,,,,,,,
20210423,900052,21,0,1,D03,Demo Operations,6040,Demo Communication,S003,Demo Network Services,Q5,Taxable purchase 10%,59190,5381,,,,,,,,,,,,Synthetic demo operating cost bundle 900052,,,0,,,,,,,,,,,,,,,,,,,,,,,,,,20210423120000,S003,Demo Network Services,,,,,,,,,,,,,,,,,,,,,,,
20210423,900052,21,0,1,D03,Demo Operations,6060,Demo Office Supplies,V003,Demo Vendor Mosaic,Q5,Taxable purchase 10%,91260,8296,,,,,,,,,,,,Synthetic demo operating cost bundle 900052,,,0,,,,,,,,,,,,,,,,,,,,,,,,,,20210423120000,V003,Demo Vendor Mosaic,,,,,,,,,,,,,,,,,,,,,,,
20210424,900009,21,0,1,D01,Demo Sales,2000,Demo Accounts Payable,V010,Demo Vendor Tandem,00,Out of scope,206960,0,,,,,,,,,,,,Synthetic demo multi-vendor settlement 900009,,,0,,,,,,,,,,,,,,,,,,,,,,,,,,20210424120000,V010,Demo Vendor Tandem,,,,,,,,,,,,,,,,,,,,,,,
20210424,900009,21,0,1,D01,Demo Sales,2100,Demo Accrued Payables,V003,Demo Vendor Mosaic,00,Out of scope,101950,0,,,,,,,,,,,,Synthetic demo multi-vendor settlement 900009,,,0,,,,,,,,,,,,,,,,,,,,,,,,,,20210424120000,V003,Demo Vendor Mosaic,,,,,,,,,,,,,,,,,,,,,,,
20210424,900009,21,0,,,,,,,,,,,,1,D01,Demo Sales,1100,Demo Central Ordinary Deposit,B001,Demo Central Bank,00,Out of scope,52510,0,Synthetic demo multi-vendor settlement 900009,,,0,,,,,,,,,,,,,,,,,,,,,,,,,,20210424120000,,,,,,,,,B001,Demo Central Bank,,,,,,,,,,,,,,,
20210424,900009,21,0,,,,,,,,,,,,1,D01,Demo Sales,1110,Demo North Current Deposit,B002,North Demo Bank,00,Out of scope,256400,0,Synthetic demo multi-vendor settlement 900009,,,0,,,,,,,,,,,,,,,,,,,,,,,,,,20210424120000,,,,,,,,,B002,North Demo Bank,,,,,,,,,,,,,,,
20210424,900019,21,0,1,D05,Demo Digital Services,1400,Demo Prepaid Expenses,S002,Demo Energy Services,00,Out of scope,83490,0,1,D05,Demo Digital Services,1110,Demo North Current Deposit,B002,North Demo Bank,00,Out of scope,83490,0,Synthetic demo prepaid service 900019,,,0,,,,,,,,,,,,,,,,,,,,,,,,,,20210424120000,S002,Demo Energy Services,,,,,,,B002,North Demo Bank,,,,,,,,,,,,,,,
20210424,900038,21,0,1,D05,Demo Digital Services,6040,Demo Communication,V001,Demo Vendor Keystone,Q5,Taxable purchase 10%,34930,3175,1,D05,Demo Digital Services,1120,Demo Harbor Ordinary Deposit,B003,Harbor Demo Bank,00,Out of scope,34930,0,Synthetic demo operating expense 900038,,,0,,,,,,,,,,,,,,,,,,,,,,,,,,20210424120000,V001,Demo Vendor Keystone,,,,,,,B003,Harbor Demo Bank,,,,,,,,,,,,,,,
20210425,900042,21,0,1,D01,Demo Sales,1200,Demo Accounts Receivable,C007,Demo Customer Grove,00,Out of scope,70700,0,1,D01,Demo Sales,4000,Demo Product Sales,C007,Demo Customer Grove,B5,Taxable sale 10%,70700,6427,Synthetic demo credit sale 900042,,,0,,,,,,,,,,,,,,,,,,,,,,,,,,20210425120000,C007,Demo Customer Grove,,,,,,,C007,Demo Customer Grove,,,,,,,,,,,,,,,
20210426,900057,21,0,1,D04,Demo Logistics,2000,Demo Accounts Payable,V006,Demo Vendor Prairie,00,Out of scope,122790,0,1,D04,Demo Logistics,1100,Demo Central Ordinary Deposit,B001,Demo Central Bank,00,Out of scope,122790,0,Synthetic demo vendor settlement 900057,,,0,,,,,,,,,,,,,,,,,,,,,,,,,,20210426120000,V006,Demo Vendor Prairie,,,,,,,B001,Demo Central Bank,,,,,,,,,,,,,,,
20210426,900059,21,0,1,D05,Demo Digital Services,1400,Demo Prepaid Expenses,S006,Demo Insurance Services,00,Out of scope,249310,0,1,D05,Demo Digital Services,1120,Demo Harbor Ordinary Deposit,B003,Harbor Demo Bank,00,Out of scope,249310,0,Synthetic demo prepaid service 900059,,,0,,,,,,,,,,,,,,,,,,,,,,,,,,20210426120000,S006,Demo Insurance Services,,,,,,,B003,Harbor Demo Bank,,,,,,,,,,,,,,,
20210427,900022,21,0,1,D01,Demo Sales,1200,Demo Accounts Receivable,C007,Demo Customer Grove,00,Out of scope,545850,0,1,D01,Demo Sales,4010,Demo Service Revenue,C007,Demo Customer Grove,B5,Taxable sale 10%,545850,49623,Synthetic demo credit sale 900022,,,0,,,,,,,,,,,,,,,,,,,,,,,,,,20210427120000,C007,Demo Customer Grove,,,,,,,C007,Demo Customer Grove,,,,,,,,,,,,,,,
20210427,900061,21,0,1,D01,Demo Sales,2000,Demo Accounts Payable,V002,Demo Vendor Lattice,00,Out of scope,174850,0,,,,,,,,,,,,Synthetic demo multi-vendor settlement 900061,,,0,,,,,,,,,,,,,,,,,,,,,,,,,,20210427120000,V002,Demo Vendor Lattice,,,,,,,,,,,,,,,,,,,,,,,
20210427,900061,21,0,1,D01,Demo Sales,2100,Demo Accrued Payables,V005,Demo Vendor Orchid,00,Out of scope,35820,0,,,,,,,,,,,,Synthetic demo multi-vendor settlement 900061,,,0,,,,,,,,,,,,,,,,,,,,,,,,,,20210427120000,V005,Demo Vendor Orchid,,,,,,,,,,,,,,,,,,,,,,,
20210427,900061,21,0,,,,,,,,,,,,1,D01,Demo Sales,1110,Demo North Current Deposit,B002,North Demo Bank,00,Out of scope,61090,0,Synthetic demo multi-vendor settlement 900061,,,0,,,,,,,,,,,,,,,,,,,,,,,,,,20210427120000,,,,,,,,,B002,North Demo Bank,,,,,,,,,,,,,,,
20210427,900061,21,0,,,,,,,,,,,,1,D01,Demo Sales,1120,Demo Harbor Ordinary Deposit,B003,Harbor Demo Bank,00,Out of scope,149580,0,Synthetic demo multi-vendor settlement 900061,,,0,,,,,,,,,,,,,,,,,,,,,,,,,,20210427120000,,,,,,,,,B003,Harbor Demo Bank,,,,,,,,,,,,,,,
20210428,900053,21,0,1,D01,Demo Sales,1120,Demo Harbor Ordinary Deposit,B003,Harbor Demo Bank,00,Out of scope,326610,0,1,D01,Demo Sales,1200,Demo Accounts Receivable,C010,Demo Customer Juniper,00,Out of scope,326610,0,Synthetic demo customer receipt 900053,,,0,,,,,,,,,,,,,,,,,,,,,,,,,,20210428120000,B003,Harbor Demo Bank,,,,,,,C010,Demo Customer Juniper,,,,,,,,,,,,,,,
20210429,900013,21,0,1,D01,Demo Sales,1110,Demo North Current Deposit,B002,North Demo Bank,00,Out of scope,151030,0,1,D01,Demo Sales,1200,Demo Accounts Receivable,C010,Demo Customer Juniper,00,Out of scope,151030,0,Synthetic demo customer receipt 900013,,,0,,,,,,,,,,,,,,,,,,,,,,,,,,20210429120000,B002,North Demo Bank,,,,,,,C010,Demo Customer Juniper,,,,,,,,,,,,,,,
20210429,900018,21,0,1,D02,Demo Administration,6000,Demo Salaries,,,00,Out of scope,91900,0,1,D02,Demo Administration,1100,Demo Central Ordinary Deposit,B001,Demo Central Bank,00,Out of scope,296470,0,Synthetic demo monthly payroll bundle 900018,,,0,,,,,,,,,,,,,,,,,,,,,,,,,,20210429120000,,,,,,,,,B001,Demo Central Bank,,,,,,,,,,,,,,,
20210429,900018,21,0,1,D02,Demo Administration,6010,Demo Statutory Welfare,,,00,Out of scope,44470,0,,,,,,,,,,,,Synthetic demo monthly payroll bundle 900018,,,0,,,,,,,,,,,,,,,,,,,,,,,,,,20210429120000,,,,,,,,,,,,,,,,,,,,,,,,,
20210429,900018,21,0,1,D02,Demo Administration,2110,Demo Payroll Withholding,,,00,Out of scope,160100,0,,,,,,,,,,,,Synthetic demo monthly payroll bundle 900018,,,0,,,,,,,,,,,,,,,,,,,,,,,,,,20210429120000,,,,,,,,,,,,,,,,,,,,,,,,,
20210429,900047,21,0,1,D04,Demo Logistics,2000,Demo Accounts Payable,V006,Demo Vendor Prairie,00,Out of scope,338130,0,1,D04,Demo Logistics,1120,Demo Harbor Ordinary Deposit,B003,Harbor Demo Bank,00,Out of scope,338130,0,Synthetic demo vendor settlement 900047,,,0,,,,,,,,,,,,,,,,,,,,,,,,,,20210429120000,V006,Demo Vendor Prairie,,,,,,,B003,Harbor Demo Bank,,,,,,,,,,,,,,,
20210430,900011,21,0,1,D06,Demo Management,2200,Demo Short-term Loans,,,00,Out of scope,82880,0,1,D06,Demo Management,1120,Demo Harbor Ordinary Deposit,B003,Harbor Demo Bank,00,Out of scope,360350,0,Synthetic demo financing settlement 900011,,,0,,,,,,,,,,,,,,,,,,,,,,,,,,20210430120000,,,,,,,,,B003,Harbor Demo Bank,,,,,,,,,,,,,,,
20210430,900011,21,0,1,D06,Demo Management,6070,Demo Bank Fees,B003,Harbor Demo Bank,00,Out of scope,21620,0,,,,,,,,,,,,Synthetic demo financing settlement 900011,,,0,,,,,,,,,,,,,,,,,,,,,,,,,,20210430120000,B003,Harbor Demo Bank,,,,,,,,,,,,,,,,,,,,,,,
20210430,900011,21,0,1,D06,Demo Management,7000,Demo Taxes and Dues,,,P0,Non-taxable purchase,255850,0,,,,,,,,,,,,Synthetic demo financing settlement 900011,,,0,,,,,,,,,,,,,,,,,,,,,,,,,,20210430120000,,,,,,,,,,,,,,,,,,,,,,,,,
20210430,900054,21,0,1,D01,Demo Sales,1100,Demo Central Ordinary Deposit,B001,Demo Central Bank,00,Out of scope,163850,0,1,D01,Demo Sales,1200,Demo Accounts Receivable,C003,Demo Customer Cobalt,00,Out of scope,163850,0,Synthetic demo customer receipt 900054,,,0,,,,,,,,,,,,,,,,,,,,,,,,,,20210430120000,B001,Demo Central Bank,,,,,,,C003,Demo Customer Cobalt,,,,,,,,,,,,,,,
20210430,900062,21,0,1,D01,Demo Sales,1200,Demo Accounts Receivable,C007,Demo Customer Grove,00,Out of scope,525670,0,1,D01,Demo Sales,4020,Demo Other Operating Revenue,C007,Demo Customer Grove,B5,Taxable sale 10%,525670,47788,Synthetic demo credit sale 900062,,,0,,,,,,,,,,,,,,,,,,,,,,,,,,20210430120000,C007,Demo Customer Grove,,,,,,,C007,Demo Customer Grove,,,,,,,,,,,,,,,
20210501,900065,21,0,1,D06,Demo Management,2200,Demo Short-term Loans,,,00,Out of scope,78690,0,1,D06,Demo Management,1120,Demo Harbor Ordinary Deposit,B003,Harbor Demo Bank,00,Out of scope,462890,0,Synthetic demo financing settlement 900065,,,0,,,,,,,,,,,,,,,,,,,,,,,,,,20210501120000,,,,,,,,,B003,Harbor Demo Bank,,,,,,,,,,,,,,,
20210501,900065,21,0,1,D06,Demo Management,6070,Demo Bank Fees,B003,Harbor Demo Bank,00,Out of scope,78690,0,,,,,,,,,,,,Synthetic demo financing settlement 900065,,,0,,,,,,,,,,,,,,,,,,,,,,,,,,20210501120000,B003,Harbor Demo Bank,,,,,,,,,,,,,,,,,,,,,,,
20210501,900065,21,0,1,D06,Demo Management,7000,Demo Taxes and Dues,,,P0,Non-taxable purchase,305510,0,,,,,,,,,,,,Synthetic demo financing settlement 900065,,,0,,,,,,,,,,,,,,,,,,,,,,,,,,20210501120000,,,,,,,,,,,,,,,,,,,,,,,,,
20210501,900121,21,0,1,D01,Demo Sales,1200,Demo Accounts Receivable,C004,Demo Customer Dawn,00,Out of scope,440700,0,1,D01,Demo Sales,4010,Demo Service Revenue,C004,Demo Customer Dawn,B5,Taxable sale 10%,440700,40064,Synthetic demo credit sale 900121,,,0,,,,,,,,,,,,,,,,,,,,,,,,,,20210501120000,C004,Demo Customer Dawn,,,,,,,C004,Demo Customer Dawn,,,,,,,,,,,,,,,
20210502,900119,21,0,1,D05,Demo Digital Services,1400,Demo Prepaid Expenses,S006,Demo Insurance Services,00,Out of scope,184270,0,1,D05,Demo Digital Services,1120,Demo Harbor Ordinary Deposit,B003,Harbor Demo Bank,00,Out of scope,184270,0,Synthetic demo prepaid service 900119,,,0,,,,,,,,,,,,,,,,,,,,,,,,,,20210502120000,S006,Demo Insurance Services,,,,,,,B003,Harbor Demo Bank,,,,,,,,,,,,,,,
20210503,900069,21,0,1,D05,Demo Digital Services,1400,Demo Prepaid Expenses,S004,Demo Logistics Services,00,Out of scope,42190,0,1,D05,Demo Digital Services,1100,Demo Central Ordinary Deposit,B001,Demo Central Bank,00,Out of scope,42190,0,Synthetic demo prepaid service 900069,,,0,,,,,,,,,,,,,,,,,,,,,,,,,,20210503120000,S004,Demo Logistics Services,,,,,,,B001,Demo Central Bank,,,,,,,,,,,,,,,
20210504,900079,21,0,1,D05,Demo Digital Services,1400,Demo Prepaid Expenses,S002,Demo Energy Services,00,Out of scope,96050,0,1,D05,Demo Digital Services,1110,Demo North Current Deposit,B002,North Demo Bank,00,Out of scope,96050,0,Synthetic demo prepaid service 900079,,,0,,,,,,,,,,,,,,,,,,,,,,,,,,20210504120000,S002,Demo Energy Services,,,,,,,B002,North Demo Bank,,,,,,,,,,,,,,,
20210504,900086,21,0,1,D01,Demo Sales,1120,Demo Harbor Ordinary Deposit,B003,Harbor Demo Bank,00,Out of scope,169060,0,,,,,,,,,,,,Synthetic demo mixed sales and receipt 900086,,,0,,,,,,,,,,,,,,,,,,,,,,,,,,20210504120000,B003,Harbor Demo Bank,,,,,,,,,,,,,,,,,,,,,,,
20210504,900086,21,0,1,D01,Demo Sales,1200,Demo Accounts Receivable,C007,Demo Customer Grove,00,Out of scope,535390,0,,,,,,,,,,,,Synthetic demo mixed sales and receipt 900086,,,0,,,,,,,,,,,,,,,,,,,,,,,,,,20210504120000,C007,Demo Customer Grove,,,,,,,,,,,,,,,,,,,,,,,
20210504,900086,21,0,,,,,,,,,,,,1,D01,Demo Sales,4000,Demo Product Sales,C008,Demo Customer Halo,B5,Taxable sale 10%,521290,47390,Synthetic demo mixed sales and receipt 900086,,,0,,,,,,,,,,,,,,,,,,,,,,,,,,20210504120000,,,,,,,,,C008,Demo Customer Halo,,,,,,,,,,,,,,,
20210504,900086,21,0,,,,,,,,,,,,1,D01,Demo Sales,4010,Demo Service Revenue,C009,Demo Customer Indigo,B5,Taxable sale 10%,183160,16651,Synthetic demo mixed sales and receipt 900086,,,0,,,,,,,,,,,,,,,,,,,,,,,,,,20210504120000,,,,,,,,,C009,Demo Customer Indigo,,,,,,,,,,,,,,,
20210504,900090,21,0,1,D02,Demo Administration,6000,Demo Salaries,,,00,Out of scope,183140,0,1,D02,Demo Administration,1100,Demo Central Ordinary Deposit,B001,Demo Central Bank,00,Out of scope,481970,0,Synthetic demo monthly payroll bundle 900090,,,0,,,,,,,,,,,,,,,,,,,,,,,,,,20210504120000,,,,,,,,,B001,Demo Central Bank,,,,,,,,,,,,,,,
20210504,900090,21,0,1,D02,Demo Administration,6010,Demo Statutory Welfare,,,00,Out of scope,154230,0,,,,,,,,,,,,Synthetic demo monthly payroll bundle 900090,,,0,,,,,,,,,,,,,,,,,,,,,,,,,,20210504120000,,,,,,,,,,,,,,,,,,,,,,,,,
20210504,900090,21,0,1,D02,Demo Administration,2110,Demo Payroll Withholding,,,00,Out of scope,144600,0,,,,,,,,,,,,Synthetic demo monthly payroll bundle 900090,,,0,,,,,,,,,,,,,,,,,,,,,,,,,,20210504120000,,,,,,,,,,,,,,,,,,,,,,,,,
20210504,900097,21,0,1,D03,Demo Operations,6030,Demo Utilities,S002,Demo Energy Services,Q5,Taxable purchase 10%,323380,29398,1,D03,Demo Operations,1110,Demo North Current Deposit,B002,North Demo Bank,00,Out of scope,673710,0,Synthetic demo operating cost bundle 900097,,,0,,,,,,,,,,,,,,,,,,,,,,,,,,20210504120000,S002,Demo Energy Services,,,,,,,B002,North Demo Bank,,,,,,,,,,,,,,,
20210504,900097,21,0,1,D03,Demo Operations,6040,Demo Communication,S003,Demo Network Services,Q5,Taxable purchase 10%,188630,17148,,,,,,,,,,,,Synthetic demo operating cost bundle 900097,,,0,,,,,,,,,,,,,,,,,,,,,,,,,,20210504120000,S003,Demo Network Services,,,,,,,,,,,,,,,,,,,,,,,
20210504,900097,21,0,1,D03,Demo Operations,6060,Demo Office Supplies,V008,Demo Vendor Rivulet,Q5,Taxable purchase 10%,161700,14700,,,,,,,,,,,,Synthetic demo operating cost bundle 900097,,,0,,,,,,,,,,,,,,,,,,,,,,,,,,20210504120000,V008,Demo Vendor Rivulet,,,,,,,,,,,,,,,,,,,,,,,
20210504,900101,21,0,1,D01,Demo Sales,1200,Demo Accounts Receivable,C004,Demo Customer Dawn,00,Out of scope,266140,0,1,D01,Demo Sales,4020,Demo Other Operating Revenue,C004,Demo Customer Dawn,B5,Taxable sale 10%,266140,24195,Synthetic demo credit sale 900101,,,0,,,,,,,,,,,,,,,,,,,,,,,,,,20210504120000,C004,Demo Customer Dawn,,,,,,,C004,Demo Customer Dawn,,,,,,,,,,,,,,,
20210505,900094,21,0,1,D01,Demo Sales,1110,Demo North Current Deposit,B002,North Demo Bank,00,Out of scope,467140,0,1,D01,Demo Sales,1200,Demo Accounts Receivable,C003,Demo Customer Cobalt,00,Out of scope,467140,0,Synthetic demo customer receipt 900094,,,0,,,,,,,,,,,,,,,,,,,,,,,,,,20210505120000,B002,North Demo Bank,,,,,,,C003,Demo Customer Cobalt,,,,,,,,,,,,,,,
20210506,900091,21,0,1,D01,Demo Sales,1200,Demo Accounts Receivable,C004,Demo Customer Dawn,00,Out of scope,124120,0,1,D01,Demo Sales,4010,Demo Service Revenue,C004,Demo Customer Dawn,B5,Taxable sale 10%,124120,11284,Synthetic demo credit sale 900091,,,0,,,,,,,,,,,,,,,,,,,,,,,,,,20210506120000,C004,Demo Customer Dawn,,,,,,,C004,Demo Customer Dawn,,,,,,,,,,,,,,,
20210507,900095,21,0,1,D04,Demo Logistics,5020,Demo Inventory Adjustment,V006,Demo Vendor Prairie,Q5,Taxable purchase 10%,350590,31872,1,D04,Demo Logistics,2000,Demo Accounts Payable,V006,Demo Vendor Prairie,00,Out of scope,350590,0,Synthetic demo purchase on account 900095,,,0,,,,,,,,,,,,,,,,,,,,,,,,,,20210507120000,V006,Demo Vendor Prairie,,,,,,,V006,Demo Vendor Prairie,,,,,,,,,,,,,,,
20210507,900100,21,0,1,D01,Demo Sales,1200,Demo Accounts Receivable,C001,Demo Customer Aurora,00,Out of scope,536790,0,1,D01,Demo Sales,4010,Demo Service Revenue,C001,Demo Customer Aurora,B5,Taxable sale 10%,536790,48799,Synthetic demo credit sale 900100,,,0,,,,,,,,,,,,,,,,,,,,,,,,,,20210507120000,C001,Demo Customer Aurora,,,,,,,C001,Demo Customer Aurora,,,,,,,,,,,,,,,
20210508,900092,21,0,1,D01,Demo Sales,1200,Demo Accounts Receivable,C007,Demo Customer Grove,00,Out of scope,569760,0,1,D01,Demo Sales,4020,Demo Other Operating Revenue,C007,Demo Customer Grove,B5,Taxable sale 10%,569760,51796,Synthetic demo credit sale 900092,,,0,,,,,,,,,,,,,,,,,,,,,,,,,,20210508120000,C007,Demo Customer Grove,,,,,,,C007,Demo Customer Grove,,,,,,,,,,,,,,,
20210508,900111,21,0,1,D01,Demo Sales,1200,Demo Accounts Receivable,C004,Demo Customer Dawn,00,Out of scope,311690,0,1,D01,Demo Sales,4000,Demo Product Sales,C004,Demo Customer Dawn,R5,Taxable sale 8%,311690,23088,Synthetic demo credit sale 900111,,,0,,,,,,,,,,,,,,,,,,,,,,,,,,20210508120000,C004,Demo Customer Dawn,,,,,,,C004,Demo Customer Dawn,,,,,,,,,,,,,,,
20210509,900066,21,0,1,D04,Demo Logistics,5000,Demo Purchases,V001,Demo Vendor Keystone,Q5,Taxable purchase 10%,51360,4669,1,D04,Demo Logistics,2000,Demo Accounts Payable,V001,Demo Vendor Keystone,00,Out of scope,51360,0,Synthetic demo purchase on account 900066,,,0,,,,,,,,,,,,,,,,,,,,,,,,,,20210509120000,V001,Demo Vendor Keystone,,,,,,,V001,Demo Vendor Keystone,,,,,,,,,,,,,,,
20210509,900068,21,0,1,D01,Demo Sales,1120,Demo Harbor Ordinary Deposit,B003,Harbor Demo Bank,00,Out of scope,273730,0,,,,,,,,,,,,Synthetic demo mixed sales and receipt 900068,,,0,,,,,,,,,,,,,,,,,,,,,,,,,,20210509120000,B003,Harbor Demo Bank,,,,,,,,,,,,,,,,,,,,,,,
20210509,900068,21,0,1,D01,Demo Sales,1200,Demo Accounts Receivable,C009,Demo Customer Indigo,00,Out of scope,91250,0,,,,,,,,,,,,Synthetic demo mixed sales and receipt 900068,,,0,,,,,,,,,,,,,,,,,,,,,,,,,,20210509120000,C009,Demo Customer Indigo,,,,,,,,,,,,,,,,,,,,,,,
20210509,900068,21,0,,,,,,,,,,,,1,D01,Demo Sales,4000,Demo Product Sales,C010,Demo Customer Juniper,B5,Taxable sale 10%,138690,12608,Synthetic demo mixed sales and receipt 900068,,,0,,,,,,,,,,,,,,,,,,,,,,,,,,20210509120000,,,,,,,,,C010,Demo Customer Juniper,,,,,,,,,,,,,,,
20210509,900068,21,0,,,,,,,,,,,,1,D01,Demo Sales,4010,Demo Service Revenue,C001,Demo Customer Aurora,B5,Taxable sale 10%,226290,20572,Synthetic demo mixed sales and receipt 900068,,,0,,,,,,,,,,,,,,,,,,,,,,,,,,20210509120000,,,,,,,,,C001,Demo Customer Aurora,,,,,,,,,,,,,,,
20210509,900075,21,0,1,D04,Demo Logistics,5000,Demo Purchases,V006,Demo Vendor Prairie,Q5,Taxable purchase 10%,379290,34481,1,D04,Demo Logistics,2000,Demo Accounts Payable,V006,Demo Vendor Prairie,00,Out of scope,379290,0,Synthetic demo purchase on account 900075,,,0,,,,,,,,,,,,,,,,,,,,,,,,,,20210509120000,V006,Demo Vendor Prairie,,,,,,,V006,Demo Vendor Prairie,,,,,,,,,,,,,,,
20210509,900082,21,0,1,D01,Demo Sales,1200,Demo Accounts Receivable,C007,Demo Customer Grove,00,Out of scope,355510,0,1,D01,Demo Sales,4010,Demo Service Revenue,C007,Demo Customer Grove,B5,Taxable sale 10%,355510,32319,Synthetic demo credit sale 900082,,,0,,,,,,,,,,,,,,,,,,,,,,,,,,20210509120000,C007,Demo Customer Grove,,,,,,,C007,Demo Customer Grove,,,,,,,,,,,,,,,
20210509,900099,21,0,1,D01,Demo Sales,2000,Demo Accounts Payable,V010,Demo Vendor Tandem,00,Out of scope,176880,0,,,,,,,,,,,,Synthetic demo multi-vendor settlement 900099,,,0,,,,,,,,,,,,,,,,,,,,,,,,,,20210509120000,V010,Demo Vendor Tandem,,,,,,,,,,,,,,,,,,,,,,,
20210509,900099,21,0,1,D01,Demo Sales,2100,Demo Accrued Payables,V003,Demo Vendor Mosaic,00,Out of scope,95250,0,,,,,,,,,,,,Synthetic demo multi-vendor settlement 900099,,,0,,,,,,,,,,,,,,,,,,,,,,,,,,20210509120000,V003,Demo Vendor Mosaic,,,,,,,,,,,,,,,,,,,,,,,
20210509,900099,21,0,,,,,,,,,,,,1,D01,Demo Sales,1100,Demo Central Ordinary Deposit,B001,Demo Central Bank,00,Out of scope,73470,0,Synthetic demo multi-vendor settlement 900099,,,0,,,,,,,,,,,,,,,,,,,,,,,,,,20210509120000,,,,,,,,,B001,Demo Central Bank,,,,,,,,,,,,,,,
20210509,900099,21,0,,,,,,,,,,,,1,D01,Demo Sales,1110,Demo North Current Deposit,B002,North Demo Bank,00,Out of scope,198660,0,Synthetic demo multi-vendor settlement 900099,,,0,,,,,,,,,,,,,,,,,,,,,,,,,,20210509120000,,,,,,,,,B002,North Demo Bank,,,,,,,,,,,,,,,
20210510,900076,21,0,1,D04,Demo Logistics,5010,Demo Freight-in,V001,Demo Vendor Keystone,Q5,Taxable purchase 10%,161300,14664,1,D04,Demo Logistics,2000,Demo Accounts Payable,V001,Demo Vendor Keystone,00,Out of scope,161300,0,Synthetic demo purchase on account 900076,,,0,,,,,,,,,,,,,,,,,,,,,,,,,,20210510120000,V001,Demo Vendor Keystone,,,,,,,V001,Demo Vendor Keystone,,,,,,,,,,,,,,,
20210510,900077,21,0,1,D04,Demo Logistics,2000,Demo Accounts Payable,V006,Demo Vendor Prairie,00,Out of scope,147100,0,1,D04,Demo Logistics,1120,Demo Harbor Ordinary Deposit,B003,Harbor Demo Bank,00,Out of scope,147100,0,Synthetic demo vendor settlement 900077,,,0,,,,,,,,,,,,,,,,,,,,,,,,,,20210510120000,V006,Demo Vendor Prairie,,,,,,,B003,Harbor Demo Bank,,,,,,,,,,,,,,,
20210510,900106,21,0,1,D04,Demo Logistics,5010,Demo Freight-in,V001,Demo Vendor Keystone,Q5,Taxable purchase 10%,182290,16572,1,D04,Demo Logistics,2000,Demo Accounts Payable,V001,Demo Vendor Keystone,00,Out of scope,182290,0,Synthetic demo purchase on account 900106,,,0,,,,,,,,,,,,,,,,,,,,,,,,,,20210510120000,V001,Demo Vendor Keystone,,,,,,,V001,Demo Vendor Keystone,,,,,,,,,,,,,,,
20210511,900089,21,0,1,D05,Demo Digital Services,1400,Demo Prepaid Expenses,S006,Demo Insurance Services,00,Out of scope,29040,0,1,D05,Demo Digital Services,1120,Demo Harbor Ordinary Deposit,B003,Harbor Demo Bank,00,Out of scope,29040,0,Synthetic demo prepaid service 900089,,,0,,,,,,,,,,,,,,,,,,,,,,,,,,20210511120000,S006,Demo Insurance Services,,,,,,,B003,Harbor Demo Bank,,,,,,,,,,,,,,,
20210512,900074,21,0,1,D01,Demo Sales,1120,Demo Harbor Ordinary Deposit,B003,Harbor Demo Bank,00,Out of scope,103280,0,,,,,,,,,,,,Synthetic demo mixed sales and receipt 900074,,,0,,,,,,,,,,,,,,,,,,,,,,,,,,20210512120000,B003,Harbor Demo Bank,,,,,,,,,,,,,,,,,,,,,,,
20210512,900074,21,0,1,D01,Demo Sales,1200,Demo Accounts Receivable,C005,Demo Customer Elm,00,Out of scope,71780,0,,,,,,,,,,,,Synthetic demo mixed sales and receipt 900074,,,0,,,,,,,,,,,,,,,,,,,,,,,,,,20210512120000,C005,Demo Customer Elm,,,,,,,,,,,,,,,,,,,,,,,
20210512,900074,21,0,,,,,,,,,,,,1,D01,Demo Sales,4000,Demo Product Sales,C006,Demo Customer Fjord,B5,Taxable sale 10%,28000,2545,Synthetic demo mixed sales and receipt 900074,,,0,,,,,,,,,,,,,,,,,,,,,,,,,,20210512120000,,,,,,,,,C006,Demo Customer Fjord,,,,,,,,,,,,,,,
20210512,900074,21,0,,,,,,,,,,,,1,D01,Demo Sales,4010,Demo Service Revenue,C007,Demo Customer Grove,B5,Taxable sale 10%,147060,13369,Synthetic demo mixed sales and receipt 900074,,,0,,,,,,,,,,,,,,,,,,,,,,,,,,20210512120000,,,,,,,,,C007,Demo Customer Grove,,,,,,,,,,,,,,,
20210512,900112,21,0,1,D03,Demo Operations,6030,Demo Utilities,S002,Demo Energy Services,Q5,Taxable purchase 10%,74930,6812,1,D03,Demo Operations,1110,Demo North Current Deposit,B002,North Demo Bank,00,Out of scope,249790,0,Synthetic demo operating cost bundle 900112,,,0,,,,,,,,,,,,,,,,,,,,,,,,,,20210512120000,S002,Demo Energy Services,,,,,,,B002,North Demo Bank,,,,,,,,,,,,,,,
20210512,900112,21,0,1,D03,Demo Operations,6040,Demo Communication,S003,Demo Network Services,Q5,Taxable purchase 10%,112400,10218,,,,,,,,,,,,Synthetic demo operating cost bundle 900112,,,0,,,,,,,,,,,,,,,,,,,,,,,,,,20210512120000,S003,Demo Network Services,,,,,,,,,,,,,,,,,,,,,,,
20210512,900112,21,0,1,D03,Demo Operations,6060,Demo Office Supplies,V003,Demo Vendor Mosaic,Q5,Taxable purchase 10%,62460,5678,,,,,,,,,,,,Synthetic demo operating cost bundle 900112,,,0,,,,,,,,,,,,,,,,,,,,,,,,,,20210512120000,V003,Demo Vendor Mosaic,,,,,,,,,,,,,,,,,,,,,,,
20210513,900096,21,0,1,D04,Demo Logistics,5000,Demo Purchases,V001,Demo Vendor Keystone,Q5,Taxable purchase 10%,183300,16664,1,D04,Demo Logistics,2000,Demo Accounts Payable,V001,Demo Vendor Keystone,00,Out of scope,183300,0,Synthetic demo purchase on account 900096,,,0,,,,,,,,,,,,,,,,,,,,,,,,,,20210513120000,V001,Demo Vendor Keystone,,,,,,,V001,Demo Vendor Keystone,,,,,,,,,,,,,,,
20210514,900073,21,0,1,D01,Demo Sales,1110,Demo North Current Deposit,B002,North Demo Bank,00,Out of scope,289520,0,1,D01,Demo Sales,1200,Demo Accounts Receivable,C010,Demo Customer Juniper,00,Out of scope,289520,0,Synthetic demo customer receipt 900073,,,0,,,,,,,,,,,,,,,,,,,,,,,,,,20210514120000,B002,North Demo Bank,,,,,,,C010,Demo Customer Juniper,,,,,,,,,,,,,,,
20210515,900067,21,0,1,D04,Demo Logistics,2000,Demo Accounts Payable,V006,Demo Vendor Prairie,00,Out of scope,134370,0,1,D04,Demo Logistics,1110,Demo North Current Deposit,B002,North Demo Bank,00,Out of scope,134370,0,Synthetic demo vendor settlement 900067,,,0,,,,,,,,,,,,,,,,,,,,,,,,,,20210515120000,V006,Demo Vendor Prairie,,,,,,,B002,North Demo Bank,,,,,,,,,,,,,,,
20210515,900108,21,0,1,D02,Demo Administration,6020,Demo Office Rent,V001,Demo Vendor Keystone,Q5,Taxable purchase 10%,6210,565,1,D02,Demo Administration,1100,Demo Central Ordinary Deposit,B001,Demo Central Bank,00,Out of scope,6210,0,Synthetic demo operating expense 900108,,,0,,,,,,,,,,,,,,,,,,,,,,,,,,20210515120000,V001,Demo Vendor Keystone,,,,,,,B001,Demo Central Bank,,,,,,,,,,,,,,,
20210515,900117,21,0,1,D04,Demo Logistics,2000,Demo Accounts Payable,V006,Demo Vendor Prairie,00,Out of scope,103780,0,1,D04,Demo Logistics,1100,Demo Central Ordinary Deposit,B001,Demo Central Bank,00,Out of scope,103780,0,Synthetic demo vendor settlement 900117,,,0,,,,,,,,,,,,,,,,,,,,,,,,,,20210515120000,V006,Demo Vendor Prairie,,,,,,,B001,Demo Central Bank,,,,,,,,,,,,,,,
20210516,900080,21,0,1,D01,Demo Sales,1120,Demo Harbor Ordinary Deposit,B003,Harbor Demo Bank,00,Out of scope,132500,0,,,,,,,,,,,,Synthetic demo mixed sales and receipt 900080,,,0,,,,,,,,,,,,,,,,,,,,,,,,,,20210516120000,B003,Harbor Demo Bank,,,,,,,,,,,,,,,,,,,,,,,
20210516,900080,21,0,1,D01,Demo Sales,1200,Demo Accounts Receivable,C001,Demo Customer Aurora,00,Out of scope,324430,0,,,,,,,,,,,,Synthetic demo mixed sales and receipt 900080,,,0,,,,,,,,,,,,,,,,,,,,,,,,,,20210516120000,C001,Demo Customer Aurora,,,,,,,,,,,,,,,,,,,,,,,
20210516,900080,21,0,,,,,,,,,,,,1,D01,Demo Sales,4000,Demo Product Sales,C002,Demo Customer Birch,B5,Taxable sale 10%,379250,34477,Synthetic demo mixed sales and receipt 900080,,,0,,,,,,,,,,,,,,,,,,,,,,,,,,20210516120000,,,,,,,,,C002,Demo Customer Birch,,,,,,,,,,,,,,,
20210516,900080,21,0,,,,,,,,,,,,1,D01,Demo Sales,4010,Demo Service Revenue,C003,Demo Customer Cobalt,B5,Taxable sale 10%,77680,7062,Synthetic demo mixed sales and receipt 900080,,,0,,,,,,,,,,,,,,,,,,,,,,,,,,20210516120000,,,,,,,,,C003,Demo Customer Cobalt,,,,,,,,,,,,,,,
20210516,900116,21,0,1,D01,Demo Sales,1120,Demo Harbor Ordinary Deposit,B003,Harbor Demo Bank,00,Out of scope,126090,0,,,,,,,,,,,,Synthetic demo mixed sales and receipt 900116,,,0,,,,,,,,,,,,,,,,,,,,,,,,,,20210516120000,B003,Harbor Demo Bank,,,,,,,,,,,,,,,,,,,,,,,
20210516,900116,21,0,1,D01,Demo Sales,1200,Demo Accounts Receivable,C007,Demo Customer Grove,00,Out of scope,181470,0,,,,,,,,,,,,Synthetic demo mixed sales and receipt 900116,,,0,,,,,,,,,,,,,,,,,,,,,,,,,,20210516120000,C007,Demo Customer Grove,,,,,,,,,,,,,,,,,,,,,,,
20210516,900116,21,0,,,,,,,,,,,,1,D01,Demo Sales,4000,Demo Product Sales,C008,Demo Customer Halo,B5,Taxable sale 10%,172230,15657,Synthetic demo mixed sales and receipt 900116,,,0,,,,,,,,,,,,,,,,,,,,,,,,,,20210516120000,,,,,,,,,C008,Demo Customer Halo,,,,,,,,,,,,,,,
20210516,900116,21,0,,,,,,,,,,,,1,D01,Demo Sales,4010,Demo Service Revenue,C009,Demo Customer Indigo,B5,Taxable sale 10%,135330,12303,Synthetic demo mixed sales and receipt 900116,,,0,,,,,,,,,,,,,,,,,,,,,,,,,,20210516120000,,,,,,,,,C009,Demo Customer Indigo,,,,,,,,,,,,,,,
20210516,900122,21,0,1,D01,Demo Sales,1120,Demo Harbor Ordinary Deposit,B003,Harbor Demo Bank,00,Out of scope,158780,0,,,,,,,,,,,,Synthetic demo mixed sales and receipt 900122,,,0,,,,,,,,,,,,,,,,,,,,,,,,,,20210516120000,B003,Harbor Demo Bank,,,,,,,,,,,,,,,,,,,,,,,
20210516,900122,21,0,1,D01,Demo Sales,1200,Demo Accounts Receivable,C003,Demo Customer Cobalt,00,Out of scope,114980,0,,,,,,,,,,,,Synthetic demo mixed sales and receipt 900122,,,0,,,,,,,,,,,,,,,,,,,,,,,,,,20210516120000,C003,Demo Customer Cobalt,,,,,,,,,,,,,,,,,,,,,,,
20210516,900122,21,0,,,,,,,,,,,,1,D01,Demo Sales,4000,Demo Product Sales,C004,Demo Customer Dawn,B5,Taxable sale 10%,65700,5973,Synthetic demo mixed sales and receipt 900122,,,0,,,,,,,,,,,,,,,,,,,,,,,,,,20210516120000,,,,,,,,,C004,Demo Customer Dawn,,,,,,,,,,,,,,,
20210516,900122,21,0,,,,,,,,,,,,1,D01,Demo Sales,4010,Demo Service Revenue,C005,Demo Customer Elm,B5,Taxable sale 10%,208060,18915,Synthetic demo mixed sales and receipt 900122,,,0,,,,,,,,,,,,,,,,,,,,,,,,,,20210516120000,,,,,,,,,C005,Demo Customer Elm,,,,,,,,,,,,,,,
20210517,900081,21,0,1,D01,Demo Sales,1200,Demo Accounts Receivable,C004,Demo Customer Dawn,00,Out of scope,267410,0,1,D01,Demo Sales,4000,Demo Product Sales,C004,Demo Customer Dawn,B5,Taxable sale 10%,267410,24310,Synthetic demo credit sale 900081,,,0,,,,,,,,,,,,,,,,,,,,,,,,,,20210517120000,C004,Demo Customer Dawn,,,,,,,C004,Demo Customer Dawn,,,,,,,,,,,,,,,
20210517,900118,21,0,1,D03,Demo Operations,6030,Demo Utilities,S002,Demo Energy Services,Q5,Taxable purchase 10%,440590,40054,1,D03,Demo Operations,1110,Demo North Current Deposit,B002,North Demo Bank,00,Out of scope,699350,0,Synthetic demo operating cost bundle 900118,,,0,,,,,,,,,,,,,,,,,,,,,,,,,,20210517120000,S002,Demo Energy Services,,,,,,,B002,North Demo Bank,,,,,,,,,,,,,,,
20210517,900118,21,0,1,D03,Demo Operations,6040,Demo Communication,S003,Demo Network Services,Q5,Taxable purchase 10%,55940,5085,,,,,,,,,,,,Synthetic demo operating cost bundle 900118,,,0,,,,,,,,,,,,,,,,,,,,,,,,,,20210517120000,S003,Demo Network Services,,,,,,,,,,,,,,,,,,,,,,,
20210517,900118,21,0,1,D03,Demo Operations,6060,Demo Office Supplies,V009,Demo Vendor Summit,Q5,Taxable purchase 10%,202820,18438,,,,,,,,,,,,Synthetic demo operating cost bundle 900118,,,0,,,,,,,,,,,,,,,,,,,,,,,,,,20210517120000,V009,Demo Vendor Summit,,,,,,,,,,,,,,,,,,,,,,,
20210518,900113,21,0,1,D01,Demo Sales,1120,Demo Harbor Ordinary Deposit,B003,Harbor Demo Bank,00,Out of scope,343570,0,1,D01,Demo Sales,1200,Demo Accounts Receivable,C010,Demo Customer Juniper,00,Out of scope,343570,0,Synthetic demo customer receipt 900113,,,0,,,,,,,,,,,,,,,,,,,,,,,,,,20210518120000,B003,Harbor Demo Bank,,,,,,,C010,Demo Customer Juniper,,,,,,,,,,,,,,,
20210519,900105,21,0,1,D02,Demo Administration,6000,Demo Salaries,,,00,Out of scope,319720,0,1,D02,Demo Administration,1100,Demo Central Ordinary Deposit,B001,Demo Central Bank,00,Out of scope,399660,0,Synthetic demo monthly payroll bundle 900105,,,0,,,,,,,,,,,,,,,,,,,,,,,,,,20210519120000,,,,,,,,,B001,Demo Central Bank,,,,,,,,,,,,,,,
20210519,900105,21,0,1,D02,Demo Administration,6010,Demo Statutory Welfare,,,00,Out of scope,19980,0,,,,,,,,,,,,Synthetic demo monthly payroll bundle 900105,,,0,,,,,,,,,,,,,,,,,,,,,,,,,,20210519120000,,,,,,,,,,,,,,,,,,,,,,,,,
20210519,900105,21,0,1,D02,Demo Administration,2110,Demo Payroll Withholding,,,00,Out of scope,59960,0,,,,,,,,,,,,Synthetic demo monthly payroll bundle 900105,,,0,,,,,,,,,,,,,,,,,,,,,,,,,,20210519120000,,,,,,,,,,,,,,,,,,,,,,,,,
20210520,900085,21,0,1,D04,Demo Logistics,5010,Demo Freight-in,V006,Demo Vendor Prairie,Q5,Taxable purchase 10%,209540,19049,1,D04,Demo Logistics,2000,Demo Accounts Payable,V006,Demo Vendor Prairie,00,Out of scope,209540,0,Synthetic demo purchase on account 900085,,,0,,,,,,,,,,,,,,,,,,,,,,,,,,20210520120000,V006,Demo Vendor Prairie,,,,,,,V006,Demo Vendor Prairie,,,,,,,,,,,,,,,
20210521,900087,21,0,1,D04,Demo Logistics,2000,Demo Accounts Payable,V006,Demo Vendor Prairie,00,Out of scope,25360,0,1,D04,Demo Logistics,1100,Demo Central Ordinary Deposit,B001,Demo Central Bank,00,Out of scope,25360,0,Synthetic demo vendor settlement 900087,,,0,,,,,,,,,,,,,,,,,,,,,,,,,,20210521120000,V006,Demo Vendor Prairie,,,,,,,B001,Demo Central Bank,,,,,,,,,,,,,,,
20210522,900064,21,0,1,D01,Demo Sales,1110,Demo North Current Deposit,B002,North Demo Bank,00,Out of scope,497600,0,1,D01,Demo Sales,1200,Demo Accounts Receivable,C003,Demo Customer Cobalt,00,Out of scope,497600,0,Synthetic demo customer receipt 900064,,,0,,,,,,,,,,,,,,,,,,,,,,,,,,20210522120000,B002,North Demo Bank,,,,,,,C003,Demo Customer Cobalt,,,,,,,,,,,,,,,
20210522,900084,21,0,1,D02,Demo Administration,6000,Demo Salaries,,,00,Out of scope,201140,0,1,D02,Demo Administration,1100,Demo Central Ordinary Deposit,B001,Demo Central Bank,00,Out of scope,271820,0,Synthetic demo monthly payroll bundle 900084,,,0,,,,,,,,,,,,,,,,,,,,,,,,,,20210522120000,,,,,,,,,B001,Demo Central Bank,,,,,,,,,,,,,,,
20210522,900084,21,0,1,D02,Demo Administration,6010,Demo Statutory Welfare,,,00,Out of scope,13590,0,,,,,,,,,,,,Synthetic demo monthly payroll bundle 900084,,,0,,,,,,,,,,,,,,,,,,,,,,,,,,20210522120000,,,,,,,,,,,,,,,,,,,,,,,,,
20210522,900084,21,0,1,D02,Demo Administration,2110,Demo Payroll Withholding,,,00,Out of scope,57090,0,,,,,,,,,,,,Synthetic demo monthly payroll bundle 900084,,,0,,,,,,,,,,,,,,,,,,,,,,,,,,20210522120000,,,,,,,,,,,,,,,,,,,,,,,,,
20210522,900104,21,0,1,D01,Demo Sales,1120,Demo Harbor Ordinary Deposit,B003,Harbor Demo Bank,00,Out of scope,106650,0,1,D01,Demo Sales,1200,Demo Accounts Receivable,C003,Demo Customer Cobalt,00,Out of scope,106650,0,Synthetic demo customer receipt 900104,,,0,,,,,,,,,,,,,,,,,,,,,,,,,,20210522120000,B003,Harbor Demo Bank,,,,,,,C003,Demo Customer Cobalt,,,,,,,,,,,,,,,
20210523,900078,21,0,1,D02,Demo Administration,6000,Demo Salaries,,,00,Out of scope,367590,0,1,D02,Demo Administration,1100,Demo Central Ordinary Deposit,B001,Demo Central Bank,00,Out of scope,574360,0,Synthetic demo monthly payroll bundle 900078,,,0,,,,,,,,,,,,,,,,,,,,,,,,,,20210523120000,,,,,,,,,B001,Demo Central Bank,,,,,,,,,,,,,,,
20210523,900078,21,0,1,D02,Demo Administration,6010,Demo Statutory Welfare,,,00,Out of scope,40200,0,,,,,,,,,,,,Synthetic demo monthly payroll bundle 900078,,,0,,,,,,,,,,,,,,,,,,,,,,,,,,20210523120000,,,,,,,,,,,,,,,,,,,,,,,,,
20210523,900078,21,0,1,D02,Demo Administration,2110,Demo Payroll Withholding,,,00,Out of scope,166570,0,,,,,,,,,,,,Synthetic demo monthly payroll bundle 900078,,,0,,,,,,,,,,,,,,,,,,,,,,,,,,20210523120000,,,,,,,,,,,,,,,,,,,,,,,,,
20210523,900083,21,0,1,D01,Demo Sales,1120,Demo Harbor Ordinary Deposit,B003,Harbor Demo Bank,00,Out of scope,192450,0,1,D01,Demo Sales,1200,Demo Accounts Receivable,C010,Demo Customer Juniper,00,Out of scope,192450,0,Synthetic demo customer receipt 900083,,,0,,,,,,,,,,,,,,,,,,,,,,,,,,20210523120000,B003,Harbor Demo Bank,,,,,,,C010,Demo Customer Juniper,,,,,,,,,,,,,,,
20210523,900107,21,0,1,D04,Demo Logistics,2000,Demo Accounts Payable,V006,Demo Vendor Prairie,00,Out of scope,182360,0,1,D04,Demo Logistics,1120,Demo Harbor Ordinary Deposit,B003,Harbor Demo Bank,00,Out of scope,182360,0,Synthetic demo vendor settlement 900107,,,0,,,,,,,,,,,,,,,,,,,,,,,,,,20210523120000,V006,Demo Vendor Prairie,,,,,,,B003,Harbor Demo Bank,,,,,,,,,,,,,,,
20210524,900063,21,0,1,D01,Demo Sales,1100,Demo Central Ordinary Deposit,B001,Demo Central Bank,00,Out of scope,348220,0,1,D01,Demo Sales,1200,Demo Accounts Receivable,C010,Demo Customer Juniper,00,Out of scope,348220,0,Synthetic demo customer receipt 900063,,,0,,,,,,,,,,,,,,,,,,,,,,,,,,20210524120000,B001,Demo Central Bank,,,,,,,C010,Demo Customer Juniper,,,,,,,,,,,,,,,
20210524,900114,21,0,1,D01,Demo Sales,1100,Demo Central Ordinary Deposit,B001,Demo Central Bank,00,Out of scope,254150,0,1,D01,Demo Sales,1200,Demo Accounts Receivable,C003,Demo Customer Cobalt,00,Out of scope,254150,0,Synthetic demo customer receipt 900114,,,0,,,,,,,,,,,,,,,,,,,,,,,,,,20210524120000,B001,Demo Central Bank,,,,,,,C003,Demo Customer Cobalt,,,,,,,,,,,,,,,
20210525,900109,21,0,1,D01,Demo Sales,2000,Demo Accounts Payable,V010,Demo Vendor Tandem,00,Out of scope,120280,0,,,,,,,,,,,,Synthetic demo multi-vendor settlement 900109,,,0,,,,,,,,,,,,,,,,,,,,,,,,,,20210525120000,V010,Demo Vendor Tandem,,,,,,,,,,,,,,,,,,,,,,,
20210525,900109,21,0,1,D01,Demo Sales,2100,Demo Accrued Payables,V003,Demo Vendor Mosaic,00,Out of scope,244220,0,,,,,,,,,,,,Synthetic demo multi-vendor settlement 900109,,,0,,,,,,,,,,,,,,,,,,,,,,,,,,20210525120000,V003,Demo Vendor Mosaic,,,,,,,,,,,,,,,,,,,,,,,
20210525,900109,21,0,,,,,,,,,,,,1,D01,Demo Sales,1110,Demo North Current Deposit,B002,North Demo Bank,00,Out of scope,193180,0,Synthetic demo multi-vendor settlement 900109,,,0,,,,,,,,,,,,,,,,,,,,,,,,,,20210525120000,,,,,,,,,B002,North Demo Bank,,,,,,,,,,,,,,,
20210525,900109,21,0,,,,,,,,,,,,1,D01,Demo Sales,1120,Demo Harbor Ordinary Deposit,B003,Harbor Demo Bank,00,Out of scope,171320,0,Synthetic demo multi-vendor settlement 900109,,,0,,,,,,,,,,,,,,,,,,,,,,,,,,20210525120000,,,,,,,,,B003,Harbor Demo Bank,,,,,,,,,,,,,,,
20210526,900070,21,0,1,D01,Demo Sales,1200,Demo Accounts Receivable,C001,Demo Customer Aurora,00,Out of scope,237630,0,1,D01,Demo Sales,4010,Demo Service Revenue,C001,Demo Customer Aurora,B5,Taxable sale 10%,237630,21603,Synthetic demo credit sale 900070,,,0,,,,,,,,,,,,,,,,,,,,,,,,,,20210526120000,C001,Demo Customer Aurora,,,,,,,C001,Demo Customer Aurora,,,,,,,,,,,,,,,
20210526,900102,21,0,1,D01,Demo Sales,1200,Demo Accounts Receivable,C007,Demo Customer Grove,00,Out of scope,482460,0,1,D01,Demo Sales,4000,Demo Product Sales,C007,Demo Customer Grove,B5,Taxable sale 10%,482460,43860,Synthetic demo credit sale 900102,,,0,,,,,,,,,,,,,,,,,,,,,,,,,,20210526120000,C007,Demo Customer Grove,,,,,,,C007,Demo Customer Grove,,,,,,,,,,,,,,,
20210526,900103,21,0,1,D01,Demo Sales,2000,Demo Accounts Payable,V004,Demo Vendor Nimbus,00,Out of scope,347920,0,,,,,,,,,,,,Synthetic demo multi-vendor settlement 900103,,,0,,,,,,,,,,,,,,,,,,,,,,,,,,20210526120000,V004,Demo Vendor Nimbus,,,,,,,,,,,,,,,,,,,,,,,
20210526,900103,21,0,1,D01,Demo Sales,2100,Demo Accrued Payables,V007,Demo Vendor Quartz,00,Out of scope,76380,0,,,,,,,,,,,,Synthetic demo multi-vendor settlement 900103,,,0,,,,,,,,,,,,,,,,,,,,,,,,,,20210526120000,V007,Demo Vendor Quartz,,,,,,,,,,,,,,,,,,,,,,,
20210526,900103,21,0,,,,,,,,,,,,1,D01,Demo Sales,1110,Demo North Current Deposit,B002,North Demo Bank,00,Out of scope,190930,0,Synthetic demo multi-vendor settlement 900103,,,0,,,,,,,,,,,,,,,,,,,,,,,,,,20210526120000,,,,,,,,,B002,North Demo Bank,,,,,,,,,,,,,,,
20210526,900103,21,0,,,,,,,,,,,,1,D01,Demo Sales,1120,Demo Harbor Ordinary Deposit,B003,Harbor Demo Bank,00,Out of scope,233370,0,Synthetic demo multi-vendor settlement 900103,,,0,,,,,,,,,,,,,,,,,,,,,,,,,,20210526120000,,,,,,,,,B003,Harbor Demo Bank,,,,,,,,,,,,,,,
20210527,900072,21,0,1,D01,Demo Sales,1200,Demo Accounts Receivable,C007,Demo Customer Grove,00,Out of scope,396750,0,1,D01,Demo Sales,4000,Demo Product Sales,C007,Demo Customer Grove,B5,Taxable sale 10%,396750,36068,Synthetic demo credit sale 900072,,,0,,,,,,,,,,,,,,,,,,,,,,,,,,20210527120000,C007,Demo Customer Grove,,,,,,,C007,Demo Customer Grove,,,,,,,,,,,,,,,
20210527,900098,21,0,1,D05,Demo Digital Services,6100,Demo Repairs,V001,Demo Vendor Keystone,Q5,Taxable purchase 10%,147960,13451,1,D05,Demo Digital Services,1120,Demo Harbor Ordinary Deposit,B003,Harbor Demo Bank,00,Out of scope,147960,0,Synthetic demo operating expense 900098,,,0,,,,,,,,,,,,,,,,,,,,,,,,,,20210527120000,V001,Demo Vendor Keystone,,,,,,,B003,Harbor Demo Bank,,,,,,,,,,,,,,,
20210527,900120,21,0,1,D01,Demo Sales,1200,Demo Accounts Receivable,C001,Demo Customer Aurora,00,Out of scope,97300,0,1,D01,Demo Sales,4000,Demo Product Sales,C001,Demo Customer Aurora,B5,Taxable sale 10%,97300,8845,Synthetic demo credit sale 900120,,,0,,,,,,,,,,,,,,,,,,,,,,,,,,20210527120000,C001,Demo Customer Aurora,,,,,,,C001,Demo Customer Aurora,,,,,,,,,,,,,,,
20210528,900110,21,0,1,D01,Demo Sales,1200,Demo Accounts Receivable,C001,Demo Customer Aurora,00,Out of scope,240910,0,1,D01,Demo Sales,4020,Demo Other Operating Revenue,C001,Demo Customer Aurora,B5,Taxable sale 10%,240910,21901,Synthetic demo credit sale 900110,,,0,,,,,,,,,,,,,,,,,,,,,,,,,,20210528120000,C001,Demo Customer Aurora,,,,,,,C001,Demo Customer Aurora,,,,,,,,,,,,,,,
20210529,900071,21,0,1,D06,Demo Management,2200,Demo Short-term Loans,,,00,Out of scope,330650,0,1,D06,Demo Management,1120,Demo Harbor Ordinary Deposit,B003,Harbor Demo Bank,00,Out of scope,533310,0,Synthetic demo financing settlement 900071,,,0,,,,,,,,,,,,,,,,,,,,,,,,,,20210529120000,,,,,,,,,B003,Harbor Demo Bank,,,,,,,,,,,,,,,
20210529,900071,21,0,1,D06,Demo Management,6070,Demo Bank Fees,B003,Harbor Demo Bank,00,Out of scope,31990,0,,,,,,,,,,,,Synthetic demo financing settlement 900071,,,0,,,,,,,,,,,,,,,,,,,,,,,,,,20210529120000,B003,Harbor Demo Bank,,,,,,,,,,,,,,,,,,,,,,,
20210529,900071,21,0,1,D06,Demo Management,7000,Demo Taxes and Dues,,,P0,Non-taxable purchase,170670,0,,,,,,,,,,,,Synthetic demo financing settlement 900071,,,0,,,,,,,,,,,,,,,,,,,,,,,,,,20210529120000,,,,,,,,,,,,,,,,,,,,,,,,,
20210529,900093,21,0,1,D01,Demo Sales,2000,Demo Accounts Payable,V004,Demo Vendor Nimbus,00,Out of scope,135240,0,,,,,,,,,,,,Synthetic demo multi-vendor settlement 900093,,,0,,,,,,,,,,,,,,,,,,,,,,,,,,20210529120000,V004,Demo Vendor Nimbus,,,,,,,,,,,,,,,,,,,,,,,
20210529,900093,21,0,1,D01,Demo Sales,2100,Demo Accrued Payables,V007,Demo Vendor Quartz,00,Out of scope,274600,0,,,,,,,,,,,,Synthetic demo multi-vendor settlement 900093,,,0,,,,,,,,,,,,,,,,,,,,,,,,,,20210529120000,V007,Demo Vendor Quartz,,,,,,,,,,,,,,,,,,,,,,,
20210529,900093,21,0,,,,,,,,,,,,1,D01,Demo Sales,1100,Demo Central Ordinary Deposit,B001,Demo Central Bank,00,Out of scope,331970,0,Synthetic demo multi-vendor settlement 900093,,,0,,,,,,,,,,,,,,,,,,,,,,,,,,20210529120000,,,,,,,,,B001,Demo Central Bank,,,,,,,,,,,,,,,
20210529,900093,21,0,,,,,,,,,,,,1,D01,Demo Sales,1110,Demo North Current Deposit,B002,North Demo Bank,00,Out of scope,77870,0,Synthetic demo multi-vendor settlement 900093,,,0,,,,,,,,,,,,,,,,,,,,,,,,,,20210529120000,,,,,,,,,B002,North Demo Bank,,,,,,,,,,,,,,,
20210530,900088,21,0,1,D03,Demo Operations,7000,Demo Taxes and Dues,V001,Demo Vendor Keystone,P0,Non-taxable purchase,167270,0,1,D03,Demo Operations,1110,Demo North Current Deposit,B002,North Demo Bank,00,Out of scope,167270,0,Synthetic demo operating expense 900088,,,0,,,,,,,,,,,,,,,,,,,,,,,,,,20210530120000,V001,Demo Vendor Keystone,,,,,,,B002,North Demo Bank,,,,,,,,,,,,,,,
20210531,900115,21,0,1,D04,Demo Logistics,5010,Demo Freight-in,V006,Demo Vendor Prairie,Q6,Taxable purchase 8%,36650,2715,1,D04,Demo Logistics,2000,Demo Accounts Payable,V006,Demo Vendor Prairie,00,Out of scope,36650,0,Synthetic demo purchase on account 900115,,,0,,,,,,,,,,,,,,,,,,,,,,,,,,20210531120000,V006,Demo Vendor Prairie,,,,,,,V006,Demo Vendor Prairie,,,,,,,,,,,,,,,
20210601,900143,21,0,1,D01,Demo Sales,1120,Demo Harbor Ordinary Deposit,B003,Harbor Demo Bank,00,Out of scope,163200,0,1,D01,Demo Sales,1200,Demo Accounts Receivable,C010,Demo Customer Juniper,00,Out of scope,163200,0,Synthetic demo customer receipt 900143,,,0,,,,,,,,,,,,,,,,,,,,,,,,,,20210601120000,B003,Harbor Demo Bank,,,,,,,C010,Demo Customer Juniper,,,,,,,,,,,,,,,
20210601,900158,21,0,1,D05,Demo Digital Services,6160,Demo Shipping,V001,Demo Vendor Keystone,Q5,Taxable purchase 10%,119830,10894,1,D05,Demo Digital Services,1120,Demo Harbor Ordinary Deposit,B003,Harbor Demo Bank,00,Out of scope,119830,0,Synthetic demo operating expense 900158,,,0,,,,,,,,,,,,,,,,,,,,,,,,,,20210601120000,V001,Demo Vendor Keystone,,,,,,,B003,Harbor Demo Bank,,,,,,,,,,,,,,,
20210601,900170,21,0,1,D01,Demo Sales,1200,Demo Accounts Receivable,C001,Demo Customer Aurora,00,Out of scope,431450,0,1,D01,Demo Sales,4020,Demo Other Operating Revenue,C001,Demo Customer Aurora,B5,Taxable sale 10%,431450,39223,Synthetic demo credit sale 900170,,,0,,,,,,,,,,,,,,,,,,,,,,,,,,20210601120000,C001,Demo Customer Aurora,,,,,,,C001,Demo Customer Aurora,,,,,,,,,,,,,,,
20210602,900124,21,0,1,D01,Demo Sales,1110,Demo North Current Deposit,B002,North Demo Bank,00,Out of scope,100030,0,1,D01,Demo Sales,1200,Demo Accounts Receivable,C003,Demo Customer Cobalt,00,Out of scope,100030,0,Synthetic demo customer receipt 900124,,,0,,,,,,,,,,,,,,,,,,,,,,,,,,20210602120000,B002,North Demo Bank,,,,,,,C003,Demo Customer Cobalt,,,,,,,,,,,,,,,
20210602,900133,21,0,1,D01,Demo Sales,1110,Demo North Current Deposit,B002,North Demo Bank,00,Out of scope,211410,0,1,D01,Demo Sales,1200,Demo Accounts Receivable,C010,Demo Customer Juniper,00,Out of scope,211410,0,Synthetic demo customer receipt 900133,,,0,,,,,,,,,,,,,,,,,,,,,,,,,,20210602120000,B002,North Demo Bank,,,,,,,C010,Demo Customer Juniper,,,,,,,,,,,,,,,
20210602,900167,21,0,1,D04,Demo Logistics,2000,Demo Accounts Payable,V006,Demo Vendor Prairie,00,Out of scope,98770,0,1,D04,Demo Logistics,1120,Demo Harbor Ordinary Deposit,B003,Harbor Demo Bank,00,Out of scope,98770,0,Synthetic demo vendor settlement 900167,,,0,,,,,,,,,,,,,,,,,,,,,,,,,,20210602120000,V006,Demo Vendor Prairie,,,,,,,B003,Harbor Demo Bank,,,,,,,,,,,,,,,
20210602,900169,21,0,1,D01,Demo Sales,1110,Demo North Current Deposit,B002,North Demo Bank,00,Out of scope,307700,0,1,D01,Demo Sales,1200,Demo Accounts Receivable,C010,Demo Customer Juniper,00,Out of scope,153850,0,Synthetic demo combined customer receipt 900169,,,0,,,,,,,,,,,,,,,,,,,,,,,,,,20210602120000,B002,North Demo Bank,,,,,,,C010,Demo Customer Juniper,,,,,,,,,,,,,,,
20210602,900169,21,0,,,,,,,,,,,,1,D01,Demo Sales,1200,Demo Accounts Receivable,C001,Demo Customer Aurora,00,Out of scope,12300,0,Synthetic demo combined customer receipt 900169,,,0,,,,,,,,,,,,,,,,,,,,,,,,,,20210602120000,,,,,,,,,C001,Demo Customer Aurora,,,,,,,,,,,,,,,
20210602,900169,21,0,,,,,,,,,,,,1,D01,Demo Sales,1200,Demo Accounts Receivable,C002,Demo Customer Birch,00,Out of scope,141550,0,Synthetic demo combined customer receipt 900169,,,0,,,,,,,,,,,,,,,,,,,,,,,,,,20210602120000,,,,,,,,,C002,Demo Customer Birch,,,,,,,,,,,,,,,
20210603,900154,21,0,1,D01,Demo Sales,1110,Demo North Current Deposit,B002,North Demo Bank,00,Out of scope,126120,0,1,D01,Demo Sales,1200,Demo Accounts Receivable,C003,Demo Customer Cobalt,00,Out of scope,126120,0,Synthetic demo customer receipt 900154,,,0,,,,,,,,,,,,,,,,,,,,,,,,,,20210603120000,B002,North Demo Bank,,,,,,,C003,Demo Customer Cobalt,,,,,,,,,,,,,,,
20210604,900128,21,0,1,D01,Demo Sales,1120,Demo Harbor Ordinary Deposit,B003,Harbor Demo Bank,00,Out of scope,67510,0,,,,,,,,,,,,Synthetic demo mixed sales and receipt 900128,,,0,,,,,,,,,,,,,,,,,,,,,,,,,,20210604120000,B003,Harbor Demo Bank,,,,,,,,,,,,,,,,,,,,,,,
20210604,900128,21,0,1,D01,Demo Sales,1200,Demo Accounts Receivable,C009,Demo Customer Indigo,00,Out of scope,131050,0,,,,,,,,,,,,Synthetic demo mixed sales and receipt 900128,,,0,,,,,,,,,,,,,,,,,,,,,,,,,,20210604120000,C009,Demo Customer Indigo,,,,,,,,,,,,,,,,,,,,,,,
20210604,900128,21,0,,,,,,,,,,,,1,D01,Demo Sales,4000,Demo Product Sales,C010,Demo Customer Juniper,B5,Taxable sale 10%,133030,12094,Synthetic demo mixed sales and receipt 900128,,,0,,,,,,,,,,,,,,,,,,,,,,,,,,20210604120000,,,,,,,,,C010,Demo Customer Juniper,,,,,,,,,,,,,,,
20210604,900128,21,0,,,,,,,,,,,,1,D01,Demo Sales,4010,Demo Service Revenue,C001,Demo Customer Aurora,B5,Taxable sale 10%,65530,5957,Synthetic demo mixed sales and receipt 900128,,,0,,,,,,,,,,,,,,,,,,,,,,,,,,20210604120000,,,,,,,,,C001,Demo Customer Aurora,,,,,,,,,,,,,,,
20210605,900146,21,0,1,D04,Demo Logistics,5020,Demo Inventory Adjustment,V001,Demo Vendor Keystone,Q5,Taxable purchase 10%,321220,29202,1,D04,Demo Logistics,2000,Demo Accounts Payable,V001,Demo Vendor Keystone,00,Out of scope,321220,0,Synthetic demo purchase on account 900146,,,0,,,,,,,,,,,,,,,,,,,,,,,,,,20210605120000,V001,Demo Vendor Keystone,,,,,,,V001,Demo Vendor Keystone,,,,,,,,,,,,,,,
20210605,900157,21,0,1,D03,Demo Operations,6030,Demo Utilities,S002,Demo Energy Services,Q5,Taxable purchase 10%,84880,7716,1,D03,Demo Operations,1110,Demo North Current Deposit,B002,North Demo Bank,00,Out of scope,314400,0,Synthetic demo operating cost bundle 900157,,,0,,,,,,,,,,,,,,,,,,,,,,,,,,20210605120000,S002,Demo Energy Services,,,,,,,B002,North Demo Bank,,,,,,,,,,,,,,,
20210605,900157,21,0,1,D03,Demo Operations,6040,Demo Communication,S003,Demo Network Services,Q5,Taxable purchase 10%,125760,11433,,,,,,,,,,,,Synthetic demo operating cost bundle 900157,,,0,,,,,,,,,,,,,,,,,,,,,,,,,,20210605120000,S003,Demo Network Services,,,,,,,,,,,,,,,,,,,,,,,
20210605,900157,21,0,1,D03,Demo Operations,6060,Demo Office Supplies,V008,Demo Vendor Rivulet,Q5,Taxable purchase 10%,103760,9433,,,,,,,,,,,,Synthetic demo operating cost bundle 900157,,,0,,,,,,,,,,,,,,,,,,,,,,,,,,20210605120000,V008,Demo Vendor Rivulet,,,,,,,,,,,,,,,,,,,,,,,
20210606,900129,21,0,1,D05,Demo Digital Services,1400,Demo Prepaid Expenses,S004,Demo Logistics Services,00,Out of scope,35480,0,1,D05,Demo Digital Services,1100,Demo Central Ordinary Deposit,B001,Demo Central Bank,00,Out of scope,35480,0,Synthetic demo prepaid service 900129,,,0,,,,,,,,,,,,,,,,,,,,,,,,,,20210606120000,S004,Demo Logistics Services,,,,,,,B001,Demo Central Bank,,,,,,,,,,,,,,,
20210606,900155,21,0,1,D04,Demo Logistics,5020,Demo Inventory Adjustment,V006,Demo Vendor Prairie,Q5,Taxable purchase 10%,308680,28062,1,D04,Demo Logistics,2000,Demo Accounts Payable,V006,Demo Vendor Prairie,00,Out of scope,308680,0,Synthetic demo purchase on account 900155,,,0,,,,,,,,,,,,,,,,,,,,,,,,,,20210606120000,V006,Demo Vendor Prairie,,,,,,,V006,Demo Vendor Prairie,,,,,,,,,,,,,,,
20210607,900140,21,0,1,D01,Demo Sales,1200,Demo Accounts Receivable,C001,Demo Customer Aurora,00,Out of scope,470070,0,1,D01,Demo Sales,4020,Demo Other Operating Revenue,C001,Demo Customer Aurora,B5,Taxable sale 10%,470070,42734,Synthetic demo credit sale 900140,,,0,,,,,,,,,,,,,,,,,,,,,,,,,,20210607120000,C001,Demo Customer Aurora,,,,,,,C001,Demo Customer Aurora,,,,,,,,,,,,,,,
20210607,900173,21,0,1,D01,Demo Sales,1120,Demo Harbor Ordinary Deposit,B003,Harbor Demo Bank,00,Out of scope,70630,0,1,D01,Demo Sales,1200,Demo Accounts Receivable,C010,Demo Customer Juniper,00,Out of scope,70630,0,Synthetic demo customer receipt 900173,,,0,,,,,,,,,,,,,,,,,,,,,,,,,,20210607120000,B003,Harbor Demo Bank,,,,,,,C010,Demo Customer Juniper,,,,,,,,,,,,,,,
20210608,900145,21,0,1,D04,Demo Logistics,5010,Demo Freight-in,V006,Demo Vendor Prairie,Q5,Taxable purchase 10%,295460,26860,1,D04,Demo Logistics,2000,Demo Accounts Payable,V006,Demo Vendor Prairie,00,Out of scope,295460,0,Synthetic demo purchase on account 900145,,,0,,,,,,,,,,,,,,,,,,,,,,,,,,20210608120000,V006,Demo Vendor Prairie,,,,,,,V006,Demo Vendor Prairie,,,,,,,,,,,,,,,
20210608,900174,21,0,1,D01,Demo Sales,1100,Demo Central Ordinary Deposit,B001,Demo Central Bank,00,Out of scope,113080,0,,,,,,,,,,,,Synthetic demo mixed sales and receipt 900174,,,0,,,,,,,,,,,,,,,,,,,,,,,,,,20210608120000,B001,Demo Central Bank,,,,,,,,,,,,,,,,,,,,,,,
20210608,900174,21,0,1,D01,Demo Sales,1200,Demo Accounts Receivable,C005,Demo Customer Elm,00,Out of scope,169640,0,,,,,,,,,,,,Synthetic demo mixed sales and receipt 900174,,,0,,,,,,,,,,,,,,,,,,,,,,,,,,20210608120000,C005,Demo Customer Elm,,,,,,,,,,,,,,,,,,,,,,,
20210608,900174,21,0,,,,,,,,,,,,1,D01,Demo Sales,4000,Demo Product Sales,C006,Demo Customer Fjord,B5,Taxable sale 10%,189420,17220,Synthetic demo mixed sales and receipt 900174,,,0,,,,,,,,,,,,,,,,,,,,,,,,,,20210608120000,,,,,,,,,C006,Demo Customer Fjord,,,,,,,,,,,,,,,
20210608,900174,21,0,,,,,,,,,,,,1,D01,Demo Sales,4010,Demo Service Revenue,C007,Demo Customer Grove,B5,Taxable sale 10%,93300,8482,Synthetic demo mixed sales and receipt 900174,,,0,,,,,,,,,,,,,,,,,,,,,,,,,,20210608120000,,,,,,,,,C007,Demo Customer Grove,,,,,,,,,,,,,,,
20210609,900132,21,0,1,D01,Demo Sales,1200,Demo Accounts Receivable,C007,Demo Customer Grove,00,Out of scope,593870,0,1,D01,Demo Sales,4000,Demo Product Sales,C007,Demo Customer Grove,B5,Taxable sale 10%,593870,53988,Synthetic demo credit sale 900132,,,0,,,,,,,,,,,,,,,,,,,,,,,,,,20210609120000,C007,Demo Customer Grove,,,,,,,C007,Demo Customer Grove,,,,,,,,,,,,,,,
20210609,900153,21,0,1,D01,Demo Sales,2000,Demo Accounts Payable,V004,Demo Vendor Nimbus,00,Out of scope,156360,0,,,,,,,,,,,,Synthetic demo multi-vendor settlement 900153,,,0,,,,,,,,,,,,,,,,,,,,,,,,,,20210609120000,V004,Demo Vendor Nimbus,,,,,,,,,,,,,,,,,,,,,,,
20210609,900153,21,0,1,D01,Demo Sales,2100,Demo Accrued Payables,V007,Demo Vendor Quartz,00,Out of scope,364860,0,,,,,,,,,,,,Synthetic demo multi-vendor settlement 900153,,,0,,,,,,,,,,,,,,,,,,,,,,,,,,20210609120000,V007,Demo Vendor Quartz,,,,,,,,,,,,,,,,,,,,,,,
20210609,900153,21,0,,,,,,,,,,,,1,D01,Demo Sales,1100,Demo Central Ordinary Deposit,B001,Demo Central Bank,00,Out of scope,218910,0,Synthetic demo multi-vendor settlement 900153,,,0,,,,,,,,,,,,,,,,,,,,,,,,,,20210609120000,,,,,,,,,B001,Demo Central Bank,,,,,,,,,,,,,,,
20210609,900153,21,0,,,,,,,,,,,,1,D01,Demo Sales,1110,Demo North Current Deposit,B002,North Demo Bank,00,Out of scope,302310,0,Synthetic demo multi-vendor settlement 900153,,,0,,,,,,,,,,,,,,,,,,,,,,,,,,20210609120000,,,,,,,,,B002,North Demo Bank,,,,,,,,,,,,,,,
20210609,900163,21,0,1,D03,Demo Operations,6030,Demo Utilities,S002,Demo Energy Services,Q5,Taxable purchase 10%,119770,10888,1,D03,Demo Operations,1110,Demo North Current Deposit,B002,North Demo Bank,00,Out of scope,570350,0,Synthetic demo operating cost bundle 900163,,,0,,,,,,,,,,,,,,,,,,,,,,,,,,20210609120000,S002,Demo Energy Services,,,,,,,B002,North Demo Bank,,,,,,,,,,,,,,,
20210609,900163,21,0,1,D03,Demo Operations,6040,Demo Communication,S003,Demo Network Services,C5,Synthetic demo tax category C5,131180,11925,,,,,,,,,,,,Synthetic demo operating cost bundle 900163,,,0,,,,,,,,,,,,,,,,,,,,,,,,,,20210609120000,S003,Demo Network Services,,,,,,,,,,,,,,,,,,,,,,,
20210609,900163,21,0,1,D03,Demo Operations,6060,Demo Office Supplies,V004,Demo Vendor Nimbus,Q5,Taxable purchase 10%,319400,29036,,,,,,,,,,,,Synthetic demo operating cost bundle 900163,,,0,,,,,,,,,,,,,,,,,,,,,,,,,,20210609120000,V004,Demo Vendor Nimbus,,,,,,,,,,,,,,,,,,,,,,,
20210610,900141,21,0,1,D01,Demo Sales,2000,Demo Accounts Payable,V002,Demo Vendor Lattice,00,Out of scope,163090,0,,,,,,,,,,,,Synthetic demo multi-vendor settlement 900141,,,0,,,,,,,,,,,,,,,,,,,,,,,,,,20210610120000,V002,Demo Vendor Lattice,,,,,,,,,,,,,,,,,,,,,,,
20210610,900141,21,0,1,D01,Demo Sales,2100,Demo Accrued Payables,V005,Demo Vendor Orchid,00,Out of scope,80340,0,,,,,,,,,,,,Synthetic demo multi-vendor settlement 900141,,,0,,,,,,,,,,,,,,,,,,,,,,,,,,20210610120000,V005,Demo Vendor Orchid,,,,,,,,,,,,,,,,,,,,,,,
20210610,900141,21,0,,,,,,,,,,,,1,D01,Demo Sales,1100,Demo Central Ordinary Deposit,B001,Demo Central Bank,00,Out of scope,204480,0,Synthetic demo multi-vendor settlement 900141,,,0,,,,,,,,,,,,,,,,,,,,,,,,,,20210610120000,,,,,,,,,B001,Demo Central Bank,,,,,,,,,,,,,,,
20210610,900141,21,0,,,,,,,,,,,,1,D01,Demo Sales,1110,Demo North Current Deposit,B002,North Demo Bank,00,Out of scope,38950,0,Synthetic demo multi-vendor settlement 900141,,,0,,,,,,,,,,,,,,,,,,,,,,,,,,20210610120000,,,,,,,,,B002,North Demo Bank,,,,,,,,,,,,,,,
20210610,900149,21,0,1,D05,Demo Digital Services,1400,Demo Prepaid Expenses,S006,Demo Insurance Services,00,Out of scope,136940,0,1,D05,Demo Digital Services,1120,Demo Harbor Ordinary Deposit,B003,Harbor Demo Bank,00,Out of scope,136940,0,Synthetic demo prepaid service 900149,,,0,,,,,,,,,,,,,,,,,,,,,,,,,,20210610120000,S006,Demo Insurance Services,,,,,,,B003,Harbor Demo Bank,,,,,,,,,,,,,,,
20210610,900162,21,0,1,D01,Demo Sales,1200,Demo Accounts Receivable,C007,Demo Customer Grove,00,Out of scope,412360,0,1,D01,Demo Sales,4000,Demo Product Sales,C007,Demo Customer Grove,B5,Taxable sale 10%,412360,37487,Synthetic demo credit sale 900162,,,0,,,,,,,,,,,,,,,,,,,,,,,,,,20210610120000,C007,Demo Customer Grove,,,,,,,C007,Demo Customer Grove,,,,,,,,,,,,,,,
20210610,900168,21,0,1,D02,Demo Administration,6080,Demo Advertising,V001,Demo Vendor Keystone,Q5,Taxable purchase 10%,146860,13351,1,D02,Demo Administration,1100,Demo Central Ordinary Deposit,B001,Demo Central Bank,00,Out of scope,146860,0,Synthetic demo operating expense 900168,,,0,,,,,,,,,,,,,,,,,,,,,,,,,,20210610120000,V001,Demo Vendor Keystone,,,,,,,B001,Demo Central Bank,,,,,,,,,,,,,,,
20210611,900136,21,0,1,D04,Demo Logistics,5010,Demo Freight-in,V001,Demo Vendor Keystone,Q5,Taxable purchase 10%,311910,28355,1,D04,Demo Logistics,2000,Demo Accounts Payable,V001,Demo Vendor Keystone,00,Out of scope,311910,0,Synthetic demo purchase on account 900136,,,0,,,,,,,,,,,,,,,,,,,,,,,,,,20210611120000,V001,Demo Vendor Keystone,,,,,,,V001,Demo Vendor Keystone,,,,,,,,,,,,,,,
20210611,900164,21,0,1,D01,Demo Sales,1120,Demo Harbor Ordinary Deposit,B003,Harbor Demo Bank,00,Out of scope,172860,0,1,D01,Demo Sales,1200,Demo Accounts Receivable,C003,Demo Customer Cobalt,00,Out of scope,172860,0,Synthetic demo customer receipt 900164,,,0,,,,,,,,,,,,,,,,,,,,,,,,,,20210611120000,B003,Harbor Demo Bank,,,,,,,C003,Demo Customer Cobalt,,,,,,,,,,,,,,,
20210612,900130,21,0,1,D01,Demo Sales,1200,Demo Accounts Receivable,C001,Demo Customer Aurora,00,Out of scope,196610,0,1,D01,Demo Sales,4010,Demo Service Revenue,C001,Demo Customer Aurora,B5,Taxable sale 10%,196610,17874,Synthetic demo credit sale 900130,,,0,,,,,,,,,,,,,,,,,,,,,,,,,,20210612120000,C001,Demo Customer Aurora,,,,,,,C001,Demo Customer Aurora,,,,,,,,,,,,,,,
20210612,900138,21,0,1,D02,Demo Administration,6140,Demo Vehicle Expense,V001,Demo Vendor Keystone,Q6,Taxable purchase 8%,167560,12412,1,D02,Demo Administration,1100,Demo Central Ordinary Deposit,B001,Demo Central Bank,00,Out of scope,167560,0,Synthetic demo operating expense 900138,,,0,,,,,,,,,,,,,,,,,,,,,,,,,,20210612120000,V001,Demo Vendor Keystone,,,,,,,B001,Demo Central Bank,,,,,,,,,,,,,,,
20210612,900148,21,0,1,D03,Demo Operations,6060,Demo Office Supplies,V001,Demo Vendor Keystone,Q5,Taxable purchase 10%,144520,13138,1,D03,Demo Operations,1110,Demo North Current Deposit,B002,North Demo Bank,00,Out of scope,144520,0,Synthetic demo operating expense 900148,,,0,,,,,,,,,,,,,,,,,,,,,,,,,,20210612120000,V001,Demo Vendor Keystone,,,,,,,B002,North Demo Bank,,,,,,,,,,,,,,,
20210613,900123,21,0,1,D01,Demo Sales,1100,Demo Central Ordinary Deposit,B001,Demo Central Bank,00,Out of scope,276130,0,1,D01,Demo Sales,1200,Demo Accounts Receivable,C010,Demo Customer Juniper,00,Out of scope,276130,0,Synthetic demo customer receipt 900123,,,0,,,,,,,,,,,,,,,,,,,,,,,,,,20210613120000,B001,Demo Central Bank,,,,,,,C010,Demo Customer Juniper,,,,,,,,,,,,,,,
20210613,900178,21,0,1,D03,Demo Operations,6030,Demo Utilities,S002,Demo Energy Services,Q5,Taxable purchase 10%,91340,8304,1,D03,Demo Operations,1110,Demo North Current Deposit,B002,North Demo Bank,00,Out of scope,608990,0,Synthetic demo operating cost bundle 900178,,,0,,,,,,,,,,,,,,,,,,,,,,,,,,20210613120000,S002,Demo Energy Services,,,,,,,B002,North Demo Bank,,,,,,,,,,,,,,,
20210613,900178,21,0,1,D03,Demo Operations,6040,Demo Communication,S003,Demo Network Services,Q5,Taxable purchase 10%,115700,10518,,,,,,,,,,,,Synthetic demo operating cost bundle 900178,,,0,,,,,,,,,,,,,,,,,,,,,,,,,,20210613120000,S003,Demo Network Services,,,,,,,,,,,,,,,,,,,,,,,
20210613,900178,21,0,1,D03,Demo Operations,6060,Demo Office Supplies,V009,Demo Vendor Summit,Q5,Taxable purchase 10%,401950,36541,,,,,,,,,,,,Synthetic demo operating cost bundle 900178,,,0,,,,,,,,,,,,,,,,,,,,,,,,,,20210613120000,V009,Demo Vendor Summit,,,,,,,,,,,,,,,,,,,,,,,
20210614,900176,21,0,1,D04,Demo Logistics,5020,Demo Inventory Adjustment,V001,Demo Vendor Keystone,Q5,Taxable purchase 10%,78180,7107,1,D04,Demo Logistics,2000,Demo Accounts Payable,V001,Demo Vendor Keystone,00,Out of scope,78180,0,Synthetic demo purchase on account 900176,,,0,,,,,,,,,,,,,,,,,,,,,,,,,,20210614120000,V001,Demo Vendor Keystone,,,,,,,V001,Demo Vendor Keystone,,,,,,,,,,,,,,,
20210615,900125,21,0,1,D06,Demo Management,2200,Demo Short-term Loans,,,00,Out of scope,129140,0,1,D06,Demo Management,1120,Demo Harbor Ordinary Deposit,B003,Harbor Demo Bank,00,Out of scope,263560,0,Synthetic demo financing settlement 900125,,,0,,,,,,,,,,,,,,,,,,,,,,,,,,20210615120000,,,,,,,,,B003,Harbor Demo Bank,,,,,,,,,,,,,,,
20210615,900125,21,0,1,D06,Demo Management,6070,Demo Bank Fees,B003,Harbor Demo Bank,00,Out of scope,23720,0,,,,,,,,,,,,Synthetic demo financing settlement 900125,,,0,,,,,,,,,,,,,,,,,,,,,,,,,,20210615120000,B003,Harbor Demo Bank,,,,,,,,,,,,,,,,,,,,,,,
20210615,900125,21,0,1,D06,Demo Management,7000,Demo Taxes and Dues,,,P0,Non-taxable purchase,110700,0,,,,,,,,,,,,Synthetic demo financing settlement 900125,,,0,,,,,,,,,,,,,,,,,,,,,,,,,,20210615120000,,,,,,,,,,,,,,,,,,,,,,,,,
20210615,900126,21,0,1,D04,Demo Logistics,5000,Demo Purchases,V001,Demo Vendor Keystone,Q5,Taxable purchase 10%,99670,9061,1,D04,Demo Logistics,2000,Demo Accounts Payable,V001,Demo Vendor Keystone,00,Out of scope,99670,0,Synthetic demo purchase on account 900126,,,0,,,,,,,,,,,,,,,,,,,,,,,,,,20210615120000,V001,Demo Vendor Keystone,,,,,,,V001,Demo Vendor Keystone,,,,,,,,,,,,,,,
20210617,900160,21,0,1,D01,Demo Sales,1110,Demo North Current Deposit,B002,North Demo Bank,00,Out of scope,366180,0,,,,,,,,,,,,Synthetic demo mixed sales and receipt 900160,,,0,,,,,,,,,,,,,,,,,,,,,,,,,,20210617120000,B002,North Demo Bank,,,,,,,,,,,,,,,,,,,,,,,
20210617,900160,21,0,1,D01,Demo Sales,1200,Demo Accounts Receivable,C001,Demo Customer Aurora,00,Out of scope,172330,0,,,,,,,,,,,,Synthetic demo mixed sales and receipt 900160,,,0,,,,,,,,,,,,,,,,,,,,,,,,,,20210617120000,C001,Demo Customer Aurora,,,,,,,,,,,,,,,,,,,,,,,
20210617,900160,21,0,,,,,,,,,,,,1,D01,Demo Sales,4000,Demo Product Sales,C002,Demo Customer Birch,B5,Taxable sale 10%,296180,26925,Synthetic demo mixed sales and receipt 900160,,,0,,,,,,,,,,,,,,,,,,,,,,,,,,20210617120000,,,,,,,,,C002,Demo Customer Birch,,,,,,,,,,,,,,,
20210617,900160,21,0,,,,,,,,,,,,1,D01,Demo Sales,4010,Demo Service Revenue,C003,Demo Customer Cobalt,B5,Taxable sale 10%,242330,22030,Synthetic demo mixed sales and receipt 900160,,,0,,,,,,,,,,,,,,,,,,,,,,,,,,20210617120000,,,,,,,,,C003,Demo Customer Cobalt,,,,,,,,,,,,,,,
20210619,900134,21,0,1,D01,Demo Sales,1120,Demo Harbor Ordinary Deposit,B003,Harbor Demo Bank,00,Out of scope,145720,0,1,D01,Demo Sales,1200,Demo Accounts Receivable,C003,Demo Customer Cobalt,00,Out of scope,145720,0,Synthetic demo customer receipt 900134,,,0,,,,,,,,,,,,,,,,,,,,,,,,,,20210619120000,B003,Harbor Demo Bank,,,,,,,C003,Demo Customer Cobalt,,,,,,,,,,,,,,,
20210619,900147,21,0,1,D01,Demo Sales,2000,Demo Accounts Payable,V008,Demo Vendor Rivulet,00,Out of scope,219780,0,,,,,,,,,,,,Synthetic demo multi-vendor settlement 900147,,,0,,,,,,,,,,,,,,,,,,,,,,,,,,20210619120000,V008,Demo Vendor Rivulet,,,,,,,,,,,,,,,,,,,,,,,
20210619,900147,21,0,1,D01,Demo Sales,2100,Demo Accrued Payables,V001,Demo Vendor Keystone,00,Out of scope,194910,0,,,,,,,,,,,,Synthetic demo multi-vendor settlement 900147,,,0,,,,,,,,,,,,,,,,,,,,,,,,,,20210619120000,V001,Demo Vendor Keystone,,,,,,,,,,,,,,,,,,,,,,,
20210619,900147,21,0,,,,,,,,,,,,1,D01,Demo Sales,1100,Demo Central Ordinary Deposit,B001,Demo Central Bank,00,Out of scope,265400,0,Synthetic demo multi-vendor settlement 900147,,,0,,,,,,,,,,,,,,,,,,,,,,,,,,20210619120000,,,,,,,,,B001,Demo Central Bank,,,,,,,,,,,,,,,
20210619,900147,21,0,,,,,,,,,,,,1,D01,Demo Sales,1110,Demo North Current Deposit,B002,North Demo Bank,00,Out of scope,149290,0,Synthetic demo multi-vendor settlement 900147,,,0,,,,,,,,,,,,,,,,,,,,,,,,,,20210619120000,,,,,,,,,B002,North Demo Bank,,,,,,,,,,,,,,,
20210619,900175,21,0,1,D04,Demo Logistics,5010,Demo Freight-in,V006,Demo Vendor Prairie,Q5,Taxable purchase 10%,123750,11250,1,D04,Demo Logistics,2000,Demo Accounts Payable,V006,Demo Vendor Prairie,00,Out of scope,123750,0,Synthetic demo purchase on account 900175,,,0,,,,,,,,,,,,,,,,,,,,,,,,,,20210619120000,V006,Demo Vendor Prairie,,,,,,,V006,Demo Vendor Prairie,,,,,,,,,,,,,,,
20210620,900144,21,0,1,D02,Demo Administration,6000,Demo Salaries,,,00,Out of scope,185430,0,1,D02,Demo Administration,1100,Demo Central Ordinary Deposit,B001,Demo Central Bank,00,Out of scope,639440,0,Synthetic demo monthly payroll bundle 900144,,,0,,,,,,,,,,,,,,,,,,,,,,,,,,20210620120000,,,,,,,,,B001,Demo Central Bank,,,,,,,,,,,,,,,
20210620,900144,21,0,1,D02,Demo Administration,6010,Demo Statutory Welfare,,,00,Out of scope,38360,0,,,,,,,,,,,,Synthetic demo monthly payroll bundle 900144,,,0,,,,,,,,,,,,,,,,,,,,,,,,,,20210620120000,,,,,,,,,,,,,,,,,,,,,,,,,
20210620,900144,21,0,1,D02,Demo Administration,2110,Demo Payroll Withholding,,,00,Out of scope,415650,0,,,,,,,,,,,,Synthetic demo monthly payroll bundle 900144,,,0,,,,,,,,,,,,,,,,,,,,,,,,,,20210620120000,,,,,,,,,,,,,,,,,,,,,,,,,
20210622,900135,21,0,1,D01,Demo Sales,2000,Demo Accounts Payable,V006,Demo Vendor Prairie,00,Out of scope,406490,0,,,,,,,,,,,,Synthetic demo multi-vendor settlement 900135,,,0,,,,,,,,,,,,,,,,,,,,,,,,,,20210622120000,V006,Demo Vendor Prairie,,,,,,,,,,,,,,,,,,,,,,,
20210622,900135,21,0,1,D01,Demo Sales,2100,Demo Accrued Payables,V009,Demo Vendor Summit,00,Out of scope,332590,0,,,,,,,,,,,,Synthetic demo multi-vendor settlement 900135,,,0,,,,,,,,,,,,,,,,,,,,,,,,,,20210622120000,V009,Demo Vendor Summit,,,,,,,,,,,,,,,,,,,,,,,
20210622,900135,21,0,,,,,,,,,,,,1,D01,Demo Sales,1100,Demo Central Ordinary Deposit,B001,Demo Central Bank,00,Out of scope,502570,0,Synthetic demo multi-vendor settlement 900135,,,0,,,,,,,,,,,,,,,,,,,,,,,,,,20210622120000,,,,,,,,,B001,Demo Central Bank,,,,,,,,,,,,,,,
20210622,900135,21,0,,,,,,,,,,,,1,D01,Demo Sales,1110,Demo North Current Deposit,B002,North Demo Bank,00,Out of scope,236510,0,Synthetic demo multi-vendor settlement 900135,,,0,,,,,,,,,,,,,,,,,,,,,,,,,,20210622120000,,,,,,,,,B002,North Demo Bank,,,,,,,,,,,,,,,
20210622,900137,21,0,1,D06,Demo Management,2200,Demo Short-term Loans,,,00,Out of scope,74000,0,1,D06,Demo Management,1120,Demo Harbor Ordinary Deposit,B003,Harbor Demo Bank,00,Out of scope,274110,0,Synthetic demo financing settlement 900137,,,0,,,,,,,,,,,,,,,,,,,,,,,,,,20210622120000,,,,,,,,,B003,Harbor Demo Bank,,,,,,,,,,,,,,,
20210622,900137,21,0,1,D06,Demo Management,6070,Demo Bank Fees,B003,Harbor Demo Bank,00,Out of scope,24660,0,,,,,,,,,,,,Synthetic demo financing settlement 900137,,,0,,,,,,,,,,,,,,,,,,,,,,,,,,20210622120000,B003,Harbor Demo Bank,,,,,,,,,,,,,,,,,,,,,,,
20210622,900137,21,0,1,D06,Demo Management,7000,Demo Taxes and Dues,,,P0,Non-taxable purchase,175450,0,,,,,,,,,,,,Synthetic demo financing settlement 900137,,,0,,,,,,,,,,,,,,,,,,,,,,,,,,20210622120000,,,,,,,,,,,,,,,,,,,,,,,,,
20210623,900177,21,0,1,D04,Demo Logistics,2000,Demo Accounts Payable,V006,Demo Vendor Prairie,00,Out of scope,211780,0,1,D04,Demo Logistics,1100,Demo Central Ordinary Deposit,B001,Demo Central Bank,00,Out of scope,211780,0,Synthetic demo vendor settlement 900177,,,0,,,,,,,,,,,,,,,,,,,,,,,,,,20210623120000,V006,Demo Vendor Prairie,,,,,,,B001,Demo Central Bank,,,,,,,,,,,,,,,
20210625,900150,21,0,1,D02,Demo Administration,6000,Demo Salaries,,,00,Out of scope,343590,0,1,D02,Demo Administration,1100,Demo Central Ordinary Deposit,B001,Demo Central Bank,00,Out of scope,746950,0,Synthetic demo monthly payroll bundle 900150,,,0,,,,,,,,,,,,,,,,,,,,,,,,,,20210625120000,,,,,,,,,B001,Demo Central Bank,,,,,,,,,,,,,,,
20210625,900150,21,0,1,D02,Demo Administration,6010,Demo Statutory Welfare,,,00,Out of scope,179260,0,,,,,,,,,,,,Synthetic demo monthly payroll bundle 900150,,,0,,,,,,,,,,,,,,,,,,,,,,,,,,20210625120000,,,,,,,,,,,,,,,,,,,,,,,,,
20210625,900150,21,0,1,D02,Demo Administration,2110,Demo Payroll Withholding,,,00,Out of scope,224100,0,,,,,,,,,,,,Synthetic demo monthly payroll bundle 900150,,,0,,,,,,,,,,,,,,,,,,,,,,,,,,20210625120000,,,,,,,,,,,,,,,,,,,,,,,,,
20210625,900152,21,0,1,D01,Demo Sales,1200,Demo Accounts Receivable,C007,Demo Customer Grove,00,Out of scope,503860,0,1,D01,Demo Sales,4020,Demo Other Operating Revenue,C007,Demo Customer Grove,B5,Taxable sale 10%,503860,45805,Synthetic demo credit sale 900152,,,0,,,,,,,,,,,,,,,,,,,,,,,,,,20210625120000,C007,Demo Customer Grove,,,,,,,C007,Demo Customer Grove,,,,,,,,,,,,,,,
20210625,900156,21,0,1,D04,Demo Logistics,5000,Demo Purchases,V001,Demo Vendor Keystone,Q5,Taxable purchase 10%,207690,18881,1,D04,Demo Logistics,2000,Demo Accounts Payable,V001,Demo Vendor Keystone,00,Out of scope,207690,0,Synthetic demo purchase on account 900156,,,0,,,,,,,,,,,,,,,,,,,,,,,,,,20210625120000,V001,Demo Vendor Keystone,,,,,,,V001,Demo Vendor Keystone,,,,,,,,,,,,,,,
20210625,900159,21,0,1,D05,Demo Digital Services,1400,Demo Prepaid Expenses,S004,Demo Logistics Services,00,Out of scope,25040,0,1,D05,Demo Digital Services,1100,Demo Central Ordinary Deposit,B001,Demo Central Bank,00,Out of scope,25040,0,Synthetic demo prepaid service 900159,,,0,,,,,,,,,,,,,,,,,,,,,,,,,,20210625120000,S004,Demo Logistics Services,,,,,,,B001,Demo Central Bank,,,,,,,,,,,,,,,
20210625,900161,21,0,1,D01,Demo Sales,1200,Demo Accounts Receivable,C004,Demo Customer Dawn,00,Out of scope,98340,0,1,D01,Demo Sales,4020,Demo Other Operating Revenue,C004,Demo Customer Dawn,B5,Taxable sale 10%,98340,8940,Synthetic demo credit sale 900161,,,0,,,,,,,,,,,,,,,,,,,,,,,,,,20210625120000,C004,Demo Customer Dawn,,,,,,,C004,Demo Customer Dawn,,,,,,,,,,,,,,,
20210626,900151,21,0,1,D01,Demo Sales,1200,Demo Accounts Receivable,C004,Demo Customer Dawn,00,Out of scope,102260,0,1,D01,Demo Sales,4010,Demo Service Revenue,C004,Demo Customer Dawn,B5,Taxable sale 10%,102260,9296,Synthetic demo credit sale 900151,,,0,,,,,,,,,,,,,,,,,,,,,,,,,,20210626120000,C004,Demo Customer Dawn,,,,,,,C004,Demo Customer Dawn,,,,,,,,,,,,,,,
20210626,900166,21,0,1,D01,Demo Sales,1110,Demo North Current Deposit,B002,North Demo Bank,00,Out of scope,175070,0,,,,,,,,,,,,Synthetic demo mixed sales and receipt 900166,,,0,,,,,,,,,,,,,,,,,,,,,,,,,,20210626120000,B002,North Demo Bank,,,,,,,,,,,,,,,,,,,,,,,
20210626,900166,21,0,1,D01,Demo Sales,1200,Demo Accounts Receivable,C007,Demo Customer Grove,00,Out of scope,175070,0,,,,,,,,,,,,Synthetic demo mixed sales and receipt 900166,,,0,,,,,,,,,,,,,,,,,,,,,,,,,,20210626120000,C007,Demo Customer Grove,,,,,,,,,,,,,,,,,,,,,,,
20210626,900166,21,0,,,,,,,,,,,,1,D01,Demo Sales,4000,Demo Product Sales,C008,Demo Customer Halo,B5,Taxable sale 10%,266100,24191,Synthetic demo mixed sales and receipt 900166,,,0,,,,,,,,,,,,,,,,,,,,,,,,,,20210626120000,,,,,,,,,C008,Demo Customer Halo,,,,,,,,,,,,,,,
20210626,900166,21,0,,,,,,,,,,,,1,D01,Demo Sales,4010,Demo Service Revenue,C009,Demo Customer Indigo,B5,Taxable sale 10%,84040,7640,Synthetic demo mixed sales and receipt 900166,,,0,,,,,,,,,,,,,,,,,,,,,,,,,,20210626120000,,,,,,,,,C009,Demo Customer Indigo,,,,,,,,,,,,,,,
20210627,900171,21,0,1,D01,Demo Sales,1200,Demo Accounts Receivable,C004,Demo Customer Dawn,00,Out of scope,168530,0,1,D01,Demo Sales,4000,Demo Product Sales,C004,Demo Customer Dawn,B5,Taxable sale 10%,168530,15321,Synthetic demo credit sale 900171,,,0,,,,,,,,,,,,,,,,,,,,,,,,,,20210627120000,C004,Demo Customer Dawn,,,,,,,C004,Demo Customer Dawn,,,,,,,,,,,,,,,
20210629,900131,21,0,1,D06,Demo Management,2200,Demo Short-term Loans,,,00,Out of scope,117550,0,1,D06,Demo Management,1120,Demo Harbor Ordinary Deposit,B003,Harbor Demo Bank,00,Out of scope,470220,0,Synthetic demo financing settlement 900131,,,0,,,,,,,,,,,,,,,,,,,,,,,,,,20210629120000,,,,,,,,,B003,Harbor Demo Bank,,,,,,,,,,,,,,,
20210629,900131,21,0,1,D06,Demo Management,6070,Demo Bank Fees,B003,Harbor Demo Bank,00,Out of scope,103440,0,,,,,,,,,,,,Synthetic demo financing settlement 900131,,,0,,,,,,,,,,,,,,,,,,,,,,,,,,20210629120000,B003,Harbor Demo Bank,,,,,,,,,,,,,,,,,,,,,,,
20210629,900131,21,0,1,D06,Demo Management,7000,Demo Taxes and Dues,,,P0,Non-taxable purchase,249230,0,,,,,,,,,,,,Synthetic demo financing settlement 900131,,,0,,,,,,,,,,,,,,,,,,,,,,,,,,20210629120000,,,,,,,,,,,,,,,,,,,,,,,,,
20210629,900139,21,0,1,D05,Demo Digital Services,1400,Demo Prepaid Expenses,S002,Demo Energy Services,00,Out of scope,205380,0,1,D05,Demo Digital Services,1110,Demo North Current Deposit,B002,North Demo Bank,00,Out of scope,205380,0,Synthetic demo prepaid service 900139,,,0,,,,,,,,,,,,,,,,,,,,,,,,,,20210629120000,S002,Demo Energy Services,,,,,,,B002,North Demo Bank,,,,,,,,,,,,,,,
20210630,900127,21,0,1,D04,Demo Logistics,2000,Demo Accounts Payable,V006,Demo Vendor Prairie,00,Out of scope,357230,0,1,D04,Demo Logistics,1110,Demo North Current Deposit,B002,North Demo Bank,00,Out of scope,357230,0,Synthetic demo vendor settlement 900127,,,0,,,,,,,,,,,,,,,,,,,,,,,,,,20210630120000,V006,Demo Vendor Prairie,,,,,,,B002,North Demo Bank,,,,,,,,,,,,,,,
20210630,900142,21,0,1,D01,Demo Sales,1200,Demo Accounts Receivable,C007,Demo Customer Grove,00,Out of scope,399260,0,1,D01,Demo Sales,4010,Demo Service Revenue,C007,Demo Customer Grove,B5,Taxable sale 10%,399260,36296,Synthetic demo credit sale 900142,,,0,,,,,,,,,,,,,,,,,,,,,,,,,,20210630120000,C007,Demo Customer Grove,,,,,,,C007,Demo Customer Grove,,,,,,,,,,,,,,,
20210630,900165,21,0,1,D04,Demo Logistics,5000,Demo Purchases,V006,Demo Vendor Prairie,Q5,Taxable purchase 10%,129600,11782,1,D04,Demo Logistics,2000,Demo Accounts Payable,V006,Demo Vendor Prairie,00,Out of scope,129600,0,Synthetic demo purchase on account 900165,,,0,,,,,,,,,,,,,,,,,,,,,,,,,,20210630120000,V006,Demo Vendor Prairie,,,,,,,V006,Demo Vendor Prairie,,,,,,,,,,,,,,,
20210630,900172,21,0,1,D03,Demo Operations,6030,Demo Utilities,S002,Demo Energy Services,Q5,Taxable purchase 10%,121450,11041,1,D03,Demo Operations,1110,Demo North Current Deposit,B002,North Demo Bank,00,Out of scope,467140,0,Synthetic demo operating cost bundle 900172,,,0,,,,,,,,,,,,,,,,,,,,,,,,,,20210630120000,S002,Demo Energy Services,,,,,,,B002,North Demo Bank,,,,,,,,,,,,,,,
20210630,900172,21,0,1,D03,Demo Operations,6040,Demo Communication,S003,Demo Network Services,Q5,Taxable purchase 10%,74740,6795,,,,,,,,,,,,Synthetic demo operating cost bundle 900172,,,0,,,,,,,,,,,,,,,,,,,,,,,,,,20210630120000,S003,Demo Network Services,,,,,,,,,,,,,,,,,,,,,,,
20210630,900172,21,0,1,D03,Demo Operations,6060,Demo Office Supplies,V003,Demo Vendor Mosaic,Q5,Taxable purchase 10%,270950,24632,,,,,,,,,,,,Synthetic demo operating cost bundle 900172,,,0,,,,,,,,,,,,,,,,,,,,,,,,,,20210630120000,V003,Demo Vendor Mosaic,,,,,,,,,,,,,,,,,,,,,,,
20210701,900184,21,0,1,D03,Demo Operations,6030,Demo Utilities,S002,Demo Energy Services,Q6,Taxable purchase 8%,234790,17392,1,D03,Demo Operations,1110,Demo North Current Deposit,B002,North Demo Bank,00,Out of scope,559040,0,Synthetic demo operating cost bundle 900184,,,0,,,,,,,,,,,,,,,,,,,,,,,,,,20210701120000,S002,Demo Energy Services,,,,,,,B002,North Demo Bank,,,,,,,,,,,,,,,
20210701,900184,21,0,1,D03,Demo Operations,6040,Demo Communication,S003,Demo Network Services,Q5,Taxable purchase 10%,150940,13722,,,,,,,,,,,,Synthetic demo operating cost bundle 900184,,,0,,,,,,,,,,,,,,,,,,,,,,,,,,20210701120000,S003,Demo Network Services,,,,,,,,,,,,,,,,,,,,,,,
20210701,900184,21,0,1,D03,Demo Operations,6060,Demo Office Supplies,V005,Demo Vendor Orchid,Q5,Taxable purchase 10%,173310,15755,,,,,,,,,,,,Synthetic demo operating cost bundle 900184,,,0,,,,,,,,,,,,,,,,,,,,,,,,,,20210701120000,V005,Demo Vendor Orchid,,,,,,,,,,,,,,,,,,,,,,,
20210701,900190,21,0,1,D01,Demo Sales,1200,Demo Accounts Receivable,C001,Demo Customer Aurora,00,Out of scope,322010,0,1,D01,Demo Sales,4010,Demo Service Revenue,C001,Demo Customer Aurora,B5,Taxable sale 10%,322010,29274,Synthetic demo credit sale 900190,,,0,,,,,,,,,,,,,,,,,,,,,,,,,,20210701120000,C001,Demo Customer Aurora,,,,,,,C001,Demo Customer Aurora,,,,,,,,,,,,,,,
20210703,900211,21,0,1,D01,Demo Sales,1200,Demo Accounts Receivable,C004,Demo Customer Dawn,00,Out of scope,417160,0,1,D01,Demo Sales,4010,Demo Service Revenue,C004,Demo Customer Dawn,B5,Taxable sale 10%,417160,37924,Synthetic demo credit sale 900211,,,0,,,,,,,,,,,,,,,,,,,,,,,,,,20210703120000,C004,Demo Customer Dawn,,,,,,,C004,Demo Customer Dawn,,,,,,,,,,,,,,,
20210703,900226,21,0,1,D04,Demo Logistics,5010,Demo Freight-in,V001,Demo Vendor Keystone,Q5,Taxable purchase 10%,84120,7647,1,D04,Demo Logistics,2000,Demo Accounts Payable,V001,Demo Vendor Keystone,00,Out of scope,84120,0,Synthetic demo purchase on account 900226,,,0,,,,,,,,,,,,,,,,,,,,,,,,,,20210703120000,V001,Demo Vendor Keystone,,,,,,,V001,Demo Vendor Keystone,,,,,,,,,,,,,,,
20210704,900235,21,0,1,D01,Demo Sales,2000,Demo Accounts Payable,V006,Demo Vendor Prairie,00,Out of scope,135020,0,,,,,,,,,,,,Synthetic demo multi-vendor settlement 900235,,,0,,,,,,,,,,,,,,,,,,,,,,,,,,20210704120000,V006,Demo Vendor Prairie,,,,,,,,,,,,,,,,,,,,,,,
20210704,900235,21,0,1,D01,Demo Sales,2100,Demo Accrued Payables,V009,Demo Vendor Summit,00,Out of scope,124640,0,,,,,,,,,,,,Synthetic demo multi-vendor settlement 900235,,,0,,,,,,,,,,,,,,,,,,,,,,,,,,20210704120000,V009,Demo Vendor Summit,,,,,,,,,,,,,,,,,,,,,,,
20210704,900235,21,0,,,,,,,,,,,,1,D01,Demo Sales,1110,Demo North Current Deposit,B002,North Demo Bank,00,Out of scope,163580,0,Synthetic demo multi-vendor settlement 900235,,,0,,,,,,,,,,,,,,,,,,,,,,,,,,20210704120000,,,,,,,,,B002,North Demo Bank,,,,,,,,,,,,,,,
20210704,900235,21,0,,,,,,,,,,,,1,D01,Demo Sales,1120,Demo Harbor Ordinary Deposit,B003,Harbor Demo Bank,00,Out of scope,96080,0,Synthetic demo multi-vendor settlement 900235,,,0,,,,,,,,,,,,,,,,,,,,,,,,,,20210704120000,,,,,,,,,B003,Harbor Demo Bank,,,,,,,,,,,,,,,
20210705,900218,21,0,1,D05,Demo Digital Services,6040,Demo Communication,V001,Demo Vendor Keystone,Q5,Taxable purchase 10%,3900,355,1,D05,Demo Digital Services,1120,Demo Harbor Ordinary Deposit,B003,Harbor Demo Bank,00,Out of scope,3900,0,Synthetic demo operating expense 900218,,,0,,,,,,,,,,,,,,,,,,,,,,,,,,20210705120000,V001,Demo Vendor Keystone,,,,,,,B003,Harbor Demo Bank,,,,,,,,,,,,,,,
20210706,900188,21,0,1,D05,Demo Digital Services,6100,Demo Repairs,V001,Demo Vendor Keystone,Q5,Taxable purchase 10%,97330,8848,1,D05,Demo Digital Services,1120,Demo Harbor Ordinary Deposit,B003,Harbor Demo Bank,00,Out of scope,97330,0,Synthetic demo operating expense 900188,,,0,,,,,,,,,,,,,,,,,,,,,,,,,,20210706120000,V001,Demo Vendor Keystone,,,,,,,B003,Harbor Demo Bank,,,,,,,,,,,,,,,
20210706,900194,21,0,1,D01,Demo Sales,1120,Demo Harbor Ordinary Deposit,B003,Harbor Demo Bank,00,Out of scope,426780,0,1,D01,Demo Sales,1200,Demo Accounts Receivable,C003,Demo Customer Cobalt,00,Out of scope,426780,0,Synthetic demo customer receipt 900194,,,0,,,,,,,,,,,,,,,,,,,,,,,,,,20210706120000,B003,Harbor Demo Bank,,,,,,,C003,Demo Customer Cobalt,,,,,,,,,,,,,,,
20210706,900201,21,0,1,D01,Demo Sales,1200,Demo Accounts Receivable,C004,Demo Customer Dawn,00,Out of scope,452220,0,1,D01,Demo Sales,4000,Demo Product Sales,C004,Demo Customer Dawn,B5,Taxable sale 10%,452220,41111,Synthetic demo credit sale 900201,,,0,,,,,,,,,,,,,,,,,,,,,,,,,,20210706120000,C004,Demo Customer Dawn,,,,,,,C004,Demo Customer Dawn,,,,,,,,,,,,,,,
20210710,900225,21,0,1,D02,Demo Administration,6000,Demo Salaries,,,00,Out of scope,164770,0,1,D02,Demo Administration,1100,Demo Central Ordinary Deposit,B001,Demo Central Bank,00,Out of scope,531540,0,Synthetic demo monthly payroll bundle 900225,,,0,,,,,,,,,,,,,,,,,,,,,,,,,,20210710120000,,,,,,,,,B001,Demo Central Bank,,,,,,,,,,,,,,,
20210710,900225,21,0,1,D02,Demo Administration,6010,Demo Statutory Welfare,,,00,Out of scope,191350,0,,,,,,,,,,,,Synthetic demo monthly payroll bundle 900225,,,0,,,,,,,,,,,,,,,,,,,,,,,,,,20210710120000,,,,,,,,,,,,,,,,,,,,,,,,,
20210710,900225,21,0,1,D02,Demo Administration,2110,Demo Payroll Withholding,,,00,Out of scope,175420,0,,,,,,,,,,,,Synthetic demo monthly payroll bundle 900225,,,0,,,,,,,,,,,,,,,,,,,,,,,,,,20210710120000,,,,,,,,,,,,,,,,,,,,,,,,,
20210710,900231,21,0,1,D01,Demo Sales,1200,Demo Accounts Receivable,C004,Demo Customer Dawn,00,Out of scope,292430,0,1,D01,Demo Sales,4000,Demo Product Sales,C004,Demo Customer Dawn,B5,Taxable sale 10%,292430,26585,Synthetic demo credit sale 900231,,,0,,,,,,,,,,,,,,,,,,,,,,,,,,20210710120000,C004,Demo Customer Dawn,,,,,,,C004,Demo Customer Dawn,,,,,,,,,,,,,,,
20210711,900199,21,0,1,D01,Demo Sales,2000,Demo Accounts Payable,V010,Demo Vendor Tandem,00,Out of scope,72970,0,,,,,,,,,,,,Synthetic demo multi-vendor settlement 900199,,,0,,,,,,,,,,,,,,,,,,,,,,,,,,20210711120000,V010,Demo Vendor Tandem,,,,,,,,,,,,,,,,,,,,,,,
20210711,900199,21,0,1,D01,Demo Sales,2100,Demo Accrued Payables,V003,Demo Vendor Mosaic,00,Out of scope,311120,0,,,,,,,,,,,,Synthetic demo multi-vendor settlement 900199,,,0,,,,,,,,,,,,,,,,,,,,,,,,,,20210711120000,V003,Demo Vendor Mosaic,,,,,,,,,,,,,,,,,,,,,,,
20210711,900199,21,0,,,,,,,,,,,,1,D01,Demo Sales,1110,Demo North Current Deposit,B002,North Demo Bank,00,Out of scope,238130,0,Synthetic demo multi-vendor settlement 900199,,,0,,,,,,,,,,,,,,,,,,,,,,,,,,20210711120000,,,,,,,,,B002,North Demo Bank,,,,,,,,,,,,,,,
20210711,900199,21,0,,,,,,,,,,,,1,D01,Demo Sales,1120,Demo Harbor Ordinary Deposit,B003,Harbor Demo Bank,00,Out of scope,145960,0,Synthetic demo multi-vendor settlement 900199,,,0,,,,,,,,,,,,,,,,,,,,,,,,,,20210711120000,,,,,,,,,B003,Harbor Demo Bank,,,,,,,,,,,,,,,
20210712,900181,21,0,1,D01,Demo Sales,2000,Demo Accounts Payable,V002,Demo Vendor Lattice,00,Out of scope,248190,0,,,,,,,,,,,,Synthetic demo multi-vendor settlement 900181,,,0,,,,,,,,,,,,,,,,,,,,,,,,,,20210712120000,V002,Demo Vendor Lattice,,,,,,,,,,,,,,,,,,,,,,,
20210712,900181,21,0,1,D01,Demo Sales,2100,Demo Accrued Payables,V005,Demo Vendor Orchid,00,Out of scope,82730,0,,,,,,,,,,,,Synthetic demo multi-vendor settlement 900181,,,0,,,,,,,,,,,,,,,,,,,,,,,,,,20210712120000,V005,Demo Vendor Orchid,,,,,,,,,,,,,,,,,,,,,,,
20210712,900181,21,0,,,,,,,,,,,,1,D01,Demo Sales,1110,Demo North Current Deposit,B002,North Demo Bank,00,Out of scope,86030,0,Synthetic demo multi-vendor settlement 900181,,,0,,,,,,,,,,,,,,,,,,,,,,,,,,20210712120000,,,,,,,,,B002,North Demo Bank,,,,,,,,,,,,,,,
20210712,900181,21,0,,,,,,,,,,,,1,D01,Demo Sales,1120,Demo Harbor Ordinary Deposit,B003,Harbor Demo Bank,00,Out of scope,244890,0,Synthetic demo multi-vendor settlement 900181,,,0,,,,,,,,,,,,,,,,,,,,,,,,,,20210712120000,,,,,,,,,B003,Harbor Demo Bank,,,,,,,,,,,,,,,
20210712,900192,21,0,1,D01,Demo Sales,1200,Demo Accounts Receivable,C007,Demo Customer Grove,00,Out of scope,264960,0,1,D01,Demo Sales,4000,Demo Product Sales,C007,Demo Customer Grove,B5,Taxable sale 10%,264960,24087,Synthetic demo credit sale 900192,,,0,,,,,,,,,,,,,,,,,,,,,,,,,,20210712120000,C007,Demo Customer Grove,,,,,,,C007,Demo Customer Grove,,,,,,,,,,,,,,,
20210713,900186,21,0,1,D04,Demo Logistics,5000,Demo Purchases,V001,Demo Vendor Keystone,Q5,Taxable purchase 10%,272140,24740,1,D04,Demo Logistics,2000,Demo Accounts Payable,V001,Demo Vendor Keystone,00,Out of scope,272140,0,Synthetic demo purchase on account 900186,,,0,,,,,,,,,,,,,,,,,,,,,,,,,,20210713120000,V001,Demo Vendor Keystone,,,,,,,V001,Demo Vendor Keystone,,,,,,,,,,,,,,,
20210713,900189,21,0,1,D05,Demo Digital Services,1400,Demo Prepaid Expenses,S004,Demo Logistics Services,00,Out of scope,136230,0,1,D05,Demo Digital Services,1100,Demo Central Ordinary Deposit,B001,Demo Central Bank,00,Out of scope,136230,0,Synthetic demo prepaid service 900189,,,0,,,,,,,,,,,,,,,,,,,,,,,,,,20210713120000,S004,Demo Logistics Services,,,,,,,B001,Demo Central Bank,,,,,,,,,,,,,,,
20210713,900234,21,0,1,D01,Demo Sales,1100,Demo Central Ordinary Deposit,B001,Demo Central Bank,00,Out of scope,398450,0,1,D01,Demo Sales,1200,Demo Accounts Receivable,C003,Demo Customer Cobalt,00,Out of scope,398450,0,Synthetic demo customer receipt 900234,,,0,,,,,,,,,,,,,,,,,,,,,,,,,,20210713120000,B001,Demo Central Bank,,,,,,,C003,Demo Customer Cobalt,,,,,,,,,,,,,,,
20210714,900212,21,0,1,D06,Demo Management,2200,Demo Short-term Loans,,,00,Out of scope,82420,0,1,D06,Demo Management,1120,Demo Harbor Ordinary Deposit,B003,Harbor Demo Bank,00,Out of scope,216910,0,Synthetic demo financing settlement 900212,,,0,,,,,,,,,,,,,,,,,,,,,,,,,,20210714120000,,,,,,,,,B003,Harbor Demo Bank,,,,,,,,,,,,,,,
20210714,900212,21,0,1,D06,Demo Management,6070,Demo Bank Fees,B003,Harbor Demo Bank,00,Out of scope,17350,0,,,,,,,,,,,,Synthetic demo financing settlement 900212,,,0,,,,,,,,,,,,,,,,,,,,,,,,,,20210714120000,B003,Harbor Demo Bank,,,,,,,,,,,,,,,,,,,,,,,
20210714,900212,21,0,1,D06,Demo Management,7000,Demo Taxes and Dues,,,P0,Non-taxable purchase,117140,0,,,,,,,,,,,,Synthetic demo financing settlement 900212,,,0,,,,,,,,,,,,,,,,,,,,,,,,,,20210714120000,,,,,,,,,,,,,,,,,,,,,,,,,
20210714,900221,21,0,1,D01,Demo Sales,1200,Demo Accounts Receivable,C004,Demo Customer Dawn,00,Out of scope,383150,0,1,D01,Demo Sales,4020,Demo Other Operating Revenue,C004,Demo Customer Dawn,B5,Taxable sale 10%,383150,34832,Synthetic demo credit sale 900221,,,0,,,,,,,,,,,,,,,,,,,,,,,,,,20210714120000,C004,Demo Customer Dawn,,,,,,,C004,Demo Customer Dawn,,,,,,,,,,,,,,,
20210715,900195,21,0,1,D04,Demo Logistics,5000,Demo Purchases,V006,Demo Vendor Prairie,Q5,Taxable purchase 10%,106450,9677,1,D04,Demo Logistics,2000,Demo Accounts Payable,V006,Demo Vendor Prairie,00,Out of scope,106450,0,Synthetic demo purchase on account 900195,,,0,,,,,,,,,,,,,,,,,,,,,,,,,,20210715120000,V006,Demo Vendor Prairie,,,,,,,V006,Demo Vendor Prairie,,,,,,,,,,,,,,,
20210715,900200,21,0,1,D01,Demo Sales,1200,Demo Accounts Receivable,C001,Demo Customer Aurora,00,Out of scope,269950,0,1,D01,Demo Sales,4020,Demo Other Operating Revenue,C001,Demo Customer Aurora,B5,Taxable sale 10%,269950,24541,Synthetic demo credit sale 900200,,,0,,,,,,,,,,,,,,,,,,,,,,,,,,20210715120000,C001,Demo Customer Aurora,,,,,,,C001,Demo Customer Aurora,,,,,,,,,,,,,,,
20210716,900204,21,0,1,D01,Demo Sales,1100,Demo Central Ordinary Deposit,B001,Demo Central Bank,00,Out of scope,144640,0,,,,,,,,,,,,Synthetic demo mixed sales and receipt 900204,,,0,,,,,,,,,,,,,,,,,,,,,,,,,,20210716120000,B001,Demo Central Bank,,,,,,,,,,,,,,,,,,,,,,,
20210716,900204,21,0,1,D01,Demo Sales,1200,Demo Accounts Receivable,C005,Demo Customer Elm,00,Out of scope,56250,0,,,,,,,,,,,,Synthetic demo mixed sales and receipt 900204,,,0,,,,,,,,,,,,,,,,,,,,,,,,,,20210716120000,C005,Demo Customer Elm,,,,,,,,,,,,,,,,,,,,,,,
20210716,900204,21,0,,,,,,,,,,,,1,D01,Demo Sales,4000,Demo Product Sales,C006,Demo Customer Fjord,B5,Taxable sale 10%,38160,3469,Synthetic demo mixed sales and receipt 900204,,,0,,,,,,,,,,,,,,,,,,,,,,,,,,20210716120000,,,,,,,,,C006,Demo Customer Fjord,,,,,,,,,,,,,,,
20210716,900204,21,0,,,,,,,,,,,,1,D01,Demo Sales,4010,Demo Service Revenue,C007,Demo Customer Grove,B5,Taxable sale 10%,162730,14794,Synthetic demo mixed sales and receipt 900204,,,0,,,,,,,,,,,,,,,,,,,,,,,,,,20210716120000,,,,,,,,,C007,Demo Customer Grove,,,,,,,,,,,,,,,
20210716,900228,21,0,1,D02,Demo Administration,6140,Demo Vehicle Expense,V001,Demo Vendor Keystone,Q5,Taxable purchase 10%,71370,6488,1,D02,Demo Administration,1100,Demo Central Ordinary Deposit,B001,Demo Central Bank,00,Out of scope,71370,0,Synthetic demo operating expense 900228,,,0,,,,,,,,,,,,,,,,,,,,,,,,,,20210716120000,V001,Demo Vendor Keystone,,,,,,,B001,Demo Central Bank,,,,,,,,,,,,,,,
20210717,900182,21,0,1,D01,Demo Sales,1200,Demo Accounts Receivable,C007,Demo Customer Grove,00,Out of scope,303390,0,1,D01,Demo Sales,4020,Demo Other Operating Revenue,C007,Demo Customer Grove,B5,Taxable sale 10%,303390,27581,Synthetic demo credit sale 900182,,,0,,,,,,,,,,,,,,,,,,,,,,,,,,20210717120000,C007,Demo Customer Grove,,,,,,,C007,Demo Customer Grove,,,,,,,,,,,,,,,
20210717,900215,21,0,1,D04,Demo Logistics,5020,Demo Inventory Adjustment,V006,Demo Vendor Prairie,Q5,Taxable purchase 10%,289860,26351,1,D04,Demo Logistics,2000,Demo Accounts Payable,V006,Demo Vendor Prairie,00,Out of scope,289860,0,Synthetic demo purchase on account 900215,,,0,,,,,,,,,,,,,,,,,,,,,,,,,,20210717120000,V006,Demo Vendor Prairie,,,,,,,V006,Demo Vendor Prairie,,,,,,,,,,,,,,,
20210717,900233,21,0,1,D01,Demo Sales,1120,Demo Harbor Ordinary Deposit,B003,Harbor Demo Bank,00,Out of scope,368740,0,1,D01,Demo Sales,1200,Demo Accounts Receivable,C010,Demo Customer Juniper,00,Out of scope,368740,0,Synthetic demo customer receipt 900233,,,0,,,,,,,,,,,,,,,,,,,,,,,,,,20210717120000,B003,Harbor Demo Bank,,,,,,,C010,Demo Customer Juniper,,,,,,,,,,,,,,,
20210718,900180,21,0,1,D01,Demo Sales,1200,Demo Accounts Receivable,C001,Demo Customer Aurora,00,Out of scope,399270,0,1,D01,Demo Sales,4000,Demo Product Sales,C001,Demo Customer Aurora,B5,Taxable sale 10%,399270,36297,Synthetic demo credit sale 900180,,,0,,,,,,,,,,,,,,,,,,,,,,,,,,20210718120000,C001,Demo Customer Aurora,,,,,,,C001,Demo Customer Aurora,,,,,,,,,,,,,,,
20210718,900193,21,0,1,D01,Demo Sales,2000,Demo Accounts Payable,V004,Demo Vendor Nimbus,00,Out of scope,228590,0,,,,,,,,,,,,Synthetic demo multi-vendor settlement 900193,,,0,,,,,,,,,,,,,,,,,,,,,,,,,,20210718120000,V004,Demo Vendor Nimbus,,,,,,,,,,,,,,,,,,,,,,,
20210718,900193,21,0,1,D01,Demo Sales,2100,Demo Accrued Payables,V007,Demo Vendor Quartz,00,Out of scope,303020,0,,,,,,,,,,,,Synthetic demo multi-vendor settlement 900193,,,0,,,,,,,,,,,,,,,,,,,,,,,,,,20210718120000,V007,Demo Vendor Quartz,,,,,,,,,,,,,,,,,,,,,,,
20210718,900193,21,0,,,,,,,,,,,,1,D01,Demo Sales,1110,Demo North Current Deposit,B002,North Demo Bank,00,Out of scope,255170,0,Synthetic demo multi-vendor settlement 900193,,,0,,,,,,,,,,,,,,,,,,,,,,,,,,20210718120000,,,,,,,,,B002,North Demo Bank,,,,,,,,,,,,,,,
20210718,900193,21,0,,,,,,,,,,,,1,D01,Demo Sales,1120,Demo Harbor Ordinary Deposit,B003,Harbor Demo Bank,00,Out of scope,276440,0,Synthetic demo multi-vendor settlement 900193,,,0,,,,,,,,,,,,,,,,,,,,,,,,,,20210718120000,,,,,,,,,B003,Harbor Demo Bank,,,,,,,,,,,,,,,
20210718,900197,21,0,1,D06,Demo Management,2200,Demo Short-term Loans,,,00,Out of scope,246780,0,1,D06,Demo Management,1120,Demo Harbor Ordinary Deposit,B003,Harbor Demo Bank,00,Out of scope,573920,0,Synthetic demo financing settlement 900197,,,0,,,,,,,,,,,,,,,,,,,,,,,,,,20210718120000,,,,,,,,,B003,Harbor Demo Bank,,,,,,,,,,,,,,,
20210718,900197,21,0,1,D06,Demo Management,6070,Demo Bank Fees,B003,Harbor Demo Bank,00,Out of scope,126260,0,,,,,,,,,,,,Synthetic demo financing settlement 900197,,,0,,,,,,,,,,,,,,,,,,,,,,,,,,20210718120000,B003,Harbor Demo Bank,,,,,,,,,,,,,,,,,,,,,,,
20210718,900197,21,0,1,D06,Demo Management,7000,Demo Taxes and Dues,,,P0,Non-taxable purchase,200880,0,,,,,,,,,,,,Synthetic demo financing settlement 900197,,,0,,,,,,,,,,,,,,,,,,,,,,,,,,20210718120000,,,,,,,,,,,,,,,,,,,,,,,,,
20210718,900206,21,0,1,D06,Demo Management,2200,Demo Short-term Loans,,,00,Out of scope,181110,0,1,D06,Demo Management,1120,Demo Harbor Ordinary Deposit,B003,Harbor Demo Bank,00,Out of scope,248100,0,Synthetic demo financing settlement 900206,,,0,,,,,,,,,,,,,,,,,,,,,,,,,,20210718120000,,,,,,,,,B003,Harbor Demo Bank,,,,,,,,,,,,,,,
20210718,900206,21,0,1,D06,Demo Management,6070,Demo Bank Fees,B003,Harbor Demo Bank,00,Out of scope,7440,0,,,,,,,,,,,,Synthetic demo financing settlement 900206,,,0,,,,,,,,,,,,,,,,,,,,,,,,,,20210718120000,B003,Harbor Demo Bank,,,,,,,,,,,,,,,,,,,,,,,
20210718,900206,21,0,1,D06,Demo Management,7000,Demo Taxes and Dues,,,P0,Non-taxable purchase,59550,0,,,,,,,,,,,,Synthetic demo financing settlement 900206,,,0,,,,,,,,,,,,,,,,,,,,,,,,,,20210718120000,,,,,,,,,,,,,,,,,,,,,,,,,
20210719,900209,21,0,1,D05,Demo Digital Services,1400,Demo Prepaid Expenses,S006,Demo Insurance Services,00,Out of scope,132930,0,1,D05,Demo Digital Services,1120,Demo Harbor Ordinary Deposit,B003,Harbor Demo Bank,00,Out of scope,132930,0,Synthetic demo prepaid service 900209,,,0,,,,,,,,,,,,,,,,,,,,,,,,,,20210719120000,S006,Demo Insurance Services,,,,,,,B003,Harbor Demo Bank,,,,,,,,,,,,,,,
20210719,900210,21,0,1,D01,Demo Sales,1100,Demo Central Ordinary Deposit,B001,Demo Central Bank,00,Out of scope,271330,0,,,,,,,,,,,,Synthetic demo mixed sales and receipt 900210,,,0,,,,,,,,,,,,,,,,,,,,,,,,,,20210719120000,B001,Demo Central Bank,,,,,,,,,,,,,,,,,,,,,,,
20210719,900210,21,0,1,D01,Demo Sales,1200,Demo Accounts Receivable,C001,Demo Customer Aurora,00,Out of scope,240630,0,,,,,,,,,,,,Synthetic demo mixed sales and receipt 900210,,,0,,,,,,,,,,,,,,,,,,,,,,,,,,20210719120000,C001,Demo Customer Aurora,,,,,,,,,,,,,,,,,,,,,,,
20210719,900210,21,0,,,,,,,,,,,,1,D01,Demo Sales,4000,Demo Product Sales,C002,Demo Customer Birch,B5,Taxable sale 10%,225260,20478,Synthetic demo mixed sales and receipt 900210,,,0,,,,,,,,,,,,,,,,,,,,,,,,,,20210719120000,,,,,,,,,C002,Demo Customer Birch,,,,,,,,,,,,,,,
20210719,900210,21,0,,,,,,,,,,,,1,D01,Demo Sales,4010,Demo Service Revenue,C003,Demo Customer Cobalt,B5,Taxable sale 10%,286700,26064,Synthetic demo mixed sales and receipt 900210,,,0,,,,,,,,,,,,,,,,,,,,,,,,,,20210719120000,,,,,,,,,C003,Demo Customer Cobalt,,,,,,,,,,,,,,,
20210720,900196,21,0,1,D04,Demo Logistics,5010,Demo Freight-in,V001,Demo Vendor Keystone,Q5,Taxable purchase 10%,263010,23910,1,D04,Demo Logistics,2000,Demo Accounts Payable,V001,Demo Vendor Keystone,00,Out of scope,263010,0,Synthetic demo purchase on account 900196,,,0,,,,,,,,,,,,,,,,,,,,,,,,,,20210720120000,V001,Demo Vendor Keystone,,,,,,,V001,Demo Vendor Keystone,,,,,,,,,,,,,,,
20210720,900198,21,0,1,D02,Demo Administration,6020,Demo Office Rent,V001,Demo Vendor Keystone,Q5,Taxable purchase 10%,126430,11494,1,D02,Demo Administration,1100,Demo Central Ordinary Deposit,B001,Demo Central Bank,00,Out of scope,126430,0,Synthetic demo operating expense 900198,,,0,,,,,,,,,,,,,,,,,,,,,,,,,,20210720120000,V001,Demo Vendor Keystone,,,,,,,B001,Demo Central Bank,,,,,,,,,,,,,,,
20210720,900213,21,0,1,D01,Demo Sales,1100,Demo Central Ordinary Deposit,B001,Demo Central Bank,00,Out of scope,170730,0,1,D01,Demo Sales,1200,Demo Accounts Receivable,C010,Demo Customer Juniper,00,Out of scope,170730,0,Synthetic demo customer receipt 900213,,,0,,,,,,,,,,,,,,,,,,,,,,,,,,20210720120000,B001,Demo Central Bank,,,,,,,C010,Demo Customer Juniper,,,,,,,,,,,,,,,
20210720,900224,21,0,1,D01,Demo Sales,1120,Demo Harbor Ordinary Deposit,B003,Harbor Demo Bank,00,Out of scope,316120,0,1,D01,Demo Sales,1200,Demo Accounts Receivable,C003,Demo Customer Cobalt,00,Out of scope,316120,0,Synthetic demo customer receipt 900224,,,0,,,,,,,,,,,,,,,,,,,,,,,,,,20210720120000,B003,Harbor Demo Bank,,,,,,,C003,Demo Customer Cobalt,,,,,,,,,,,,,,,
20210720,900236,21,0,1,D04,Demo Logistics,5020,Demo Inventory Adjustment,V001,Demo Vendor Keystone,Q5,Taxable purchase 10%,58120,5284,1,D04,Demo Logistics,2000,Demo Accounts Payable,V001,Demo Vendor Keystone,00,Out of scope,58120,0,Synthetic demo purchase on account 900236,,,0,,,,,,,,,,,,,,,,,,,,,,,,,,20210720120000,V001,Demo Vendor Keystone,,,,,,,V001,Demo Vendor Keystone,,,,,,,,,,,,,,,
20210723,900237,21,0,1,D04,Demo Logistics,2000,Demo Accounts Payable,V006,Demo Vendor Prairie,00,Out of scope,84300,0,1,D04,Demo Logistics,1100,Demo Central Ordinary Deposit,B001,Demo Central Bank,00,Out of scope,84300,0,Synthetic demo vendor settlement 900237,,,0,,,,,,,,,,,,,,,,,,,,,,,,,,20210723120000,V006,Demo Vendor Prairie,,,,,,,B001,Demo Central Bank,,,,,,,,,,,,,,,
20210724,900183,21,0,1,D01,Demo Sales,1100,Demo Central Ordinary Deposit,B001,Demo Central Bank,00,Out of scope,405780,0,1,D01,Demo Sales,1200,Demo Accounts Receivable,C010,Demo Customer Juniper,00,Out of scope,405780,0,Synthetic demo customer receipt 900183,,,0,,,,,,,,,,,,,,,,,,,,,,,,,,20210724120000,B001,Demo Central Bank,,,,,,,C010,Demo Customer Juniper,,,,,,,,,,,,,,,
20210724,900187,21,0,1,D01,Demo Sales,2000,Demo Accounts Payable,V008,Demo Vendor Rivulet,00,Out of scope,92020,0,,,,,,,,,,,,Synthetic demo multi-vendor settlement 900187,,,0,,,,,,,,,,,,,,,,,,,,,,,,,,20210724120000,V008,Demo Vendor Rivulet,,,,,,,,,,,,,,,,,,,,,,,
20210724,900187,21,0,1,D01,Demo Sales,2100,Demo Accrued Payables,V001,Demo Vendor Keystone,00,Out of scope,132420,0,,,,,,,,,,,,Synthetic demo multi-vendor settlement 900187,,,0,,,,,,,,,,,,,,,,,,,,,,,,,,20210724120000,V001,Demo Vendor Keystone,,,,,,,,,,,,,,,,,,,,,,,
20210724,900187,21,0,,,,,,,,,,,,1,D01,Demo Sales,1110,Demo North Current Deposit,B002,North Demo Bank,00,Out of scope,107730,0,Synthetic demo multi-vendor settlement 900187,,,0,,,,,,,,,,,,,,,,,,,,,,,,,,20210724120000,,,,,,,,,B002,North Demo Bank,,,,,,,,,,,,,,,
20210724,900187,21,0,,,,,,,,,,,,1,D01,Demo Sales,1120,Demo Harbor Ordinary Deposit,B003,Harbor Demo Bank,00,Out of scope,116710,0,Synthetic demo multi-vendor settlement 900187,,,0,,,,,,,,,,,,,,,,,,,,,,,,,,20210724120000,,,,,,,,,B003,Harbor Demo Bank,,,,,,,,,,,,,,,
20210724,900223,21,0,1,D01,Demo Sales,2000,Demo Accounts Payable,V004,Demo Vendor Nimbus,00,Out of scope,243940,0,,,,,,,,,,,,Synthetic demo multi-vendor settlement 900223,,,0,,,,,,,,,,,,,,,,,,,,,,,,,,20210724120000,V004,Demo Vendor Nimbus,,,,,,,,,,,,,,,,,,,,,,,
20210724,900223,21,0,1,D01,Demo Sales,2100,Demo Accrued Payables,V007,Demo Vendor Quartz,00,Out of scope,298170,0,,,,,,,,,,,,Synthetic demo multi-vendor settlement 900223,,,0,,,,,,,,,,,,,,,,,,,,,,,,,,20210724120000,V007,Demo Vendor Quartz,,,,,,,,,,,,,,,,,,,,,,,
20210724,900223,21,0,,,,,,,,,,,,1,D01,Demo Sales,1110,Demo North Current Deposit,B002,North Demo Bank,00,Out of scope,119260,0,Synthetic demo multi-vendor settlement 900223,,,0,,,,,,,,,,,,,,,,,,,,,,,,,,20210724120000,,,,,,,,,B002,North Demo Bank,,,,,,,,,,,,,,,
20210724,900223,21,0,,,,,,,,,,,,1,D01,Demo Sales,1120,Demo Harbor Ordinary Deposit,B003,Harbor Demo Bank,00,Out of scope,422850,0,Synthetic demo multi-vendor settlement 900223,,,0,,,,,,,,,,,,,,,,,,,,,,,,,,20210724120000,,,,,,,,,B003,Harbor Demo Bank,,,,,,,,,,,,,,,
20210725,900179,21,0,1,D05,Demo Digital Services,1400,Demo Prepaid Expenses,S006,Demo Insurance Services,00,Out of scope,150410,0,1,D05,Demo Digital Services,1120,Demo Harbor Ordinary Deposit,B003,Harbor Demo Bank,00,Out of scope,150410,0,Synthetic demo prepaid service 900179,,,0,,,,,,,,,,,,,,,,,,,,,,,,,,20210725120000,S006,Demo Insurance Services,,,,,,,B003,Harbor Demo Bank,,,,,,,,,,,,,,,
20210725,900214,21,0,1,D01,Demo Sales,1110,Demo North Current Deposit,B002,North Demo Bank,00,Out of scope,214710,0,1,D01,Demo Sales,1200,Demo Accounts Receivable,C003,Demo Customer Cobalt,00,Out of scope,214710,0,Synthetic demo customer receipt 900214,,,0,,,,,,,,,,,,,,,,,,,,,,,,,,20210725120000,B002,North Demo Bank,,,,,,,C003,Demo Customer Cobalt,,,,,,,,,,,,,,,
20210726,900203,21,0,1,D01,Demo Sales,1120,Demo Harbor Ordinary Deposit,B003,Harbor Demo Bank,00,Out of scope,411010,0,1,D01,Demo Sales,1200,Demo Accounts Receivable,C010,Demo Customer Juniper,00,Out of scope,411010,0,Synthetic demo customer receipt 900203,,,0,,,,,,,,,,,,,,,,,,,,,,,,,,20210726120000,B003,Harbor Demo Bank,,,,,,,C010,Demo Customer Juniper,,,,,,,,,,,,,,,
20210726,900230,21,0,1,D01,Demo Sales,1200,Demo Accounts Receivable,C001,Demo Customer Aurora,00,Out of scope,233380,0,1,D01,Demo Sales,4020,Demo Other Operating Revenue,C001,Demo Customer Aurora,B5,Taxable sale 10%,233380,21216,Synthetic demo credit sale 900230,,,0,,,,,,,,,,,,,,,,,,,,,,,,,,20210726120000,C001,Demo Customer Aurora,,,,,,,C001,Demo Customer Aurora,,,,,,,,,,,,,,,
20210728,900191,21,0,1,D06,Demo Management,2200,Demo Short-term Loans,,,00,Out of scope,284650,0,1,D06,Demo Management,1120,Demo Harbor Ordinary Deposit,B003,Harbor Demo Bank,00,Out of scope,474420,0,Synthetic demo financing settlement 900191,,,0,,,,,,,,,,,,,,,,,,,,,,,,,,20210728120000,,,,,,,,,B003,Harbor Demo Bank,,,,,,,,,,,,,,,
20210728,900191,21,0,1,D06,Demo Management,6070,Demo Bank Fees,B003,Harbor Demo Bank,00,Out of scope,14230,0,,,,,,,,,,,,Synthetic demo financing settlement 900191,,,0,,,,,,,,,,,,,,,,,,,,,,,,,,20210728120000,B003,Harbor Demo Bank,,,,,,,,,,,,,,,,,,,,,,,
20210728,900191,21,0,1,D06,Demo Management,7000,Demo Taxes and Dues,,,P0,Non-taxable purchase,175540,0,,,,,,,,,,,,Synthetic demo financing settlement 900191,,,0,,,,,,,,,,,,,,,,,,,,,,,,,,20210728120000,,,,,,,,,,,,,,,,,,,,,,,,,
20210728,900216,21,0,1,D01,Demo Sales,1100,Demo Central Ordinary Deposit,B001,Demo Central Bank,00,Out of scope,125450,0,,,,,,,,,,,,Synthetic demo mixed sales and receipt 900216,,,0,,,,,,,,,,,,,,,,,,,,,,,,,,20210728120000,B001,Demo Central Bank,,,,,,,,,,,,,,,,,,,,,,,
20210728,900216,21,0,1,D01,Demo Sales,1200,Demo Accounts Receivable,C007,Demo Customer Grove,00,Out of scope,420010,0,,,,,,,,,,,,Synthetic demo mixed sales and receipt 900216,,,0,,,,,,,,,,,,,,,,,,,,,,,,,,20210728120000,C007,Demo Customer Grove,,,,,,,,,,,,,,,,,,,,,,,
20210728,900216,21,0,,,,,,,,,,,,1,D01,Demo Sales,4000,Demo Product Sales,C008,Demo Customer Halo,B5,Taxable sale 10%,387270,35206,Synthetic demo mixed sales and receipt 900216,,,0,,,,,,,,,,,,,,,,,,,,,,,,,,20210728120000,,,,,,,,,C008,Demo Customer Halo,,,,,,,,,,,,,,,
20210728,900216,21,0,,,,,,,,,,,,1,D01,Demo Sales,4010,Demo Service Revenue,C009,Demo Customer Indigo,B5,Taxable sale 10%,158190,14381,Synthetic demo mixed sales and receipt 900216,,,0,,,,,,,,,,,,,,,,,,,,,,,,,,20210728120000,,,,,,,,,C009,Demo Customer Indigo,,,,,,,,,,,,,,,
20210728,900220,21,0,1,D01,Demo Sales,1200,Demo Accounts Receivable,C001,Demo Customer Aurora,00,Out of scope,458600,0,1,D01,Demo Sales,4010,Demo Service Revenue,C001,Demo Customer Aurora,B5,Taxable sale 10%,458600,41691,Synthetic demo credit sale 900220,,,0,,,,,,,,,,,,,,,,,,,,,,,,,,20210728120000,C001,Demo Customer Aurora,,,,,,,C001,Demo Customer Aurora,,,,,,,,,,,,,,,
20210728,900222,21,0,1,D01,Demo Sales,1200,Demo Accounts Receivable,C007,Demo Customer Grove,00,Out of scope,597180,0,1,D01,Demo Sales,4000,Demo Product Sales,C007,Demo Customer Grove,R5,Taxable sale 8%,597180,44236,Synthetic demo credit sale 900222,,,0,,,,,,,,,,,,,,,,,,,,,,,,,,20210728120000,C007,Demo Customer Grove,,,,,,,C007,Demo Customer Grove,,,,,,,,,,,,,,,
20210728,900227,21,0,1,D04,Demo Logistics,2000,Demo Accounts Payable,V006,Demo Vendor Prairie,00,Out of scope,336990,0,1,D04,Demo Logistics,1120,Demo Harbor Ordinary Deposit,B003,Harbor Demo Bank,00,Out of scope,336990,0,Synthetic demo vendor settlement 900227,,,0,,,,,,,,,,,,,,,,,,,,,,,,,,20210728120000,V006,Demo Vendor Prairie,,,,,,,B003,Harbor Demo Bank,,,,,,,,,,,,,,,
20210729,900202,21,0,1,D01,Demo Sales,1200,Demo Accounts Receivable,C007,Demo Customer Grove,00,Out of scope,317450,0,1,D01,Demo Sales,4010,Demo Service Revenue,C007,Demo Customer Grove,B5,Taxable sale 10%,317450,28859,Synthetic demo credit sale 900202,,,0,,,,,,,,,,,,,,,,,,,,,,,,,,20210729120000,C007,Demo Customer Grove,,,,,,,C007,Demo Customer Grove,,,,,,,,,,,,,,,
20210729,900205,21,0,1,D04,Demo Logistics,5010,Demo Freight-in,V006,Demo Vendor Prairie,C5,Synthetic demo tax category C5,62220,5656,1,D04,Demo Logistics,2000,Demo Accounts Payable,V006,Demo Vendor Prairie,00,Out of scope,62220,0,Synthetic demo purchase on account 900205,,,0,,,,,,,,,,,,,,,,,,,,,,,,,,20210729120000,V006,Demo Vendor Prairie,,,,,,,V006,Demo Vendor Prairie,,,,,,,,,,,,,,,
20210729,900207,21,0,1,D04,Demo Logistics,2000,Demo Accounts Payable,V006,Demo Vendor Prairie,00,Out of scope,142340,0,1,D04,Demo Logistics,1100,Demo Central Ordinary Deposit,B001,Demo Central Bank,00,Out of scope,142340,0,Synthetic demo vendor settlement 900207,,,0,,,,,,,,,,,,,,,,,,,,,,,,,,20210729120000,V006,Demo Vendor Prairie,,,,,,,B001,Demo Central Bank,,,,,,,,,,,,,,,
20210730,900219,21,0,1,D02,Demo Administration,6000,Demo Salaries,,,00,Out of scope,214040,0,1,D02,Demo Administration,1100,Demo Central Ordinary Deposit,B001,Demo Central Bank,00,Out of scope,509620,0,Synthetic demo monthly payroll bundle 900219,,,0,,,,,,,,,,,,,,,,,,,,,,,,,,20210730120000,,,,,,,,,B001,Demo Central Bank,,,,,,,,,,,,,,,
20210730,900219,21,0,1,D02,Demo Administration,6010,Demo Statutory Welfare,,,00,Out of scope,117210,0,,,,,,,,,,,,Synthetic demo monthly payroll bundle 900219,,,0,,,,,,,,,,,,,,,,,,,,,,,,,,20210730120000,,,,,,,,,,,,,,,,,,,,,,,,,
20210730,900219,21,0,1,D02,Demo Administration,2110,Demo Payroll Withholding,,,00,Out of scope,178370,0,,,,,,,,,,,,Synthetic demo monthly payroll bundle 900219,,,0,,,,,,,,,,,,,,,,,,,,,,,,,,20210730120000,,,,,,,,,,,,,,,,,,,,,,,,,
20210730,900232,21,0,1,D03,Demo Operations,6030,Demo Utilities,S002,Demo Energy Services,Q5,Taxable purchase 10%,244760,22251,1,D03,Demo Operations,1110,Demo North Current Deposit,B002,North Demo Bank,00,Out of scope,445020,0,Synthetic demo operating cost bundle 900232,,,0,,,,,,,,,,,,,,,,,,,,,,,,,,20210730120000,S002,Demo Energy Services,,,,,,,B002,North Demo Bank,,,,,,,,,,,,,,,
20210730,900232,21,0,1,D03,Demo Operations,6040,Demo Communication,S003,Demo Network Services,Q5,Taxable purchase 10%,80100,7282,,,,,,,,,,,,Synthetic demo operating cost bundle 900232,,,0,,,,,,,,,,,,,,,,,,,,,,,,,,20210730120000,S003,Demo Network Services,,,,,,,,,,,,,,,,,,,,,,,
20210730,900232,21,0,1,D03,Demo Operations,6060,Demo Office Supplies,V003,Demo Vendor Mosaic,Q5,Taxable purchase 10%,120160,10924,,,,,,,,,,,,Synthetic demo operating cost bundle 900232,,,0,,,,,,,,,,,,,,,,,,,,,,,,,,20210730120000,V003,Demo Vendor Mosaic,,,,,,,,,,,,,,,,,,,,,,,
20210731,900185,21,0,1,D04,Demo Logistics,5020,Demo Inventory Adjustment,V006,Demo Vendor Prairie,Q5,Taxable purchase 10%,252490,22954,1,D04,Demo Logistics,2000,Demo Accounts Payable,V006,Demo Vendor Prairie,00,Out of scope,252490,0,Synthetic demo purchase on account 900185,,,0,,,,,,,,,,,,,,,,,,,,,,,,,,20210731120000,V006,Demo Vendor Prairie,,,,,,,V006,Demo Vendor Prairie,,,,,,,,,,,,,,,
20210731,900208,21,0,1,D03,Demo Operations,6120,Demo Professional Fees,V001,Demo Vendor Keystone,Q5,Taxable purchase 10%,124060,11278,1,D03,Demo Operations,1110,Demo North Current Deposit,B002,North Demo Bank,00,Out of scope,124060,0,Synthetic demo operating expense 900208,,,0,,,,,,,,,,,,,,,,,,,,,,,,,,20210731120000,V001,Demo Vendor Keystone,,,,,,,B002,North Demo Bank,,,,,,,,,,,,,,,
20210731,900217,21,0,1,D04,Demo Logistics,2000,Demo Accounts Payable,V006,Demo Vendor Prairie,00,Out of scope,99660,0,1,D04,Demo Logistics,1110,Demo North Current Deposit,B002,North Demo Bank,00,Out of scope,99660,0,Synthetic demo vendor settlement 900217,,,0,,,,,,,,,,,,,,,,,,,,,,,,,,20210731120000,V006,Demo Vendor Prairie,,,,,,,B002,North Demo Bank,,,,,,,,,,,,,,,
20210731,900229,21,0,1,D01,Demo Sales,2000,Demo Accounts Payable,V010,Demo Vendor Tandem,00,Out of scope,469810,0,,,,,,,,,,,,Synthetic demo multi-vendor settlement 900229,,,0,,,,,,,,,,,,,,,,,,,,,,,,,,20210731120000,V010,Demo Vendor Tandem,,,,,,,,,,,,,,,,,,,,,,,
20210731,900229,21,0,1,D01,Demo Sales,2100,Demo Accrued Payables,V003,Demo Vendor Mosaic,00,Out of scope,287950,0,,,,,,,,,,,,Synthetic demo multi-vendor settlement 900229,,,0,,,,,,,,,,,,,,,,,,,,,,,,,,20210731120000,V003,Demo Vendor Mosaic,,,,,,,,,,,,,,,,,,,,,,,
20210731,900229,21,0,,,,,,,,,,,,1,D01,Demo Sales,1110,Demo North Current Deposit,B002,North Demo Bank,00,Out of scope,409190,0,Synthetic demo multi-vendor settlement 900229,,,0,,,,,,,,,,,,,,,,,,,,,,,,,,20210731120000,,,,,,,,,B002,North Demo Bank,,,,,,,,,,,,,,,
20210731,900229,21,0,,,,,,,,,,,,1,D01,Demo Sales,1120,Demo Harbor Ordinary Deposit,B003,Harbor Demo Bank,00,Out of scope,348570,0,Synthetic demo multi-vendor settlement 900229,,,0,,,,,,,,,,,,,,,,,,,,,,,,,,20210731120000,,,,,,,,,B003,Harbor Demo Bank,,,,,,,,,,,,,,,
20210801,900274,21,0,1,D01,Demo Sales,1110,Demo North Current Deposit,B002,North Demo Bank,00,Out of scope,417370,0,1,D01,Demo Sales,1200,Demo Accounts Receivable,C003,Demo Customer Cobalt,00,Out of scope,417370,0,Synthetic demo customer receipt 900274,,,0,,,,,,,,,,,,,,,,,,,,,,,,,,20210801120000,B002,North Demo Bank,,,,,,,C003,Demo Customer Cobalt,,,,,,,,,,,,,,,
20210802,900241,21,0,1,D01,Demo Sales,2000,Demo Accounts Payable,V002,Demo Vendor Lattice,00,Out of scope,90560,0,,,,,,,,,,,,Synthetic demo multi-vendor settlement 900241,,,0,,,,,,,,,,,,,,,,,,,,,,,,,,20210802120000,V002,Demo Vendor Lattice,,,,,,,,,,,,,,,,,,,,,,,
20210802,900241,21,0,1,D01,Demo Sales,2100,Demo Accrued Payables,V005,Demo Vendor Orchid,00,Out of scope,102140,0,,,,,,,,,,,,Synthetic demo multi-vendor settlement 900241,,,0,,,,,,,,,,,,,,,,,,,,,,,,,,20210802120000,V005,Demo Vendor Orchid,,,,,,,,,,,,,,,,,,,,,,,
20210802,900241,21,0,,,,,,,,,,,,1,D01,Demo Sales,1110,Demo North Current Deposit,B002,North Demo Bank,00,Out of scope,131030,0,Synthetic demo multi-vendor settlement 900241,,,0,,,,,,,,,,,,,,,,,,,,,,,,,,20210802120000,,,,,,,,,B002,North Demo Bank,,,,,,,,,,,,,,,
20210802,900241,21,0,,,,,,,,,,,,1,D01,Demo Sales,1120,Demo Harbor Ordinary Deposit,B003,Harbor Demo Bank,00,Out of scope,61670,0,Synthetic demo multi-vendor settlement 900241,,,0,,,,,,,,,,,,,,,,,,,,,,,,,,20210802120000,,,,,,,,,B003,Harbor Demo Bank,,,,,,,,,,,,,,,
20210802,900250,21,0,1,D01,Demo Sales,1200,Demo Accounts Receivable,C001,Demo Customer Aurora,00,Out of scope,366950,0,1,D01,Demo Sales,4010,Demo Service Revenue,C001,Demo Customer Aurora,B5,Taxable sale 10%,366950,33359,Synthetic demo credit sale 900250,,,0,,,,,,,,,,,,,,,,,,,,,,,,,,20210802120000,C001,Demo Customer Aurora,,,,,,,C001,Demo Customer Aurora,,,,,,,,,,,,,,,
20210802,900252,21,0,1,D01,Demo Sales,1200,Demo Accounts Receivable,C007,Demo Customer Grove,00,Out of scope,583320,0,1,D01,Demo Sales,4000,Demo Product Sales,C007,Demo Customer Grove,B5,Taxable sale 10%,583320,53029,Synthetic demo credit sale 900252,,,0,,,,,,,,,,,,,,,,,,,,,,,,,,20210802120000,C007,Demo Customer Grove,,,,,,,C007,Demo Customer Grove,,,,,,,,,,,,,,,
20210802,900269,21,0,1,D05,Demo Digital Services,1400,Demo Prepaid Expenses,S006,Demo Insurance Services,00,Out of scope,192880,0,1,D05,Demo Digital Services,1120,Demo Harbor Ordinary Deposit,B003,Harbor Demo Bank,00,Out of scope,192880,0,Synthetic demo prepaid service 900269,,,0,,,,,,,,,,,,,,,,,,,,,,,,,,20210802120000,S006,Demo Insurance Services,,,,,,,B003,Harbor Demo Bank,,,,,,,,,,,,,,,
20210804,900240,21,0,1,D01,Demo Sales,1200,Demo Accounts Receivable,C001,Demo Customer Aurora,00,Out of scope,378250,0,1,D01,Demo Sales,4000,Demo Product Sales,C001,Demo Customer Aurora,B5,Taxable sale 10%,378250,34386,Synthetic demo credit sale 900240,,,0,,,,,,,,,,,,,,,,,,,,,,,,,,20210804120000,C001,Demo Customer Aurora,,,,,,,C001,Demo Customer Aurora,,,,,,,,,,,,,,,
20210804,900257,21,0,1,D06,Demo Management,2200,Demo Short-term Loans,,,00,Out of scope,188010,0,1,D06,Demo Management,1120,Demo Harbor Ordinary Deposit,B003,Harbor Demo Bank,00,Out of scope,626720,0,Synthetic demo financing settlement 900257,,,0,,,,,,,,,,,,,,,,,,,,,,,,,,20210804120000,,,,,,,,,B003,Harbor Demo Bank,,,,,,,,,,,,,,,
20210804,900257,21,0,1,D06,Demo Management,6070,Demo Bank Fees,B003,Harbor Demo Bank,00,Out of scope,238150,0,,,,,,,,,,,,Synthetic demo financing settlement 900257,,,0,,,,,,,,,,,,,,,,,,,,,,,,,,20210804120000,B003,Harbor Demo Bank,,,,,,,,,,,,,,,,,,,,,,,
20210804,900257,21,0,1,D06,Demo Management,7000,Demo Taxes and Dues,,,P0,Non-taxable purchase,200560,0,,,,,,,,,,,,Synthetic demo financing settlement 900257,,,0,,,,,,,,,,,,,,,,,,,,,,,,,,20210804120000,,,,,,,,,,,,,,,,,,,,,,,,,
20210804,900259,21,0,1,D05,Demo Digital Services,1400,Demo Prepaid Expenses,S002,Demo Energy Services,00,Out of scope,139150,0,1,D05,Demo Digital Services,1110,Demo North Current Deposit,B002,North Demo Bank,00,Out of scope,139150,0,Synthetic demo prepaid service 900259,,,0,,,,,,,,,,,,,,,,,,,,,,,,,,20210804120000,S002,Demo Energy Services,,,,,,,B002,North Demo Bank,,,,,,,,,,,,,,,
20210804,900277,21,0,1,D04,Demo Logistics,2000,Demo Accounts Payable,V006,Demo Vendor Prairie,00,Out of scope,34910,0,1,D04,Demo Logistics,1110,Demo North Current Deposit,B002,North Demo Bank,00,Out of scope,34910,0,Synthetic demo vendor settlement 900277,,,0,,,,,,,,,,,,,,,,,,,,,,,,,,20210804120000,V006,Demo Vendor Prairie,,,,,,,B002,North Demo Bank,,,,,,,,,,,,,,,
20210805,900273,21,0,1,D01,Demo Sales,2000,Demo Accounts Payable,V004,Demo Vendor Nimbus,00,Out of scope,184040,0,,,,,,,,,,,,Synthetic demo multi-vendor settlement 900273,,,0,,,,,,,,,,,,,,,,,,,,,,,,,,20210805120000,V004,Demo Vendor Nimbus,,,,,,,,,,,,,,,,,,,,,,,
20210805,900273,21,0,1,D01,Demo Sales,2100,Demo Accrued Payables,V007,Demo Vendor Quartz,00,Out of scope,40400,0,,,,,,,,,,,,Synthetic demo multi-vendor settlement 900273,,,0,,,,,,,,,,,,,,,,,,,,,,,,,,20210805120000,V007,Demo Vendor Quartz,,,,,,,,,,,,,,,,,,,,,,,
20210805,900273,21,0,,,,,,,,,,,,1,D01,Demo Sales,1100,Demo Central Ordinary Deposit,B001,Demo Central Bank,00,Out of scope,141390,0,Synthetic demo multi-vendor settlement 900273,,,0,,,,,,,,,,,,,,,,,,,,,,,,,,20210805120000,,,,,,,,,B001,Demo Central Bank,,,,,,,,,,,,,,,
20210805,900273,21,0,,,,,,,,,,,,1,D01,Demo Sales,1110,Demo North Current Deposit,B002,North Demo Bank,00,Out of scope,83050,0,Synthetic demo multi-vendor settlement 900273,,,0,,,,,,,,,,,,,,,,,,,,,,,,,,20210805120000,,,,,,,,,B002,North Demo Bank,,,,,,,,,,,,,,,
20210806,900255,21,0,1,D04,Demo Logistics,5000,Demo Purchases,V006,Demo Vendor Prairie,Q5,Taxable purchase 10%,149650,13605,1,D04,Demo Logistics,2000,Demo Accounts Payable,V006,Demo Vendor Prairie,00,Out of scope,149650,0,Synthetic demo purchase on account 900255,,,0,,,,,,,,,,,,,,,,,,,,,,,,,,20210806120000,V006,Demo Vendor Prairie,,,,,,,V006,Demo Vendor Prairie,,,,,,,,,,,,,,,
20210806,900270,21,0,1,D02,Demo Administration,6000,Demo Salaries,,,00,Out of scope,244920,0,1,D02,Demo Administration,1100,Demo Central Ordinary Deposit,B001,Demo Central Bank,00,Out of scope,569590,0,Synthetic demo monthly payroll bundle 900270,,,0,,,,,,,,,,,,,,,,,,,,,,,,,,20210806120000,,,,,,,,,B001,Demo Central Bank,,,,,,,,,,,,,,,
20210806,900270,21,0,1,D02,Demo Administration,6010,Demo Statutory Welfare,,,00,Out of scope,11390,0,,,,,,,,,,,,Synthetic demo monthly payroll bundle 900270,,,0,,,,,,,,,,,,,,,,,,,,,,,,,,20210806120000,,,,,,,,,,,,,,,,,,,,,,,,,
20210806,900270,21,0,1,D02,Demo Administration,2110,Demo Payroll Withholding,,,00,Out of scope,313280,0,,,,,,,,,,,,Synthetic demo monthly payroll bundle 900270,,,0,,,,,,,,,,,,,,,,,,,,,,,,,,20210806120000,,,,,,,,,,,,,,,,,,,,,,,,,
20210807,900279,21,0,1,D02,Demo Administration,6000,Demo Salaries,,,00,Out of scope,112090,0,1,D02,Demo Administration,1100,Demo Central Ordinary Deposit,B001,Demo Central Bank,00,Out of scope,700610,0,Synthetic demo monthly payroll bundle 900279,,,0,,,,,,,,,,,,,,,,,,,,,,,,,,20210807120000,,,,,,,,,B001,Demo Central Bank,,,,,,,,,,,,,,,
20210807,900279,21,0,1,D02,Demo Administration,6010,Demo Statutory Welfare,,,00,Out of scope,245210,0,,,,,,,,,,,,Synthetic demo monthly payroll bundle 900279,,,0,,,,,,,,,,,,,,,,,,,,,,,,,,20210807120000,,,,,,,,,,,,,,,,,,,,,,,,,
20210807,900279,21,0,1,D02,Demo Administration,2110,Demo Payroll Withholding,,,00,Out of scope,343310,0,,,,,,,,,,,,Synthetic demo monthly payroll bundle 900279,,,0,,,,,,,,,,,,,,,,,,,,,,,,,,20210807120000,,,,,,,,,,,,,,,,,,,,,,,,,
20210808,900245,21,0,1,D04,Demo Logistics,5020,Demo Inventory Adjustment,V006,Demo Vendor Prairie,Q5,Taxable purchase 10%,189000,17182,1,D04,Demo Logistics,2000,Demo Accounts Payable,V006,Demo Vendor Prairie,00,Out of scope,189000,0,Synthetic demo purchase on account 900245,,,0,,,,,,,,,,,,,,,,,,,,,,,,,,20210808120000,V006,Demo Vendor Prairie,,,,,,,V006,Demo Vendor Prairie,,,,,,,,,,,,,,,
20210809,900264,21,0,1,D02,Demo Administration,6000,Demo Salaries,,,00,Out of scope,62710,0,1,D02,Demo Administration,1100,Demo Central Ordinary Deposit,B001,Demo Central Bank,00,Out of scope,418120,0,Synthetic demo monthly payroll bundle 900264,,,0,,,,,,,,,,,,,,,,,,,,,,,,,,20210809120000,,,,,,,,,B001,Demo Central Bank,,,,,,,,,,,,,,,
20210809,900264,21,0,1,D02,Demo Administration,6010,Demo Statutory Welfare,,,00,Out of scope,121250,0,,,,,,,,,,,,Synthetic demo monthly payroll bundle 900264,,,0,,,,,,,,,,,,,,,,,,,,,,,,,,20210809120000,,,,,,,,,,,,,,,,,,,,,,,,,
20210809,900264,21,0,1,D02,Demo Administration,2110,Demo Payroll Withholding,,,00,Out of scope,234160,0,,,,,,,,,,,,Synthetic demo monthly payroll bundle 900264,,,0,,,,,,,,,,,,,,,,,,,,,,,,,,20210809120000,,,,,,,,,,,,,,,,,,,,,,,,,
20210809,900280,21,0,1,D01,Demo Sales,1200,Demo Accounts Receivable,C001,Demo Customer Aurora,00,Out of scope,532330,0,1,D01,Demo Sales,4010,Demo Service Revenue,C001,Demo Customer Aurora,B5,Taxable sale 10%,532330,48394,Synthetic demo credit sale 900280,,,0,,,,,,,,,,,,,,,,,,,,,,,,,,20210809120000,C001,Demo Customer Aurora,,,,,,,C001,Demo Customer Aurora,,,,,,,,,,,,,,,
20210811,900291,21,0,1,D02,Demo Administration,6000,Demo Salaries,,,00,Out of scope,96710,0,1,D02,Demo Administration,1100,Demo Central Ordinary Deposit,B001,Demo Central Bank,00,Out of scope,197380,0,Synthetic demo monthly payroll bundle 900291,,,0,,,,,,,,,,,,,,,,,,,,,,,,,,20210811120000,,,,,,,,,B001,Demo Central Bank,,,,,,,,,,,,,,,
20210811,900291,21,0,1,D02,Demo Administration,6010,Demo Statutory Welfare,,,00,Out of scope,59210,0,,,,,,,,,,,,Synthetic demo monthly payroll bundle 900291,,,0,,,,,,,,,,,,,,,,,,,,,,,,,,20210811120000,,,,,,,,,,,,,,,,,,,,,,,,,
20210811,900291,21,0,1,D02,Demo Administration,2110,Demo Payroll Withholding,,,00,Out of scope,41460,0,,,,,,,,,,,,Synthetic demo monthly payroll bundle 900291,,,0,,,,,,,,,,,,,,,,,,,,,,,,,,20210811120000,,,,,,,,,,,,,,,,,,,,,,,,,
20210811,900292,21,0,1,D01,Demo Sales,1200,Demo Accounts Receivable,C007,Demo Customer Grove,00,Out of scope,282820,0,1,D01,Demo Sales,4010,Demo Service Revenue,C007,Demo Customer Grove,B5,Taxable sale 10%,282820,25711,Synthetic demo credit sale 900292,,,0,,,,,,,,,,,,,,,,,,,,,,,,,,20210811120000,C007,Demo Customer Grove,,,,,,,C007,Demo Customer Grove,,,,,,,,,,,,,,,
20210812,900249,21,0,1,D05,Demo Digital Services,1400,Demo Prepaid Expenses,S004,Demo Logistics Services,00,Out of scope,172120,0,1,D05,Demo Digital Services,1100,Demo Central Ordinary Deposit,B001,Demo Central Bank,00,Out of scope,172120,0,Synthetic demo prepaid service 900249,,,0,,,,,,,,,,,,,,,,,,,,,,,,,,20210812120000,S004,Demo Logistics Services,,,,,,,B001,Demo Central Bank,,,,,,,,,,,,,,,
20210812,900287,21,0,1,D01,Demo Sales,2000,Demo Accounts Payable,V008,Demo Vendor Rivulet,00,Out of scope,262520,0,,,,,,,,,,,,Synthetic demo multi-vendor settlement 900287,,,0,,,,,,,,,,,,,,,,,,,,,,,,,,20210812120000,V008,Demo Vendor Rivulet,,,,,,,,,,,,,,,,,,,,,,,
20210812,900287,21,0,1,D01,Demo Sales,2100,Demo Accrued Payables,V001,Demo Vendor Keystone,00,Out of scope,447020,0,,,,,,,,,,,,Synthetic demo multi-vendor settlement 900287,,,0,,,,,,,,,,,,,,,,,,,,,,,,,,20210812120000,V001,Demo Vendor Keystone,,,,,,,,,,,,,,,,,,,,,,,
20210812,900287,21,0,,,,,,,,,,,,1,D01,Demo Sales,1120,Demo Harbor Ordinary Deposit,B003,Harbor Demo Bank,00,Out of scope,546340,0,Synthetic demo multi-vendor settlement 900287,,,0,,,,,,,,,,,,,,,,,,,,,,,,,,20210812120000,,,,,,,,,B003,Harbor Demo Bank,,,,,,,,,,,,,,,
20210812,900287,21,0,,,,,,,,,,,,1,D01,Demo Sales,1100,Demo Central Ordinary Deposit,B001,Demo Central Bank,00,Out of scope,163200,0,Synthetic demo multi-vendor settlement 900287,,,0,,,,,,,,,,,,,,,,,,,,,,,,,,20210812120000,,,,,,,,,B001,Demo Central Bank,,,,,,,,,,,,,,,
20210813,900253,21,0,1,D01,Demo Sales,1110,Demo North Current Deposit,B002,North Demo Bank,00,Out of scope,179710,0,1,D01,Demo Sales,1200,Demo Accounts Receivable,C010,Demo Customer Juniper,00,Out of scope,179710,0,Synthetic demo customer receipt 900253,,,0,,,,,,,,,,,,,,,,,,,,,,,,,,20210813120000,B002,North Demo Bank,,,,,,,C010,Demo Customer Juniper,,,,,,,,,,,,,,,
20210813,900278,21,0,1,D05,Demo Digital Services,6100,Demo Repairs,V001,Demo Vendor Keystone,Q5,Taxable purchase 10%,103020,9365,1,D05,Demo Digital Services,1120,Demo Harbor Ordinary Deposit,B003,Harbor Demo Bank,00,Out of scope,103020,0,Synthetic demo operating expense 900278,,,0,,,,,,,,,,,,,,,,,,,,,,,,,,20210813120000,V001,Demo Vendor Keystone,,,,,,,B003,Harbor Demo Bank,,,,,,,,,,,,,,,
20210813,900283,21,0,1,D01,Demo Sales,1110,Demo North Current Deposit,B002,North Demo Bank,00,Out of scope,237520,0,1,D01,Demo Sales,1200,Demo Accounts Receivable,C010,Demo Customer Juniper,00,Out of scope,237520,0,Synthetic demo customer receipt 900283,,,0,,,,,,,,,,,,,,,,,,,,,,,,,,20210813120000,B002,North Demo Bank,,,,,,,C010,Demo Customer Juniper,,,,,,,,,,,,,,,
20210813,900294,21,0,1,D01,Demo Sales,1100,Demo Central Ordinary Deposit,B001,Demo Central Bank,00,Out of scope,555460,0,,,,,,,,,,,,Synthetic demo mixed sales and receipt 900294,,,0,,,,,,,,,,,,,,,,,,,,,,,,,,20210813120000,B001,Demo Central Bank,,,,,,,,,,,,,,,,,,,,,,,
20210813,900294,21,0,1,D01,Demo Sales,1200,Demo Accounts Receivable,C005,Demo Customer Elm,00,Out of scope,130300,0,,,,,,,,,,,,Synthetic demo mixed sales and receipt 900294,,,0,,,,,,,,,,,,,,,,,,,,,,,,,,20210813120000,C005,Demo Customer Elm,,,,,,,,,,,,,,,,,,,,,,,
20210813,900294,21,0,,,,,,,,,,,,1,D01,Demo Sales,4000,Demo Product Sales,C006,Demo Customer Fjord,R5,Taxable sale 8%,205720,15239,Synthetic demo mixed sales and receipt 900294,,,0,,,,,,,,,,,,,,,,,,,,,,,,,,20210813120000,,,,,,,,,C006,Demo Customer Fjord,,,,,,,,,,,,,,,
20210813,900294,21,0,,,,,,,,,,,,1,D01,Demo Sales,4010,Demo Service Revenue,C007,Demo Customer Grove,B5,Taxable sale 10%,480040,43640,Synthetic demo mixed sales and receipt 900294,,,0,,,,,,,,,,,,,,,,,,,,,,,,,,20210813120000,,,,,,,,,C007,Demo Customer Grove,,,,,,,,,,,,,,,
20210814,900272,21,0,1,D01,Demo Sales,1200,Demo Accounts Receivable,C007,Demo Customer Grove,00,Out of scope,284960,0,1,D01,Demo Sales,4020,Demo Other Operating Revenue,C007,Demo Customer Grove,B5,Taxable sale 10%,284960,25905,Synthetic demo credit sale 900272,,,0,,,,,,,,,,,,,,,,,,,,,,,,,,20210814120000,C007,Demo Customer Grove,,,,,,,C007,Demo Customer Grove,,,,,,,,,,,,,,,
20210815,900238,21,0,1,D03,Demo Operations,6030,Demo Utilities,S002,Demo Energy Services,Q5,Taxable purchase 10%,179220,16293,1,D03,Demo Operations,1110,Demo North Current Deposit,B002,North Demo Bank,00,Out of scope,229780,0,Synthetic demo operating cost bundle 900238,,,0,,,,,,,,,,,,,,,,,,,,,,,,,,20210815120000,S002,Demo Energy Services,,,,,,,B002,North Demo Bank,,,,,,,,,,,,,,,
20210815,900238,21,0,1,D03,Demo Operations,6040,Demo Communication,S003,Demo Network Services,Q5,Taxable purchase 10%,13780,1253,,,,,,,,,,,,Synthetic demo operating cost bundle 900238,,,0,,,,,,,,,,,,,,,,,,,,,,,,,,20210815120000,S003,Demo Network Services,,,,,,,,,,,,,,,,,,,,,,,
20210815,900238,21,0,1,D03,Demo Operations,6060,Demo Office Supplies,V009,Demo Vendor Summit,Q5,Taxable purchase 10%,36780,3344,,,,,,,,,,,,Synthetic demo operating cost bundle 900238,,,0,,,,,,,,,,,,,,,,,,,,,,,,,,20210815120000,V009,Demo Vendor Summit,,,,,,,,,,,,,,,,,,,,,,,
20210815,900248,21,0,1,D01,Demo Sales,1120,Demo Harbor Ordinary Deposit,B003,Harbor Demo Bank,00,Out of scope,393100,0,,,,,,,,,,,,Synthetic demo mixed sales and receipt 900248,,,0,,,,,,,,,,,,,,,,,,,,,,,,,,20210815120000,B003,Harbor Demo Bank,,,,,,,,,,,,,,,,,,,,,,,
20210815,900248,21,0,1,D01,Demo Sales,1200,Demo Accounts Receivable,C009,Demo Customer Indigo,00,Out of scope,104500,0,,,,,,,,,,,,Synthetic demo mixed sales and receipt 900248,,,0,,,,,,,,,,,,,,,,,,,,,,,,,,20210815120000,C009,Demo Customer Indigo,,,,,,,,,,,,,,,,,,,,,,,
20210815,900248,21,0,,,,,,,,,,,,1,D01,Demo Sales,4000,Demo Product Sales,C010,Demo Customer Juniper,B5,Taxable sale 10%,144300,13118,Synthetic demo mixed sales and receipt 900248,,,0,,,,,,,,,,,,,,,,,,,,,,,,,,20210815120000,,,,,,,,,C010,Demo Customer Juniper,,,,,,,,,,,,,,,
20210815,900248,21,0,,,,,,,,,,,,1,D01,Demo Sales,4010,Demo Service Revenue,C001,Demo Customer Aurora,B5,Taxable sale 10%,353300,32118,Synthetic demo mixed sales and receipt 900248,,,0,,,,,,,,,,,,,,,,,,,,,,,,,,20210815120000,,,,,,,,,C001,Demo Customer Aurora,,,,,,,,,,,,,,,
20210815,900254,21,0,1,D01,Demo Sales,1120,Demo Harbor Ordinary Deposit,B003,Harbor Demo Bank,00,Out of scope,343440,0,,,,,,,,,,,,Synthetic demo mixed sales and receipt 900254,,,0,,,,,,,,,,,,,,,,,,,,,,,,,,20210815120000,B003,Harbor Demo Bank,,,,,,,,,,,,,,,,,,,,,,,
20210815,900254,21,0,1,D01,Demo Sales,1200,Demo Accounts Receivable,C005,Demo Customer Elm,00,Out of scope,85870,0,,,,,,,,,,,,Synthetic demo mixed sales and receipt 900254,,,0,,,,,,,,,,,,,,,,,,,,,,,,,,20210815120000,C005,Demo Customer Elm,,,,,,,,,,,,,,,,,,,,,,,
20210815,900254,21,0,,,,,,,,,,,,1,D01,Demo Sales,4000,Demo Product Sales,C006,Demo Customer Fjord,B5,Taxable sale 10%,141670,12879,Synthetic demo mixed sales and receipt 900254,,,0,,,,,,,,,,,,,,,,,,,,,,,,,,20210815120000,,,,,,,,,C006,Demo Customer Fjord,,,,,,,,,,,,,,,
20210815,900254,21,0,,,,,,,,,,,,1,D01,Demo Sales,4010,Demo Service Revenue,C007,Demo Customer Grove,B5,Taxable sale 10%,287640,26149,Synthetic demo mixed sales and receipt 900254,,,0,,,,,,,,,,,,,,,,,,,,,,,,,,20210815120000,,,,,,,,,C007,Demo Customer Grove,,,,,,,,,,,,,,,
20210815,900261,21,0,1,D01,Demo Sales,1200,Demo Accounts Receivable,C004,Demo Customer Dawn,00,Out of scope,268900,0,1,D01,Demo Sales,4000,Demo Product Sales,C004,Demo Customer Dawn,B5,Taxable sale 10%,268900,24445,Synthetic demo credit sale 900261,,,0,,,,,,,,,,,,,,,,,,,,,,,,,,20210815120000,C004,Demo Customer Dawn,,,,,,,C004,Demo Customer Dawn,,,,,,,,,,,,,,,
20210816,900260,21,0,1,D01,Demo Sales,1120,Demo Harbor Ordinary Deposit,B003,Harbor Demo Bank,00,Out of scope,53760,0,,,,,,,,,,,,Synthetic demo mixed sales and receipt 900260,,,0,,,,,,,,,,,,,,,,,,,,,,,,,,20210816120000,B003,Harbor Demo Bank,,,,,,,,,,,,,,,,,,,,,,,
20210816,900260,21,0,1,D01,Demo Sales,1200,Demo Accounts Receivable,C001,Demo Customer Aurora,00,Out of scope,109160,0,,,,,,,,,,,,Synthetic demo mixed sales and receipt 900260,,,0,,,,,,,,,,,,,,,,,,,,,,,,,,20210816120000,C001,Demo Customer Aurora,,,,,,,,,,,,,,,,,,,,,,,
20210816,900260,21,0,,,,,,,,,,,,1,D01,Demo Sales,4000,Demo Product Sales,C002,Demo Customer Birch,B5,Taxable sale 10%,26060,2369,Synthetic demo mixed sales and receipt 900260,,,0,,,,,,,,,,,,,,,,,,,,,,,,,,20210816120000,,,,,,,,,C002,Demo Customer Birch,,,,,,,,,,,,,,,
20210816,900260,21,0,,,,,,,,,,,,1,D01,Demo Sales,4010,Demo Service Revenue,C003,Demo Customer Cobalt,B5,Taxable sale 10%,136860,12442,Synthetic demo mixed sales and receipt 900260,,,0,,,,,,,,,,,,,,,,,,,,,,,,,,20210816120000,,,,,,,,,C003,Demo Customer Cobalt,,,,,,,,,,,,,,,
20210816,900282,21,0,1,D01,Demo Sales,1200,Demo Accounts Receivable,C007,Demo Customer Grove,00,Out of scope,146210,0,1,D01,Demo Sales,4000,Demo Product Sales,C007,Demo Customer Grove,B5,Taxable sale 10%,146210,13292,Synthetic demo credit sale 900282,,,0,,,,,,,,,,,,,,,,,,,,,,,,,,20210816120000,C007,Demo Customer Grove,,,,,,,C007,Demo Customer Grove,,,,,,,,,,,,,,,
20210817,900239,21,0,1,D05,Demo Digital Services,1400,Demo Prepaid Expenses,S006,Demo Insurance Services,00,Out of scope,208130,0,1,D05,Demo Digital Services,1120,Demo Harbor Ordinary Deposit,B003,Harbor Demo Bank,00,Out of scope,208130,0,Synthetic demo prepaid service 900239,,,0,,,,,,,,,,,,,,,,,,,,,,,,,,20210817120000,S006,Demo Insurance Services,,,,,,,B003,Harbor Demo Bank,,,,,,,,,,,,,,,
20210817,900271,21,0,1,D01,Demo Sales,1200,Demo Accounts Receivable,C004,Demo Customer Dawn,00,Out of scope,316370,0,1,D01,Demo Sales,4010,Demo Service Revenue,C004,Demo Customer Dawn,B5,Taxable sale 10%,316370,28761,Synthetic demo credit sale 900271,,,0,,,,,,,,,,,,,,,,,,,,,,,,,,20210817120000,C004,Demo Customer Dawn,,,,,,,C004,Demo Customer Dawn,,,,,,,,,,,,,,,
20210817,900284,21,0,1,D01,Demo Sales,1120,Demo Harbor Ordinary Deposit,B003,Harbor Demo Bank,00,Out of scope,182170,0,1,D01,Demo Sales,1200,Demo Accounts Receivable,C003,Demo Customer Cobalt,00,Out of scope,182170,0,Synthetic demo customer receipt 900284,,,0,,,,,,,,,,,,,,,,,,,,,,,,,,20210817120000,B003,Harbor Demo Bank,,,,,,,C003,Demo Customer Cobalt,,,,,,,,,,,,,,,
20210817,900288,21,0,1,D02,Demo Administration,6020,Demo Office Rent,V001,Demo Vendor Keystone,Q5,Taxable purchase 10%,75170,6834,1,D02,Demo Administration,1100,Demo Central Ordinary Deposit,B001,Demo Central Bank,00,Out of scope,75170,0,Synthetic demo operating expense 900288,,,0,,,,,,,,,,,,,,,,,,,,,,,,,,20210817120000,V001,Demo Vendor Keystone,,,,,,,B001,Demo Central Bank,,,,,,,,,,,,,,,
20210818,900247,21,0,1,D04,Demo Logistics,2000,Demo Accounts Payable,V006,Demo Vendor Prairie,00,Out of scope,120360,0,1,D04,Demo Logistics,1110,Demo North Current Deposit,B002,North Demo Bank,00,Out of scope,120360,0,Synthetic demo vendor settlement 900247,,,0,,,,,,,,,,,,,,,,,,,,,,,,,,20210818120000,V006,Demo Vendor Prairie,,,,,,,B002,North Demo Bank,,,,,,,,,,,,,,,
20210818,900276,21,0,1,D01,Demo Sales,1100,Demo Central Ordinary Deposit,B001,Demo Central Bank,00,Out of scope,593370,0,1,D01,Demo Sales,1200,Demo Accounts Receivable,C007,Demo Customer Grove,00,Out of scope,148340,0,Synthetic demo combined customer receipt 900276,,,0,,,,,,,,,,,,,,,,,,,,,,,,,,20210818120000,B001,Demo Central Bank,,,,,,,C007,Demo Customer Grove,,,,,,,,,,,,,,,
20210818,900276,21,0,,,,,,,,,,,,1,D01,Demo Sales,1200,Demo Accounts Receivable,C008,Demo Customer Halo,00,Out of scope,35600,0,Synthetic demo combined customer receipt 900276,,,0,,,,,,,,,,,,,,,,,,,,,,,,,,20210818120000,,,,,,,,,C008,Demo Customer Halo,,,,,,,,,,,,,,,
20210818,900276,21,0,,,,,,,,,,,,1,D01,Demo Sales,1200,Demo Accounts Receivable,C009,Demo Customer Indigo,00,Out of scope,409430,0,Synthetic demo combined customer receipt 900276,,,0,,,,,,,,,,,,,,,,,,,,,,,,,,20210818120000,,,,,,,,,C009,Demo Customer Indigo,,,,,,,,,,,,,,,
20210818,900281,21,0,1,D01,Demo Sales,2000,Demo Accounts Payable,V002,Demo Vendor Lattice,00,Out of scope,360210,0,,,,,,,,,,,,Synthetic demo multi-vendor settlement 900281,,,0,,,,,,,,,,,,,,,,,,,,,,,,,,20210818120000,V002,Demo Vendor Lattice,,,,,,,,,,,,,,,,,,,,,,,
20210818,900281,21,0,1,D01,Demo Sales,2100,Demo Accrued Payables,V005,Demo Vendor Orchid,00,Out of scope,101610,0,,,,,,,,,,,,Synthetic demo multi-vendor settlement 900281,,,0,,,,,,,,,,,,,,,,,,,,,,,,,,20210818120000,V005,Demo Vendor Orchid,,,,,,,,,,,,,,,,,,,,,,,
20210818,900281,21,0,,,,,,,,,,,,1,D01,Demo Sales,1120,Demo Harbor Ordinary Deposit,B003,Harbor Demo Bank,00,Out of scope,193960,0,Synthetic demo multi-vendor settlement 900281,,,0,,,,,,,,,,,,,,,,,,,,,,,,,,20210818120000,,,,,,,,,B003,Harbor Demo Bank,,,,,,,,,,,,,,,
20210818,900281,21,0,,,,,,,,,,,,1,D01,Demo Sales,1100,Demo Central Ordinary Deposit,B001,Demo Central Bank,00,Out of scope,267860,0,Synthetic demo multi-vendor settlement 900281,,,0,,,,,,,,,,,,,,,,,,,,,,,,,,20210818120000,,,,,,,,,B001,Demo Central Bank,,,,,,,,,,,,,,,
20210818,900285,21,0,1,D02,Demo Administration,6000,Demo Salaries,,,00,Out of scope,169850,0,1,D02,Demo Administration,1100,Demo Central Ordinary Deposit,B001,Demo Central Bank,00,Out of scope,653300,0,Synthetic demo monthly payroll bundle 900285,,,0,,,,,,,,,,,,,,,,,,,,,,,,,,20210818120000,,,,,,,,,B001,Demo Central Bank,,,,,,,,,,,,,,,
20210818,900285,21,0,1,D02,Demo Administration,6010,Demo Statutory Welfare,,,00,Out of scope,287450,0,,,,,,,,,,,,Synthetic demo monthly payroll bundle 900285,,,0,,,,,,,,,,,,,,,,,,,,,,,,,,20210818120000,,,,,,,,,,,,,,,,,,,,,,,,,
20210818,900285,21,0,1,D02,Demo Administration,2110,Demo Payroll Withholding,,,00,Out of scope,196000,0,,,,,,,,,,,,Synthetic demo monthly payroll bundle 900285,,,0,,,,,,,,,,,,,,,,,,,,,,,,,,20210818120000,,,,,,,,,,,,,,,,,,,,,,,,,
20210819,900265,21,0,1,D04,Demo Logistics,5010,Demo Freight-in,V006,Demo Vendor Prairie,Q5,Taxable purchase 10%,96540,8776,1,D04,Demo Logistics,2000,Demo Accounts Payable,V006,Demo Vendor Prairie,00,Out of scope,96540,0,Synthetic demo purchase on account 900265,,,0,,,,,,,,,,,,,,,,,,,,,,,,,,20210819120000,V006,Demo Vendor Prairie,,,,,,,V006,Demo Vendor Prairie,,,,,,,,,,,,,,,
20210819,900275,21,0,1,D04,Demo Logistics,5020,Demo Inventory Adjustment,V006,Demo Vendor Prairie,Q5,Taxable purchase 10%,330660,30060,1,D04,Demo Logistics,2000,Demo Accounts Payable,V006,Demo Vendor Prairie,00,Out of scope,330660,0,Synthetic demo purchase on account 900275,,,0,,,,,,,,,,,,,,,,,,,,,,,,,,20210819120000,V006,Demo Vendor Prairie,,,,,,,V006,Demo Vendor Prairie,,,,,,,,,,,,,,,
20210819,900286,21,0,1,D04,Demo Logistics,5010,Demo Freight-in,V001,Demo Vendor Keystone,Q5,Taxable purchase 10%,63790,5799,1,D04,Demo Logistics,2000,Demo Accounts Payable,V001,Demo Vendor Keystone,00,Out of scope,63790,0,Synthetic demo purchase on account 900286,,,0,,,,,,,,,,,,,,,,,,,,,,,,,,20210819120000,V001,Demo Vendor Keystone,,,,,,,V001,Demo Vendor Keystone,,,,,,,,,,,,,,,
20210819,900289,21,0,1,D05,Demo Digital Services,1400,Demo Prepaid Expenses,S002,Demo Energy Services,00,Out of scope,135110,0,1,D05,Demo Digital Services,1110,Demo North Current Deposit,B002,North Demo Bank,00,Out of scope,135110,0,Synthetic demo prepaid service 900289,,,0,,,,,,,,,,,,,,,,,,,,,,,,,,20210819120000,S002,Demo Energy Services,,,,,,,B002,North Demo Bank,,,,,,,,,,,,,,,
20210822,900243,21,0,1,D01,Demo Sales,1100,Demo Central Ordinary Deposit,B001,Demo Central Bank,00,Out of scope,511200,0,1,D01,Demo Sales,1200,Demo Accounts Receivable,C010,Demo Customer Juniper,00,Out of scope,511200,0,Synthetic demo customer receipt 900243,,,0,,,,,,,,,,,,,,,,,,,,,,,,,,20210822120000,B001,Demo Central Bank,,,,,,,C010,Demo Customer Juniper,,,,,,,,,,,,,,,
20210822,900244,21,0,1,D03,Demo Operations,6030,Demo Utilities,S002,Demo Energy Services,Q5,Taxable purchase 10%,142070,12915,1,D03,Demo Operations,1110,Demo North Current Deposit,B002,North Demo Bank,00,Out of scope,289950,0,Synthetic demo operating cost bundle 900244,,,0,,,,,,,,,,,,,,,,,,,,,,,,,,20210822120000,S002,Demo Energy Services,,,,,,,B002,North Demo Bank,,,,,,,,,,,,,,,
20210822,900244,21,0,1,D03,Demo Operations,6040,Demo Communication,S003,Demo Network Services,Q5,Taxable purchase 10%,14490,1317,,,,,,,,,,,,Synthetic demo operating cost bundle 900244,,,0,,,,,,,,,,,,,,,,,,,,,,,,,,20210822120000,S003,Demo Network Services,,,,,,,,,,,,,,,,,,,,,,,
20210822,900244,21,0,1,D03,Demo Operations,6060,Demo Office Supplies,V005,Demo Vendor Orchid,C5,Synthetic demo tax category C5,133390,12126,,,,,,,,,,,,Synthetic demo operating cost bundle 900244,,,0,,,,,,,,,,,,,,,,,,,,,,,,,,20210822120000,V005,Demo Vendor Orchid,,,,,,,,,,,,,,,,,,,,,,,
20210822,900263,21,0,1,D01,Demo Sales,1120,Demo Harbor Ordinary Deposit,B003,Harbor Demo Bank,00,Out of scope,415340,0,1,D01,Demo Sales,1200,Demo Accounts Receivable,C010,Demo Customer Juniper,00,Out of scope,415340,0,Synthetic demo customer receipt 900263,,,0,,,,,,,,,,,,,,,,,,,,,,,,,,20210822120000,B003,Harbor Demo Bank,,,,,,,C010,Demo Customer Juniper,,,,,,,,,,,,,,,
20210822,900293,21,0,1,D01,Demo Sales,1120,Demo Harbor Ordinary Deposit,B003,Harbor Demo Bank,00,Out of scope,434210,0,1,D01,Demo Sales,1200,Demo Accounts Receivable,C010,Demo Customer Juniper,00,Out of scope,434210,0,Synthetic demo customer receipt 900293,,,0,,,,,,,,,,,,,,,,,,,,,,,,,,20210822120000,B003,Harbor Demo Bank,,,,,,,C010,Demo Customer Juniper,,,,,,,,,,,,,,,
20210824,900246,21,0,1,D04,Demo Logistics,5000,Demo Purchases,V001,Demo Vendor Keystone,C5,Synthetic demo tax category C5,31780,2889,1,D04,Demo Logistics,2000,Demo Accounts Payable,V001,Demo Vendor Keystone,00,Out of scope,31780,0,Synthetic demo purchase on account 900246,,,0,,,,,,,,,,,,,,,,,,,,,,,,,,20210824120000,V001,Demo Vendor Keystone,,,,,,,V001,Demo Vendor Keystone,,,,,,,,,,,,,,,
20210824,900267,21,0,1,D01,Demo Sales,2000,Demo Accounts Payable,V008,Demo Vendor Rivulet,00,Out of scope,334530,0,,,,,,,,,,,,Synthetic demo multi-vendor settlement 900267,,,0,,,,,,,,,,,,,,,,,,,,,,,,,,20210824120000,V008,Demo Vendor Rivulet,,,,,,,,,,,,,,,,,,,,,,,
20210824,900267,21,0,1,D01,Demo Sales,2100,Demo Accrued Payables,V001,Demo Vendor Keystone,00,Out of scope,392720,0,,,,,,,,,,,,Synthetic demo multi-vendor settlement 900267,,,0,,,,,,,,,,,,,,,,,,,,,,,,,,20210824120000,V001,Demo Vendor Keystone,,,,,,,,,,,,,,,,,,,,,,,
20210824,900267,21,0,,,,,,,,,,,,1,D01,Demo Sales,1100,Demo Central Ordinary Deposit,B001,Demo Central Bank,00,Out of scope,421800,0,Synthetic demo multi-vendor settlement 900267,,,0,,,,,,,,,,,,,,,,,,,,,,,,,,20210824120000,,,,,,,,,B001,Demo Central Bank,,,,,,,,,,,,,,,
20210824,900267,21,0,,,,,,,,,,,,1,D01,Demo Sales,1110,Demo North Current Deposit,B002,North Demo Bank,00,Out of scope,305450,0,Synthetic demo multi-vendor settlement 900267,,,0,,,,,,,,,,,,,,,,,,,,,,,,,,20210824120000,,,,,,,,,B002,North Demo Bank,,,,,,,,,,,,,,,
20210826,900290,21,0,1,D01,Demo Sales,1200,Demo Accounts Receivable,C001,Demo Customer Aurora,00,Out of scope,444700,0,1,D01,Demo Sales,4020,Demo Other Operating Revenue,C001,Demo Customer Aurora,B5,Taxable sale 10%,444700,40427,Synthetic demo credit sale 900290,,,0,,,,,,,,,,,,,,,,,,,,,,,,,,20210826120000,C001,Demo Customer Aurora,,,,,,,C001,Demo Customer Aurora,,,,,,,,,,,,,,,
20210827,900251,21,0,1,D06,Demo Management,2200,Demo Short-term Loans,,,00,Out of scope,147070,0,1,D06,Demo Management,1120,Demo Harbor Ordinary Deposit,B003,Harbor Demo Bank,00,Out of scope,700360,0,Synthetic demo financing settlement 900251,,,0,,,,,,,,,,,,,,,,,,,,,,,,,,20210827120000,,,,,,,,,B003,Harbor Demo Bank,,,,,,,,,,,,,,,
20210827,900251,21,0,1,D06,Demo Management,6070,Demo Bank Fees,B003,Harbor Demo Bank,00,Out of scope,70030,0,,,,,,,,,,,,Synthetic demo financing settlement 900251,,,0,,,,,,,,,,,,,,,,,,,,,,,,,,20210827120000,B003,Harbor Demo Bank,,,,,,,,,,,,,,,,,,,,,,,
20210827,900251,21,0,1,D06,Demo Management,7000,Demo Taxes and Dues,,,P0,Non-taxable purchase,483260,0,,,,,,,,,,,,Synthetic demo financing settlement 900251,,,0,,,,,,,,,,,,,,,,,,,,,,,,,,20210827120000,,,,,,,,,,,,,,,,,,,,,,,,,
20210827,900295,21,0,1,D04,Demo Logistics,5010,Demo Freight-in,V006,Demo Vendor Prairie,Q5,Taxable purchase 10%,334370,30397,1,D04,Demo Logistics,2000,Demo Accounts Payable,V006,Demo Vendor Prairie,00,Out of scope,334370,0,Synthetic demo purchase on account 900295,,,0,,,,,,,,,,,,,,,,,,,,,,,,,,20210827120000,V006,Demo Vendor Prairie,,,,,,,V006,Demo Vendor Prairie,,,,,,,,,,,,,,,
20210828,900268,21,0,1,D03,Demo Operations,7000,Demo Taxes and Dues,V001,Demo Vendor Keystone,P0,Non-taxable purchase,31250,0,1,D03,Demo Operations,1110,Demo North Current Deposit,B002,North Demo Bank,00,Out of scope,31250,0,Synthetic demo operating expense 900268,,,0,,,,,,,,,,,,,,,,,,,,,,,,,,20210828120000,V001,Demo Vendor Keystone,,,,,,,B002,North Demo Bank,,,,,,,,,,,,,,,
20210830,900256,21,0,1,D04,Demo Logistics,5010,Demo Freight-in,V001,Demo Vendor Keystone,Q5,Taxable purchase 10%,333720,30338,1,D04,Demo Logistics,2000,Demo Accounts Payable,V001,Demo Vendor Keystone,00,Out of scope,333720,0,Synthetic demo purchase on account 900256,,,0,,,,,,,,,,,,,,,,,,,,,,,,,,20210830120000,V001,Demo Vendor Keystone,,,,,,,V001,Demo Vendor Keystone,,,,,,,,,,,,,,,
20210830,900258,21,0,1,D02,Demo Administration,6080,Demo Advertising,V001,Demo Vendor Keystone,Q5,Taxable purchase 10%,87240,7931,1,D02,Demo Administration,1100,Demo Central Ordinary Deposit,B001,Demo Central Bank,00,Out of scope,87240,0,Synthetic demo operating expense 900258,,,0,,,,,,,,,,,,,,,,,,,,,,,,,,20210830120000,V001,Demo Vendor Keystone,,,,,,,B001,Demo Central Bank,,,,,,,,,,,,,,,
20210831,900242,21,0,1,D01,Demo Sales,1200,Demo Accounts Receivable,C007,Demo Customer Grove,00,Out of scope,62850,0,1,D01,Demo Sales,4020,Demo Other Operating Revenue,C007,Demo Customer Grove,B5,Taxable sale 10%,62850,5714,Synthetic demo credit sale 900242,,,0,,,,,,,,,,,,,,,,,,,,,,,,,,20210831120000,C007,Demo Customer Grove,,,,,,,C007,Demo Customer Grove,,,,,,,,,,,,,,,
20210831,900262,21,0,1,D01,Demo Sales,1200,Demo Accounts Receivable,C007,Demo Customer Grove,00,Out of scope,263930,0,1,D01,Demo Sales,4010,Demo Service Revenue,C007,Demo Customer Grove,B5,Taxable sale 10%,263930,23994,Synthetic demo credit sale 900262,,,0,,,,,,,,,,,,,,,,,,,,,,,,,,20210831120000,C007,Demo Customer Grove,,,,,,,C007,Demo Customer Grove,,,,,,,,,,,,,,,
20210831,900266,21,0,1,D04,Demo Logistics,5020,Demo Inventory Adjustment,V001,Demo Vendor Keystone,Q5,Taxable purchase 10%,371680,33789,1,D04,Demo Logistics,2000,Demo Accounts Payable,V001,Demo Vendor Keystone,00,Out of scope,371680,0,Synthetic demo purchase on account 900266,,,0,,,,,,,,,,,,,,,,,,,,,,,,,,20210831120000,V001,Demo Vendor Keystone,,,,,,,V001,Demo Vendor Keystone,,,,,,,,,,,,,,,
20210901,900308,21,0,1,D05,Demo Digital Services,6040,Demo Communication,V001,Demo Vendor Keystone,Q5,Taxable purchase 10%,42530,3866,1,D05,Demo Digital Services,1120,Demo Harbor Ordinary Deposit,B003,Harbor Demo Bank,00,Out of scope,42530,0,Synthetic demo operating expense 900308,,,0,,,,,,,,,,,,,,,,,,,,,,,,,,20210901120000,V001,Demo Vendor Keystone,,,,,,,B003,Harbor Demo Bank,,,,,,,,,,,,,,,
20210901,900339,21,0,1,D05,Demo Digital Services,1400,Demo Prepaid Expenses,S004,Demo Logistics Services,00,Out of scope,83340,0,1,D05,Demo Digital Services,1100,Demo Central Ordinary Deposit,B001,Demo Central Bank,00,Out of scope,83340,0,Synthetic demo prepaid service 900339,,,0,,,,,,,,,,,,,,,,,,,,,,,,,,20210901120000,S004,Demo Logistics Services,,,,,,,B001,Demo Central Bank,,,,,,,,,,,,,,,
20210902,900343,21,0,1,D01,Demo Sales,1110,Demo North Current Deposit,B002,North Demo Bank,00,Out of scope,290130,0,1,D01,Demo Sales,1200,Demo Accounts Receivable,C010,Demo Customer Juniper,00,Out of scope,290130,0,Synthetic demo customer receipt 900343,,,0,,,,,,,,,,,,,,,,,,,,,,,,,,20210902120000,B002,North Demo Bank,,,,,,,C010,Demo Customer Juniper,,,,,,,,,,,,,,,
20210902,900351,21,0,1,D02,Demo Administration,6000,Demo Salaries,,,00,Out of scope,243140,0,1,D02,Demo Administration,1100,Demo Central Ordinary Deposit,B001,Demo Central Bank,00,Out of scope,607870,0,Synthetic demo monthly payroll bundle 900351,,,0,,,,,,,,,,,,,,,,,,,,,,,,,,20210902120000,,,,,,,,,B001,Demo Central Bank,,,,,,,,,,,,,,,
20210902,900351,21,0,1,D02,Demo Administration,6010,Demo Statutory Welfare,,,00,Out of scope,72940,0,,,,,,,,,,,,Synthetic demo monthly payroll bundle 900351,,,0,,,,,,,,,,,,,,,,,,,,,,,,,,20210902120000,,,,,,,,,,,,,,,,,,,,,,,,,
20210902,900351,21,0,1,D02,Demo Administration,2110,Demo Payroll Withholding,,,00,Out of scope,291790,0,,,,,,,,,,,,Synthetic demo monthly payroll bundle 900351,,,0,,,,,,,,,,,,,,,,,,,,,,,,,,20210902120000,,,,,,,,,,,,,,,,,,,,,,,,,
20210903,900312,21,0,1,D01,Demo Sales,1200,Demo Accounts Receivable,C007,Demo Customer Grove,00,Out of scope,381440,0,1,D01,Demo Sales,4000,Demo Product Sales,C007,Demo Customer Grove,B5,Taxable sale 10%,381440,34676,Synthetic demo credit sale 900312,,,0,,,,,,,,,,,,,,,,,,,,,,,,,,20210903120000,C007,Demo Customer Grove,,,,,,,C007,Demo Customer Grove,,,,,,,,,,,,,,,
20210903,900336,21,0,1,D01,Demo Sales,1100,Demo Central Ordinary Deposit,B001,Demo Central Bank,00,Out of scope,166240,0,,,,,,,,,,,,Synthetic demo mixed sales and receipt 900336,,,0,,,,,,,,,,,,,,,,,,,,,,,,,,20210903120000,B001,Demo Central Bank,,,,,,,,,,,,,,,,,,,,,,,
20210903,900336,21,0,1,D01,Demo Sales,1200,Demo Accounts Receivable,C007,Demo Customer Grove,00,Out of scope,283080,0,,,,,,,,,,,,Synthetic demo mixed sales and receipt 900336,,,0,,,,,,,,,,,,,,,,,,,,,,,,,,20210903120000,C007,Demo Customer Grove,,,,,,,,,,,,,,,,,,,,,,,
20210903,900336,21,0,,,,,,,,,,,,1,D01,Demo Sales,4000,Demo Product Sales,C008,Demo Customer Halo,B5,Taxable sale 10%,89860,8169,Synthetic demo mixed sales and receipt 900336,,,0,,,,,,,,,,,,,,,,,,,,,,,,,,20210903120000,,,,,,,,,C008,Demo Customer Halo,,,,,,,,,,,,,,,
20210903,900336,21,0,,,,,,,,,,,,1,D01,Demo Sales,4010,Demo Service Revenue,C009,Demo Customer Indigo,B5,Taxable sale 10%,359460,32678,Synthetic demo mixed sales and receipt 900336,,,0,,,,,,,,,,,,,,,,,,,,,,,,,,20210903120000,,,,,,,,,C009,Demo Customer Indigo,,,,,,,,,,,,,,,
20210903,900338,21,0,1,D06,Demo Management,2200,Demo Short-term Loans,,,00,Out of scope,123490,0,1,D06,Demo Management,1120,Demo Harbor Ordinary Deposit,B003,Harbor Demo Bank,00,Out of scope,561320,0,Synthetic demo financing settlement 900338,,,0,,,,,,,,,,,,,,,,,,,,,,,,,,20210903120000,,,,,,,,,B003,Harbor Demo Bank,,,,,,,,,,,,,,,
20210903,900338,21,0,1,D06,Demo Management,6070,Demo Bank Fees,B003,Harbor Demo Bank,00,Out of scope,179620,0,,,,,,,,,,,,Synthetic demo financing settlement 900338,,,0,,,,,,,,,,,,,,,,,,,,,,,,,,20210903120000,B003,Harbor Demo Bank,,,,,,,,,,,,,,,,,,,,,,,
20210903,900338,21,0,1,D06,Demo Management,7000,Demo Taxes and Dues,,,P0,Non-taxable purchase,258210,0,,,,,,,,,,,,Synthetic demo financing settlement 900338,,,0,,,,,,,,,,,,,,,,,,,,,,,,,,20210903120000,,,,,,,,,,,,,,,,,,,,,,,,,
20210904,900324,21,0,1,D01,Demo Sales,1100,Demo Central Ordinary Deposit,B001,Demo Central Bank,00,Out of scope,382510,0,1,D01,Demo Sales,1200,Demo Accounts Receivable,C003,Demo Customer Cobalt,00,Out of scope,382510,0,Synthetic demo customer receipt 900324,,,0,,,,,,,,,,,,,,,,,,,,,,,,,,20210904120000,B001,Demo Central Bank,,,,,,,C003,Demo Customer Cobalt,,,,,,,,,,,,,,,
20210904,900340,21,0,1,D01,Demo Sales,1200,Demo Accounts Receivable,C001,Demo Customer Aurora,00,Out of scope,556670,0,1,D01,Demo Sales,4010,Demo Service Revenue,C001,Demo Customer Aurora,B5,Taxable sale 10%,556670,50606,Synthetic demo credit sale 900340,,,0,,,,,,,,,,,,,,,,,,,,,,,,,,20210904120000,C001,Demo Customer Aurora,,,,,,,C001,Demo Customer Aurora,,,,,,,,,,,,,,,
20210905,900349,21,0,1,D05,Demo Digital Services,1400,Demo Prepaid Expenses,S002,Demo Energy Services,00,Out of scope,236490,0,1,D05,Demo Digital Services,1110,Demo North Current Deposit,B002,North Demo Bank,00,Out of scope,236490,0,Synthetic demo prepaid service 900349,,,0,,,,,,,,,,,,,,,,,,,,,,,,,,20210905120000,S002,Demo Energy Services,,,,,,,B002,North Demo Bank,,,,,,,,,,,,,,,
20210906,900299,21,0,1,D05,Demo Digital Services,1400,Demo Prepaid Expenses,S006,Demo Insurance Services,00,Out of scope,123160,0,1,D05,Demo Digital Services,1120,Demo Harbor Ordinary Deposit,B003,Harbor Demo Bank,00,Out of scope,123160,0,Synthetic demo prepaid service 900299,,,0,,,,,,,,,,,,,,,,,,,,,,,,,,20210906120000,S006,Demo Insurance Services,,,,,,,B003,Harbor Demo Bank,,,,,,,,,,,,,,,
20210906,900300,21,0,1,D01,Demo Sales,1100,Demo Central Ordinary Deposit,B001,Demo Central Bank,00,Out of scope,141350,0,,,,,,,,,,,,Synthetic demo mixed sales and receipt 900300,,,0,,,,,,,,,,,,,,,,,,,,,,,,,,20210906120000,B001,Demo Central Bank,,,,,,,,,,,,,,,,,,,,,,,
20210906,900300,21,0,1,D01,Demo Sales,1200,Demo Accounts Receivable,C001,Demo Customer Aurora,00,Out of scope,153130,0,,,,,,,,,,,,Synthetic demo mixed sales and receipt 900300,,,0,,,,,,,,,,,,,,,,,,,,,,,,,,20210906120000,C001,Demo Customer Aurora,,,,,,,,,,,,,,,,,,,,,,,
20210906,900300,21,0,,,,,,,,,,,,1,D01,Demo Sales,4000,Demo Product Sales,C002,Demo Customer Birch,B5,Taxable sale 10%,114840,10440,Synthetic demo mixed sales and receipt 900300,,,0,,,,,,,,,,,,,,,,,,,,,,,,,,20210906120000,,,,,,,,,C002,Demo Customer Birch,,,,,,,,,,,,,,,
20210906,900300,21,0,,,,,,,,,,,,1,D01,Demo Sales,4010,Demo Service Revenue,C003,Demo Customer Cobalt,B5,Taxable sale 10%,179640,16331,Synthetic demo mixed sales and receipt 900300,,,0,,,,,,,,,,,,,,,,,,,,,,,,,,20210906120000,,,,,,,,,C003,Demo Customer Cobalt,,,,,,,,,,,,,,,
20210906,900313,21,0,1,D03,Demo Operations,6030,Demo Utilities,S002,Demo Energy Services,Q5,Taxable purchase 10%,276770,25161,1,D03,Demo Operations,1110,Demo North Current Deposit,B002,North Demo Bank,00,Out of scope,768830,0,Synthetic demo operating cost bundle 900313,,,0,,,,,,,,,,,,,,,,,,,,,,,,,,20210906120000,S002,Demo Energy Services,,,,,,,B002,North Demo Bank,,,,,,,,,,,,,,,
20210906,900313,21,0,1,D03,Demo Operations,6040,Demo Communication,S003,Demo Network Services,Q5,Taxable purchase 10%,322900,29355,,,,,,,,,,,,Synthetic demo operating cost bundle 900313,,,0,,,,,,,,,,,,,,,,,,,,,,,,,,20210906120000,S003,Demo Network Services,,,,,,,,,,,,,,,,,,,,,,,
20210906,900313,21,0,1,D03,Demo Operations,6060,Demo Office Supplies,V004,Demo Vendor Nimbus,Q5,Taxable purchase 10%,169160,15378,,,,,,,,,,,,Synthetic demo operating cost bundle 900313,,,0,,,,,,,,,,,,,,,,,,,,,,,,,,20210906120000,V004,Demo Vendor Nimbus,,,,,,,,,,,,,,,,,,,,,,,
20210907,900353,21,0,1,D01,Demo Sales,1120,Demo Harbor Ordinary Deposit,B003,Harbor Demo Bank,00,Out of scope,386200,0,1,D01,Demo Sales,1200,Demo Accounts Receivable,C010,Demo Customer Juniper,00,Out of scope,386200,0,Synthetic demo customer receipt 900353,,,0,,,,,,,,,,,,,,,,,,,,,,,,,,20210907120000,B003,Harbor Demo Bank,,,,,,,C010,Demo Customer Juniper,,,,,,,,,,,,,,,
20210908,900327,21,0,1,D04,Demo Logistics,2000,Demo Accounts Payable,V006,Demo Vendor Prairie,00,Out of scope,168360,0,1,D04,Demo Logistics,1100,Demo Central Ordinary Deposit,B001,Demo Central Bank,00,Out of scope,168360,0,Synthetic demo vendor settlement 900327,,,0,,,,,,,,,,,,,,,,,,,,,,,,,,20210908120000,V006,Demo Vendor Prairie,,,,,,,B001,Demo Central Bank,,,,,,,,,,,,,,,
20210909,900314,21,0,1,D01,Demo Sales,1120,Demo Harbor Ordinary Deposit,B003,Harbor Demo Bank,00,Out of scope,87980,0,1,D01,Demo Sales,1200,Demo Accounts Receivable,C003,Demo Customer Cobalt,00,Out of scope,87980,0,Synthetic demo customer receipt 900314,,,0,,,,,,,,,,,,,,,,,,,,,,,,,,20210909120000,B003,Harbor Demo Bank,,,,,,,C003,Demo Customer Cobalt,,,,,,,,,,,,,,,
20210909,900326,21,0,1,D06,Demo Management,2200,Demo Short-term Loans,,,00,Out of scope,160000,0,1,D06,Demo Management,1120,Demo Harbor Ordinary Deposit,B003,Harbor Demo Bank,00,Out of scope,390260,0,Synthetic demo financing settlement 900326,,,0,,,,,,,,,,,,,,,,,,,,,,,,,,20210909120000,,,,,,,,,B003,Harbor Demo Bank,,,,,,,,,,,,,,,
20210909,900326,21,0,1,D06,Demo Management,6070,Demo Bank Fees,B003,Harbor Demo Bank,00,Out of scope,27310,0,,,,,,,,,,,,Synthetic demo financing settlement 900326,,,0,,,,,,,,,,,,,,,,,,,,,,,,,,20210909120000,B003,Harbor Demo Bank,,,,,,,,,,,,,,,,,,,,,,,
20210909,900326,21,0,1,D06,Demo Management,7000,Demo Taxes and Dues,,,P0,Non-taxable purchase,202950,0,,,,,,,,,,,,Synthetic demo financing settlement 900326,,,0,,,,,,,,,,,,,,,,,,,,,,,,,,20210909120000,,,,,,,,,,,,,,,,,,,,,,,,,
20210910,900317,21,0,1,D01,Demo Sales,2000,Demo Accounts Payable,V008,Demo Vendor Rivulet,00,Out of scope,123380,0,,,,,,,,,,,,Synthetic demo multi-vendor settlement 900317,,,0,,,,,,,,,,,,,,,,,,,,,,,,,,20210910120000,V008,Demo Vendor Rivulet,,,,,,,,,,,,,,,,,,,,,,,
20210910,900317,21,0,1,D01,Demo Sales,2100,Demo Accrued Payables,V001,Demo Vendor Keystone,00,Out of scope,118550,0,,,,,,,,,,,,Synthetic demo multi-vendor settlement 900317,,,0,,,,,,,,,,,,,,,,,,,,,,,,,,20210910120000,V001,Demo Vendor Keystone,,,,,,,,,,,,,,,,,,,,,,,
20210910,900317,21,0,,,,,,,,,,,,1,D01,Demo Sales,1120,Demo Harbor Ordinary Deposit,B003,Harbor Demo Bank,00,Out of scope,91930,0,Synthetic demo multi-vendor settlement 900317,,,0,,,,,,,,,,,,,,,,,,,,,,,,,,20210910120000,,,,,,,,,B003,Harbor Demo Bank,,,,,,,,,,,,,,,
20210910,900317,21,0,,,,,,,,,,,,1,D01,Demo Sales,1100,Demo Central Ordinary Deposit,B001,Demo Central Bank,00,Out of scope,150000,0,Synthetic demo multi-vendor settlement 900317,,,0,,,,,,,,,,,,,,,,,,,,,,,,,,20210910120000,,,,,,,,,B001,Demo Central Bank,,,,,,,,,,,,,,,
20210910,900330,21,0,1,D01,Demo Sales,1200,Demo Accounts Receivable,C001,Demo Customer Aurora,00,Out of scope,195040,0,1,D01,Demo Sales,4000,Demo Product Sales,C001,Demo Customer Aurora,B5,Taxable sale 10%,195040,17731,Synthetic demo credit sale 900330,,,0,,,,,,,,,,,,,,,,,,,,,,,,,,20210910120000,C001,Demo Customer Aurora,,,,,,,C001,Demo Customer Aurora,,,,,,,,,,,,,,,
20210911,900350,21,0,1,D01,Demo Sales,1200,Demo Accounts Receivable,C001,Demo Customer Aurora,00,Out of scope,314480,0,1,D01,Demo Sales,4020,Demo Other Operating Revenue,C001,Demo Customer Aurora,B5,Taxable sale 10%,314480,28589,Synthetic demo credit sale 900350,,,0,,,,,,,,,,,,,,,,,,,,,,,,,,20210911120000,C001,Demo Customer Aurora,,,,,,,C001,Demo Customer Aurora,,,,,,,,,,,,,,,
20210912,900296,21,0,1,D04,Demo Logistics,5020,Demo Inventory Adjustment,V001,Demo Vendor Keystone,Q5,Taxable purchase 10%,258430,23494,1,D04,Demo Logistics,2000,Demo Accounts Payable,V001,Demo Vendor Keystone,00,Out of scope,258430,0,Synthetic demo purchase on account 900296,,,0,,,,,,,,,,,,,,,,,,,,,,,,,,20210912120000,V001,Demo Vendor Keystone,,,,,,,V001,Demo Vendor Keystone,,,,,,,,,,,,,,,
20210913,900329,21,0,1,D01,Demo Sales,2000,Demo Accounts Payable,V010,Demo Vendor Tandem,00,Out of scope,138360,0,,,,,,,,,,,,Synthetic demo multi-vendor settlement 900329,,,0,,,,,,,,,,,,,,,,,,,,,,,,,,20210913120000,V010,Demo Vendor Tandem,,,,,,,,,,,,,,,,,,,,,,,
20210913,900329,21,0,1,D01,Demo Sales,2100,Demo Accrued Payables,V003,Demo Vendor Mosaic,00,Out of scope,520540,0,,,,,,,,,,,,Synthetic demo multi-vendor settlement 900329,,,0,,,,,,,,,,,,,,,,,,,,,,,,,,20210913120000,V003,Demo Vendor Mosaic,,,,,,,,,,,,,,,,,,,,,,,
20210913,900329,21,0,,,,,,,,,,,,1,D01,Demo Sales,1120,Demo Harbor Ordinary Deposit,B003,Harbor Demo Bank,00,Out of scope,349210,0,Synthetic demo multi-vendor settlement 900329,,,0,,,,,,,,,,,,,,,,,,,,,,,,,,20210913120000,,,,,,,,,B003,Harbor Demo Bank,,,,,,,,,,,,,,,
20210913,900329,21,0,,,,,,,,,,,,1,D01,Demo Sales,1100,Demo Central Ordinary Deposit,B001,Demo Central Bank,00,Out of scope,309690,0,Synthetic demo multi-vendor settlement 900329,,,0,,,,,,,,,,,,,,,,,,,,,,,,,,20210913120000,,,,,,,,,B001,Demo Central Bank,,,,,,,,,,,,,,,
20210914,900301,21,0,1,D01,Demo Sales,1200,Demo Accounts Receivable,C004,Demo Customer Dawn,00,Out of scope,168150,0,1,D01,Demo Sales,4010,Demo Service Revenue,C004,Demo Customer Dawn,B5,Taxable sale 10%,168150,15286,Synthetic demo credit sale 900301,,,0,,,,,,,,,,,,,,,,,,,,,,,,,,20210914120000,C004,Demo Customer Dawn,,,,,,,C004,Demo Customer Dawn,,,,,,,,,,,,,,,
20210914,900309,21,0,1,D05,Demo Digital Services,1400,Demo Prepaid Expenses,S004,Demo Logistics Services,00,Out of scope,111220,0,1,D05,Demo Digital Services,1100,Demo Central Ordinary Deposit,B001,Demo Central Bank,00,Out of scope,111220,0,Synthetic demo prepaid service 900309,,,0,,,,,,,,,,,,,,,,,,,,,,,,,,20210914120000,S004,Demo Logistics Services,,,,,,,B001,Demo Central Bank,,,,,,,,,,,,,,,
20210914,900310,21,0,1,D01,Demo Sales,1200,Demo Accounts Receivable,C001,Demo Customer Aurora,00,Out of scope,110630,0,1,D01,Demo Sales,4010,Demo Service Revenue,C001,Demo Customer Aurora,B5,Taxable sale 10%,110630,10057,Synthetic demo credit sale 900310,,,0,,,,,,,,,,,,,,,,,,,,,,,,,,20210914120000,C001,Demo Customer Aurora,,,,,,,C001,Demo Customer Aurora,,,,,,,,,,,,,,,
20210915,900306,21,0,1,D02,Demo Administration,6000,Demo Salaries,,,00,Out of scope,306610,0,1,D02,Demo Administration,1100,Demo Central Ordinary Deposit,B001,Demo Central Bank,00,Out of scope,557490,0,Synthetic demo monthly payroll bundle 900306,,,0,,,,,,,,,,,,,,,,,,,,,,,,,,20210915120000,,,,,,,,,B001,Demo Central Bank,,,,,,,,,,,,,,,
20210915,900306,21,0,1,D02,Demo Administration,6010,Demo Statutory Welfare,,,00,Out of scope,61320,0,,,,,,,,,,,,Synthetic demo monthly payroll bundle 900306,,,0,,,,,,,,,,,,,,,,,,,,,,,,,,20210915120000,,,,,,,,,,,,,,,,,,,,,,,,,
20210915,900306,21,0,1,D02,Demo Administration,2110,Demo Payroll Withholding,,,00,Out of scope,189560,0,,,,,,,,,,,,Synthetic demo monthly payroll bundle 900306,,,0,,,,,,,,,,,,,,,,,,,,,,,,,,20210915120000,,,,,,,,,,,,,,,,,,,,,,,,,
20210915,900331,21,0,1,D01,Demo Sales,1200,Demo Accounts Receivable,C004,Demo Customer Dawn,00,Out of scope,118570,0,1,D01,Demo Sales,4010,Demo Service Revenue,C004,Demo Customer Dawn,B5,Taxable sale 10%,118570,10779,Synthetic demo credit sale 900331,,,0,,,,,,,,,,,,,,,,,,,,,,,,,,20210915120000,C004,Demo Customer Dawn,,,,,,,C004,Demo Customer Dawn,,,,,,,,,,,,,,,
20210915,900348,21,0,1,D01,Demo Sales,1100,Demo Central Ordinary Deposit,B001,Demo Central Bank,00,Out of scope,142590,0,,,,,,,,,,,,Synthetic demo mixed sales and receipt 900348,,,0,,,,,,,,,,,,,,,,,,,,,,,,,,20210915120000,B001,Demo Central Bank,,,,,,,,,,,,,,,,,,,,,,,
20210915,900348,21,0,1,D01,Demo Sales,1200,Demo Accounts Receivable,C009,Demo Customer Indigo,00,Out of scope,160810,0,,,,,,,,,,,,Synthetic demo mixed sales and receipt 900348,,,0,,,,,,,,,,,,,,,,,,,,,,,,,,20210915120000,C009,Demo Customer Indigo,,,,,,,,,,,,,,,,,,,,,,,
20210915,900348,21,0,,,,,,,,,,,,1,D01,Demo Sales,4000,Demo Product Sales,C010,Demo Customer Juniper,B5,Taxable sale 10%,54610,4965,Synthetic demo mixed sales and receipt 900348,,,0,,,,,,,,,,,,,,,,,,,,,,,,,,20210915120000,,,,,,,,,C010,Demo Customer Juniper,,,,,,,,,,,,,,,
20210915,900348,21,0,,,,,,,,,,,,1,D01,Demo Sales,4010,Demo Service Revenue,C001,Demo Customer Aurora,B5,Taxable sale 10%,248790,22617,Synthetic demo mixed sales and receipt 900348,,,0,,,,,,,,,,,,,,,,,,,,,,,,,,20210915120000,,,,,,,,,C001,Demo Customer Aurora,,,,,,,,,,,,,,,
20210916,900298,21,0,1,D03,Demo Operations,6030,Demo Utilities,S002,Demo Energy Services,Q5,Taxable purchase 10%,131680,11971,1,D03,Demo Operations,1110,Demo North Current Deposit,B002,North Demo Bank,00,Out of scope,658430,0,Synthetic demo operating cost bundle 900298,,,0,,,,,,,,,,,,,,,,,,,,,,,,,,20210916120000,S002,Demo Energy Services,,,,,,,B002,North Demo Bank,,,,,,,,,,,,,,,
20210916,900298,21,0,1,D03,Demo Operations,6040,Demo Communication,S003,Demo Network Services,Q6,Taxable purchase 8%,223860,16582,,,,,,,,,,,,Synthetic demo operating cost bundle 900298,,,0,,,,,,,,,,,,,,,,,,,,,,,,,,20210916120000,S003,Demo Network Services,,,,,,,,,,,,,,,,,,,,,,,
20210916,900298,21,0,1,D03,Demo Operations,6060,Demo Office Supplies,V009,Demo Vendor Summit,Q5,Taxable purchase 10%,302890,27535,,,,,,,,,,,,Synthetic demo operating cost bundle 900298,,,0,,,,,,,,,,,,,,,,,,,,,,,,,,20210916120000,V009,Demo Vendor Summit,,,,,,,,,,,,,,,,,,,,,,,
20210916,900323,21,0,1,D01,Demo Sales,2000,Demo Accounts Payable,V004,Demo Vendor Nimbus,00,Out of scope,44500,0,,,,,,,,,,,,Synthetic demo multi-vendor settlement 900323,,,0,,,,,,,,,,,,,,,,,,,,,,,,,,20210916120000,V004,Demo Vendor Nimbus,,,,,,,,,,,,,,,,,,,,,,,
20210916,900323,21,0,1,D01,Demo Sales,2100,Demo Accrued Payables,V007,Demo Vendor Quartz,00,Out of scope,252190,0,,,,,,,,,,,,Synthetic demo multi-vendor settlement 900323,,,0,,,,,,,,,,,,,,,,,,,,,,,,,,20210916120000,V007,Demo Vendor Quartz,,,,,,,,,,,,,,,,,,,,,,,
20210916,900323,21,0,,,,,,,,,,,,1,D01,Demo Sales,1120,Demo Harbor Ordinary Deposit,B003,Harbor Demo Bank,00,Out of scope,109770,0,Synthetic demo multi-vendor settlement 900323,,,0,,,,,,,,,,,,,,,,,,,,,,,,,,20210916120000,,,,,,,,,B003,Harbor Demo Bank,,,,,,,,,,,,,,,
20210916,900323,21,0,,,,,,,,,,,,1,D01,Demo Sales,1100,Demo Central Ordinary Deposit,B001,Demo Central Bank,00,Out of scope,186920,0,Synthetic demo multi-vendor settlement 900323,,,0,,,,,,,,,,,,,,,,,,,,,,,,,,20210916120000,,,,,,,,,B001,Demo Central Bank,,,,,,,,,,,,,,,
20210916,900345,21,0,1,D02,Demo Administration,6000,Demo Salaries,,,00,Out of scope,134770,0,1,D02,Demo Administration,1100,Demo Central Ordinary Deposit,B001,Demo Central Bank,00,Out of scope,449240,0,Synthetic demo monthly payroll bundle 900345,,,0,,,,,,,,,,,,,,,,,,,,,,,,,,20210916120000,,,,,,,,,B001,Demo Central Bank,,,,,,,,,,,,,,,
20210916,900345,21,0,1,D02,Demo Administration,6010,Demo Statutory Welfare,,,00,Out of scope,8980,0,,,,,,,,,,,,Synthetic demo monthly payroll bundle 900345,,,0,,,,,,,,,,,,,,,,,,,,,,,,,,20210916120000,,,,,,,,,,,,,,,,,,,,,,,,,
20210916,900345,21,0,1,D02,Demo Administration,2110,Demo Payroll Withholding,,,00,Out of scope,305490,0,,,,,,,,,,,,Synthetic demo monthly payroll bundle 900345,,,0,,,,,,,,,,,,,,,,,,,,,,,,,,20210916120000,,,,,,,,,,,,,,,,,,,,,,,,,
20210917,900302,21,0,1,D01,Demo Sales,1200,Demo Accounts Receivable,C007,Demo Customer Grove,00,Out of scope,450750,0,1,D01,Demo Sales,4020,Demo Other Operating Revenue,C007,Demo Customer Grove,B5,Taxable sale 10%,450750,40977,Synthetic demo credit sale 900302,,,0,,,,,,,,,,,,,,,,,,,,,,,,,,20210917120000,C007,Demo Customer Grove,,,,,,,C007,Demo Customer Grove,,,,,,,,,,,,,,,
20210917,900319,21,0,1,D03,Demo Operations,6030,Demo Utilities,S002,Demo Energy Services,Q5,Taxable purchase 10%,157340,14304,1,D03,Demo Operations,1110,Demo North Current Deposit,B002,North Demo Bank,00,Out of scope,425260,0,Synthetic demo operating cost bundle 900319,,,0,,,,,,,,,,,,,,,,,,,,,,,,,,20210917120000,S002,Demo Energy Services,,,,,,,B002,North Demo Bank,,,,,,,,,,,,,,,
20210917,900319,21,0,1,D03,Demo Operations,6040,Demo Communication,S003,Demo Network Services,Q5,Taxable purchase 10%,106310,9665,,,,,,,,,,,,Synthetic demo operating cost bundle 900319,,,0,,,,,,,,,,,,,,,,,,,,,,,,,,20210917120000,S003,Demo Network Services,,,,,,,,,,,,,,,,,,,,,,,
20210917,900319,21,0,1,D03,Demo Operations,6060,Demo Office Supplies,V010,Demo Vendor Tandem,Q5,Taxable purchase 10%,161610,14692,,,,,,,,,,,,Synthetic demo operating cost bundle 900319,,,0,,,,,,,,,,,,,,,,,,,,,,,,,,20210917120000,V010,Demo Vendor Tandem,,,,,,,,,,,,,,,,,,,,,,,
20210917,900334,21,0,1,D01,Demo Sales,1110,Demo North Current Deposit,B002,North Demo Bank,00,Out of scope,92990,0,1,D01,Demo Sales,1200,Demo Accounts Receivable,C003,Demo Customer Cobalt,00,Out of scope,92990,0,Synthetic demo customer receipt 900334,,,0,,,,,,,,,,,,,,,,,,,,,,,,,,20210917120000,B002,North Demo Bank,,,,,,,C003,Demo Customer Cobalt,,,,,,,,,,,,,,,
20210917,900335,21,0,1,D04,Demo Logistics,5020,Demo Inventory Adjustment,V006,Demo Vendor Prairie,Q5,Taxable purchase 10%,178650,16241,1,D04,Demo Logistics,2000,Demo Accounts Payable,V006,Demo Vendor Prairie,00,Out of scope,178650,0,Synthetic demo purchase on account 900335,,,0,,,,,,,,,,,,,,,,,,,,,,,,,,20210917120000,V006,Demo Vendor Prairie,,,,,,,V006,Demo Vendor Prairie,,,,,,,,,,,,,,,
20210917,900344,21,0,1,D01,Demo Sales,1120,Demo Harbor Ordinary Deposit,B003,Harbor Demo Bank,00,Out of scope,112580,0,1,D01,Demo Sales,1200,Demo Accounts Receivable,C003,Demo Customer Cobalt,00,Out of scope,112580,0,Synthetic demo customer receipt 900344,,,0,,,,,,,,,,,,,,,,,,,,,,,,,,20210917120000,B003,Harbor Demo Bank,,,,,,,C003,Demo Customer Cobalt,,,,,,,,,,,,,,,
20210917,900346,21,0,1,D04,Demo Logistics,5010,Demo Freight-in,V001,Demo Vendor Keystone,Q5,Taxable purchase 10%,332620,30238,1,D04,Demo Logistics,2000,Demo Accounts Payable,V001,Demo Vendor Keystone,00,Out of scope,332620,0,Synthetic demo purchase on account 900346,,,0,,,,,,,,,,,,,,,,,,,,,,,,,,20210917120000,V001,Demo Vendor Keystone,,,,,,,V001,Demo Vendor Keystone,,,,,,,,,,,,,,,
20210918,900322,21,0,1,D01,Demo Sales,1200,Demo Accounts Receivable,C007,Demo Customer Grove,00,Out of scope,174370,0,1,D01,Demo Sales,4010,Demo Service Revenue,C007,Demo Customer Grove,B5,Taxable sale 10%,174370,15852,Synthetic demo credit sale 900322,,,0,,,,,,,,,,,,,,,,,,,,,,,,,,20210918120000,C007,Demo Customer Grove,,,,,,,C007,Demo Customer Grove,,,,,,,,,,,,,,,
20210918,900325,21,0,1,D04,Demo Logistics,5010,Demo Freight-in,V006,Demo Vendor Prairie,Q5,Taxable purchase 10%,284710,25883,1,D04,Demo Logistics,2000,Demo Accounts Payable,V006,Demo Vendor Prairie,00,Out of scope,284710,0,Synthetic demo purchase on account 900325,,,0,,,,,,,,,,,,,,,,,,,,,,,,,,20210918120000,V006,Demo Vendor Prairie,,,,,,,V006,Demo Vendor Prairie,,,,,,,,,,,,,,,
20210919,900304,21,0,1,D01,Demo Sales,1110,Demo North Current Deposit,B002,North Demo Bank,00,Out of scope,122860,0,,,,,,,,,,,,Synthetic demo mixed sales and receipt 900304,,,0,,,,,,,,,,,,,,,,,,,,,,,,,,20210919120000,B002,North Demo Bank,,,,,,,,,,,,,,,,,,,,,,,
20210919,900304,21,0,1,D01,Demo Sales,1200,Demo Accounts Receivable,C005,Demo Customer Elm,00,Out of scope,523820,0,,,,,,,,,,,,Synthetic demo mixed sales and receipt 900304,,,0,,,,,,,,,,,,,,,,,,,,,,,,,,20210919120000,C005,Demo Customer Elm,,,,,,,,,,,,,,,,,,,,,,,
20210919,900304,21,0,,,,,,,,,,,,1,D01,Demo Sales,4000,Demo Product Sales,C006,Demo Customer Fjord,B5,Taxable sale 10%,155200,14109,Synthetic demo mixed sales and receipt 900304,,,0,,,,,,,,,,,,,,,,,,,,,,,,,,20210919120000,,,,,,,,,C006,Demo Customer Fjord,,,,,,,,,,,,,,,
20210919,900304,21,0,,,,,,,,,,,,1,D01,Demo Sales,4010,Demo Service Revenue,C007,Demo Customer Grove,B5,Taxable sale 10%,491480,44680,Synthetic demo mixed sales and receipt 900304,,,0,,,,,,,,,,,,,,,,,,,,,,,,,,20210919120000,,,,,,,,,C007,Demo Customer Grove,,,,,,,,,,,,,,,
20210920,900332,21,0,1,D06,Demo Management,2200,Demo Short-term Loans,,,00,Out of scope,251070,0,1,D06,Demo Management,1120,Demo Harbor Ordinary Deposit,B003,Harbor Demo Bank,00,Out of scope,448340,0,Synthetic demo financing settlement 900332,,,0,,,,,,,,,,,,,,,,,,,,,,,,,,20210920120000,,,,,,,,,B003,Harbor Demo Bank,,,,,,,,,,,,,,,
20210920,900332,21,0,1,D06,Demo Management,6070,Demo Bank Fees,B003,Harbor Demo Bank,00,Out of scope,80700,0,,,,,,,,,,,,Synthetic demo financing settlement 900332,,,0,,,,,,,,,,,,,,,,,,,,,,,,,,20210920120000,B003,Harbor Demo Bank,,,,,,,,,,,,,,,,,,,,,,,
20210920,900332,21,0,1,D06,Demo Management,7000,Demo Taxes and Dues,,,P0,Non-taxable purchase,116570,0,,,,,,,,,,,,Synthetic demo financing settlement 900332,,,0,,,,,,,,,,,,,,,,,,,,,,,,,,20210920120000,,,,,,,,,,,,,,,,,,,,,,,,,
20210920,900342,21,0,1,D01,Demo Sales,1100,Demo Central Ordinary Deposit,B001,Demo Central Bank,00,Out of scope,195920,0,,,,,,,,,,,,Synthetic demo mixed sales and receipt 900342,,,0,,,,,,,,,,,,,,,,,,,,,,,,,,20210920120000,B001,Demo Central Bank,,,,,,,,,,,,,,,,,,,,,,,
20210920,900342,21,0,1,D01,Demo Sales,1200,Demo Accounts Receivable,C003,Demo Customer Cobalt,00,Out of scope,160300,0,,,,,,,,,,,,Synthetic demo mixed sales and receipt 900342,,,0,,,,,,,,,,,,,,,,,,,,,,,,,,20210920120000,C003,Demo Customer Cobalt,,,,,,,,,,,,,,,,,,,,,,,
20210920,900342,21,0,,,,,,,,,,,,1,D01,Demo Sales,4000,Demo Product Sales,C004,Demo Customer Dawn,B5,Taxable sale 10%,302780,27525,Synthetic demo mixed sales and receipt 900342,,,0,,,,,,,,,,,,,,,,,,,,,,,,,,20210920120000,,,,,,,,,C004,Demo Customer Dawn,,,,,,,,,,,,,,,
20210920,900342,21,0,,,,,,,,,,,,1,D01,Demo Sales,4010,Demo Service Revenue,C005,Demo Customer Elm,B5,Taxable sale 10%,53440,4858,Synthetic demo mixed sales and receipt 900342,,,0,,,,,,,,,,,,,,,,,,,,,,,,,,20210920120000,,,,,,,,,C005,Demo Customer Elm,,,,,,,,,,,,,,,
20210921,900316,21,0,1,D04,Demo Logistics,5010,Demo Freight-in,V001,Demo Vendor Keystone,Q5,Taxable purchase 10%,148540,13504,1,D04,Demo Logistics,2000,Demo Accounts Payable,V001,Demo Vendor Keystone,00,Out of scope,148540,0,Synthetic demo purchase on account 900316,,,0,,,,,,,,,,,,,,,,,,,,,,,,,,20210921120000,V001,Demo Vendor Keystone,,,,,,,V001,Demo Vendor Keystone,,,,,,,,,,,,,,,
20210921,900328,21,0,1,D03,Demo Operations,6060,Demo Office Supplies,V001,Demo Vendor Keystone,C5,Synthetic demo tax category C5,34930,3175,1,D03,Demo Operations,1110,Demo North Current Deposit,B002,North Demo Bank,00,Out of scope,34930,0,Synthetic demo operating expense 900328,,,0,,,,,,,,,,,,,,,,,,,,,,,,,,20210921120000,V001,Demo Vendor Keystone,,,,,,,B002,North Demo Bank,,,,,,,,,,,,,,,
20210923,900297,21,0,1,D04,Demo Logistics,2000,Demo Accounts Payable,V006,Demo Vendor Prairie,00,Out of scope,146380,0,1,D04,Demo Logistics,1100,Demo Central Ordinary Deposit,B001,Demo Central Bank,00,Out of scope,146380,0,Synthetic demo vendor settlement 900297,,,0,,,,,,,,,,,,,,,,,,,,,,,,,,20210923120000,V006,Demo Vendor Prairie,,,,,,,B001,Demo Central Bank,,,,,,,,,,,,,,,
20210923,900315,21,0,1,D04,Demo Logistics,5000,Demo Purchases,V006,Demo Vendor Prairie,Q5,Taxable purchase 10%,353960,32178,1,D04,Demo Logistics,2000,Demo Accounts Payable,V006,Demo Vendor Prairie,00,Out of scope,353960,0,Synthetic demo purchase on account 900315,,,0,,,,,,,,,,,,,,,,,,,,,,,,,,20210923120000,V006,Demo Vendor Prairie,,,,,,,V006,Demo Vendor Prairie,,,,,,,,,,,,,,,
20210925,900311,21,0,1,D01,Demo Sales,2000,Demo Accounts Payable,V002,Demo Vendor Lattice,00,Out of scope,116410,0,,,,,,,,,,,,Synthetic demo multi-vendor settlement 900311,,,0,,,,,,,,,,,,,,,,,,,,,,,,,,20210925120000,V002,Demo Vendor Lattice,,,,,,,,,,,,,,,,,,,,,,,
20210925,900311,21,0,1,D01,Demo Sales,2100,Demo Accrued Payables,V005,Demo Vendor Orchid,00,Out of scope,465670,0,,,,,,,,,,,,Synthetic demo multi-vendor settlement 900311,,,0,,,,,,,,,,,,,,,,,,,,,,,,,,20210925120000,V005,Demo Vendor Orchid,,,,,,,,,,,,,,,,,,,,,,,
20210925,900311,21,0,,,,,,,,,,,,1,D01,Demo Sales,1120,Demo Harbor Ordinary Deposit,B003,Harbor Demo Bank,00,Out of scope,232830,0,Synthetic demo multi-vendor settlement 900311,,,0,,,,,,,,,,,,,,,,,,,,,,,,,,20210925120000,,,,,,,,,B003,Harbor Demo Bank,,,,,,,,,,,,,,,
20210925,900311,21,0,,,,,,,,,,,,1,D01,Demo Sales,1100,Demo Central Ordinary Deposit,B001,Demo Central Bank,00,Out of scope,349250,0,Synthetic demo multi-vendor settlement 900311,,,0,,,,,,,,,,,,,,,,,,,,,,,,,,20210925120000,,,,,,,,,B001,Demo Central Bank,,,,,,,,,,,,,,,
20210925,900320,21,0,1,D01,Demo Sales,1200,Demo Accounts Receivable,C001,Demo Customer Aurora,00,Out of scope,305090,0,1,D01,Demo Sales,4020,Demo Other Operating Revenue,C001,Demo Customer Aurora,B5,Taxable sale 10%,305090,27735,Synthetic demo credit sale 900320,,,0,,,,,,,,,,,,,,,,,,,,,,,,,,20210925120000,C001,Demo Customer Aurora,,,,,,,C001,Demo Customer Aurora,,,,,,,,,,,,,,,
20210925,900347,21,0,1,D04,Demo Logistics,2000,Demo Accounts Payable,V006,Demo Vendor Prairie,00,Out of scope,185570,0,1,D04,Demo Logistics,1120,Demo Harbor Ordinary Deposit,B003,Harbor Demo Bank,00,Out of scope,185570,0,Synthetic demo vendor settlement 900347,,,0,,,,,,,,,,,,,,,,,,,,,,,,,,20210925120000,V006,Demo Vendor Prairie,,,,,,,B003,Harbor Demo Bank,,,,,,,,,,,,,,,
20210926,900318,21,0,1,D02,Demo Administration,6140,Demo Vehicle Expense,V001,Demo Vendor Keystone,Q5,Taxable purchase 10%,143410,13037,1,D02,Demo Administration,1100,Demo Central Ordinary Deposit,B001,Demo Central Bank,00,Out of scope,143410,0,Synthetic demo operating expense 900318,,,0,,,,,,,,,,,,,,,,,,,,,,,,,,20210926120000,V001,Demo Vendor Keystone,,,,,,,B001,Demo Central Bank,,,,,,,,,,,,,,,
20210928,900307,21,0,1,D04,Demo Logistics,2000,Demo Accounts Payable,V006,Demo Vendor Prairie,00,Out of scope,214630,0,1,D04,Demo Logistics,1110,Demo North Current Deposit,B002,North Demo Bank,00,Out of scope,214630,0,Synthetic demo vendor settlement 900307,,,0,,,,,,,,,,,,,,,,,,,,,,,,,,20210928120000,V006,Demo Vendor Prairie,,,,,,,B002,North Demo Bank,,,,,,,,,,,,,,,
20210928,900337,21,0,1,D04,Demo Logistics,2000,Demo Accounts Payable,V006,Demo Vendor Prairie,00,Out of scope,221550,0,1,D04,Demo Logistics,1110,Demo North Current Deposit,B002,North Demo Bank,00,Out of scope,221550,0,Synthetic demo vendor settlement 900337,,,0,,,,,,,,,,,,,,,,,,,,,,,,,,20210928120000,V006,Demo Vendor Prairie,,,,,,,B002,North Demo Bank,,,,,,,,,,,,,,,
20210929,900321,21,0,1,D01,Demo Sales,1200,Demo Accounts Receivable,C004,Demo Customer Dawn,00,Out of scope,595770,0,1,D01,Demo Sales,4000,Demo Product Sales,C004,Demo Customer Dawn,B5,Taxable sale 10%,595770,54161,Synthetic demo credit sale 900321,,,0,,,,,,,,,,,,,,,,,,,,,,,,,,20210929120000,C004,Demo Customer Dawn,,,,,,,C004,Demo Customer Dawn,,,,,,,,,,,,,,,
20210929,900333,21,0,1,D01,Demo Sales,1100,Demo Central Ordinary Deposit,B001,Demo Central Bank,00,Out of scope,203720,0,1,D01,Demo Sales,1200,Demo Accounts Receivable,C010,Demo Customer Juniper,00,Out of scope,203720,0,Synthetic demo customer receipt 900333,,,0,,,,,,,,,,,,,,,,,,,,,,,,,,20210929120000,B001,Demo Central Bank,,,,,,,C010,Demo Customer Juniper,,,,,,,,,,,,,,,
20210929,900341,21,0,1,D01,Demo Sales,1200,Demo Accounts Receivable,C004,Demo Customer Dawn,00,Out of scope,285420,0,1,D01,Demo Sales,4020,Demo Other Operating Revenue,C004,Demo Customer Dawn,B5,Taxable sale 10%,285420,25947,Synthetic demo credit sale 900341,,,0,,,,,,,,,,,,,,,,,,,,,,,,,,20210929120000,C004,Demo Customer Dawn,,,,,,,C004,Demo Customer Dawn,,,,,,,,,,,,,,,
20210930,900303,21,0,1,D01,Demo Sales,1100,Demo Central Ordinary Deposit,B001,Demo Central Bank,00,Out of scope,175050,0,1,D01,Demo Sales,1200,Demo Accounts Receivable,C010,Demo Customer Juniper,00,Out of scope,175050,0,Synthetic demo customer receipt 900303,,,0,,,,,,,,,,,,,,,,,,,,,,,,,,20210930120000,B001,Demo Central Bank,,,,,,,C010,Demo Customer Juniper,,,,,,,,,,,,,,,
20210930,900305,21,0,1,D04,Demo Logistics,5020,Demo Inventory Adjustment,V006,Demo Vendor Prairie,Q5,Taxable purchase 10%,101790,9254,1,D04,Demo Logistics,2000,Demo Accounts Payable,V006,Demo Vendor Prairie,00,Out of scope,101790,0,Synthetic demo purchase on account 900305,,,0,,,,,,,,,,,,,,,,,,,,,,,,,,20210930120000,V006,Demo Vendor Prairie,,,,,,,V006,Demo Vendor Prairie,,,,,,,,,,,,,,,
20210930,900352,21,0,1,D01,Demo Sales,1200,Demo Accounts Receivable,C007,Demo Customer Grove,00,Out of scope,272770,0,1,D01,Demo Sales,4010,Demo Service Revenue,C007,Demo Customer Grove,B5,Taxable sale 10%,272770,24797,Synthetic demo credit sale 900352,,,0,,,,,,,,,,,,,,,,,,,,,,,,,,20210930120000,C007,Demo Customer Grove,,,,,,,C007,Demo Customer Grove,,,,,,,,,,,,,,,
20211001,900367,21,0,1,D01,Demo Sales,2000,Demo Accounts Payable,V008,Demo Vendor Rivulet,00,Out of scope,146200,0,,,,,,,,,,,,Synthetic demo multi-vendor settlement 900367,,,0,,,,,,,,,,,,,,,,,,,,,,,,,,20211001120000,V008,Demo Vendor Rivulet,,,,,,,,,,,,,,,,,,,,,,,
20211001,900367,21,0,1,D01,Demo Sales,2100,Demo Accrued Payables,V001,Demo Vendor Keystone,00,Out of scope,341150,0,,,,,,,,,,,,Synthetic demo multi-vendor settlement 900367,,,0,,,,,,,,,,,,,,,,,,,,,,,,,,20211001120000,V001,Demo Vendor Keystone,,,,,,,,,,,,,,,,,,,,,,,
20211001,900367,21,0,,,,,,,,,,,,1,D01,Demo Sales,1110,Demo North Current Deposit,B002,North Demo Bank,00,Out of scope,341140,0,Synthetic demo multi-vendor settlement 900367,,,0,,,,,,,,,,,,,,,,,,,,,,,,,,20211001120000,,,,,,,,,B002,North Demo Bank,,,,,,,,,,,,,,,
20211001,900367,21,0,,,,,,,,,,,,1,D01,Demo Sales,1120,Demo Harbor Ordinary Deposit,B003,Harbor Demo Bank,00,Out of scope,146210,0,Synthetic demo multi-vendor settlement 900367,,,0,,,,,,,,,,,,,,,,,,,,,,,,,,20211001120000,,,,,,,,,B003,Harbor Demo Bank,,,,,,,,,,,,,,,
20211001,900399,21,0,1,D05,Demo Digital Services,1400,Demo Prepaid Expenses,S004,Demo Logistics Services,00,Out of scope,202420,0,1,D05,Demo Digital Services,1100,Demo Central Ordinary Deposit,B001,Demo Central Bank,00,Out of scope,202420,0,Synthetic demo prepaid service 900399,,,0,,,,,,,,,,,,,,,,,,,,,,,,,,20211001120000,S004,Demo Logistics Services,,,,,,,B001,Demo Central Bank,,,,,,,,,,,,,,,
20211002,900385,21,0,1,D04,Demo Logistics,5010,Demo Freight-in,V006,Demo Vendor Prairie,Q5,Taxable purchase 10%,36660,3333,1,D04,Demo Logistics,2000,Demo Accounts Payable,V006,Demo Vendor Prairie,00,Out of scope,36660,0,Synthetic demo purchase on account 900385,,,0,,,,,,,,,,,,,,,,,,,,,,,,,,20211002120000,V006,Demo Vendor Prairie,,,,,,,V006,Demo Vendor Prairie,,,,,,,,,,,,,,,
20211003,900383,21,0,1,D06,Demo Management,2200,Demo Short-term Loans,,,00,Out of scope,121570,0,1,D06,Demo Management,1120,Demo Harbor Ordinary Deposit,B003,Harbor Demo Bank,00,Out of scope,434210,0,Synthetic demo financing settlement 900383,,,0,,,,,,,,,,,,,,,,,,,,,,,,,,20211003120000,,,,,,,,,B003,Harbor Demo Bank,,,,,,,,,,,,,,,
20211003,900383,21,0,1,D06,Demo Management,6070,Demo Bank Fees,B003,Harbor Demo Bank,00,Out of scope,243150,0,,,,,,,,,,,,Synthetic demo financing settlement 900383,,,0,,,,,,,,,,,,,,,,,,,,,,,,,,20211003120000,B003,Harbor Demo Bank,,,,,,,,,,,,,,,,,,,,,,,
20211003,900383,21,0,1,D06,Demo Management,7000,Demo Taxes and Dues,,,P0,Non-taxable purchase,69490,0,,,,,,,,,,,,Synthetic demo financing settlement 900383,,,0,,,,,,,,,,,,,,,,,,,,,,,,,,20211003120000,,,,,,,,,,,,,,,,,,,,,,,,,
20211003,900401,21,0,1,D01,Demo Sales,2000,Demo Accounts Payable,V002,Demo Vendor Lattice,00,Out of scope,231960,0,,,,,,,,,,,,Synthetic demo multi-vendor settlement 900401,,,0,,,,,,,,,,,,,,,,,,,,,,,,,,20211003120000,V002,Demo Vendor Lattice,,,,,,,,,,,,,,,,,,,,,,,
20211003,900401,21,0,1,D01,Demo Sales,2100,Demo Accrued Payables,V005,Demo Vendor Orchid,00,Out of scope,61670,0,,,,,,,,,,,,Synthetic demo multi-vendor settlement 900401,,,0,,,,,,,,,,,,,,,,,,,,,,,,,,20211003120000,V005,Demo Vendor Orchid,,,,,,,,,,,,,,,,,,,,,,,
20211003,900401,21,0,,,,,,,,,,,,1,D01,Demo Sales,1120,Demo Harbor Ordinary Deposit,B003,Harbor Demo Bank,00,Out of scope,138000,0,Synthetic demo multi-vendor settlement 900401,,,0,,,,,,,,,,,,,,,,,,,,,,,,,,20211003120000,,,,,,,,,B003,Harbor Demo Bank,,,,,,,,,,,,,,,
20211003,900401,21,0,,,,,,,,,,,,1,D01,Demo Sales,1100,Demo Central Ordinary Deposit,B001,Demo Central Bank,00,Out of scope,155630,0,Synthetic demo multi-vendor settlement 900401,,,0,,,,,,,,,,,,,,,,,,,,,,,,,,20211003120000,,,,,,,,,B001,Demo Central Bank,,,,,,,,,,,,,,,
20211004,900406,21,0,1,D04,Demo Logistics,5010,Demo Freight-in,V001,Demo Vendor Keystone,Q5,Taxable purchase 10%,333950,30359,1,D04,Demo Logistics,2000,Demo Accounts Payable,V001,Demo Vendor Keystone,00,Out of scope,333950,0,Synthetic demo purchase on account 900406,,,0,,,,,,,,,,,,,,,,,,,,,,,,,,20211004120000,V001,Demo Vendor Keystone,,,,,,,V001,Demo Vendor Keystone,,,,,,,,,,,,,,,
20211005,900395,21,0,1,D04,Demo Logistics,5020,Demo Inventory Adjustment,V006,Demo Vendor Prairie,Q5,Taxable purchase 10%,195440,17767,1,D04,Demo Logistics,2000,Demo Accounts Payable,V006,Demo Vendor Prairie,00,Out of scope,195440,0,Synthetic demo purchase on account 900395,,,0,,,,,,,,,,,,,,,,,,,,,,,,,,20211005120000,V006,Demo Vendor Prairie,,,,,,,V006,Demo Vendor Prairie,,,,,,,,,,,,,,,
20211006,900372,21,0,1,D01,Demo Sales,1200,Demo Accounts Receivable,C007,Demo Customer Grove,00,Out of scope,486740,0,1,D01,Demo Sales,4000,Demo Product Sales,C007,Demo Customer Grove,B5,Taxable sale 10%,486740,44249,Synthetic demo credit sale 900372,,,0,,,,,,,,,,,,,,,,,,,,,,,,,,20211006120000,C007,Demo Customer Grove,,,,,,,C007,Demo Customer Grove,,,,,,,,,,,,,,,
20211006,900396,21,0,1,D01,Demo Sales,1100,Demo Central Ordinary Deposit,B001,Demo Central Bank,00,Out of scope,268710,0,1,D01,Demo Sales,1200,Demo Accounts Receivable,C007,Demo Customer Grove,00,Out of scope,80610,0,Synthetic demo combined customer receipt 900396,,,0,,,,,,,,,,,,,,,,,,,,,,,,,,20211006120000,B001,Demo Central Bank,,,,,,,C007,Demo Customer Grove,,,,,,,,,,,,,,,
20211006,900396,21,0,,,,,,,,,,,,1,D01,Demo Sales,1200,Demo Accounts Receivable,C008,Demo Customer Halo,00,Out of scope,29550,0,Synthetic demo combined customer receipt 900396,,,0,,,,,,,,,,,,,,,,,,,,,,,,,,20211006120000,,,,,,,,,C008,Demo Customer Halo,,,,,,,,,,,,,,,
20211006,900396,21,0,,,,,,,,,,,,1,D01,Demo Sales,1200,Demo Accounts Receivable,C009,Demo Customer Indigo,00,Out of scope,158550,0,Synthetic demo combined customer receipt 900396,,,0,,,,,,,,,,,,,,,,,,,,,,,,,,20211006120000,,,,,,,,,C009,Demo Customer Indigo,,,,,,,,,,,,,,,
20211006,900408,21,0,1,D02,Demo Administration,6140,Demo Vehicle Expense,V001,Demo Vendor Keystone,Q5,Taxable purchase 10%,64460,5860,1,D02,Demo Administration,1100,Demo Central Ordinary Deposit,B001,Demo Central Bank,00,Out of scope,64460,0,Synthetic demo operating expense 900408,,,0,,,,,,,,,,,,,,,,,,,,,,,,,,20211006120000,V001,Demo Vendor Keystone,,,,,,,B001,Demo Central Bank,,,,,,,,,,,,,,,
20211007,900364,21,0,1,D03,Demo Operations,6030,Demo Utilities,S002,Demo Energy Services,Q5,Taxable purchase 10%,330270,30025,1,D03,Demo Operations,1110,Demo North Current Deposit,B002,North Demo Bank,00,Out of scope,524240,0,Synthetic demo operating cost bundle 900364,,,0,,,,,,,,,,,,,,,,,,,,,,,,,,20211007120000,S002,Demo Energy Services,,,,,,,B002,North Demo Bank,,,,,,,,,,,,,,,
20211007,900364,21,0,1,D03,Demo Operations,6040,Demo Communication,S003,Demo Network Services,Q5,Taxable purchase 10%,78630,7148,,,,,,,,,,,,Synthetic demo operating cost bundle 900364,,,0,,,,,,,,,,,,,,,,,,,,,,,,,,20211007120000,S003,Demo Network Services,,,,,,,,,,,,,,,,,,,,,,,
20211007,900364,21,0,1,D03,Demo Operations,6060,Demo Office Supplies,V005,Demo Vendor Orchid,Q5,Taxable purchase 10%,115340,10485,,,,,,,,,,,,Synthetic demo operating cost bundle 900364,,,0,,,,,,,,,,,,,,,,,,,,,,,,,,20211007120000,V005,Demo Vendor Orchid,,,,,,,,,,,,,,,,,,,,,,,
20211007,900380,21,0,1,D01,Demo Sales,1120,Demo Harbor Ordinary Deposit,B003,Harbor Demo Bank,00,Out of scope,146410,0,,,,,,,,,,,,Synthetic demo mixed sales and receipt 900380,,,0,,,,,,,,,,,,,,,,,,,,,,,,,,20211007120000,B003,Harbor Demo Bank,,,,,,,,,,,,,,,,,,,,,,,
20211007,900380,21,0,1,D01,Demo Sales,1200,Demo Accounts Receivable,C001,Demo Customer Aurora,00,Out of scope,78840,0,,,,,,,,,,,,Synthetic demo mixed sales and receipt 900380,,,0,,,,,,,,,,,,,,,,,,,,,,,,,,20211007120000,C001,Demo Customer Aurora,,,,,,,,,,,,,,,,,,,,,,,
20211007,900380,21,0,,,,,,,,,,,,1,D01,Demo Sales,4000,Demo Product Sales,C002,Demo Customer Birch,B5,Taxable sale 10%,128390,11672,Synthetic demo mixed sales and receipt 900380,,,0,,,,,,,,,,,,,,,,,,,,,,,,,,20211007120000,,,,,,,,,C002,Demo Customer Birch,,,,,,,,,,,,,,,
20211007,900380,21,0,,,,,,,,,,,,1,D01,Demo Sales,4010,Demo Service Revenue,C003,Demo Customer Cobalt,B5,Taxable sale 10%,96860,8805,Synthetic demo mixed sales and receipt 900380,,,0,,,,,,,,,,,,,,,,,,,,,,,,,,20211007120000,,,,,,,,,C003,Demo Customer Cobalt,,,,,,,,,,,,,,,
20211008,900382,21,0,1,D01,Demo Sales,1200,Demo Accounts Receivable,C007,Demo Customer Grove,00,Out of scope,100740,0,1,D01,Demo Sales,4010,Demo Service Revenue,C007,Demo Customer Grove,B5,Taxable sale 10%,100740,9158,Synthetic demo credit sale 900382,,,0,,,,,,,,,,,,,,,,,,,,,,,,,,20211008120000,C007,Demo Customer Grove,,,,,,,C007,Demo Customer Grove,,,,,,,,,,,,,,,
20211008,900392,21,0,1,D01,Demo Sales,1120,Demo Harbor Ordinary Deposit,B003,Harbor Demo Bank,00,Out of scope,110050,0,,,,,,,,,,,,Synthetic demo mixed sales and receipt 900392,,,0,,,,,,,,,,,,,,,,,,,,,,,,,,20211008120000,B003,Harbor Demo Bank,,,,,,,,,,,,,,,,,,,,,,,
20211008,900392,21,0,1,D01,Demo Sales,1200,Demo Accounts Receivable,C003,Demo Customer Cobalt,00,Out of scope,368460,0,,,,,,,,,,,,Synthetic demo mixed sales and receipt 900392,,,0,,,,,,,,,,,,,,,,,,,,,,,,,,20211008120000,C003,Demo Customer Cobalt,,,,,,,,,,,,,,,,,,,,,,,
20211008,900392,21,0,,,,,,,,,,,,1,D01,Demo Sales,4000,Demo Product Sales,C004,Demo Customer Dawn,B5,Taxable sale 10%,291890,26535,Synthetic demo mixed sales and receipt 900392,,,0,,,,,,,,,,,,,,,,,,,,,,,,,,20211008120000,,,,,,,,,C004,Demo Customer Dawn,,,,,,,,,,,,,,,
20211008,900392,21,0,,,,,,,,,,,,1,D01,Demo Sales,4010,Demo Service Revenue,C005,Demo Customer Elm,B5,Taxable sale 10%,186620,16965,Synthetic demo mixed sales and receipt 900392,,,0,,,,,,,,,,,,,,,,,,,,,,,,,,20211008120000,,,,,,,,,C005,Demo Customer Elm,,,,,,,,,,,,,,,
20211009,900354,21,0,1,D01,Demo Sales,1100,Demo Central Ordinary Deposit,B001,Demo Central Bank,00,Out of scope,451200,0,1,D01,Demo Sales,1200,Demo Accounts Receivable,C003,Demo Customer Cobalt,00,Out of scope,451200,0,Synthetic demo customer receipt 900354,,,0,,,,,,,,,,,,,,,,,,,,,,,,,,20211009120000,B001,Demo Central Bank,,,,,,,C003,Demo Customer Cobalt,,,,,,,,,,,,,,,
20211009,900356,21,0,1,D04,Demo Logistics,5020,Demo Inventory Adjustment,V001,Demo Vendor Keystone,Q5,Taxable purchase 10%,268000,24364,1,D04,Demo Logistics,2000,Demo Accounts Payable,V001,Demo Vendor Keystone,00,Out of scope,268000,0,Synthetic demo purchase on account 900356,,,0,,,,,,,,,,,,,,,,,,,,,,,,,,20211009120000,V001,Demo Vendor Keystone,,,,,,,V001,Demo Vendor Keystone,,,,,,,,,,,,,,,
20211009,900381,21,0,1,D01,Demo Sales,1200,Demo Accounts Receivable,C004,Demo Customer Dawn,00,Out of scope,335100,0,1,D01,Demo Sales,4000,Demo Product Sales,C004,Demo Customer Dawn,B5,Taxable sale 10%,335100,30464,Synthetic demo credit sale 900381,,,0,,,,,,,,,,,,,,,,,,,,,,,,,,20211009120000,C004,Demo Customer Dawn,,,,,,,C004,Demo Customer Dawn,,,,,,,,,,,,,,,
20211009,900388,21,0,1,D03,Demo Operations,6120,Demo Professional Fees,V001,Demo Vendor Keystone,Q5,Taxable purchase 10%,124270,11297,1,D03,Demo Operations,1110,Demo North Current Deposit,B002,North Demo Bank,00,Out of scope,124270,0,Synthetic demo operating expense 900388,,,0,,,,,,,,,,,,,,,,,,,,,,,,,,20211009120000,V001,Demo Vendor Keystone,,,,,,,B002,North Demo Bank,,,,,,,,,,,,,,,
20211010,900398,21,0,1,D06,Demo Management,2200,Demo Short-term Loans,,,00,Out of scope,84420,0,1,D06,Demo Management,1120,Demo Harbor Ordinary Deposit,B003,Harbor Demo Bank,00,Out of scope,469040,0,Synthetic demo financing settlement 900398,,,0,,,,,,,,,,,,,,,,,,,,,,,,,,20211010120000,,,,,,,,,B003,Harbor Demo Bank,,,,,,,,,,,,,,,
20211010,900398,21,0,1,D06,Demo Management,6070,Demo Bank Fees,B003,Harbor Demo Bank,00,Out of scope,187610,0,,,,,,,,,,,,Synthetic demo financing settlement 900398,,,0,,,,,,,,,,,,,,,,,,,,,,,,,,20211010120000,B003,Harbor Demo Bank,,,,,,,,,,,,,,,,,,,,,,,
20211010,900398,21,0,1,D06,Demo Management,7000,Demo Taxes and Dues,,,P0,Non-taxable purchase,197010,0,,,,,,,,,,,,Synthetic demo financing settlement 900398,,,0,,,,,,,,,,,,,,,,,,,,,,,,,,20211010120000,,,,,,,,,,,,,,,,,,,,,,,,,
20211010,900400,21,0,1,D01,Demo Sales,1200,Demo Accounts Receivable,C001,Demo Customer Aurora,00,Out of scope,246940,0,1,D01,Demo Sales,4010,Demo Service Revenue,C001,Demo Customer Aurora,B5,Taxable sale 10%,246940,22449,Synthetic demo credit sale 900400,,,0,,,,,,,,,,,,,,,,,,,,,,,,,,20211010120000,C001,Demo Customer Aurora,,,,,,,C001,Demo Customer Aurora,,,,,,,,,,,,,,,
20211010,900411,21,0,1,D01,Demo Sales,2000,Demo Accounts Payable,V002,Demo Vendor Lattice,00,Out of scope,260030,0,,,,,,,,,,,,Synthetic demo multi-vendor settlement 900411,,,0,,,,,,,,,,,,,,,,,,,,,,,,,,20211010120000,V002,Demo Vendor Lattice,,,,,,,,,,,,,,,,,,,,,,,
20211010,900411,21,0,1,D01,Demo Sales,2100,Demo Accrued Payables,V005,Demo Vendor Orchid,00,Out of scope,221520,0,,,,,,,,,,,,Synthetic demo multi-vendor settlement 900411,,,0,,,,,,,,,,,,,,,,,,,,,,,,,,20211010120000,V005,Demo Vendor Orchid,,,,,,,,,,,,,,,,,,,,,,,
20211010,900411,21,0,,,,,,,,,,,,1,D01,Demo Sales,1100,Demo Central Ordinary Deposit,B001,Demo Central Bank,00,Out of scope,158910,0,Synthetic demo multi-vendor settlement 900411,,,0,,,,,,,,,,,,,,,,,,,,,,,,,,20211010120000,,,,,,,,,B001,Demo Central Bank,,,,,,,,,,,,,,,
20211010,900411,21,0,,,,,,,,,,,,1,D01,Demo Sales,1110,Demo North Current Deposit,B002,North Demo Bank,00,Out of scope,322640,0,Synthetic demo multi-vendor settlement 900411,,,0,,,,,,,,,,,,,,,,,,,,,,,,,,20211010120000,,,,,,,,,B002,North Demo Bank,,,,,,,,,,,,,,,
20211011,900368,21,0,1,D05,Demo Digital Services,6100,Demo Repairs,V001,Demo Vendor Keystone,Q6,Taxable purchase 8%,154920,11476,1,D05,Demo Digital Services,1120,Demo Harbor Ordinary Deposit,B003,Harbor Demo Bank,00,Out of scope,154920,0,Synthetic demo operating expense 900368,,,0,,,,,,,,,,,,,,,,,,,,,,,,,,20211011120000,V001,Demo Vendor Keystone,,,,,,,B003,Harbor Demo Bank,,,,,,,,,,,,,,,
20211011,900394,21,0,1,D01,Demo Sales,1110,Demo North Current Deposit,B002,North Demo Bank,00,Out of scope,102750,0,1,D01,Demo Sales,1200,Demo Accounts Receivable,C003,Demo Customer Cobalt,00,Out of scope,102750,0,Synthetic demo customer receipt 900394,,,0,,,,,,,,,,,,,,,,,,,,,,,,,,20211011120000,B002,North Demo Bank,,,,,,,C003,Demo Customer Cobalt,,,,,,,,,,,,,,,
20211012,900360,21,0,1,D01,Demo Sales,1200,Demo Accounts Receivable,C001,Demo Customer Aurora,00,Out of scope,302090,0,1,D01,Demo Sales,4000,Demo Product Sales,C001,Demo Customer Aurora,B5,Taxable sale 10%,302090,27463,Synthetic demo credit sale 900360,,,0,,,,,,,,,,,,,,,,,,,,,,,,,,20211012120000,C001,Demo Customer Aurora,,,,,,,C001,Demo Customer Aurora,,,,,,,,,,,,,,,
20211012,900407,21,0,1,D06,Demo Management,2200,Demo Short-term Loans,,,00,Out of scope,207130,0,1,D06,Demo Management,1120,Demo Harbor Ordinary Deposit,B003,Harbor Demo Bank,00,Out of scope,690440,0,Synthetic demo financing settlement 900407,,,0,,,,,,,,,,,,,,,,,,,,,,,,,,20211012120000,,,,,,,,,B003,Harbor Demo Bank,,,,,,,,,,,,,,,
20211012,900407,21,0,1,D06,Demo Management,6070,Demo Bank Fees,B003,Harbor Demo Bank,00,Out of scope,62130,0,,,,,,,,,,,,Synthetic demo financing settlement 900407,,,0,,,,,,,,,,,,,,,,,,,,,,,,,,20211012120000,B003,Harbor Demo Bank,,,,,,,,,,,,,,,,,,,,,,,
20211012,900407,21,0,1,D06,Demo Management,7000,Demo Taxes and Dues,,,P0,Non-taxable purchase,421180,0,,,,,,,,,,,,Synthetic demo financing settlement 900407,,,0,,,,,,,,,,,,,,,,,,,,,,,,,,20211012120000,,,,,,,,,,,,,,,,,,,,,,,,,
20211014,900377,21,0,1,D06,Demo Management,2200,Demo Short-term Loans,,,00,Out of scope,59760,0,1,D06,Demo Management,1120,Demo Harbor Ordinary Deposit,B003,Harbor Demo Bank,00,Out of scope,271640,0,Synthetic demo financing settlement 900377,,,0,,,,,,,,,,,,,,,,,,,,,,,,,,20211014120000,,,,,,,,,B003,Harbor Demo Bank,,,,,,,,,,,,,,,
20211014,900377,21,0,1,D06,Demo Management,6070,Demo Bank Fees,B003,Harbor Demo Bank,00,Out of scope,95070,0,,,,,,,,,,,,Synthetic demo financing settlement 900377,,,0,,,,,,,,,,,,,,,,,,,,,,,,,,20211014120000,B003,Harbor Demo Bank,,,,,,,,,,,,,,,,,,,,,,,
20211014,900377,21,0,1,D06,Demo Management,7000,Demo Taxes and Dues,,,P0,Non-taxable purchase,116810,0,,,,,,,,,,,,Synthetic demo financing settlement 900377,,,0,,,,,,,,,,,,,,,,,,,,,,,,,,20211014120000,,,,,,,,,,,,,,,,,,,,,,,,,
20211015,900361,21,0,1,D01,Demo Sales,2000,Demo Accounts Payable,V002,Demo Vendor Lattice,00,Out of scope,73490,0,,,,,,,,,,,,Synthetic demo multi-vendor settlement 900361,,,0,,,,,,,,,,,,,,,,,,,,,,,,,,20211015120000,V002,Demo Vendor Lattice,,,,,,,,,,,,,,,,,,,,,,,
20211015,900361,21,0,1,D01,Demo Sales,2100,Demo Accrued Payables,V005,Demo Vendor Orchid,00,Out of scope,114960,0,,,,,,,,,,,,Synthetic demo multi-vendor settlement 900361,,,0,,,,,,,,,,,,,,,,,,,,,,,,,,20211015120000,V005,Demo Vendor Orchid,,,,,,,,,,,,,,,,,,,,,,,
20211015,900361,21,0,,,,,,,,,,,,1,D01,Demo Sales,1110,Demo North Current Deposit,B002,North Demo Bank,00,Out of scope,67840,0,Synthetic demo multi-vendor settlement 900361,,,0,,,,,,,,,,,,,,,,,,,,,,,,,,20211015120000,,,,,,,,,B002,North Demo Bank,,,,,,,,,,,,,,,
20211015,900361,21,0,,,,,,,,,,,,1,D01,Demo Sales,1120,Demo Harbor Ordinary Deposit,B003,Harbor Demo Bank,00,Out of scope,120610,0,Synthetic demo multi-vendor settlement 900361,,,0,,,,,,,,,,,,,,,,,,,,,,,,,,20211015120000,,,,,,,,,B003,Harbor Demo Bank,,,,,,,,,,,,,,,
20211015,900386,21,0,1,D01,Demo Sales,1120,Demo Harbor Ordinary Deposit,B003,Harbor Demo Bank,00,Out of scope,186290,0,,,,,,,,,,,,Synthetic demo mixed sales and receipt 900386,,,0,,,,,,,,,,,,,,,,,,,,,,,,,,20211015120000,B003,Harbor Demo Bank,,,,,,,,,,,,,,,,,,,,,,,
20211015,900386,21,0,1,D01,Demo Sales,1200,Demo Accounts Receivable,C007,Demo Customer Grove,00,Out of scope,279450,0,,,,,,,,,,,,Synthetic demo mixed sales and receipt 900386,,,0,,,,,,,,,,,,,,,,,,,,,,,,,,20211015120000,C007,Demo Customer Grove,,,,,,,,,,,,,,,,,,,,,,,
20211015,900386,21,0,,,,,,,,,,,,1,D01,Demo Sales,4000,Demo Product Sales,C008,Demo Customer Halo,B5,Taxable sale 10%,339990,30908,Synthetic demo mixed sales and receipt 900386,,,0,,,,,,,,,,,,,,,,,,,,,,,,,,20211015120000,,,,,,,,,C008,Demo Customer Halo,,,,,,,,,,,,,,,
20211015,900386,21,0,,,,,,,,,,,,1,D01,Demo Sales,4010,Demo Service Revenue,C009,Demo Customer Indigo,B5,Taxable sale 10%,125750,11432,Synthetic demo mixed sales and receipt 900386,,,0,,,,,,,,,,,,,,,,,,,,,,,,,,20211015120000,,,,,,,,,C009,Demo Customer Indigo,,,,,,,,,,,,,,,
20211015,900397,21,0,1,D04,Demo Logistics,2000,Demo Accounts Payable,V006,Demo Vendor Prairie,00,Out of scope,169710,0,1,D04,Demo Logistics,1110,Demo North Current Deposit,B002,North Demo Bank,00,Out of scope,169710,0,Synthetic demo vendor settlement 900397,,,0,,,,,,,,,,,,,,,,,,,,,,,,,,20211015120000,V006,Demo Vendor Prairie,,,,,,,B002,North Demo Bank,,,,,,,,,,,,,,,
20211016,900363,21,0,1,D01,Demo Sales,1100,Demo Central Ordinary Deposit,B001,Demo Central Bank,00,Out of scope,261390,0,1,D01,Demo Sales,1200,Demo Accounts Receivable,C010,Demo Customer Juniper,00,Out of scope,261390,0,Synthetic demo customer receipt 900363,,,0,,,,,,,,,,,,,,,,,,,,,,,,,,20211016120000,B001,Demo Central Bank,,,,,,,C010,Demo Customer Juniper,,,,,,,,,,,,,,,
20211016,900389,21,0,1,D05,Demo Digital Services,1400,Demo Prepaid Expenses,S006,Demo Insurance Services,00,Out of scope,143090,0,1,D05,Demo Digital Services,1120,Demo Harbor Ordinary Deposit,B003,Harbor Demo Bank,00,Out of scope,143090,0,Synthetic demo prepaid service 900389,,,0,,,,,,,,,,,,,,,,,,,,,,,,,,20211016120000,S006,Demo Insurance Services,,,,,,,B003,Harbor Demo Bank,,,,,,,,,,,,,,,
20211016,900391,21,0,1,D01,Demo Sales,1200,Demo Accounts Receivable,C004,Demo Customer Dawn,00,Out of scope,100730,0,1,D01,Demo Sales,4010,Demo Service Revenue,C004,Demo Customer Dawn,B5,Taxable sale 10%,100730,9157,Synthetic demo credit sale 900391,,,0,,,,,,,,,,,,,,,,,,,,,,,,,,20211016120000,C004,Demo Customer Dawn,,,,,,,C004,Demo Customer Dawn,,,,,,,,,,,,,,,
20211017,900404,21,0,1,D01,Demo Sales,1120,Demo Harbor Ordinary Deposit,B003,Harbor Demo Bank,00,Out of scope,358490,0,1,D01,Demo Sales,1200,Demo Accounts Receivable,C003,Demo Customer Cobalt,00,Out of scope,358490,0,Synthetic demo customer receipt 900404,,,0,,,,,,,,,,,,,,,,,,,,,,,,,,20211017120000,B003,Harbor Demo Bank,,,,,,,C003,Demo Customer Cobalt,,,,,,,,,,,,,,,
20211018,900378,21,0,1,D02,Demo Administration,6020,Demo Office Rent,V001,Demo Vendor Keystone,Q5,Taxable purchase 10%,167040,15185,1,D02,Demo Administration,1100,Demo Central Ordinary Deposit,B001,Demo Central Bank,00,Out of scope,167040,0,Synthetic demo operating expense 900378,,,0,,,,,,,,,,,,,,,,,,,,,,,,,,20211018120000,V001,Demo Vendor Keystone,,,,,,,B001,Demo Central Bank,,,,,,,,,,,,,,,
20211019,900402,21,0,1,D01,Demo Sales,1200,Demo Accounts Receivable,C007,Demo Customer Grove,00,Out of scope,71050,0,1,D01,Demo Sales,4000,Demo Product Sales,C007,Demo Customer Grove,B5,Taxable sale 10%,71050,6459,Synthetic demo credit sale 900402,,,0,,,,,,,,,,,,,,,,,,,,,,,,,,20211019120000,C007,Demo Customer Grove,,,,,,,C007,Demo Customer Grove,,,,,,,,,,,,,,,
20211020,900359,21,0,1,D05,Demo Digital Services,1400,Demo Prepaid Expenses,S006,Demo Insurance Services,00,Out of scope,170010,0,1,D05,Demo Digital Services,1120,Demo Harbor Ordinary Deposit,B003,Harbor Demo Bank,00,Out of scope,170010,0,Synthetic demo prepaid service 900359,,,0,,,,,,,,,,,,,,,,,,,,,,,,,,20211020120000,S006,Demo Insurance Services,,,,,,,B003,Harbor Demo Bank,,,,,,,,,,,,,,,
20211020,900375,21,0,1,D04,Demo Logistics,5000,Demo Purchases,V006,Demo Vendor Prairie,Q5,Taxable purchase 10%,113680,10335,1,D04,Demo Logistics,2000,Demo Accounts Payable,V006,Demo Vendor Prairie,00,Out of scope,113680,0,Synthetic demo purchase on account 900375,,,0,,,,,,,,,,,,,,,,,,,,,,,,,,20211020120000,V006,Demo Vendor Prairie,,,,,,,V006,Demo Vendor Prairie,,,,,,,,,,,,,,,
20211021,900384,21,0,1,D01,Demo Sales,1100,Demo Central Ordinary Deposit,B001,Demo Central Bank,00,Out of scope,188430,0,1,D01,Demo Sales,1200,Demo Accounts Receivable,C003,Demo Customer Cobalt,00,Out of scope,188430,0,Synthetic demo customer receipt 900384,,,0,,,,,,,,,,,,,,,,,,,,,,,,,,20211021120000,B001,Demo Central Bank,,,,,,,C003,Demo Customer Cobalt,,,,,,,,,,,,,,,
20211021,900409,21,0,1,D05,Demo Digital Services,1400,Demo Prepaid Expenses,S002,Demo Energy Services,00,Out of scope,170990,0,1,D05,Demo Digital Services,1110,Demo North Current Deposit,B002,North Demo Bank,00,Out of scope,170990,0,Synthetic demo prepaid service 900409,,,0,,,,,,,,,,,,,,,,,,,,,,,,,,20211021120000,S002,Demo Energy Services,,,,,,,B002,North Demo Bank,,,,,,,,,,,,,,,
20211022,900357,21,0,1,D04,Demo Logistics,2000,Demo Accounts Payable,V006,Demo Vendor Prairie,00,Out of scope,344900,0,1,D04,Demo Logistics,1100,Demo Central Ordinary Deposit,B001,Demo Central Bank,00,Out of scope,344900,0,Synthetic demo vendor settlement 900357,,,0,,,,,,,,,,,,,,,,,,,,,,,,,,20211022120000,V006,Demo Vendor Prairie,,,,,,,B001,Demo Central Bank,,,,,,,,,,,,,,,
20211023,900362,21,0,1,D01,Demo Sales,1200,Demo Accounts Receivable,C007,Demo Customer Grove,00,Out of scope,149380,0,1,D01,Demo Sales,4020,Demo Other Operating Revenue,C007,Demo Customer Grove,B5,Taxable sale 10%,149380,13580,Synthetic demo credit sale 900362,,,0,,,,,,,,,,,,,,,,,,,,,,,,,,20211023120000,C007,Demo Customer Grove,,,,,,,C007,Demo Customer Grove,,,,,,,,,,,,,,,
20211023,900366,21,0,1,D04,Demo Logistics,5000,Demo Purchases,V001,Demo Vendor Keystone,Q5,Taxable purchase 10%,222290,20208,1,D04,Demo Logistics,2000,Demo Accounts Payable,V001,Demo Vendor Keystone,00,Out of scope,222290,0,Synthetic demo purchase on account 900366,,,0,,,,,,,,,,,,,,,,,,,,,,,,,,20211023120000,V001,Demo Vendor Keystone,,,,,,,V001,Demo Vendor Keystone,,,,,,,,,,,,,,,
20211023,900373,21,0,1,D01,Demo Sales,2000,Demo Accounts Payable,V004,Demo Vendor Nimbus,00,Out of scope,420400,0,,,,,,,,,,,,Synthetic demo multi-vendor settlement 900373,,,0,,,,,,,,,,,,,,,,,,,,,,,,,,20211023120000,V004,Demo Vendor Nimbus,,,,,,,,,,,,,,,,,,,,,,,
20211023,900373,21,0,1,D01,Demo Sales,2100,Demo Accrued Payables,V007,Demo Vendor Quartz,00,Out of scope,304440,0,,,,,,,,,,,,Synthetic demo multi-vendor settlement 900373,,,0,,,,,,,,,,,,,,,,,,,,,,,,,,20211023120000,V007,Demo Vendor Quartz,,,,,,,,,,,,,,,,,,,,,,,
20211023,900373,21,0,,,,,,,,,,,,1,D01,Demo Sales,1110,Demo North Current Deposit,B002,North Demo Bank,00,Out of scope,181210,0,Synthetic demo multi-vendor settlement 900373,,,0,,,,,,,,,,,,,,,,,,,,,,,,,,20211023120000,,,,,,,,,B002,North Demo Bank,,,,,,,,,,,,,,,
20211023,900373,21,0,,,,,,,,,,,,1,D01,Demo Sales,1120,Demo Harbor Ordinary Deposit,B003,Harbor Demo Bank,00,Out of scope,543630,0,Synthetic demo multi-vendor settlement 900373,,,0,,,,,,,,,,,,,,,,,,,,,,,,,,20211023120000,,,,,,,,,B003,Harbor Demo Bank,,,,,,,,,,,,,,,
20211023,900379,21,0,1,D05,Demo Digital Services,1400,Demo Prepaid Expenses,S002,Demo Energy Services,00,Out of scope,193830,0,1,D05,Demo Digital Services,1110,Demo North Current Deposit,B002,North Demo Bank,00,Out of scope,193830,0,Synthetic demo prepaid service 900379,,,0,,,,,,,,,,,,,,,,,,,,,,,,,,20211023120000,S002,Demo Energy Services,,,,,,,B002,North Demo Bank,,,,,,,,,,,,,,,
20211024,900358,21,0,1,D03,Demo Operations,6030,Demo Utilities,S002,Demo Energy Services,Q5,Taxable purchase 10%,226590,20599,1,D03,Demo Operations,1110,Demo North Current Deposit,B002,North Demo Bank,00,Out of scope,612420,0,Synthetic demo operating cost bundle 900358,,,0,,,,,,,,,,,,,,,,,,,,,,,,,,20211024120000,S002,Demo Energy Services,,,,,,,B002,North Demo Bank,,,,,,,,,,,,,,,
20211024,900358,21,0,1,D03,Demo Operations,6040,Demo Communication,S003,Demo Network Services,Q5,Taxable purchase 10%,251090,22826,,,,,,,,,,,,Synthetic demo operating cost bundle 900358,,,0,,,,,,,,,,,,,,,,,,,,,,,,,,20211024120000,S003,Demo Network Services,,,,,,,,,,,,,,,,,,,,,,,
20211024,900358,21,0,1,D03,Demo Operations,6060,Demo Office Supplies,V009,Demo Vendor Summit,Q5,Taxable purchase 10%,134740,12249,,,,,,,,,,,,Synthetic demo operating cost bundle 900358,,,0,,,,,,,,,,,,,,,,,,,,,,,,,,20211024120000,V009,Demo Vendor Summit,,,,,,,,,,,,,,,,,,,,,,,
20211025,900405,21,0,1,D01,Demo Sales,2000,Demo Accounts Payable,V006,Demo Vendor Prairie,00,Out of scope,202880,0,,,,,,,,,,,,Synthetic demo multi-vendor settlement 900405,,,0,,,,,,,,,,,,,,,,,,,,,,,,,,20211025120000,V006,Demo Vendor Prairie,,,,,,,,,,,,,,,,,,,,,,,
20211025,900405,21,0,1,D01,Demo Sales,2100,Demo Accrued Payables,V009,Demo Vendor Summit,00,Out of scope,41560,0,,,,,,,,,,,,Synthetic demo multi-vendor settlement 900405,,,0,,,,,,,,,,,,,,,,,,,,,,,,,,20211025120000,V009,Demo Vendor Summit,,,,,,,,,,,,,,,,,,,,,,,
20211025,900405,21,0,,,,,,,,,,,,1,D01,Demo Sales,1100,Demo Central Ordinary Deposit,B001,Demo Central Bank,00,Out of scope,83100,0,Synthetic demo multi-vendor settlement 900405,,,0,,,,,,,,,,,,,,,,,,,,,,,,,,20211025120000,,,,,,,,,B001,Demo Central Bank,,,,,,,,,,,,,,,
20211025,900405,21,0,,,,,,,,,,,,1,D01,Demo Sales,1110,Demo North Current Deposit,B002,North Demo Bank,00,Out of scope,161340,0,Synthetic demo multi-vendor settlement 900405,,,0,,,,,,,,,,,,,,,,,,,,,,,,,,20211025120000,,,,,,,,,B002,North Demo Bank,,,,,,,,,,,,,,,
20211026,900369,21,0,1,D05,Demo Digital Services,1400,Demo Prepaid Expenses,S004,Demo Logistics Services,00,Out of scope,165310,0,1,D05,Demo Digital Services,1100,Demo Central Ordinary Deposit,B001,Demo Central Bank,00,Out of scope,165310,0,Synthetic demo prepaid service 900369,,,0,,,,,,,,,,,,,,,,,,,,,,,,,,20211026120000,S004,Demo Logistics Services,,,,,,,B001,Demo Central Bank,,,,,,,,,,,,,,,
20211026,900374,21,0,1,D01,Demo Sales,1120,Demo Harbor Ordinary Deposit,B003,Harbor Demo Bank,00,Out of scope,453950,0,1,D01,Demo Sales,1200,Demo Accounts Receivable,C003,Demo Customer Cobalt,00,Out of scope,453950,0,Synthetic demo customer receipt 900374,,,0,,,,,,,,,,,,,,,,,,,,,,,,,,20211026120000,B003,Harbor Demo Bank,,,,,,,C003,Demo Customer Cobalt,,,,,,,,,,,,,,,
20211027,900365,21,0,1,D04,Demo Logistics,5020,Demo Inventory Adjustment,V006,Demo Vendor Prairie,Q5,Taxable purchase 10%,249130,22648,1,D04,Demo Logistics,2000,Demo Accounts Payable,V006,Demo Vendor Prairie,00,Out of scope,249130,0,Synthetic demo purchase on account 900365,,,0,,,,,,,,,,,,,,,,,,,,,,,,,,20211027120000,V006,Demo Vendor Prairie,,,,,,,V006,Demo Vendor Prairie,,,,,,,,,,,,,,,
20211028,900370,21,0,1,D01,Demo Sales,1200,Demo Accounts Receivable,C001,Demo Customer Aurora,00,Out of scope,376100,0,1,D01,Demo Sales,4010,Demo Service Revenue,C001,Demo Customer Aurora,R5,Taxable sale 8%,376100,27859,Synthetic demo credit sale 900370,,,0,,,,,,,,,,,,,,,,,,,,,,,,,,20211028120000,C001,Demo Customer Aurora,,,,,,,C001,Demo Customer Aurora,,,,,,,,,,,,,,,
20211028,900371,21,0,1,D06,Demo Management,2200,Demo Short-term Loans,,,00,Out of scope,186120,0,1,D06,Demo Management,1120,Demo Harbor Ordinary Deposit,B003,Harbor Demo Bank,00,Out of scope,344680,0,Synthetic demo financing settlement 900371,,,0,,,,,,,,,,,,,,,,,,,,,,,,,,20211028120000,,,,,,,,,B003,Harbor Demo Bank,,,,,,,,,,,,,,,
20211028,900371,21,0,1,D06,Demo Management,6070,Demo Bank Fees,B003,Harbor Demo Bank,00,Out of scope,86170,0,,,,,,,,,,,,Synthetic demo financing settlement 900371,,,0,,,,,,,,,,,,,,,,,,,,,,,,,,20211028120000,B003,Harbor Demo Bank,,,,,,,,,,,,,,,,,,,,,,,
20211028,900371,21,0,1,D06,Demo Management,7000,Demo Taxes and Dues,,,P0,Non-taxable purchase,72390,0,,,,,,,,,,,,Synthetic demo financing settlement 900371,,,0,,,,,,,,,,,,,,,,,,,,,,,,,,20211028120000,,,,,,,,,,,,,,,,,,,,,,,,,
20211028,900376,21,0,1,D04,Demo Logistics,5010,Demo Freight-in,V001,Demo Vendor Keystone,Q5,Taxable purchase 10%,184540,16776,1,D04,Demo Logistics,2000,Demo Accounts Payable,V001,Demo Vendor Keystone,00,Out of scope,184540,0,Synthetic demo purchase on account 900376,,,0,,,,,,,,,,,,,,,,,,,,,,,,,,20211028120000,V001,Demo Vendor Keystone,,,,,,,V001,Demo Vendor Keystone,,,,,,,,,,,,,,,
20211028,900410,21,0,1,D01,Demo Sales,1200,Demo Accounts Receivable,C001,Demo Customer Aurora,00,Out of scope,256830,0,1,D01,Demo Sales,4020,Demo Other Operating Revenue,C001,Demo Customer Aurora,B5,Taxable sale 10%,256830,23348,Synthetic demo credit sale 900410,,,0,,,,,,,,,,,,,,,,,,,,,,,,,,20211028120000,C001,Demo Customer Aurora,,,,,,,C001,Demo Customer Aurora,,,,,,,,,,,,,,,
20211031,900355,21,0,1,D01,Demo Sales,2000,Demo Accounts Payable,V006,Demo Vendor Prairie,00,Out of scope,326130,0,,,,,,,,,,,,Synthetic demo multi-vendor settlement 900355,,,0,,,,,,,,,,,,,,,,,,,,,,,,,,20211031120000,V006,Demo Vendor Prairie,,,,,,,,,,,,,,,,,,,,,,,
20211031,900355,21,0,1,D01,Demo Sales,2100,Demo Accrued Payables,V009,Demo Vendor Summit,00,Out of scope,339450,0,,,,,,,,,,,,Synthetic demo multi-vendor settlement 900355,,,0,,,,,,,,,,,,,,,,,,,,,,,,,,20211031120000,V009,Demo Vendor Summit,,,,,,,,,,,,,,,,,,,,,,,
20211031,900355,21,0,,,,,,,,,,,,1,D01,Demo Sales,1110,Demo North Current Deposit,B002,North Demo Bank,00,Out of scope,372720,0,Synthetic demo multi-vendor settlement 900355,,,0,,,,,,,,,,,,,,,,,,,,,,,,,,20211031120000,,,,,,,,,B002,North Demo Bank,,,,,,,,,,,,,,,
20211031,900355,21,0,,,,,,,,,,,,1,D01,Demo Sales,1120,Demo Harbor Ordinary Deposit,B003,Harbor Demo Bank,00,Out of scope,292860,0,Synthetic demo multi-vendor settlement 900355,,,0,,,,,,,,,,,,,,,,,,,,,,,,,,20211031120000,,,,,,,,,B003,Harbor Demo Bank,,,,,,,,,,,,,,,
20211031,900387,21,0,1,D04,Demo Logistics,2000,Demo Accounts Payable,V006,Demo Vendor Prairie,00,Out of scope,82330,0,1,D04,Demo Logistics,1100,Demo Central Ordinary Deposit,B001,Demo Central Bank,00,Out of scope,82330,0,Synthetic demo vendor settlement 900387,,,0,,,,,,,,,,,,,,,,,,,,,,,,,,20211031120000,V006,Demo Vendor Prairie,,,,,,,B001,Demo Central Bank,,,,,,,,,,,,,,,
20211031,900390,21,0,1,D02,Demo Administration,6000,Demo Salaries,,,00,Out of scope,178970,0,1,D02,Demo Administration,1100,Demo Central Ordinary Deposit,B001,Demo Central Bank,00,Out of scope,406750,0,Synthetic demo monthly payroll bundle 900390,,,0,,,,,,,,,,,,,,,,,,,,,,,,,,20211031120000,,,,,,,,,B001,Demo Central Bank,,,,,,,,,,,,,,,
20211031,900390,21,0,1,D02,Demo Administration,6010,Demo Statutory Welfare,,,00,Out of scope,28470,0,,,,,,,,,,,,Synthetic demo monthly payroll bundle 900390,,,0,,,,,,,,,,,,,,,,,,,,,,,,,,20211031120000,,,,,,,,,,,,,,,,,,,,,,,,,
20211031,900390,21,0,1,D02,Demo Administration,2110,Demo Payroll Withholding,,,00,Out of scope,199310,0,,,,,,,,,,,,Synthetic demo monthly payroll bundle 900390,,,0,,,,,,,,,,,,,,,,,,,,,,,,,,20211031120000,,,,,,,,,,,,,,,,,,,,,,,,,
20211031,900393,21,0,1,D01,Demo Sales,1100,Demo Central Ordinary Deposit,B001,Demo Central Bank,00,Out of scope,423760,0,1,D01,Demo Sales,1200,Demo Accounts Receivable,C010,Demo Customer Juniper,00,Out of scope,423760,0,Synthetic demo customer receipt 900393,,,0,,,,,,,,,,,,,,,,,,,,,,,,,,20211031120000,B001,Demo Central Bank,,,,,,,C010,Demo Customer Juniper,,,,,,,,,,,,,,,
20211031,900403,21,0,1,D01,Demo Sales,1110,Demo North Current Deposit,B002,North Demo Bank,00,Out of scope,268760,0,1,D01,Demo Sales,1200,Demo Accounts Receivable,C010,Demo Customer Juniper,00,Out of scope,268760,0,Synthetic demo customer receipt 900403,,,0,,,,,,,,,,,,,,,,,,,,,,,,,,20211031120000,B002,North Demo Bank,,,,,,,C010,Demo Customer Juniper,,,,,,,,,,,,,,,
20211101,900414,21,0,1,D01,Demo Sales,1100,Demo Central Ordinary Deposit,B001,Demo Central Bank,00,Out of scope,70310,0,1,D01,Demo Sales,1200,Demo Accounts Receivable,C003,Demo Customer Cobalt,00,Out of scope,70310,0,Synthetic demo customer receipt 900414,,,0,,,,,,,,,,,,,,,,,,,,,,,,,,20211101120000,B001,Demo Central Bank,,,,,,,C003,Demo Customer Cobalt,,,,,,,,,,,,,,,
20211101,900425,21,0,1,D04,Demo Logistics,5020,Demo Inventory Adjustment,V006,Demo Vendor Prairie,Q5,Taxable purchase 10%,309160,28105,1,D04,Demo Logistics,2000,Demo Accounts Payable,V006,Demo Vendor Prairie,00,Out of scope,309160,0,Synthetic demo purchase on account 900425,,,0,,,,,,,,,,,,,,,,,,,,,,,,,,20211101120000,V006,Demo Vendor Prairie,,,,,,,V006,Demo Vendor Prairie,,,,,,,,,,,,,,,
20211102,900418,21,0,1,D03,Demo Operations,6060,Demo Office Supplies,V001,Demo Vendor Keystone,Q5,Taxable purchase 10%,172140,15649,1,D03,Demo Operations,1110,Demo North Current Deposit,B002,North Demo Bank,00,Out of scope,172140,0,Synthetic demo operating expense 900418,,,0,,,,,,,,,,,,,,,,,,,,,,,,,,20211102120000,V001,Demo Vendor Keystone,,,,,,,B002,North Demo Bank,,,,,,,,,,,,,,,
20211102,900435,21,0,1,D04,Demo Logistics,5000,Demo Purchases,V006,Demo Vendor Prairie,Q5,Taxable purchase 10%,72000,6545,1,D04,Demo Logistics,2000,Demo Accounts Payable,V006,Demo Vendor Prairie,00,Out of scope,72000,0,Synthetic demo purchase on account 900435,,,0,,,,,,,,,,,,,,,,,,,,,,,,,,20211102120000,V006,Demo Vendor Prairie,,,,,,,V006,Demo Vendor Prairie,,,,,,,,,,,,,,,
20211102,900454,21,0,1,D01,Demo Sales,1110,Demo North Current Deposit,B002,North Demo Bank,00,Out of scope,454500,0,1,D01,Demo Sales,1200,Demo Accounts Receivable,C003,Demo Customer Cobalt,00,Out of scope,454500,0,Synthetic demo customer receipt 900454,,,0,,,,,,,,,,,,,,,,,,,,,,,,,,20211102120000,B002,North Demo Bank,,,,,,,C003,Demo Customer Cobalt,,,,,,,,,,,,,,,
20211104,900466,21,0,1,D04,Demo Logistics,5010,Demo Freight-in,V001,Demo Vendor Keystone,Q5,Taxable purchase 10%,363650,33059,1,D04,Demo Logistics,2000,Demo Accounts Payable,V001,Demo Vendor Keystone,00,Out of scope,363650,0,Synthetic demo purchase on account 900466,,,0,,,,,,,,,,,,,,,,,,,,,,,,,,20211104120000,V001,Demo Vendor Keystone,,,,,,,V001,Demo Vendor Keystone,,,,,,,,,,,,,,,
20211105,900453,21,0,1,D01,Demo Sales,1100,Demo Central Ordinary Deposit,B001,Demo Central Bank,00,Out of scope,343560,0,1,D01,Demo Sales,1200,Demo Accounts Receivable,C010,Demo Customer Juniper,00,Out of scope,343560,0,Synthetic demo customer receipt 900453,,,0,,,,,,,,,,,,,,,,,,,,,,,,,,20211105120000,B001,Demo Central Bank,,,,,,,C010,Demo Customer Juniper,,,,,,,,,,,,,,,
20211105,900462,21,0,1,D01,Demo Sales,1200,Demo Accounts Receivable,C007,Demo Customer Grove,00,Out of scope,236330,0,1,D01,Demo Sales,4000,Demo Product Sales,C007,Demo Customer Grove,B5,Taxable sale 10%,236330,21485,Synthetic demo credit sale 900462,,,0,,,,,,,,,,,,,,,,,,,,,,,,,,20211105120000,C007,Demo Customer Grove,,,,,,,C007,Demo Customer Grove,,,,,,,,,,,,,,,
20211105,900463,21,0,1,D01,Demo Sales,1110,Demo North Current Deposit,B002,North Demo Bank,00,Out of scope,81510,0,1,D01,Demo Sales,1200,Demo Accounts Receivable,C010,Demo Customer Juniper,00,Out of scope,81510,0,Synthetic demo customer receipt 900463,,,0,,,,,,,,,,,,,,,,,,,,,,,,,,20211105120000,B002,North Demo Bank,,,,,,,C010,Demo Customer Juniper,,,,,,,,,,,,,,,
20211106,900412,21,0,1,D01,Demo Sales,1200,Demo Accounts Receivable,C007,Demo Customer Grove,00,Out of scope,438890,0,1,D01,Demo Sales,4010,Demo Service Revenue,C007,Demo Customer Grove,B5,Taxable sale 10%,438890,39899,Synthetic demo credit sale 900412,,,0,,,,,,,,,,,,,,,,,,,,,,,,,,20211106120000,C007,Demo Customer Grove,,,,,,,C007,Demo Customer Grove,,,,,,,,,,,,,,,
20211106,900455,21,0,1,D01,Demo Sales,2000,Demo Accounts Payable,V006,Demo Vendor Prairie,00,Out of scope,232730,0,,,,,,,,,,,,Synthetic demo multi-vendor settlement 900455,,,0,,,,,,,,,,,,,,,,,,,,,,,,,,20211106120000,V006,Demo Vendor Prairie,,,,,,,,,,,,,,,,,,,,,,,
20211106,900455,21,0,1,D01,Demo Sales,2100,Demo Accrued Payables,V009,Demo Vendor Summit,00,Out of scope,472520,0,,,,,,,,,,,,Synthetic demo multi-vendor settlement 900455,,,0,,,,,,,,,,,,,,,,,,,,,,,,,,20211106120000,V009,Demo Vendor Summit,,,,,,,,,,,,,,,,,,,,,,,
20211106,900455,21,0,,,,,,,,,,,,1,D01,Demo Sales,1120,Demo Harbor Ordinary Deposit,B003,Harbor Demo Bank,00,Out of scope,472510,0,Synthetic demo multi-vendor settlement 900455,,,0,,,,,,,,,,,,,,,,,,,,,,,,,,20211106120000,,,,,,,,,B003,Harbor Demo Bank,,,,,,,,,,,,,,,
20211106,900455,21,0,,,,,,,,,,,,1,D01,Demo Sales,1100,Demo Central Ordinary Deposit,B001,Demo Central Bank,00,Out of scope,232740,0,Synthetic demo multi-vendor settlement 900455,,,0,,,,,,,,,,,,,,,,,,,,,,,,,,20211106120000,,,,,,,,,B001,Demo Central Bank,,,,,,,,,,,,,,,
20211106,900465,21,0,1,D02,Demo Administration,6000,Demo Salaries,,,00,Out of scope,124270,0,1,D02,Demo Administration,1100,Demo Central Ordinary Deposit,B001,Demo Central Bank,00,Out of scope,345220,0,Synthetic demo monthly payroll bundle 900465,,,0,,,,,,,,,,,,,,,,,,,,,,,,,,20211106120000,,,,,,,,,B001,Demo Central Bank,,,,,,,,,,,,,,,
20211106,900465,21,0,1,D02,Demo Administration,6010,Demo Statutory Welfare,,,00,Out of scope,69040,0,,,,,,,,,,,,Synthetic demo monthly payroll bundle 900465,,,0,,,,,,,,,,,,,,,,,,,,,,,,,,20211106120000,,,,,,,,,,,,,,,,,,,,,,,,,
20211106,900465,21,0,1,D02,Demo Administration,2110,Demo Payroll Withholding,,,00,Out of scope,151910,0,,,,,,,,,,,,Synthetic demo monthly payroll bundle 900465,,,0,,,,,,,,,,,,,,,,,,,,,,,,,,20211106120000,,,,,,,,,,,,,,,,,,,,,,,,,
20211107,900439,21,0,1,D03,Demo Operations,6030,Demo Utilities,S002,Demo Energy Services,Q5,Taxable purchase 10%,127420,11584,1,D03,Demo Operations,1110,Demo North Current Deposit,B002,North Demo Bank,00,Out of scope,509690,0,Synthetic demo operating cost bundle 900439,,,0,,,,,,,,,,,,,,,,,,,,,,,,,,20211107120000,S002,Demo Energy Services,,,,,,,B002,North Demo Bank,,,,,,,,,,,,,,,
20211107,900439,21,0,1,D03,Demo Operations,6040,Demo Communication,S003,Demo Network Services,Q5,Taxable purchase 10%,168190,15290,,,,,,,,,,,,Synthetic demo operating cost bundle 900439,,,0,,,,,,,,,,,,,,,,,,,,,,,,,,20211107120000,S003,Demo Network Services,,,,,,,,,,,,,,,,,,,,,,,
20211107,900439,21,0,1,D03,Demo Operations,6060,Demo Office Supplies,V010,Demo Vendor Tandem,Q5,Taxable purchase 10%,214080,19462,,,,,,,,,,,,Synthetic demo operating cost bundle 900439,,,0,,,,,,,,,,,,,,,,,,,,,,,,,,20211107120000,V010,Demo Vendor Tandem,,,,,,,,,,,,,,,,,,,,,,,
20211107,900440,21,0,1,D01,Demo Sales,1200,Demo Accounts Receivable,C001,Demo Customer Aurora,00,Out of scope,83210,0,1,D01,Demo Sales,4020,Demo Other Operating Revenue,C001,Demo Customer Aurora,B5,Taxable sale 10%,83210,7565,Synthetic demo credit sale 900440,,,0,,,,,,,,,,,,,,,,,,,,,,,,,,20211107120000,C001,Demo Customer Aurora,,,,,,,C001,Demo Customer Aurora,,,,,,,,,,,,,,,
20211107,900443,21,0,1,D01,Demo Sales,1120,Demo Harbor Ordinary Deposit,B003,Harbor Demo Bank,00,Out of scope,404850,0,1,D01,Demo Sales,1200,Demo Accounts Receivable,C010,Demo Customer Juniper,00,Out of scope,404850,0,Synthetic demo customer receipt 900443,,,0,,,,,,,,,,,,,,,,,,,,,,,,,,20211107120000,B003,Harbor Demo Bank,,,,,,,C010,Demo Customer Juniper,,,,,,,,,,,,,,,
20211107,900464,21,0,1,D01,Demo Sales,1120,Demo Harbor Ordinary Deposit,B003,Harbor Demo Bank,00,Out of scope,121240,0,1,D01,Demo Sales,1200,Demo Accounts Receivable,C003,Demo Customer Cobalt,00,Out of scope,121240,0,Synthetic demo customer receipt 900464,,,0,,,,,,,,,,,,,,,,,,,,,,,,,,20211107120000,B003,Harbor Demo Bank,,,,,,,C003,Demo Customer Cobalt,,,,,,,,,,,,,,,
20211108,900449,21,0,1,D01,Demo Sales,2000,Demo Accounts Payable,V010,Demo Vendor Tandem,00,Out of scope,401520,0,,,,,,,,,,,,Synthetic demo multi-vendor settlement 900449,,,0,,,,,,,,,,,,,,,,,,,,,,,,,,20211108120000,V010,Demo Vendor Tandem,,,,,,,,,,,,,,,,,,,,,,,
20211108,900449,21,0,1,D01,Demo Sales,2100,Demo Accrued Payables,V003,Demo Vendor Mosaic,00,Out of scope,156160,0,,,,,,,,,,,,Synthetic demo multi-vendor settlement 900449,,,0,,,,,,,,,,,,,,,,,,,,,,,,,,20211108120000,V003,Demo Vendor Mosaic,,,,,,,,,,,,,,,,,,,,,,,
20211108,900449,21,0,,,,,,,,,,,,1,D01,Demo Sales,1120,Demo Harbor Ordinary Deposit,B003,Harbor Demo Bank,00,Out of scope,133840,0,Synthetic demo multi-vendor settlement 900449,,,0,,,,,,,,,,,,,,,,,,,,,,,,,,20211108120000,,,,,,,,,B003,Harbor Demo Bank,,,,,,,,,,,,,,,
20211108,900449,21,0,,,,,,,,,,,,1,D01,Demo Sales,1100,Demo Central Ordinary Deposit,B001,Demo Central Bank,00,Out of scope,423840,0,Synthetic demo multi-vendor settlement 900449,,,0,,,,,,,,,,,,,,,,,,,,,,,,,,20211108120000,,,,,,,,,B001,Demo Central Bank,,,,,,,,,,,,,,,
20211109,900422,21,0,1,D01,Demo Sales,1200,Demo Accounts Receivable,C007,Demo Customer Grove,00,Out of scope,580680,0,1,D01,Demo Sales,4020,Demo Other Operating Revenue,C007,Demo Customer Grove,B5,Taxable sale 10%,580680,52789,Synthetic demo credit sale 900422,,,0,,,,,,,,,,,,,,,,,,,,,,,,,,20211109120000,C007,Demo Customer Grove,,,,,,,C007,Demo Customer Grove,,,,,,,,,,,,,,,
20211109,900423,21,0,1,D01,Demo Sales,1100,Demo Central Ordinary Deposit,B001,Demo Central Bank,00,Out of scope,220510,0,1,D01,Demo Sales,1200,Demo Accounts Receivable,C010,Demo Customer Juniper,00,Out of scope,220510,0,Synthetic demo customer receipt 900423,,,0,,,,,,,,,,,,,,,,,,,,,,,,,,20211109120000,B001,Demo Central Bank,,,,,,,C010,Demo Customer Juniper,,,,,,,,,,,,,,,
20211109,900450,21,0,1,D01,Demo Sales,1200,Demo Accounts Receivable,C001,Demo Customer Aurora,00,Out of scope,438240,0,1,D01,Demo Sales,4000,Demo Product Sales,C001,Demo Customer Aurora,B5,Taxable sale 10%,438240,39840,Synthetic demo credit sale 900450,,,0,,,,,,,,,,,,,,,,,,,,,,,,,,20211109120000,C001,Demo Customer Aurora,,,,,,,C001,Demo Customer Aurora,,,,,,,,,,,,,,,
20211109,900451,21,0,1,D01,Demo Sales,1200,Demo Accounts Receivable,C004,Demo Customer Dawn,00,Out of scope,300970,0,1,D01,Demo Sales,4010,Demo Service Revenue,C004,Demo Customer Dawn,B5,Taxable sale 10%,300970,27361,Synthetic demo credit sale 900451,,,0,,,,,,,,,,,,,,,,,,,,,,,,,,20211109120000,C004,Demo Customer Dawn,,,,,,,C004,Demo Customer Dawn,,,,,,,,,,,,,,,
20211110,900420,21,0,1,D02,Demo Administration,6000,Demo Salaries,,,00,Out of scope,123200,0,1,D02,Demo Administration,1100,Demo Central Ordinary Deposit,B001,Demo Central Bank,00,Out of scope,300510,0,Synthetic demo monthly payroll bundle 900420,,,0,,,,,,,,,,,,,,,,,,,,,,,,,,20211110120000,,,,,,,,,B001,Demo Central Bank,,,,,,,,,,,,,,,
20211110,900420,21,0,1,D02,Demo Administration,6010,Demo Statutory Welfare,,,00,Out of scope,108180,0,,,,,,,,,,,,Synthetic demo monthly payroll bundle 900420,,,0,,,,,,,,,,,,,,,,,,,,,,,,,,20211110120000,,,,,,,,,,,,,,,,,,,,,,,,,
20211110,900420,21,0,1,D02,Demo Administration,2110,Demo Payroll Withholding,,,00,Out of scope,69130,0,,,,,,,,,,,,Synthetic demo monthly payroll bundle 900420,,,0,,,,,,,,,,,,,,,,,,,,,,,,,,20211110120000,,,,,,,,,,,,,,,,,,,,,,,,,
20211110,900429,21,0,1,D05,Demo Digital Services,1400,Demo Prepaid Expenses,S004,Demo Logistics Services,00,Out of scope,79610,0,1,D05,Demo Digital Services,1100,Demo Central Ordinary Deposit,B001,Demo Central Bank,00,Out of scope,79610,0,Synthetic demo prepaid service 900429,,,0,,,,,,,,,,,,,,,,,,,,,,,,,,20211110120000,S004,Demo Logistics Services,,,,,,,B001,Demo Central Bank,,,,,,,,,,,,,,,
20211112,900456,21,0,1,D04,Demo Logistics,5000,Demo Purchases,V001,Demo Vendor Keystone,Q5,Taxable purchase 10%,204250,18568,1,D04,Demo Logistics,2000,Demo Accounts Payable,V001,Demo Vendor Keystone,00,Out of scope,204250,0,Synthetic demo purchase on account 900456,,,0,,,,,,,,,,,,,,,,,,,,,,,,,,20211112120000,V001,Demo Vendor Keystone,,,,,,,V001,Demo Vendor Keystone,,,,,,,,,,,,,,,
20211113,900441,21,0,1,D01,Demo Sales,1200,Demo Accounts Receivable,C004,Demo Customer Dawn,00,Out of scope,337560,0,1,D01,Demo Sales,4000,Demo Product Sales,C004,Demo Customer Dawn,B5,Taxable sale 10%,337560,30687,Synthetic demo credit sale 900441,,,0,,,,,,,,,,,,,,,,,,,,,,,,,,20211113120000,C004,Demo Customer Dawn,,,,,,,C004,Demo Customer Dawn,,,,,,,,,,,,,,,
20211114,900421,21,0,1,D01,Demo Sales,1200,Demo Accounts Receivable,C004,Demo Customer Dawn,00,Out of scope,167500,0,1,D01,Demo Sales,4010,Demo Service Revenue,C004,Demo Customer Dawn,B5,Taxable sale 10%,167500,15227,Synthetic demo credit sale 900421,,,0,,,,,,,,,,,,,,,,,,,,,,,,,,20211114120000,C004,Demo Customer Dawn,,,,,,,C004,Demo Customer Dawn,,,,,,,,,,,,,,,
20211114,900433,21,0,1,D03,Demo Operations,6030,Demo Utilities,S002,Demo Energy Services,Q5,Taxable purchase 10%,37310,3392,1,D03,Demo Operations,1110,Demo North Current Deposit,B002,North Demo Bank,00,Out of scope,186570,0,Synthetic demo operating cost bundle 900433,,,0,,,,,,,,,,,,,,,,,,,,,,,,,,20211114120000,S002,Demo Energy Services,,,,,,,B002,North Demo Bank,,,,,,,,,,,,,,,
20211114,900433,21,0,1,D03,Demo Operations,6040,Demo Communication,S003,Demo Network Services,Q5,Taxable purchase 10%,14920,1356,,,,,,,,,,,,Synthetic demo operating cost bundle 900433,,,0,,,,,,,,,,,,,,,,,,,,,,,,,,20211114120000,S003,Demo Network Services,,,,,,,,,,,,,,,,,,,,,,,
20211114,900433,21,0,1,D03,Demo Operations,6060,Demo Office Supplies,V004,Demo Vendor Nimbus,Q5,Taxable purchase 10%,134340,12213,,,,,,,,,,,,Synthetic demo operating cost bundle 900433,,,0,,,,,,,,,,,,,,,,,,,,,,,,,,20211114120000,V004,Demo Vendor Nimbus,,,,,,,,,,,,,,,,,,,,,,,
20211114,900448,21,0,1,D03,Demo Operations,7000,Demo Taxes and Dues,V001,Demo Vendor Keystone,P0,Non-taxable purchase,118920,0,1,D03,Demo Operations,1110,Demo North Current Deposit,B002,North Demo Bank,00,Out of scope,118920,0,Synthetic demo operating expense 900448,,,0,,,,,,,,,,,,,,,,,,,,,,,,,,20211114120000,V001,Demo Vendor Keystone,,,,,,,B002,North Demo Bank,,,,,,,,,,,,,,,
20211115,900419,21,0,1,D05,Demo Digital Services,1400,Demo Prepaid Expenses,S006,Demo Insurance Services,00,Out of scope,125550,0,1,D05,Demo Digital Services,1120,Demo Harbor Ordinary Deposit,B003,Harbor Demo Bank,00,Out of scope,125550,0,Synthetic demo prepaid service 900419,,,0,,,,,,,,,,,,,,,,,,,,,,,,,,20211115120000,S006,Demo Insurance Services,,,,,,,B003,Harbor Demo Bank,,,,,,,,,,,,,,,
20211115,900427,21,0,1,D04,Demo Logistics,2000,Demo Accounts Payable,V006,Demo Vendor Prairie,00,Out of scope,159020,0,1,D04,Demo Logistics,1110,Demo North Current Deposit,B002,North Demo Bank,00,Out of scope,159020,0,Synthetic demo vendor settlement 900427,,,0,,,,,,,,,,,,,,,,,,,,,,,,,,20211115120000,V006,Demo Vendor Prairie,,,,,,,B002,North Demo Bank,,,,,,,,,,,,,,,
20211115,900428,21,0,1,D05,Demo Digital Services,6160,Demo Shipping,V001,Demo Vendor Keystone,Q5,Taxable purchase 10%,57890,5263,1,D05,Demo Digital Services,1120,Demo Harbor Ordinary Deposit,B003,Harbor Demo Bank,00,Out of scope,57890,0,Synthetic demo operating expense 900428,,,0,,,,,,,,,,,,,,,,,,,,,,,,,,20211115120000,V001,Demo Vendor Keystone,,,,,,,B003,Harbor Demo Bank,,,,,,,,,,,,,,,
20211115,900436,21,0,1,D01,Demo Sales,1110,Demo North Current Deposit,B002,North Demo Bank,00,Out of scope,139290,0,,,,,,,,,,,,Synthetic demo mixed sales and receipt 900436,,,0,,,,,,,,,,,,,,,,,,,,,,,,,,20211115120000,B002,North Demo Bank,,,,,,,,,,,,,,,,,,,,,,,
20211115,900436,21,0,1,D01,Demo Sales,1200,Demo Accounts Receivable,C007,Demo Customer Grove,00,Out of scope,441120,0,,,,,,,,,,,,Synthetic demo mixed sales and receipt 900436,,,0,,,,,,,,,,,,,,,,,,,,,,,,,,20211115120000,C007,Demo Customer Grove,,,,,,,,,,,,,,,,,,,,,,,
20211115,900436,21,0,,,,,,,,,,,,1,D01,Demo Sales,4000,Demo Product Sales,C008,Demo Customer Halo,B5,Taxable sale 10%,266980,24271,Synthetic demo mixed sales and receipt 900436,,,0,,,,,,,,,,,,,,,,,,,,,,,,,,20211115120000,,,,,,,,,C008,Demo Customer Halo,,,,,,,,,,,,,,,
20211115,900436,21,0,,,,,,,,,,,,1,D01,Demo Sales,4010,Demo Service Revenue,C009,Demo Customer Indigo,B5,Taxable sale 10%,313430,28494,Synthetic demo mixed sales and receipt 900436,,,0,,,,,,,,,,,,,,,,,,,,,,,,,,20211115120000,,,,,,,,,C009,Demo Customer Indigo,,,,,,,,,,,,,,,
20211115,900458,21,0,1,D06,Demo Management,2200,Demo Short-term Loans,,,00,Out of scope,157280,0,1,D06,Demo Management,1120,Demo Harbor Ordinary Deposit,B003,Harbor Demo Bank,00,Out of scope,491530,0,Synthetic demo financing settlement 900458,,,0,,,,,,,,,,,,,,,,,,,,,,,,,,20211115120000,,,,,,,,,B003,Harbor Demo Bank,,,,,,,,,,,,,,,
20211115,900458,21,0,1,D06,Demo Management,6070,Demo Bank Fees,B003,Harbor Demo Bank,00,Out of scope,108130,0,,,,,,,,,,,,Synthetic demo financing settlement 900458,,,0,,,,,,,,,,,,,,,,,,,,,,,,,,20211115120000,B003,Harbor Demo Bank,,,,,,,,,,,,,,,,,,,,,,,
20211115,900458,21,0,1,D06,Demo Management,7000,Demo Taxes and Dues,,,P0,Non-taxable purchase,226120,0,,,,,,,,,,,,Synthetic demo financing settlement 900458,,,0,,,,,,,,,,,,,,,,,,,,,,,,,,20211115120000,,,,,,,,,,,,,,,,,,,,,,,,,
20211116,900432,21,0,1,D01,Demo Sales,1200,Demo Accounts Receivable,C007,Demo Customer Grove,00,Out of scope,247300,0,1,D01,Demo Sales,4000,Demo Product Sales,C007,Demo Customer Grove,B5,Taxable sale 10%,247300,22482,Synthetic demo credit sale 900432,,,0,,,,,,,,,,,,,,,,,,,,,,,,,,20211116120000,C007,Demo Customer Grove,,,,,,,C007,Demo Customer Grove,,,,,,,,,,,,,,,
20211116,900437,21,0,1,D04,Demo Logistics,2000,Demo Accounts Payable,V006,Demo Vendor Prairie,00,Out of scope,88090,0,1,D04,Demo Logistics,1120,Demo Harbor Ordinary Deposit,B003,Harbor Demo Bank,00,Out of scope,88090,0,Synthetic demo vendor settlement 900437,,,0,,,,,,,,,,,,,,,,,,,,,,,,,,20211116120000,V006,Demo Vendor Prairie,,,,,,,B003,Harbor Demo Bank,,,,,,,,,,,,,,,
20211117,900445,21,0,1,D03,Demo Operations,6030,Demo Utilities,S002,Demo Energy Services,Q5,Taxable purchase 10%,85100,7736,1,D03,Demo Operations,1110,Demo North Current Deposit,B002,North Demo Bank,00,Out of scope,425530,0,Synthetic demo operating cost bundle 900445,,,0,,,,,,,,,,,,,,,,,,,,,,,,,,20211117120000,S002,Demo Energy Services,,,,,,,B002,North Demo Bank,,,,,,,,,,,,,,,
20211117,900445,21,0,1,D03,Demo Operations,6040,Demo Communication,S003,Demo Network Services,Q5,Taxable purchase 10%,204250,18568,,,,,,,,,,,,Synthetic demo operating cost bundle 900445,,,0,,,,,,,,,,,,,,,,,,,,,,,,,,20211117120000,S003,Demo Network Services,,,,,,,,,,,,,,,,,,,,,,,
20211117,900445,21,0,1,D03,Demo Operations,6060,Demo Office Supplies,V006,Demo Vendor Prairie,Q5,Taxable purchase 10%,136180,12380,,,,,,,,,,,,Synthetic demo operating cost bundle 900445,,,0,,,,,,,,,,,,,,,,,,,,,,,,,,20211117120000,V006,Demo Vendor Prairie,,,,,,,,,,,,,,,,,,,,,,,
20211117,900452,21,0,1,D06,Demo Management,2200,Demo Short-term Loans,,,00,Out of scope,39050,0,1,D06,Demo Management,1120,Demo Harbor Ordinary Deposit,B003,Harbor Demo Bank,00,Out of scope,260360,0,Synthetic demo financing settlement 900452,,,0,,,,,,,,,,,,,,,,,,,,,,,,,,20211117120000,,,,,,,,,B003,Harbor Demo Bank,,,,,,,,,,,,,,,
20211117,900452,21,0,1,D06,Demo Management,6070,Demo Bank Fees,B003,Harbor Demo Bank,00,Out of scope,119760,0,,,,,,,,,,,,Synthetic demo financing settlement 900452,,,0,,,,,,,,,,,,,,,,,,,,,,,,,,20211117120000,B003,Harbor Demo Bank,,,,,,,,,,,,,,,,,,,,,,,
20211117,900452,21,0,1,D06,Demo Management,7000,Demo Taxes and Dues,,,P0,Non-taxable purchase,101550,0,,,,,,,,,,,,Synthetic demo financing settlement 900452,,,0,,,,,,,,,,,,,,,,,,,,,,,,,,20211117120000,,,,,,,,,,,,,,,,,,,,,,,,,
20211117,900460,21,0,1,D01,Demo Sales,1200,Demo Accounts Receivable,C001,Demo Customer Aurora,00,Out of scope,286310,0,1,D01,Demo Sales,4010,Demo Service Revenue,C001,Demo Customer Aurora,B5,Taxable sale 10%,286310,26028,Synthetic demo credit sale 900460,,,0,,,,,,,,,,,,,,,,,,,,,,,,,,20211117120000,C001,Demo Customer Aurora,,,,,,,C001,Demo Customer Aurora,,,,,,,,,,,,,,,
20211117,900470,21,0,1,D01,Demo Sales,1200,Demo Accounts Receivable,C001,Demo Customer Aurora,00,Out of scope,405040,0,1,D01,Demo Sales,4020,Demo Other Operating Revenue,C001,Demo Customer Aurora,B5,Taxable sale 10%,405040,36822,Synthetic demo credit sale 900470,,,0,,,,,,,,,,,,,,,,,,,,,,,,,,20211117120000,C001,Demo Customer Aurora,,,,,,,C001,Demo Customer Aurora,,,,,,,,,,,,,,,
20211118,900442,21,0,1,D01,Demo Sales,1110,Demo North Current Deposit,B002,North Demo Bank,00,Out of scope,356400,0,,,,,,,,,,,,Synthetic demo mixed sales and receipt 900442,,,0,,,,,,,,,,,,,,,,,,,,,,,,,,20211118120000,B002,North Demo Bank,,,,,,,,,,,,,,,,,,,,,,,
20211118,900442,21,0,1,D01,Demo Sales,1200,Demo Accounts Receivable,C003,Demo Customer Cobalt,00,Out of scope,106470,0,,,,,,,,,,,,Synthetic demo mixed sales and receipt 900442,,,0,,,,,,,,,,,,,,,,,,,,,,,,,,20211118120000,C003,Demo Customer Cobalt,,,,,,,,,,,,,,,,,,,,,,,
20211118,900442,21,0,,,,,,,,,,,,1,D01,Demo Sales,4000,Demo Product Sales,C004,Demo Customer Dawn,R5,Taxable sale 8%,203660,15086,Synthetic demo mixed sales and receipt 900442,,,0,,,,,,,,,,,,,,,,,,,,,,,,,,20211118120000,,,,,,,,,C004,Demo Customer Dawn,,,,,,,,,,,,,,,
20211118,900442,21,0,,,,,,,,,,,,1,D01,Demo Sales,4010,Demo Service Revenue,C005,Demo Customer Elm,B5,Taxable sale 10%,259210,23565,Synthetic demo mixed sales and receipt 900442,,,0,,,,,,,,,,,,,,,,,,,,,,,,,,20211118120000,,,,,,,,,C005,Demo Customer Elm,,,,,,,,,,,,,,,
20211118,900446,21,0,1,D04,Demo Logistics,5020,Demo Inventory Adjustment,V001,Demo Vendor Keystone,Q5,Taxable purchase 10%,142990,12999,1,D04,Demo Logistics,2000,Demo Accounts Payable,V001,Demo Vendor Keystone,00,Out of scope,142990,0,Synthetic demo purchase on account 900446,,,0,,,,,,,,,,,,,,,,,,,,,,,,,,20211118120000,V001,Demo Vendor Keystone,,,,,,,V001,Demo Vendor Keystone,,,,,,,,,,,,,,,
20211118,900447,21,0,1,D04,Demo Logistics,2000,Demo Accounts Payable,V006,Demo Vendor Prairie,00,Out of scope,240590,0,1,D04,Demo Logistics,1100,Demo Central Ordinary Deposit,B001,Demo Central Bank,00,Out of scope,240590,0,Synthetic demo vendor settlement 900447,,,0,,,,,,,,,,,,,,,,,,,,,,,,,,20211118120000,V006,Demo Vendor Prairie,,,,,,,B001,Demo Central Bank,,,,,,,,,,,,,,,
20211120,900413,21,0,1,D06,Demo Management,2200,Demo Short-term Loans,,,00,Out of scope,39730,0,1,D06,Demo Management,1120,Demo Harbor Ordinary Deposit,B003,Harbor Demo Bank,00,Out of scope,264910,0,Synthetic demo financing settlement 900413,,,0,,,,,,,,,,,,,,,,,,,,,,,,,,20211120120000,,,,,,,,,B003,Harbor Demo Bank,,,,,,,,,,,,,,,
20211120,900413,21,0,1,D06,Demo Management,6070,Demo Bank Fees,B003,Harbor Demo Bank,00,Out of scope,21190,0,,,,,,,,,,,,Synthetic demo financing settlement 900413,,,0,,,,,,,,,,,,,,,,,,,,,,,,,,20211120120000,B003,Harbor Demo Bank,,,,,,,,,,,,,,,,,,,,,,,
20211120,900413,21,0,1,D06,Demo Management,7000,Demo Taxes and Dues,,,P0,Non-taxable purchase,203990,0,,,,,,,,,,,,Synthetic demo financing settlement 900413,,,0,,,,,,,,,,,,,,,,,,,,,,,,,,20211120120000,,,,,,,,,,,,,,,,,,,,,,,,,
20211122,900438,21,0,1,D02,Demo Administration,6080,Demo Advertising,V001,Demo Vendor Keystone,Q5,Taxable purchase 10%,4140,376,1,D02,Demo Administration,1100,Demo Central Ordinary Deposit,B001,Demo Central Bank,00,Out of scope,4140,0,Synthetic demo operating expense 900438,,,0,,,,,,,,,,,,,,,,,,,,,,,,,,20211122120000,V001,Demo Vendor Keystone,,,,,,,B001,Demo Central Bank,,,,,,,,,,,,,,,
20211123,900434,21,0,1,D01,Demo Sales,1120,Demo Harbor Ordinary Deposit,B003,Harbor Demo Bank,00,Out of scope,260440,0,1,D01,Demo Sales,1200,Demo Accounts Receivable,C003,Demo Customer Cobalt,00,Out of scope,260440,0,Synthetic demo customer receipt 900434,,,0,,,,,,,,,,,,,,,,,,,,,,,,,,20211123120000,B003,Harbor Demo Bank,,,,,,,C003,Demo Customer Cobalt,,,,,,,,,,,,,,,
20211123,900459,21,0,1,D05,Demo Digital Services,1400,Demo Prepaid Expenses,S004,Demo Logistics Services,00,Out of scope,157240,0,1,D05,Demo Digital Services,1100,Demo Central Ordinary Deposit,B001,Demo Central Bank,00,Out of scope,157240,0,Synthetic demo prepaid service 900459,,,0,,,,,,,,,,,,,,,,,,,,,,,,,,20211123120000,S004,Demo Logistics Services,,,,,,,B001,Demo Central Bank,,,,,,,,,,,,,,,
20211125,900415,21,0,1,D04,Demo Logistics,5010,Demo Freight-in,V006,Demo Vendor Prairie,Q5,Taxable purchase 10%,127820,11620,1,D04,Demo Logistics,2000,Demo Accounts Payable,V006,Demo Vendor Prairie,00,Out of scope,127820,0,Synthetic demo purchase on account 900415,,,0,,,,,,,,,,,,,,,,,,,,,,,,,,20211125120000,V006,Demo Vendor Prairie,,,,,,,V006,Demo Vendor Prairie,,,,,,,,,,,,,,,
20211126,900424,21,0,1,D01,Demo Sales,1110,Demo North Current Deposit,B002,North Demo Bank,00,Out of scope,103280,0,,,,,,,,,,,,Synthetic demo mixed sales and receipt 900424,,,0,,,,,,,,,,,,,,,,,,,,,,,,,,20211126120000,B002,North Demo Bank,,,,,,,,,,,,,,,,,,,,,,,
20211126,900424,21,0,1,D01,Demo Sales,1200,Demo Accounts Receivable,C005,Demo Customer Elm,00,Out of scope,200490,0,,,,,,,,,,,,Synthetic demo mixed sales and receipt 900424,,,0,,,,,,,,,,,,,,,,,,,,,,,,,,20211126120000,C005,Demo Customer Elm,,,,,,,,,,,,,,,,,,,,,,,
20211126,900424,21,0,,,,,,,,,,,,1,D01,Demo Sales,4000,Demo Product Sales,C006,Demo Customer Fjord,B5,Taxable sale 10%,127580,11598,Synthetic demo mixed sales and receipt 900424,,,0,,,,,,,,,,,,,,,,,,,,,,,,,,20211126120000,,,,,,,,,C006,Demo Customer Fjord,,,,,,,,,,,,,,,
20211126,900424,21,0,,,,,,,,,,,,1,D01,Demo Sales,4010,Demo Service Revenue,C007,Demo Customer Grove,B5,Taxable sale 10%,176190,16017,Synthetic demo mixed sales and receipt 900424,,,0,,,,,,,,,,,,,,,,,,,,,,,,,,20211126120000,,,,,,,,,C007,Demo Customer Grove,,,,,,,,,,,,,,,
20211126,900431,21,0,1,D01,Demo Sales,1200,Demo Accounts Receivable,C004,Demo Customer Dawn,00,Out of scope,380420,0,1,D01,Demo Sales,4020,Demo Other Operating Revenue,C004,Demo Customer Dawn,B5,Taxable sale 10%,380420,34584,Synthetic demo credit sale 900431,,,0,,,,,,,,,,,,,,,,,,,,,,,,,,20211126120000,C004,Demo Customer Dawn,,,,,,,C004,Demo Customer Dawn,,,,,,,,,,,,,,,
20211126,900468,21,0,1,D01,Demo Sales,1100,Demo Central Ordinary Deposit,B001,Demo Central Bank,00,Out of scope,177230,0,,,,,,,,,,,,Synthetic demo mixed sales and receipt 900468,,,0,,,,,,,,,,,,,,,,,,,,,,,,,,20211126120000,B001,Demo Central Bank,,,,,,,,,,,,,,,,,,,,,,,
20211126,900468,21,0,1,D01,Demo Sales,1200,Demo Accounts Receivable,C009,Demo Customer Indigo,00,Out of scope,145010,0,,,,,,,,,,,,Synthetic demo mixed sales and receipt 900468,,,0,,,,,,,,,,,,,,,,,,,,,,,,,,20211126120000,C009,Demo Customer Indigo,,,,,,,,,,,,,,,,,,,,,,,
20211126,900468,21,0,,,,,,,,,,,,1,D01,Demo Sales,4000,Demo Product Sales,C010,Demo Customer Juniper,B5,Taxable sale 10%,206230,18748,Synthetic demo mixed sales and receipt 900468,,,0,,,,,,,,,,,,,,,,,,,,,,,,,,20211126120000,,,,,,,,,C010,Demo Customer Juniper,,,,,,,,,,,,,,,
20211126,900468,21,0,,,,,,,,,,,,1,D01,Demo Sales,4010,Demo Service Revenue,C001,Demo Customer Aurora,B5,Taxable sale 10%,116010,10546,Synthetic demo mixed sales and receipt 900468,,,0,,,,,,,,,,,,,,,,,,,,,,,,,,20211126120000,,,,,,,,,C001,Demo Customer Aurora,,,,,,,,,,,,,,,
20211127,900444,21,0,1,D01,Demo Sales,1100,Demo Central Ordinary Deposit,B001,Demo Central Bank,00,Out of scope,328450,0,1,D01,Demo Sales,1200,Demo Accounts Receivable,C003,Demo Customer Cobalt,00,Out of scope,328450,0,Synthetic demo customer receipt 900444,,,0,,,,,,,,,,,,,,,,,,,,,,,,,,20211127120000,B001,Demo Central Bank,,,,,,,C003,Demo Customer Cobalt,,,,,,,,,,,,,,,
20211128,900416,21,0,1,D04,Demo Logistics,5020,Demo Inventory Adjustment,V001,Demo Vendor Keystone,Q5,Taxable purchase 10%,70730,6430,1,D04,Demo Logistics,2000,Demo Accounts Payable,V001,Demo Vendor Keystone,00,Out of scope,70730,0,Synthetic demo purchase on account 900416,,,0,,,,,,,,,,,,,,,,,,,,,,,,,,20211128120000,V001,Demo Vendor Keystone,,,,,,,V001,Demo Vendor Keystone,,,,,,,,,,,,,,,
20211128,900457,21,0,1,D04,Demo Logistics,2000,Demo Accounts Payable,V006,Demo Vendor Prairie,00,Out of scope,287300,0,1,D04,Demo Logistics,1110,Demo North Current Deposit,B002,North Demo Bank,00,Out of scope,287300,0,Synthetic demo vendor settlement 900457,,,0,,,,,,,,,,,,,,,,,,,,,,,,,,20211128120000,V006,Demo Vendor Prairie,,,,,,,B002,North Demo Bank,,,,,,,,,,,,,,,
20211129,900426,21,0,1,D02,Demo Administration,6000,Demo Salaries,,,00,Out of scope,55630,0,1,D02,Demo Administration,1100,Demo Central Ordinary Deposit,B001,Demo Central Bank,00,Out of scope,370910,0,Synthetic demo monthly payroll bundle 900426,,,0,,,,,,,,,,,,,,,,,,,,,,,,,,20211129120000,,,,,,,,,B001,Demo Central Bank,,,,,,,,,,,,,,,
20211129,900426,21,0,1,D02,Demo Administration,6010,Demo Statutory Welfare,,,00,Out of scope,29670,0,,,,,,,,,,,,Synthetic demo monthly payroll bundle 900426,,,0,,,,,,,,,,,,,,,,,,,,,,,,,,20211129120000,,,,,,,,,,,,,,,,,,,,,,,,,
20211129,900426,21,0,1,D02,Demo Administration,2110,Demo Payroll Withholding,,,00,Out of scope,285610,0,,,,,,,,,,,,Synthetic demo monthly payroll bundle 900426,,,0,,,,,,,,,,,,,,,,,,,,,,,,,,20211129120000,,,,,,,,,,,,,,,,,,,,,,,,,
20211129,900430,21,0,1,D01,Demo Sales,1110,Demo North Current Deposit,B002,North Demo Bank,00,Out of scope,353830,0,,,,,,,,,,,,Synthetic demo mixed sales and receipt 900430,,,0,,,,,,,,,,,,,,,,,,,,,,,,,,20211129120000,B002,North Demo Bank,,,,,,,,,,,,,,,,,,,,,,,
20211129,900430,21,0,1,D01,Demo Sales,1200,Demo Accounts Receivable,C001,Demo Customer Aurora,00,Out of scope,245890,0,,,,,,,,,,,,Synthetic demo mixed sales and receipt 900430,,,0,,,,,,,,,,,,,,,,,,,,,,,,,,20211129120000,C001,Demo Customer Aurora,,,,,,,,,,,,,,,,,,,,,,,
20211129,900430,21,0,,,,,,,,,,,,1,D01,Demo Sales,4000,Demo Product Sales,C002,Demo Customer Birch,B5,Taxable sale 10%,503760,45796,Synthetic demo mixed sales and receipt 900430,,,0,,,,,,,,,,,,,,,,,,,,,,,,,,20211129120000,,,,,,,,,C002,Demo Customer Birch,,,,,,,,,,,,,,,
20211129,900430,21,0,,,,,,,,,,,,1,D01,Demo Sales,4010,Demo Service Revenue,C003,Demo Customer Cobalt,B5,Taxable sale 10%,95960,8724,Synthetic demo mixed sales and receipt 900430,,,0,,,,,,,,,,,,,,,,,,,,,,,,,,20211129120000,,,,,,,,,C003,Demo Customer Cobalt,,,,,,,,,,,,,,,
20211129,900467,21,0,1,D04,Demo Logistics,2000,Demo Accounts Payable,V006,Demo Vendor Prairie,00,Out of scope,242320,0,1,D04,Demo Logistics,1120,Demo Harbor Ordinary Deposit,B003,Harbor Demo Bank,00,Out of scope,242320,0,Synthetic demo vendor settlement 900467,,,0,,,,,,,,,,,,,,,,,,,,,,,,,,20211129120000,V006,Demo Vendor Prairie,,,,,,,B003,Harbor Demo Bank,,,,,,,,,,,,,,,
20211130,900417,21,0,1,D01,Demo Sales,2000,Demo Accounts Payable,V008,Demo Vendor Rivulet,00,Out of scope,229570,0,,,,,,,,,,,,Synthetic demo multi-vendor settlement 900417,,,0,,,,,,,,,,,,,,,,,,,,,,,,,,20211130120000,V008,Demo Vendor Rivulet,,,,,,,,,,,,,,,,,,,,,,,
20211130,900417,21,0,1,D01,Demo Sales,2100,Demo Accrued Payables,V001,Demo Vendor Keystone,00,Out of scope,203590,0,,,,,,,,,,,,Synthetic demo multi-vendor settlement 900417,,,0,,,,,,,,,,,,,,,,,,,,,,,,,,20211130120000,V001,Demo Vendor Keystone,,,,,,,,,,,,,,,,,,,,,,,
20211130,900417,21,0,,,,,,,,,,,,1,D01,Demo Sales,1100,Demo Central Ordinary Deposit,B001,Demo Central Bank,00,Out of scope,329200,0,Synthetic demo multi-vendor settlement 900417,,,0,,,,,,,,,,,,,,,,,,,,,,,,,,20211130120000,,,,,,,,,B001,Demo Central Bank,,,,,,,,,,,,,,,
20211130,900417,21,0,,,,,,,,,,,,1,D01,Demo Sales,1110,Demo North Current Deposit,B002,North Demo Bank,00,Out of scope,103960,0,Synthetic demo multi-vendor settlement 900417,,,0,,,,,,,,,,,,,,,,,,,,,,,,,,20211130120000,,,,,,,,,B002,North Demo Bank,,,,,,,,,,,,,,,
20211130,900461,21,0,1,D01,Demo Sales,2000,Demo Accounts Payable,V002,Demo Vendor Lattice,00,Out of scope,265170,0,,,,,,,,,,,,Synthetic demo multi-vendor settlement 900461,,,0,,,,,,,,,,,,,,,,,,,,,,,,,,20211130120000,V002,Demo Vendor Lattice,,,,,,,,,,,,,,,,,,,,,,,
20211130,900461,21,0,1,D01,Demo Sales,2100,Demo Accrued Payables,V005,Demo Vendor Orchid,00,Out of scope,184280,0,,,,,,,,,,,,Synthetic demo multi-vendor settlement 900461,,,0,,,,,,,,,,,,,,,,,,,,,,,,,,20211130120000,V005,Demo Vendor Orchid,,,,,,,,,,,,,,,,,,,,,,,
20211130,900461,21,0,,,,,,,,,,,,1,D01,Demo Sales,1120,Demo Harbor Ordinary Deposit,B003,Harbor Demo Bank,00,Out of scope,233710,0,Synthetic demo multi-vendor settlement 900461,,,0,,,,,,,,,,,,,,,,,,,,,,,,,,20211130120000,,,,,,,,,B003,Harbor Demo Bank,,,,,,,,,,,,,,,
20211130,900461,21,0,,,,,,,,,,,,1,D01,Demo Sales,1100,Demo Central Ordinary Deposit,B001,Demo Central Bank,00,Out of scope,215740,0,Synthetic demo multi-vendor settlement 900461,,,0,,,,,,,,,,,,,,,,,,,,,,,,,,20211130120000,,,,,,,,,B001,Demo Central Bank,,,,,,,,,,,,,,,
20211130,900469,21,0,1,D05,Demo Digital Services,1400,Demo Prepaid Expenses,S002,Demo Energy Services,00,Out of scope,89210,0,1,D05,Demo Digital Services,1110,Demo North Current Deposit,B002,North Demo Bank,00,Out of scope,89210,0,Synthetic demo prepaid service 900469,,,0,,,,,,,,,,,,,,,,,,,,,,,,,,20211130120000,S002,Demo Energy Services,,,,,,,B002,North Demo Bank,,,,,,,,,,,,,,,
20211201,900512,21,0,1,D01,Demo Sales,1120,Demo Harbor Ordinary Deposit,B003,Harbor Demo Bank,00,Out of scope,125670,0,,,,,,,,,,,,Synthetic demo mixed sales and receipt 900512,,,0,,,,,,,,,,,,,,,,,,,,,,,,,,20211201120000,B003,Harbor Demo Bank,,,,,,,,,,,,,,,,,,,,,,,
20211201,900512,21,0,1,D01,Demo Sales,1200,Demo Accounts Receivable,C003,Demo Customer Cobalt,00,Out of scope,223440,0,,,,,,,,,,,,Synthetic demo mixed sales and receipt 900512,,,0,,,,,,,,,,,,,,,,,,,,,,,,,,20211201120000,C003,Demo Customer Cobalt,,,,,,,,,,,,,,,,,,,,,,,
20211201,900512,21,0,,,,,,,,,,,,1,D01,Demo Sales,4000,Demo Product Sales,C004,Demo Customer Dawn,B5,Taxable sale 10%,139640,12695,Synthetic demo mixed sales and receipt 900512,,,0,,,,,,,,,,,,,,,,,,,,,,,,,,20211201120000,,,,,,,,,C004,Demo Customer Dawn,,,,,,,,,,,,,,,
20211201,900512,21,0,,,,,,,,,,,,1,D01,Demo Sales,4010,Demo Service Revenue,C005,Demo Customer Elm,B5,Taxable sale 10%,209470,19043,Synthetic demo mixed sales and receipt 900512,,,0,,,,,,,,,,,,,,,,,,,,,,,,,,20211201120000,,,,,,,,,C005,Demo Customer Elm,,,,,,,,,,,,,,,
20211202,900516,21,0,1,D04,Demo Logistics,5000,Demo Purchases,V001,Demo Vendor Keystone,Q5,Taxable purchase 10%,102160,9287,1,D04,Demo Logistics,2000,Demo Accounts Payable,V001,Demo Vendor Keystone,00,Out of scope,102160,0,Synthetic demo purchase on account 900516,,,0,,,,,,,,,,,,,,,,,,,,,,,,,,20211202120000,V001,Demo Vendor Keystone,,,,,,,V001,Demo Vendor Keystone,,,,,,,,,,,,,,,
20211203,900471,21,0,1,D02,Demo Administration,6000,Demo Salaries,,,00,Out of scope,106760,0,1,D02,Demo Administration,1100,Demo Central Ordinary Deposit,B001,Demo Central Bank,00,Out of scope,344410,0,Synthetic demo monthly payroll bundle 900471,,,0,,,,,,,,,,,,,,,,,,,,,,,,,,20211203120000,,,,,,,,,B001,Demo Central Bank,,,,,,,,,,,,,,,
20211203,900471,21,0,1,D02,Demo Administration,6010,Demo Statutory Welfare,,,00,Out of scope,137760,0,,,,,,,,,,,,Synthetic demo monthly payroll bundle 900471,,,0,,,,,,,,,,,,,,,,,,,,,,,,,,20211203120000,,,,,,,,,,,,,,,,,,,,,,,,,
20211203,900471,21,0,1,D02,Demo Administration,2110,Demo Payroll Withholding,,,00,Out of scope,99890,0,,,,,,,,,,,,Synthetic demo monthly payroll bundle 900471,,,0,,,,,,,,,,,,,,,,,,,,,,,,,,20211203120000,,,,,,,,,,,,,,,,,,,,,,,,,
20211203,900489,21,0,1,D05,Demo Digital Services,1400,Demo Prepaid Expenses,S004,Demo Logistics Services,00,Out of scope,237020,0,1,D05,Demo Digital Services,1100,Demo Central Ordinary Deposit,B001,Demo Central Bank,00,Out of scope,237020,0,Synthetic demo prepaid service 900489,,,0,,,,,,,,,,,,,,,,,,,,,,,,,,20211203120000,S004,Demo Logistics Services,,,,,,,B001,Demo Central Bank,,,,,,,,,,,,,,,
20211203,900492,21,0,1,D01,Demo Sales,1200,Demo Accounts Receivable,C007,Demo Customer Grove,00,Out of scope,566420,0,1,D01,Demo Sales,4000,Demo Product Sales,C007,Demo Customer Grove,B5,Taxable sale 10%,566420,51493,Synthetic demo credit sale 900492,,,0,,,,,,,,,,,,,,,,,,,,,,,,,,20211203120000,C007,Demo Customer Grove,,,,,,,C007,Demo Customer Grove,,,,,,,,,,,,,,,
20211203,900496,21,0,1,D04,Demo Logistics,5010,Demo Freight-in,V001,Demo Vendor Keystone,Q5,Taxable purchase 10%,387010,35183,1,D04,Demo Logistics,2000,Demo Accounts Payable,V001,Demo Vendor Keystone,00,Out of scope,387010,0,Synthetic demo purchase on account 900496,,,0,,,,,,,,,,,,,,,,,,,,,,,,,,20211203120000,V001,Demo Vendor Keystone,,,,,,,V001,Demo Vendor Keystone,,,,,,,,,,,,,,,
20211204,900525,21,0,1,D04,Demo Logistics,5000,Demo Purchases,V006,Demo Vendor Prairie,Q5,Taxable purchase 10%,89390,8126,1,D04,Demo Logistics,2000,Demo Accounts Payable,V006,Demo Vendor Prairie,00,Out of scope,89390,0,Synthetic demo purchase on account 900525,,,0,,,,,,,,,,,,,,,,,,,,,,,,,,20211204120000,V006,Demo Vendor Prairie,,,,,,,V006,Demo Vendor Prairie,,,,,,,,,,,,,,,
20211205,900474,21,0,1,D01,Demo Sales,1100,Demo Central Ordinary Deposit,B001,Demo Central Bank,00,Out of scope,222820,0,,,,,,,,,,,,Synthetic demo mixed sales and receipt 900474,,,0,,,,,,,,,,,,,,,,,,,,,,,,,,20211205120000,B001,Demo Central Bank,,,,,,,,,,,,,,,,,,,,,,,
20211205,900474,21,0,1,D01,Demo Sales,1200,Demo Accounts Receivable,C005,Demo Customer Elm,00,Out of scope,125340,0,,,,,,,,,,,,Synthetic demo mixed sales and receipt 900474,,,0,,,,,,,,,,,,,,,,,,,,,,,,,,20211205120000,C005,Demo Customer Elm,,,,,,,,,,,,,,,,,,,,,,,
20211205,900474,21,0,,,,,,,,,,,,1,D01,Demo Sales,4000,Demo Product Sales,C006,Demo Customer Fjord,B5,Taxable sale 10%,114890,10445,Synthetic demo mixed sales and receipt 900474,,,0,,,,,,,,,,,,,,,,,,,,,,,,,,20211205120000,,,,,,,,,C006,Demo Customer Fjord,,,,,,,,,,,,,,,
20211205,900474,21,0,,,,,,,,,,,,1,D01,Demo Sales,4010,Demo Service Revenue,C007,Demo Customer Grove,B5,Taxable sale 10%,233270,21206,Synthetic demo mixed sales and receipt 900474,,,0,,,,,,,,,,,,,,,,,,,,,,,,,,20211205120000,,,,,,,,,C007,Demo Customer Grove,,,,,,,,,,,,,,,
20211205,900514,21,0,1,D03,Demo Operations,6030,Demo Utilities,S002,Demo Energy Services,Q5,Taxable purchase 10%,135140,12285,1,D03,Demo Operations,1110,Demo North Current Deposit,B002,North Demo Bank,00,Out of scope,375410,0,Synthetic demo operating cost bundle 900514,,,0,,,,,,,,,,,,,,,,,,,,,,,,,,20211205120000,S002,Demo Energy Services,,,,,,,B002,North Demo Bank,,,,,,,,,,,,,,,
20211205,900514,21,0,1,D03,Demo Operations,6040,Demo Communication,S003,Demo Network Services,Q5,Taxable purchase 10%,153910,13992,,,,,,,,,,,,Synthetic demo operating cost bundle 900514,,,0,,,,,,,,,,,,,,,,,,,,,,,,,,20211205120000,S003,Demo Network Services,,,,,,,,,,,,,,,,,,,,,,,
20211205,900514,21,0,1,D03,Demo Operations,6060,Demo Office Supplies,V005,Demo Vendor Orchid,Q5,Taxable purchase 10%,86360,7851,,,,,,,,,,,,Synthetic demo operating cost bundle 900514,,,0,,,,,,,,,,,,,,,,,,,,,,,,,,20211205120000,V005,Demo Vendor Orchid,,,,,,,,,,,,,,,,,,,,,,,
20211205,900517,21,0,1,D04,Demo Logistics,2000,Demo Accounts Payable,V006,Demo Vendor Prairie,00,Out of scope,348390,0,1,D04,Demo Logistics,1110,Demo North Current Deposit,B002,North Demo Bank,00,Out of scope,348390,0,Synthetic demo vendor settlement 900517,,,0,,,,,,,,,,,,,,,,,,,,,,,,,,20211205120000,V006,Demo Vendor Prairie,,,,,,,B002,North Demo Bank,,,,,,,,,,,,,,,
20211205,900518,21,0,1,D01,Demo Sales,1120,Demo Harbor Ordinary Deposit,B003,Harbor Demo Bank,00,Out of scope,492500,0,,,,,,,,,,,,Synthetic demo mixed sales and receipt 900518,,,0,,,,,,,,,,,,,,,,,,,,,,,,,,20211205120000,B003,Harbor Demo Bank,,,,,,,,,,,,,,,,,,,,,,,
20211205,900518,21,0,1,D01,Demo Sales,1200,Demo Accounts Receivable,C009,Demo Customer Indigo,00,Out of scope,182160,0,,,,,,,,,,,,Synthetic demo mixed sales and receipt 900518,,,0,,,,,,,,,,,,,,,,,,,,,,,,,,20211205120000,C009,Demo Customer Indigo,,,,,,,,,,,,,,,,,,,,,,,
20211205,900518,21,0,,,,,,,,,,,,1,D01,Demo Sales,4000,Demo Product Sales,C010,Demo Customer Juniper,B5,Taxable sale 10%,512740,46613,Synthetic demo mixed sales and receipt 900518,,,0,,,,,,,,,,,,,,,,,,,,,,,,,,20211205120000,,,,,,,,,C010,Demo Customer Juniper,,,,,,,,,,,,,,,
20211205,900518,21,0,,,,,,,,,,,,1,D01,Demo Sales,4010,Demo Service Revenue,C001,Demo Customer Aurora,B5,Taxable sale 10%,161920,14720,Synthetic demo mixed sales and receipt 900518,,,0,,,,,,,,,,,,,,,,,,,,,,,,,,20211205120000,,,,,,,,,C001,Demo Customer Aurora,,,,,,,,,,,,,,,
20211206,900473,21,0,1,D01,Demo Sales,1120,Demo Harbor Ordinary Deposit,B003,Harbor Demo Bank,00,Out of scope,112800,0,1,D01,Demo Sales,1200,Demo Accounts Receivable,C010,Demo Customer Juniper,00,Out of scope,112800,0,Synthetic demo customer receipt 900473,,,0,,,,,,,,,,,,,,,,,,,,,,,,,,20211206120000,B003,Harbor Demo Bank,,,,,,,C010,Demo Customer Juniper,,,,,,,,,,,,,,,
20211206,900484,21,0,1,D03,Demo Operations,6030,Demo Utilities,S002,Demo Energy Services,Q5,Taxable purchase 10%,203520,18502,1,D03,Demo Operations,1110,Demo North Current Deposit,B002,North Demo Bank,00,Out of scope,656520,0,Synthetic demo operating cost bundle 900484,,,0,,,,,,,,,,,,,,,,,,,,,,,,,,20211206120000,S002,Demo Energy Services,,,,,,,B002,North Demo Bank,,,,,,,,,,,,,,,
20211206,900484,21,0,1,D03,Demo Operations,6040,Demo Communication,S003,Demo Network Services,Q5,Taxable purchase 10%,216650,19695,,,,,,,,,,,,Synthetic demo operating cost bundle 900484,,,0,,,,,,,,,,,,,,,,,,,,,,,,,,20211206120000,S003,Demo Network Services,,,,,,,,,,,,,,,,,,,,,,,
20211206,900484,21,0,1,D03,Demo Operations,6060,Demo Office Supplies,V005,Demo Vendor Orchid,Q5,Taxable purchase 10%,236350,21486,,,,,,,,,,,,Synthetic demo operating cost bundle 900484,,,0,,,,,,,,,,,,,,,,,,,,,,,,,,20211206120000,V005,Demo Vendor Orchid,,,,,,,,,,,,,,,,,,,,,,,
20211206,900485,21,0,1,D04,Demo Logistics,5020,Demo Inventory Adjustment,V006,Demo Vendor Prairie,Q5,Taxable purchase 10%,209170,19015,1,D04,Demo Logistics,2000,Demo Accounts Payable,V006,Demo Vendor Prairie,00,Out of scope,209170,0,Synthetic demo purchase on account 900485,,,0,,,,,,,,,,,,,,,,,,,,,,,,,,20211206120000,V006,Demo Vendor Prairie,,,,,,,V006,Demo Vendor Prairie,,,,,,,,,,,,,,,
20211206,900498,21,0,1,D02,Demo Administration,6140,Demo Vehicle Expense,V001,Demo Vendor Keystone,Q5,Taxable purchase 10%,100380,9125,1,D02,Demo Administration,1100,Demo Central Ordinary Deposit,B001,Demo Central Bank,00,Out of scope,100380,0,Synthetic demo operating expense 900498,,,0,,,,,,,,,,,,,,,,,,,,,,,,,,20211206120000,V001,Demo Vendor Keystone,,,,,,,B001,Demo Central Bank,,,,,,,,,,,,,,,
20211206,900502,21,0,1,D01,Demo Sales,1200,Demo Accounts Receivable,C007,Demo Customer Grove,00,Out of scope,114990,0,1,D01,Demo Sales,4010,Demo Service Revenue,C007,Demo Customer Grove,B5,Taxable sale 10%,114990,10454,Synthetic demo credit sale 900502,,,0,,,,,,,,,,,,,,,,,,,,,,,,,,20211206120000,C007,Demo Customer Grove,,,,,,,C007,Demo Customer Grove,,,,,,,,,,,,,,,
20211207,900500,21,0,1,D01,Demo Sales,1200,Demo Accounts Receivable,C001,Demo Customer Aurora,00,Out of scope,321310,0,1,D01,Demo Sales,4020,Demo Other Operating Revenue,C001,Demo Customer Aurora,B5,Taxable sale 10%,321310,29210,Synthetic demo credit sale 900500,,,0,,,,,,,,,,,,,,,,,,,,,,,,,,20211207120000,C001,Demo Customer Aurora,,,,,,,C001,Demo Customer Aurora,,,,,,,,,,,,,,,
20211207,900509,21,0,1,D01,Demo Sales,1120,Demo Harbor Ordinary Deposit,B003,Harbor Demo Bank,00,Out of scope,424260,0,1,D01,Demo Sales,1200,Demo Accounts Receivable,C010,Demo Customer Juniper,00,Out of scope,207880,0,Synthetic demo combined customer receipt 900509,,,0,,,,,,,,,,,,,,,,,,,,,,,,,,20211207120000,B003,Harbor Demo Bank,,,,,,,C010,Demo Customer Juniper,,,,,,,,,,,,,,,
20211207,900509,21,0,,,,,,,,,,,,1,D01,Demo Sales,1200,Demo Accounts Receivable,C001,Demo Customer Aurora,00,Out of scope,59390,0,Synthetic demo combined customer receipt 900509,,,0,,,,,,,,,,,,,,,,,,,,,,,,,,20211207120000,,,,,,,,,C001,Demo Customer Aurora,,,,,,,,,,,,,,,
20211207,900509,21,0,,,,,,,,,,,,1,D01,Demo Sales,1200,Demo Accounts Receivable,C002,Demo Customer Birch,00,Out of scope,156990,0,Synthetic demo combined customer receipt 900509,,,0,,,,,,,,,,,,,,,,,,,,,,,,,,20211207120000,,,,,,,,,C002,Demo Customer Birch,,,,,,,,,,,,,,,
20211208,900506,21,0,1,D04,Demo Logistics,5020,Demo Inventory Adjustment,V001,Demo Vendor Keystone,Q6,Taxable purchase 8%,107000,7926,1,D04,Demo Logistics,2000,Demo Accounts Payable,V001,Demo Vendor Keystone,00,Out of scope,107000,0,Synthetic demo purchase on account 900506,,,0,,,,,,,,,,,,,,,,,,,,,,,,,,20211208120000,V001,Demo Vendor Keystone,,,,,,,V001,Demo Vendor Keystone,,,,,,,,,,,,,,,
20211208,900521,21,0,1,D01,Demo Sales,1200,Demo Accounts Receivable,C004,Demo Customer Dawn,00,Out of scope,363790,0,1,D01,Demo Sales,4020,Demo Other Operating Revenue,C004,Demo Customer Dawn,B5,Taxable sale 10%,363790,33072,Synthetic demo credit sale 900521,,,0,,,,,,,,,,,,,,,,,,,,,,,,,,20211208120000,C004,Demo Customer Dawn,,,,,,,C004,Demo Customer Dawn,,,,,,,,,,,,,,,
20211209,900493,21,0,1,D01,Demo Sales,2000,Demo Accounts Payable,V004,Demo Vendor Nimbus,00,Out of scope,59810,0,,,,,,,,,,,,Synthetic demo multi-vendor settlement 900493,,,0,,,,,,,,,,,,,,,,,,,,,,,,,,20211209120000,V004,Demo Vendor Nimbus,,,,,,,,,,,,,,,,,,,,,,,
20211209,900493,21,0,1,D01,Demo Sales,2100,Demo Accrued Payables,V007,Demo Vendor Quartz,00,Out of scope,121440,0,,,,,,,,,,,,Synthetic demo multi-vendor settlement 900493,,,0,,,,,,,,,,,,,,,,,,,,,,,,,,20211209120000,V007,Demo Vendor Quartz,,,,,,,,,,,,,,,,,,,,,,,
20211209,900493,21,0,,,,,,,,,,,,1,D01,Demo Sales,1110,Demo North Current Deposit,B002,North Demo Bank,00,Out of scope,99680,0,Synthetic demo multi-vendor settlement 900493,,,0,,,,,,,,,,,,,,,,,,,,,,,,,,20211209120000,,,,,,,,,B002,North Demo Bank,,,,,,,,,,,,,,,
20211209,900493,21,0,,,,,,,,,,,,1,D01,Demo Sales,1120,Demo Harbor Ordinary Deposit,B003,Harbor Demo Bank,00,Out of scope,81570,0,Synthetic demo multi-vendor settlement 900493,,,0,,,,,,,,,,,,,,,,,,,,,,,,,,20211209120000,,,,,,,,,B003,Harbor Demo Bank,,,,,,,,,,,,,,,
20211209,900505,21,0,1,D01,Demo Sales,2000,Demo Accounts Payable,V006,Demo Vendor Prairie,00,Out of scope,331470,0,,,,,,,,,,,,Synthetic demo multi-vendor settlement 900505,,,0,,,,,,,,,,,,,,,,,,,,,,,,,,20211209120000,V006,Demo Vendor Prairie,,,,,,,,,,,,,,,,,,,,,,,
20211209,900505,21,0,1,D01,Demo Sales,2100,Demo Accrued Payables,V009,Demo Vendor Summit,00,Out of scope,220980,0,,,,,,,,,,,,Synthetic demo multi-vendor settlement 900505,,,0,,,,,,,,,,,,,,,,,,,,,,,,,,20211209120000,V009,Demo Vendor Summit,,,,,,,,,,,,,,,,,,,,,,,
20211209,900505,21,0,,,,,,,,,,,,1,D01,Demo Sales,1110,Demo North Current Deposit,B002,North Demo Bank,00,Out of scope,160210,0,Synthetic demo multi-vendor settlement 900505,,,0,,,,,,,,,,,,,,,,,,,,,,,,,,20211209120000,,,,,,,,,B002,North Demo Bank,,,,,,,,,,,,,,,
20211209,900505,21,0,,,,,,,,,,,,1,D01,Demo Sales,1120,Demo Harbor Ordinary Deposit,B003,Harbor Demo Bank,00,Out of scope,392240,0,Synthetic demo multi-vendor settlement 900505,,,0,,,,,,,,,,,,,,,,,,,,,,,,,,20211209120000,,,,,,,,,B003,Harbor Demo Bank,,,,,,,,,,,,,,,
20211209,900531,21,0,1,D01,Demo Sales,1200,Demo Accounts Receivable,C004,Demo Customer Dawn,00,Out of scope,245710,0,1,D01,Demo Sales,4000,Demo Product Sales,C004,Demo Customer Dawn,B5,Taxable sale 10%,245710,22337,Synthetic demo credit sale 900531,,,0,,,,,,,,,,,,,,,,,,,,,,,,,,20211209120000,C004,Demo Customer Dawn,,,,,,,C004,Demo Customer Dawn,,,,,,,,,,,,,,,
20211210,900490,21,0,1,D03,Demo Operations,6030,Demo Utilities,S002,Demo Energy Services,Q5,Taxable purchase 10%,83110,7555,1,D03,Demo Operations,1110,Demo North Current Deposit,B002,North Demo Bank,00,Out of scope,488910,0,Synthetic demo operating cost bundle 900490,,,0,,,,,,,,,,,,,,,,,,,,,,,,,,20211210120000,S002,Demo Energy Services,,,,,,,B002,North Demo Bank,,,,,,,,,,,,,,,
20211210,900490,21,0,1,D03,Demo Operations,6040,Demo Communication,S003,Demo Network Services,Q5,Taxable purchase 10%,283560,25778,,,,,,,,,,,,Synthetic demo operating cost bundle 900490,,,0,,,,,,,,,,,,,,,,,,,,,,,,,,20211210120000,S003,Demo Network Services,,,,,,,,,,,,,,,,,,,,,,,
20211210,900490,21,0,1,D03,Demo Operations,6060,Demo Office Supplies,V001,Demo Vendor Keystone,C5,Synthetic demo tax category C5,122240,11113,,,,,,,,,,,,Synthetic demo operating cost bundle 900490,,,0,,,,,,,,,,,,,,,,,,,,,,,,,,20211210120000,V001,Demo Vendor Keystone,,,,,,,,,,,,,,,,,,,,,,,
20211211,900507,21,0,1,D04,Demo Logistics,2000,Demo Accounts Payable,V006,Demo Vendor Prairie,00,Out of scope,185680,0,1,D04,Demo Logistics,1100,Demo Central Ordinary Deposit,B001,Demo Central Bank,00,Out of scope,185680,0,Synthetic demo vendor settlement 900507,,,0,,,,,,,,,,,,,,,,,,,,,,,,,,20211211120000,V006,Demo Vendor Prairie,,,,,,,B001,Demo Central Bank,,,,,,,,,,,,,,,
20211211,900511,21,0,1,D01,Demo Sales,1200,Demo Accounts Receivable,C004,Demo Customer Dawn,00,Out of scope,434600,0,1,D01,Demo Sales,4010,Demo Service Revenue,C004,Demo Customer Dawn,B5,Taxable sale 10%,434600,39509,Synthetic demo credit sale 900511,,,0,,,,,,,,,,,,,,,,,,,,,,,,,,20211211120000,C004,Demo Customer Dawn,,,,,,,C004,Demo Customer Dawn,,,,,,,,,,,,,,,
20211211,900520,21,0,1,D03,Demo Operations,6030,Demo Utilities,S002,Demo Energy Services,Q5,Taxable purchase 10%,43620,3965,1,D03,Demo Operations,1110,Demo North Current Deposit,B002,North Demo Bank,00,Out of scope,189690,0,Synthetic demo operating cost bundle 900520,,,0,,,,,,,,,,,,,,,,,,,,,,,,,,20211211120000,S002,Demo Energy Services,,,,,,,B002,North Demo Bank,,,,,,,,,,,,,,,
20211211,900520,21,0,1,D03,Demo Operations,6040,Demo Communication,S003,Demo Network Services,Q5,Taxable purchase 10%,96740,8795,,,,,,,,,,,,Synthetic demo operating cost bundle 900520,,,0,,,,,,,,,,,,,,,,,,,,,,,,,,20211211120000,S003,Demo Network Services,,,,,,,,,,,,,,,,,,,,,,,
20211211,900520,21,0,1,D03,Demo Operations,6060,Demo Office Supplies,V001,Demo Vendor Keystone,Q5,Taxable purchase 10%,49330,4485,,,,,,,,,,,,Synthetic demo operating cost bundle 900520,,,0,,,,,,,,,,,,,,,,,,,,,,,,,,20211211120000,V001,Demo Vendor Keystone,,,,,,,,,,,,,,,,,,,,,,,
20211212,900480,21,0,1,D01,Demo Sales,1100,Demo Central Ordinary Deposit,B001,Demo Central Bank,00,Out of scope,186920,0,,,,,,,,,,,,Synthetic demo mixed sales and receipt 900480,,,0,,,,,,,,,,,,,,,,,,,,,,,,,,20211212120000,B001,Demo Central Bank,,,,,,,,,,,,,,,,,,,,,,,
20211212,900480,21,0,1,D01,Demo Sales,1200,Demo Accounts Receivable,C001,Demo Customer Aurora,00,Out of scope,560760,0,,,,,,,,,,,,Synthetic demo mixed sales and receipt 900480,,,0,,,,,,,,,,,,,,,,,,,,,,,,,,20211212120000,C001,Demo Customer Aurora,,,,,,,,,,,,,,,,,,,,,,,
20211212,900480,21,0,,,,,,,,,,,,1,D01,Demo Sales,4000,Demo Product Sales,C002,Demo Customer Birch,B5,Taxable sale 10%,224300,20391,Synthetic demo mixed sales and receipt 900480,,,0,,,,,,,,,,,,,,,,,,,,,,,,,,20211212120000,,,,,,,,,C002,Demo Customer Birch,,,,,,,,,,,,,,,
20211212,900480,21,0,,,,,,,,,,,,1,D01,Demo Sales,4010,Demo Service Revenue,C003,Demo Customer Cobalt,B5,Taxable sale 10%,523380,47580,Synthetic demo mixed sales and receipt 900480,,,0,,,,,,,,,,,,,,,,,,,,,,,,,,20211212120000,,,,,,,,,C003,Demo Customer Cobalt,,,,,,,,,,,,,,,
20211212,900510,21,0,1,D01,Demo Sales,1200,Demo Accounts Receivable,C001,Demo Customer Aurora,00,Out of scope,299300,0,1,D01,Demo Sales,4000,Demo Product Sales,C001,Demo Customer Aurora,B5,Taxable sale 10%,299300,27209,Synthetic demo credit sale 900510,,,0,,,,,,,,,,,,,,,,,,,,,,,,,,20211212120000,C001,Demo Customer Aurora,,,,,,,C001,Demo Customer Aurora,,,,,,,,,,,,,,,
20211212,900523,21,0,1,D01,Demo Sales,1110,Demo North Current Deposit,B002,North Demo Bank,00,Out of scope,385730,0,1,D01,Demo Sales,1200,Demo Accounts Receivable,C010,Demo Customer Juniper,00,Out of scope,385730,0,Synthetic demo customer receipt 900523,,,0,,,,,,,,,,,,,,,,,,,,,,,,,,20211212120000,B002,North Demo Bank,,,,,,,C010,Demo Customer Juniper,,,,,,,,,,,,,,,
20211213,900486,21,0,1,D01,Demo Sales,1100,Demo Central Ordinary Deposit,B001,Demo Central Bank,00,Out of scope,113380,0,,,,,,,,,,,,Synthetic demo mixed sales and receipt 900486,,,0,,,,,,,,,,,,,,,,,,,,,,,,,,20211213120000,B001,Demo Central Bank,,,,,,,,,,,,,,,,,,,,,,,
20211213,900486,21,0,1,D01,Demo Sales,1200,Demo Accounts Receivable,C007,Demo Customer Grove,00,Out of scope,240960,0,,,,,,,,,,,,Synthetic demo mixed sales and receipt 900486,,,0,,,,,,,,,,,,,,,,,,,,,,,,,,20211213120000,C007,Demo Customer Grove,,,,,,,,,,,,,,,,,,,,,,,
20211213,900486,21,0,,,,,,,,,,,,1,D01,Demo Sales,4000,Demo Product Sales,C008,Demo Customer Halo,B5,Taxable sale 10%,262210,23837,Synthetic demo mixed sales and receipt 900486,,,0,,,,,,,,,,,,,,,,,,,,,,,,,,20211213120000,,,,,,,,,C008,Demo Customer Halo,,,,,,,,,,,,,,,
20211213,900486,21,0,,,,,,,,,,,,1,D01,Demo Sales,4010,Demo Service Revenue,C009,Demo Customer Indigo,B5,Taxable sale 10%,92130,8375,Synthetic demo mixed sales and receipt 900486,,,0,,,,,,,,,,,,,,,,,,,,,,,,,,20211213120000,,,,,,,,,C009,Demo Customer Indigo,,,,,,,,,,,,,,,
20211215,900495,21,0,1,D04,Demo Logistics,5000,Demo Purchases,V006,Demo Vendor Prairie,Q5,Taxable purchase 10%,193300,17573,1,D04,Demo Logistics,2000,Demo Accounts Payable,V006,Demo Vendor Prairie,00,Out of scope,193300,0,Synthetic demo purchase on account 900495,,,0,,,,,,,,,,,,,,,,,,,,,,,,,,20211215120000,V006,Demo Vendor Prairie,,,,,,,V006,Demo Vendor Prairie,,,,,,,,,,,,,,,
20211215,900527,21,0,1,D06,Demo Management,2200,Demo Short-term Loans,,,00,Out of scope,101980,0,1,D06,Demo Management,1120,Demo Harbor Ordinary Deposit,B003,Harbor Demo Bank,00,Out of scope,291380,0,Synthetic demo financing settlement 900527,,,0,,,,,,,,,,,,,,,,,,,,,,,,,,20211215120000,,,,,,,,,B003,Harbor Demo Bank,,,,,,,,,,,,,,,
20211215,900527,21,0,1,D06,Demo Management,6070,Demo Bank Fees,B003,Harbor Demo Bank,00,Out of scope,2910,0,,,,,,,,,,,,Synthetic demo financing settlement 900527,,,0,,,,,,,,,,,,,,,,,,,,,,,,,,20211215120000,B003,Harbor Demo Bank,,,,,,,,,,,,,,,,,,,,,,,
20211215,900527,21,0,1,D06,Demo Management,7000,Demo Taxes and Dues,,,P0,Non-taxable purchase,186490,0,,,,,,,,,,,,Synthetic demo financing settlement 900527,,,0,,,,,,,,,,,,,,,,,,,,,,,,,,20211215120000,,,,,,,,,,,,,,,,,,,,,,,,,
20211216,900513,21,0,1,D01,Demo Sales,1100,Demo Central Ordinary Deposit,B001,Demo Central Bank,00,Out of scope,497370,0,1,D01,Demo Sales,1200,Demo Accounts Receivable,C010,Demo Customer Juniper,00,Out of scope,497370,0,Synthetic demo customer receipt 900513,,,0,,,,,,,,,,,,,,,,,,,,,,,,,,20211216120000,B001,Demo Central Bank,,,,,,,C010,Demo Customer Juniper,,,,,,,,,,,,,,,
20211217,900479,21,0,1,D05,Demo Digital Services,1400,Demo Prepaid Expenses,S006,Demo Insurance Services,00,Out of scope,235680,0,1,D05,Demo Digital Services,1120,Demo Harbor Ordinary Deposit,B003,Harbor Demo Bank,00,Out of scope,235680,0,Synthetic demo prepaid service 900479,,,0,,,,,,,,,,,,,,,,,,,,,,,,,,20211217120000,S006,Demo Insurance Services,,,,,,,B003,Harbor Demo Bank,,,,,,,,,,,,,,,
20211217,900499,21,0,1,D01,Demo Sales,2000,Demo Accounts Payable,V010,Demo Vendor Tandem,00,Out of scope,320100,0,,,,,,,,,,,,Synthetic demo multi-vendor settlement 900499,,,0,,,,,,,,,,,,,,,,,,,,,,,,,,20211217120000,V010,Demo Vendor Tandem,,,,,,,,,,,,,,,,,,,,,,,
20211217,900499,21,0,1,D01,Demo Sales,2100,Demo Accrued Payables,V003,Demo Vendor Mosaic,00,Out of scope,80030,0,,,,,,,,,,,,Synthetic demo multi-vendor settlement 900499,,,0,,,,,,,,,,,,,,,,,,,,,,,,,,20211217120000,V003,Demo Vendor Mosaic,,,,,,,,,,,,,,,,,,,,,,,
20211217,900499,21,0,,,,,,,,,,,,1,D01,Demo Sales,1110,Demo North Current Deposit,B002,North Demo Bank,00,Out of scope,272080,0,Synthetic demo multi-vendor settlement 900499,,,0,,,,,,,,,,,,,,,,,,,,,,,,,,20211217120000,,,,,,,,,B002,North Demo Bank,,,,,,,,,,,,,,,
20211217,900499,21,0,,,,,,,,,,,,1,D01,Demo Sales,1120,Demo Harbor Ordinary Deposit,B003,Harbor Demo Bank,00,Out of scope,128050,0,Synthetic demo multi-vendor settlement 900499,,,0,,,,,,,,,,,,,,,,,,,,,,,,,,20211217120000,,,,,,,,,B003,Harbor Demo Bank,,,,,,,,,,,,,,,
20211217,900503,21,0,1,D06,Demo Management,2200,Demo Short-term Loans,,,00,Out of scope,99720,0,1,D06,Demo Management,1120,Demo Harbor Ordinary Deposit,B003,Harbor Demo Bank,00,Out of scope,554020,0,Synthetic demo financing settlement 900503,,,0,,,,,,,,,,,,,,,,,,,,,,,,,,20211217120000,,,,,,,,,B003,Harbor Demo Bank,,,,,,,,,,,,,,,
20211217,900503,21,0,1,D06,Demo Management,6070,Demo Bank Fees,B003,Harbor Demo Bank,00,Out of scope,127420,0,,,,,,,,,,,,Synthetic demo financing settlement 900503,,,0,,,,,,,,,,,,,,,,,,,,,,,,,,20211217120000,B003,Harbor Demo Bank,,,,,,,,,,,,,,,,,,,,,,,
20211217,900503,21,0,1,D06,Demo Management,7000,Demo Taxes and Dues,,,P0,Non-taxable purchase,326880,0,,,,,,,,,,,,Synthetic demo financing settlement 900503,,,0,,,,,,,,,,,,,,,,,,,,,,,,,,20211217120000,,,,,,,,,,,,,,,,,,,,,,,,,
20211217,900515,21,0,1,D04,Demo Logistics,5020,Demo Inventory Adjustment,V006,Demo Vendor Prairie,Q5,Taxable purchase 10%,184330,16757,1,D04,Demo Logistics,2000,Demo Accounts Payable,V006,Demo Vendor Prairie,00,Out of scope,184330,0,Synthetic demo purchase on account 900515,,,0,,,,,,,,,,,,,,,,,,,,,,,,,,20211217120000,V006,Demo Vendor Prairie,,,,,,,V006,Demo Vendor Prairie,,,,,,,,,,,,,,,
20211217,900530,21,0,1,D01,Demo Sales,1120,Demo Harbor Ordinary Deposit,B003,Harbor Demo Bank,00,Out of scope,84490,0,,,,,,,,,,,,Synthetic demo mixed sales and receipt 900530,,,0,,,,,,,,,,,,,,,,,,,,,,,,,,20211217120000,B003,Harbor Demo Bank,,,,,,,,,,,,,,,,,,,,,,,
20211217,900530,21,0,1,D01,Demo Sales,1200,Demo Accounts Receivable,C001,Demo Customer Aurora,00,Out of scope,299560,0,,,,,,,,,,,,Synthetic demo mixed sales and receipt 900530,,,0,,,,,,,,,,,,,,,,,,,,,,,,,,20211217120000,C001,Demo Customer Aurora,,,,,,,,,,,,,,,,,,,,,,,
20211217,900530,21,0,,,,,,,,,,,,1,D01,Demo Sales,4000,Demo Product Sales,C002,Demo Customer Birch,B5,Taxable sale 10%,322600,29327,Synthetic demo mixed sales and receipt 900530,,,0,,,,,,,,,,,,,,,,,,,,,,,,,,20211217120000,,,,,,,,,C002,Demo Customer Birch,,,,,,,,,,,,,,,
20211217,900530,21,0,,,,,,,,,,,,1,D01,Demo Sales,4010,Demo Service Revenue,C003,Demo Customer Cobalt,B5,Taxable sale 10%,61450,5586,Synthetic demo mixed sales and receipt 900530,,,0,,,,,,,,,,,,,,,,,,,,,,,,,,20211217120000,,,,,,,,,C003,Demo Customer Cobalt,,,,,,,,,,,,,,,
20211218,900522,21,0,1,D01,Demo Sales,1200,Demo Accounts Receivable,C007,Demo Customer Grove,00,Out of scope,412820,0,1,D01,Demo Sales,4000,Demo Product Sales,C007,Demo Customer Grove,B5,Taxable sale 10%,412820,37529,Synthetic demo credit sale 900522,,,0,,,,,,,,,,,,,,,,,,,,,,,,,,20211218120000,C007,Demo Customer Grove,,,,,,,C007,Demo Customer Grove,,,,,,,,,,,,,,,
20211219,900481,21,0,1,D01,Demo Sales,1200,Demo Accounts Receivable,C004,Demo Customer Dawn,00,Out of scope,561980,0,1,D01,Demo Sales,4010,Demo Service Revenue,C004,Demo Customer Dawn,R5,Taxable sale 8%,561980,41628,Synthetic demo credit sale 900481,,,0,,,,,,,,,,,,,,,,,,,,,,,,,,20211219120000,C004,Demo Customer Dawn,,,,,,,C004,Demo Customer Dawn,,,,,,,,,,,,,,,
20211219,900494,21,0,1,D01,Demo Sales,1120,Demo Harbor Ordinary Deposit,B003,Harbor Demo Bank,00,Out of scope,319590,0,1,D01,Demo Sales,1200,Demo Accounts Receivable,C003,Demo Customer Cobalt,00,Out of scope,319590,0,Synthetic demo customer receipt 900494,,,0,,,,,,,,,,,,,,,,,,,,,,,,,,20211219120000,B003,Harbor Demo Bank,,,,,,,C003,Demo Customer Cobalt,,,,,,,,,,,,,,,
20211219,900519,21,0,1,D05,Demo Digital Services,1400,Demo Prepaid Expenses,S004,Demo Logistics Services,00,Out of scope,93290,0,1,D05,Demo Digital Services,1100,Demo Central Ordinary Deposit,B001,Demo Central Bank,00,Out of scope,93290,0,Synthetic demo prepaid service 900519,,,0,,,,,,,,,,,,,,,,,,,,,,,,,,20211219120000,S004,Demo Logistics Services,,,,,,,B001,Demo Central Bank,,,,,,,,,,,,,,,
20211220,900477,21,0,1,D02,Demo Administration,6000,Demo Salaries,,,00,Out of scope,51340,0,1,D02,Demo Administration,1100,Demo Central Ordinary Deposit,B001,Demo Central Bank,00,Out of scope,256700,0,Synthetic demo monthly payroll bundle 900477,,,0,,,,,,,,,,,,,,,,,,,,,,,,,,20211220120000,,,,,,,,,B001,Demo Central Bank,,,,,,,,,,,,,,,
20211220,900477,21,0,1,D02,Demo Administration,6010,Demo Statutory Welfare,,,00,Out of scope,151450,0,,,,,,,,,,,,Synthetic demo monthly payroll bundle 900477,,,0,,,,,,,,,,,,,,,,,,,,,,,,,,20211220120000,,,,,,,,,,,,,,,,,,,,,,,,,
20211220,900477,21,0,1,D02,Demo Administration,2110,Demo Payroll Withholding,,,00,Out of scope,53910,0,,,,,,,,,,,,Synthetic demo monthly payroll bundle 900477,,,0,,,,,,,,,,,,,,,,,,,,,,,,,,20211220120000,,,,,,,,,,,,,,,,,,,,,,,,,
20211220,900478,21,0,1,D03,Demo Operations,6120,Demo Professional Fees,V001,Demo Vendor Keystone,Q5,Taxable purchase 10%,90900,8264,1,D03,Demo Operations,1110,Demo North Current Deposit,B002,North Demo Bank,00,Out of scope,90900,0,Synthetic demo operating expense 900478,,,0,,,,,,,,,,,,,,,,,,,,,,,,,,20211220120000,V001,Demo Vendor Keystone,,,,,,,B002,North Demo Bank,,,,,,,,,,,,,,,
20211220,900491,21,0,1,D01,Demo Sales,1200,Demo Accounts Receivable,C004,Demo Customer Dawn,00,Out of scope,524660,0,1,D01,Demo Sales,4020,Demo Other Operating Revenue,C004,Demo Customer Dawn,B5,Taxable sale 10%,524660,47696,Synthetic demo credit sale 900491,,,0,,,,,,,,,,,,,,,,,,,,,,,,,,20211220120000,C004,Demo Customer Dawn,,,,,,,C004,Demo Customer Dawn,,,,,,,,,,,,,,,
20211220,900526,21,0,1,D04,Demo Logistics,5010,Demo Freight-in,V001,Demo Vendor Keystone,Q5,Taxable purchase 10%,359270,32661,1,D04,Demo Logistics,2000,Demo Accounts Payable,V001,Demo Vendor Keystone,00,Out of scope,359270,0,Synthetic demo purchase on account 900526,,,0,,,,,,,,,,,,,,,,,,,,,,,,,,20211220120000,V001,Demo Vendor Keystone,,,,,,,V001,Demo Vendor Keystone,,,,,,,,,,,,,,,
20211221,900528,21,0,1,D02,Demo Administration,6080,Demo Advertising,V001,Demo Vendor Keystone,Q5,Taxable purchase 10%,144240,13113,1,D02,Demo Administration,1100,Demo Central Ordinary Deposit,B001,Demo Central Bank,00,Out of scope,144240,0,Synthetic demo operating expense 900528,,,0,,,,,,,,,,,,,,,,,,,,,,,,,,20211221120000,V001,Demo Vendor Keystone,,,,,,,B001,Demo Central Bank,,,,,,,,,,,,,,,
20211221,900529,21,0,1,D05,Demo Digital Services,1400,Demo Prepaid Expenses,S002,Demo Energy Services,00,Out of scope,172630,0,1,D05,Demo Digital Services,1110,Demo North Current Deposit,B002,North Demo Bank,00,Out of scope,172630,0,Synthetic demo prepaid service 900529,,,0,,,,,,,,,,,,,,,,,,,,,,,,,,20211221120000,S002,Demo Energy Services,,,,,,,B002,North Demo Bank,,,,,,,,,,,,,,,
20211222,900497,21,0,1,D06,Demo Management,2200,Demo Short-term Loans,,,00,Out of scope,103300,0,1,D06,Demo Management,1120,Demo Harbor Ordinary Deposit,B003,Harbor Demo Bank,00,Out of scope,516500,0,Synthetic demo financing settlement 900497,,,0,,,,,,,,,,,,,,,,,,,,,,,,,,20211222120000,,,,,,,,,B003,Harbor Demo Bank,,,,,,,,,,,,,,,
20211222,900497,21,0,1,D06,Demo Management,6070,Demo Bank Fees,B003,Harbor Demo Bank,00,Out of scope,51650,0,,,,,,,,,,,,Synthetic demo financing settlement 900497,,,0,,,,,,,,,,,,,,,,,,,,,,,,,,20211222120000,B003,Harbor Demo Bank,,,,,,,,,,,,,,,,,,,,,,,
20211222,900497,21,0,1,D06,Demo Management,7000,Demo Taxes and Dues,,,P0,Non-taxable purchase,361550,0,,,,,,,,,,,,Synthetic demo financing settlement 900497,,,0,,,,,,,,,,,,,,,,,,,,,,,,,,20211222120000,,,,,,,,,,,,,,,,,,,,,,,,,
20211224,900501,21,0,1,D01,Demo Sales,1200,Demo Accounts Receivable,C004,Demo Customer Dawn,00,Out of scope,108870,0,1,D01,Demo Sales,4000,Demo Product Sales,C004,Demo Customer Dawn,B5,Taxable sale 10%,108870,9897,Synthetic demo credit sale 900501,,,0,,,,,,,,,,,,,,,,,,,,,,,,,,20211224120000,C004,Demo Customer Dawn,,,,,,,C004,Demo Customer Dawn,,,,,,,,,,,,,,,
20211224,900524,21,0,1,D01,Demo Sales,1120,Demo Harbor Ordinary Deposit,B003,Harbor Demo Bank,00,Out of scope,236700,0,,,,,,,,,,,,Synthetic demo mixed sales and receipt 900524,,,0,,,,,,,,,,,,,,,,,,,,,,,,,,20211224120000,B003,Harbor Demo Bank,,,,,,,,,,,,,,,,,,,,,,,
20211224,900524,21,0,1,D01,Demo Sales,1200,Demo Accounts Receivable,C005,Demo Customer Elm,00,Out of scope,185990,0,,,,,,,,,,,,Synthetic demo mixed sales and receipt 900524,,,0,,,,,,,,,,,,,,,,,,,,,,,,,,20211224120000,C005,Demo Customer Elm,,,,,,,,,,,,,,,,,,,,,,,
20211224,900524,21,0,,,,,,,,,,,,1,D01,Demo Sales,4000,Demo Product Sales,C006,Demo Customer Fjord,B5,Taxable sale 10%,169070,15370,Synthetic demo mixed sales and receipt 900524,,,0,,,,,,,,,,,,,,,,,,,,,,,,,,20211224120000,,,,,,,,,C006,Demo Customer Fjord,,,,,,,,,,,,,,,
20211224,900524,21,0,,,,,,,,,,,,1,D01,Demo Sales,4010,Demo Service Revenue,C007,Demo Customer Grove,B5,Taxable sale 10%,253620,23056,Synthetic demo mixed sales and receipt 900524,,,0,,,,,,,,,,,,,,,,,,,,,,,,,,20211224120000,,,,,,,,,C007,Demo Customer Grove,,,,,,,,,,,,,,,
20211225,900483,21,0,1,D01,Demo Sales,1100,Demo Central Ordinary Deposit,B001,Demo Central Bank,00,Out of scope,332990,0,1,D01,Demo Sales,1200,Demo Accounts Receivable,C010,Demo Customer Juniper,00,Out of scope,332990,0,Synthetic demo customer receipt 900483,,,0,,,,,,,,,,,,,,,,,,,,,,,,,,20211225120000,B001,Demo Central Bank,,,,,,,C010,Demo Customer Juniper,,,,,,,,,,,,,,,
20211226,900476,21,0,1,D04,Demo Logistics,5020,Demo Inventory Adjustment,V001,Demo Vendor Keystone,Q5,Taxable purchase 10%,53400,4855,1,D04,Demo Logistics,2000,Demo Accounts Payable,V001,Demo Vendor Keystone,00,Out of scope,53400,0,Synthetic demo purchase on account 900476,,,0,,,,,,,,,,,,,,,,,,,,,,,,,,20211226120000,V001,Demo Vendor Keystone,,,,,,,V001,Demo Vendor Keystone,,,,,,,,,,,,,,,
20211226,900508,21,0,1,D03,Demo Operations,6060,Demo Office Supplies,V001,Demo Vendor Keystone,Q5,Taxable purchase 10%,64800,5891,1,D03,Demo Operations,1110,Demo North Current Deposit,B002,North Demo Bank,00,Out of scope,64800,0,Synthetic demo operating expense 900508,,,0,,,,,,,,,,,,,,,,,,,,,,,,,,20211226120000,V001,Demo Vendor Keystone,,,,,,,B002,North Demo Bank,,,,,,,,,,,,,,,
20211227,900472,21,0,1,D01,Demo Sales,1200,Demo Accounts Receivable,C007,Demo Customer Grove,00,Out of scope,345930,0,1,D01,Demo Sales,4010,Demo Service Revenue,C007,Demo Customer Grove,B5,Taxable sale 10%,345930,31448,Synthetic demo credit sale 900472,,,0,,,,,,,,,,,,,,,,,,,,,,,,,,20211227120000,C007,Demo Customer Grove,,,,,,,C007,Demo Customer Grove,,,,,,,,,,,,,,,
20211228,900475,21,0,1,D04,Demo Logistics,5010,Demo Freight-in,V006,Demo Vendor Prairie,Q5,Taxable purchase 10%,327130,29739,1,D04,Demo Logistics,2000,Demo Accounts Payable,V006,Demo Vendor Prairie,00,Out of scope,327130,0,Synthetic demo purchase on account 900475,,,0,,,,,,,,,,,,,,,,,,,,,,,,,,20211228120000,V006,Demo Vendor Prairie,,,,,,,V006,Demo Vendor Prairie,,,,,,,,,,,,,,,
20211230,900482,21,0,1,D01,Demo Sales,1200,Demo Accounts Receivable,C007,Demo Customer Grove,00,Out of scope,458500,0,1,D01,Demo Sales,4020,Demo Other Operating Revenue,C007,Demo Customer Grove,B5,Taxable sale 10%,458500,41682,Synthetic demo credit sale 900482,,,0,,,,,,,,,,,,,,,,,,,,,,,,,,20211230120000,C007,Demo Customer Grove,,,,,,,C007,Demo Customer Grove,,,,,,,,,,,,,,,
20211230,900504,21,0,1,D01,Demo Sales,1100,Demo Central Ordinary Deposit,B001,Demo Central Bank,00,Out of scope,389920,0,1,D01,Demo Sales,1200,Demo Accounts Receivable,C003,Demo Customer Cobalt,00,Out of scope,389920,0,Synthetic demo customer receipt 900504,,,0,,,,,,,,,,,,,,,,,,,,,,,,,,20211230120000,B001,Demo Central Bank,,,,,,,C003,Demo Customer Cobalt,,,,,,,,,,,,,,,
20211231,900487,21,0,1,D04,Demo Logistics,2000,Demo Accounts Payable,V006,Demo Vendor Prairie,00,Out of scope,340340,0,1,D04,Demo Logistics,1110,Demo North Current Deposit,B002,North Demo Bank,00,Out of scope,340340,0,Synthetic demo vendor settlement 900487,,,0,,,,,,,,,,,,,,,,,,,,,,,,,,20211231120000,V006,Demo Vendor Prairie,,,,,,,B002,North Demo Bank,,,,,,,,,,,,,,,
20211231,900488,21,0,1,D05,Demo Digital Services,6040,Demo Communication,V001,Demo Vendor Keystone,Q5,Taxable purchase 10%,39860,3624,1,D05,Demo Digital Services,1120,Demo Harbor Ordinary Deposit,B003,Harbor Demo Bank,00,Out of scope,39860,0,Synthetic demo operating expense 900488,,,0,,,,,,,,,,,,,,,,,,,,,,,,,,20211231120000,V001,Demo Vendor Keystone,,,,,,,B003,Harbor Demo Bank,,,,,,,,,,,,,,,
20220101,900588,21,0,1,D02,Demo Administration,6140,Demo Vehicle Expense,V001,Demo Vendor Keystone,Q5,Taxable purchase 10%,161750,14705,1,D02,Demo Administration,1100,Demo Central Ordinary Deposit,B001,Demo Central Bank,00,Out of scope,161750,0,Synthetic demo operating expense 900588,,,0,,,,,,,,,,,,,,,,,,,,,,,,,,20220101120000,V001,Demo Vendor Keystone,,,,,,,B001,Demo Central Bank,,,,,,,,,,,,,,,
20220102,900584,21,0,1,D06,Demo Management,2200,Demo Short-term Loans,,,00,Out of scope,328410,0,1,D06,Demo Management,1120,Demo Harbor Ordinary Deposit,B003,Harbor Demo Bank,00,Out of scope,746400,0,Synthetic demo financing settlement 900584,,,0,,,,,,,,,,,,,,,,,,,,,,,,,,20220102120000,,,,,,,,,B003,Harbor Demo Bank,,,,,,,,,,,,,,,
20220102,900584,21,0,1,D06,Demo Management,6070,Demo Bank Fees,B003,Harbor Demo Bank,00,Out of scope,186600,0,,,,,,,,,,,,Synthetic demo financing settlement 900584,,,0,,,,,,,,,,,,,,,,,,,,,,,,,,20220102120000,B003,Harbor Demo Bank,,,,,,,,,,,,,,,,,,,,,,,
20220102,900584,21,0,1,D06,Demo Management,7000,Demo Taxes and Dues,,,P0,Non-taxable purchase,231390,0,,,,,,,,,,,,Synthetic demo financing settlement 900584,,,0,,,,,,,,,,,,,,,,,,,,,,,,,,20220102120000,,,,,,,,,,,,,,,,,,,,,,,,,
20220103,900535,21,0,1,D04,Demo Logistics,5010,Demo Freight-in,V006,Demo Vendor Prairie,Q5,Taxable purchase 10%,376950,34268,1,D04,Demo Logistics,2000,Demo Accounts Payable,V006,Demo Vendor Prairie,00,Out of scope,376950,0,Synthetic demo purchase on account 900535,,,0,,,,,,,,,,,,,,,,,,,,,,,,,,20220103120000,V006,Demo Vendor Prairie,,,,,,,V006,Demo Vendor Prairie,,,,,,,,,,,,,,,
20220104,900534,21,0,1,D01,Demo Sales,1100,Demo Central Ordinary Deposit,B001,Demo Central Bank,00,Out of scope,252020,0,1,D01,Demo Sales,1200,Demo Accounts Receivable,C003,Demo Customer Cobalt,00,Out of scope,252020,0,Synthetic demo customer receipt 900534,,,0,,,,,,,,,,,,,,,,,,,,,,,,,,20220104120000,B001,Demo Central Bank,,,,,,,C003,Demo Customer Cobalt,,,,,,,,,,,,,,,
20220104,900583,21,0,1,D01,Demo Sales,1110,Demo North Current Deposit,B002,North Demo Bank,00,Out of scope,181110,0,1,D01,Demo Sales,1200,Demo Accounts Receivable,C010,Demo Customer Juniper,00,Out of scope,181110,0,Synthetic demo customer receipt 900583,,,0,,,,,,,,,,,,,,,,,,,,,,,,,,20220104120000,B002,North Demo Bank,,,,,,,C010,Demo Customer Juniper,,,,,,,,,,,,,,,
20220105,900573,21,0,1,D01,Demo Sales,1100,Demo Central Ordinary Deposit,B001,Demo Central Bank,00,Out of scope,335470,0,1,D01,Demo Sales,1200,Demo Accounts Receivable,C010,Demo Customer Juniper,00,Out of scope,335470,0,Synthetic demo customer receipt 900573,,,0,,,,,,,,,,,,,,,,,,,,,,,,,,20220105120000,B001,Demo Central Bank,,,,,,,C010,Demo Customer Juniper,,,,,,,,,,,,,,,
20220106,900563,21,0,1,D01,Demo Sales,1120,Demo Harbor Ordinary Deposit,B003,Harbor Demo Bank,00,Out of scope,86730,0,1,D01,Demo Sales,1200,Demo Accounts Receivable,C010,Demo Customer Juniper,00,Out of scope,86730,0,Synthetic demo customer receipt 900563,,,0,,,,,,,,,,,,,,,,,,,,,,,,,,20220106120000,B003,Harbor Demo Bank,,,,,,,C010,Demo Customer Juniper,,,,,,,,,,,,,,,
20220106,900572,21,0,1,D06,Demo Management,2200,Demo Short-term Loans,,,00,Out of scope,377580,0,1,D06,Demo Management,1120,Demo Harbor Ordinary Deposit,B003,Harbor Demo Bank,00,Out of scope,726130,0,Synthetic demo financing settlement 900572,,,0,,,,,,,,,,,,,,,,,,,,,,,,,,20220106120000,,,,,,,,,B003,Harbor Demo Bank,,,,,,,,,,,,,,,
20220106,900572,21,0,1,D06,Demo Management,6070,Demo Bank Fees,B003,Harbor Demo Bank,00,Out of scope,7260,0,,,,,,,,,,,,Synthetic demo financing settlement 900572,,,0,,,,,,,,,,,,,,,,,,,,,,,,,,20220106120000,B003,Harbor Demo Bank,,,,,,,,,,,,,,,,,,,,,,,
20220106,900572,21,0,1,D06,Demo Management,7000,Demo Taxes and Dues,,,P0,Non-taxable purchase,341290,0,,,,,,,,,,,,Synthetic demo financing settlement 900572,,,0,,,,,,,,,,,,,,,,,,,,,,,,,,20220106120000,,,,,,,,,,,,,,,,,,,,,,,,,
20220107,900536,21,0,1,D04,Demo Logistics,5020,Demo Inventory Adjustment,V001,Demo Vendor Keystone,Q5,Taxable purchase 10%,46110,4192,1,D04,Demo Logistics,2000,Demo Accounts Payable,V001,Demo Vendor Keystone,00,Out of scope,46110,0,Synthetic demo purchase on account 900536,,,0,,,,,,,,,,,,,,,,,,,,,,,,,,20220107120000,V001,Demo Vendor Keystone,,,,,,,V001,Demo Vendor Keystone,,,,,,,,,,,,,,,
20220107,900538,21,0,1,D03,Demo Operations,7000,Demo Taxes and Dues,V001,Demo Vendor Keystone,P0,Non-taxable purchase,57370,0,1,D03,Demo Operations,1110,Demo North Current Deposit,B002,North Demo Bank,00,Out of scope,57370,0,Synthetic demo operating expense 900538,,,0,,,,,,,,,,,,,,,,,,,,,,,,,,20220107120000,V001,Demo Vendor Keystone,,,,,,,B002,North Demo Bank,,,,,,,,,,,,,,,
20220107,900548,21,0,1,D05,Demo Digital Services,6100,Demo Repairs,V001,Demo Vendor Keystone,Q5,Taxable purchase 10%,26960,2451,1,D05,Demo Digital Services,1120,Demo Harbor Ordinary Deposit,B003,Harbor Demo Bank,00,Out of scope,26960,0,Synthetic demo operating expense 900548,,,0,,,,,,,,,,,,,,,,,,,,,,,,,,20220107120000,V001,Demo Vendor Keystone,,,,,,,B003,Harbor Demo Bank,,,,,,,,,,,,,,,
20220107,900552,21,0,1,D02,Demo Administration,6000,Demo Salaries,,,00,Out of scope,88750,0,1,D02,Demo Administration,1100,Demo Central Ordinary Deposit,B001,Demo Central Bank,00,Out of scope,403430,0,Synthetic demo monthly payroll bundle 900552,,,0,,,,,,,,,,,,,,,,,,,,,,,,,,20220107120000,,,,,,,,,B001,Demo Central Bank,,,,,,,,,,,,,,,
20220107,900552,21,0,1,D02,Demo Administration,6010,Demo Statutory Welfare,,,00,Out of scope,56480,0,,,,,,,,,,,,Synthetic demo monthly payroll bundle 900552,,,0,,,,,,,,,,,,,,,,,,,,,,,,,,20220107120000,,,,,,,,,,,,,,,,,,,,,,,,,
20220107,900552,21,0,1,D02,Demo Administration,2110,Demo Payroll Withholding,,,00,Out of scope,258200,0,,,,,,,,,,,,Synthetic demo monthly payroll bundle 900552,,,0,,,,,,,,,,,,,,,,,,,,,,,,,,20220107120000,,,,,,,,,,,,,,,,,,,,,,,,,
20220107,900566,21,0,1,D04,Demo Logistics,5020,Demo Inventory Adjustment,V001,Demo Vendor Keystone,Q5,Taxable purchase 10%,154460,14042,1,D04,Demo Logistics,2000,Demo Accounts Payable,V001,Demo Vendor Keystone,00,Out of scope,154460,0,Synthetic demo purchase on account 900566,,,0,,,,,,,,,,,,,,,,,,,,,,,,,,20220107120000,V001,Demo Vendor Keystone,,,,,,,V001,Demo Vendor Keystone,,,,,,,,,,,,,,,
20220107,900567,21,0,1,D04,Demo Logistics,2000,Demo Accounts Payable,V006,Demo Vendor Prairie,00,Out of scope,132130,0,1,D04,Demo Logistics,1100,Demo Central Ordinary Deposit,B001,Demo Central Bank,00,Out of scope,132130,0,Synthetic demo vendor settlement 900567,,,0,,,,,,,,,,,,,,,,,,,,,,,,,,20220107120000,V006,Demo Vendor Prairie,,,,,,,B001,Demo Central Bank,,,,,,,,,,,,,,,
20220107,900569,21,0,1,D05,Demo Digital Services,1400,Demo Prepaid Expenses,S006,Demo Insurance Services,00,Out of scope,64800,0,1,D05,Demo Digital Services,1120,Demo Harbor Ordinary Deposit,B003,Harbor Demo Bank,00,Out of scope,64800,0,Synthetic demo prepaid service 900569,,,0,,,,,,,,,,,,,,,,,,,,,,,,,,20220107120000,S006,Demo Insurance Services,,,,,,,B003,Harbor Demo Bank,,,,,,,,,,,,,,,
20220107,900590,21,0,1,D01,Demo Sales,1200,Demo Accounts Receivable,C001,Demo Customer Aurora,00,Out of scope,441180,0,1,D01,Demo Sales,4020,Demo Other Operating Revenue,C001,Demo Customer Aurora,B5,Taxable sale 10%,441180,40107,Synthetic demo credit sale 900590,,,0,,,,,,,,,,,,,,,,,,,,,,,,,,20220107120000,C001,Demo Customer Aurora,,,,,,,C001,Demo Customer Aurora,,,,,,,,,,,,,,,
20220108,900532,21,0,1,D01,Demo Sales,1200,Demo Accounts Receivable,C007,Demo Customer Grove,00,Out of scope,278710,0,1,D01,Demo Sales,4010,Demo Service Revenue,C007,Demo Customer Grove,B5,Taxable sale 10%,278710,25337,Synthetic demo credit sale 900532,,,0,,,,,,,,,,,,,,,,,,,,,,,,,,20220108120000,C007,Demo Customer Grove,,,,,,,C007,Demo Customer Grove,,,,,,,,,,,,,,,
20220108,900539,21,0,1,D05,Demo Digital Services,1400,Demo Prepaid Expenses,S006,Demo Insurance Services,00,Out of scope,142580,0,1,D05,Demo Digital Services,1120,Demo Harbor Ordinary Deposit,B003,Harbor Demo Bank,00,Out of scope,142580,0,Synthetic demo prepaid service 900539,,,0,,,,,,,,,,,,,,,,,,,,,,,,,,20220108120000,S006,Demo Insurance Services,,,,,,,B003,Harbor Demo Bank,,,,,,,,,,,,,,,
20220108,900545,21,0,1,D04,Demo Logistics,5020,Demo Inventory Adjustment,V006,Demo Vendor Prairie,Q5,Taxable purchase 10%,145800,13255,1,D04,Demo Logistics,2000,Demo Accounts Payable,V006,Demo Vendor Prairie,00,Out of scope,145800,0,Synthetic demo purchase on account 900545,,,0,,,,,,,,,,,,,,,,,,,,,,,,,,20220108120000,V006,Demo Vendor Prairie,,,,,,,V006,Demo Vendor Prairie,,,,,,,,,,,,,,,
20220108,900547,21,0,1,D04,Demo Logistics,2000,Demo Accounts Payable,V006,Demo Vendor Prairie,00,Out of scope,29050,0,1,D04,Demo Logistics,1110,Demo North Current Deposit,B002,North Demo Bank,00,Out of scope,29050,0,Synthetic demo vendor settlement 900547,,,0,,,,,,,,,,,,,,,,,,,,,,,,,,20220108120000,V006,Demo Vendor Prairie,,,,,,,B002,North Demo Bank,,,,,,,,,,,,,,,
20220108,900571,21,0,1,D01,Demo Sales,1200,Demo Accounts Receivable,C004,Demo Customer Dawn,00,Out of scope,462720,0,1,D01,Demo Sales,4010,Demo Service Revenue,C004,Demo Customer Dawn,B5,Taxable sale 10%,462720,42065,Synthetic demo credit sale 900571,,,0,,,,,,,,,,,,,,,,,,,,,,,,,,20220108120000,C004,Demo Customer Dawn,,,,,,,C004,Demo Customer Dawn,,,,,,,,,,,,,,,
20220109,900550,21,0,1,D01,Demo Sales,1200,Demo Accounts Receivable,C001,Demo Customer Aurora,00,Out of scope,257130,0,1,D01,Demo Sales,4010,Demo Service Revenue,C001,Demo Customer Aurora,B5,Taxable sale 10%,257130,23375,Synthetic demo credit sale 900550,,,0,,,,,,,,,,,,,,,,,,,,,,,,,,20220109120000,C001,Demo Customer Aurora,,,,,,,C001,Demo Customer Aurora,,,,,,,,,,,,,,,
20220109,900562,21,0,1,D01,Demo Sales,1110,Demo North Current Deposit,B002,North Demo Bank,00,Out of scope,602730,0,,,,,,,,,,,,Synthetic demo mixed sales and receipt 900562,,,0,,,,,,,,,,,,,,,,,,,,,,,,,,20220109120000,B002,North Demo Bank,,,,,,,,,,,,,,,,,,,,,,,
20220109,900562,21,0,1,D01,Demo Sales,1200,Demo Accounts Receivable,C003,Demo Customer Cobalt,00,Out of scope,141390,0,,,,,,,,,,,,Synthetic demo mixed sales and receipt 900562,,,0,,,,,,,,,,,,,,,,,,,,,,,,,,20220109120000,C003,Demo Customer Cobalt,,,,,,,,,,,,,,,,,,,,,,,
20220109,900562,21,0,,,,,,,,,,,,1,D01,Demo Sales,4000,Demo Product Sales,C004,Demo Customer Dawn,B5,Taxable sale 10%,186030,16912,Synthetic demo mixed sales and receipt 900562,,,0,,,,,,,,,,,,,,,,,,,,,,,,,,20220109120000,,,,,,,,,C004,Demo Customer Dawn,,,,,,,,,,,,,,,
20220109,900562,21,0,,,,,,,,,,,,1,D01,Demo Sales,4010,Demo Service Revenue,C005,Demo Customer Elm,B5,Taxable sale 10%,558090,50735,Synthetic demo mixed sales and receipt 900562,,,0,,,,,,,,,,,,,,,,,,,,,,,,,,20220109120000,,,,,,,,,C005,Demo Customer Elm,,,,,,,,,,,,,,,
20220109,900589,21,0,1,D05,Demo Digital Services,1400,Demo Prepaid Expenses,S002,Demo Energy Services,00,Out of scope,199900,0,1,D05,Demo Digital Services,1110,Demo North Current Deposit,B002,North Demo Bank,00,Out of scope,199900,0,Synthetic demo prepaid service 900589,,,0,,,,,,,,,,,,,,,,,,,,,,,,,,20220109120000,S002,Demo Energy Services,,,,,,,B002,North Demo Bank,,,,,,,,,,,,,,,
20220110,900553,21,0,1,D01,Demo Sales,1110,Demo North Current Deposit,B002,North Demo Bank,00,Out of scope,60010,0,1,D01,Demo Sales,1200,Demo Accounts Receivable,C010,Demo Customer Juniper,00,Out of scope,60010,0,Synthetic demo customer receipt 900553,,,0,,,,,,,,,,,,,,,,,,,,,,,,,,20220110120000,B002,North Demo Bank,,,,,,,C010,Demo Customer Juniper,,,,,,,,,,,,,,,
20220110,900558,21,0,1,D02,Demo Administration,6020,Demo Office Rent,V001,Demo Vendor Keystone,Q5,Taxable purchase 10%,178370,16215,1,D02,Demo Administration,1100,Demo Central Ordinary Deposit,B001,Demo Central Bank,00,Out of scope,178370,0,Synthetic demo operating expense 900558,,,0,,,,,,,,,,,,,,,,,,,,,,,,,,20220110120000,V001,Demo Vendor Keystone,,,,,,,B001,Demo Central Bank,,,,,,,,,,,,,,,
20220111,900565,21,0,1,D03,Demo Operations,6030,Demo Utilities,S002,Demo Energy Services,Q5,Taxable purchase 10%,67830,6166,1,D03,Demo Operations,1110,Demo North Current Deposit,B002,North Demo Bank,00,Out of scope,452200,0,Synthetic demo operating cost bundle 900565,,,0,,,,,,,,,,,,,,,,,,,,,,,,,,20220111120000,S002,Demo Energy Services,,,,,,,B002,North Demo Bank,,,,,,,,,,,,,,,
20220111,900565,21,0,1,D03,Demo Operations,6040,Demo Communication,S003,Demo Network Services,Q5,Taxable purchase 10%,126610,11510,,,,,,,,,,,,Synthetic demo operating cost bundle 900565,,,0,,,,,,,,,,,,,,,,,,,,,,,,,,20220111120000,S003,Demo Network Services,,,,,,,,,,,,,,,,,,,,,,,
20220111,900565,21,0,1,D03,Demo Operations,6060,Demo Office Supplies,V006,Demo Vendor Prairie,Q5,Taxable purchase 10%,257760,23433,,,,,,,,,,,,Synthetic demo operating cost bundle 900565,,,0,,,,,,,,,,,,,,,,,,,,,,,,,,20220111120000,V006,Demo Vendor Prairie,,,,,,,,,,,,,,,,,,,,,,,
20220111,900577,21,0,1,D04,Demo Logistics,2000,Demo Accounts Payable,V006,Demo Vendor Prairie,00,Out of scope,300330,0,1,D04,Demo Logistics,1110,Demo North Current Deposit,B002,North Demo Bank,00,Out of scope,300330,0,Synthetic demo vendor settlement 900577,,,0,,,,,,,,,,,,,,,,,,,,,,,,,,20220111120000,V006,Demo Vendor Prairie,,,,,,,B002,North Demo Bank,,,,,,,,,,,,,,,
20220111,900579,21,0,1,D05,Demo Digital Services,1400,Demo Prepaid Expenses,S004,Demo Logistics Services,00,Out of scope,234850,0,1,D05,Demo Digital Services,1100,Demo Central Ordinary Deposit,B001,Demo Central Bank,00,Out of scope,234850,0,Synthetic demo prepaid service 900579,,,0,,,,,,,,,,,,,,,,,,,,,,,,,,20220111120000,S004,Demo Logistics Services,,,,,,,B001,Demo Central Bank,,,,,,,,,,,,,,,
20220112,900551,21,0,1,D01,Demo Sales,1200,Demo Accounts Receivable,C004,Demo Customer Dawn,00,Out of scope,199900,0,1,D01,Demo Sales,4020,Demo Other Operating Revenue,C004,Demo Customer Dawn,B5,Taxable sale 10%,199900,18173,Synthetic demo credit sale 900551,,,0,,,,,,,,,,,,,,,,,,,,,,,,,,20220112120000,C004,Demo Customer Dawn,,,,,,,C004,Demo Customer Dawn,,,,,,,,,,,,,,,
20220113,900556,21,0,1,D01,Demo Sales,1110,Demo North Current Deposit,B002,North Demo Bank,00,Out of scope,381270,0,,,,,,,,,,,,Synthetic demo mixed sales and receipt 900556,,,0,,,,,,,,,,,,,,,,,,,,,,,,,,20220113120000,B002,North Demo Bank,,,,,,,,,,,,,,,,,,,,,,,
20220113,900556,21,0,1,D01,Demo Sales,1200,Demo Accounts Receivable,C007,Demo Customer Grove,00,Out of scope,324790,0,,,,,,,,,,,,Synthetic demo mixed sales and receipt 900556,,,0,,,,,,,,,,,,,,,,,,,,,,,,,,20220113120000,C007,Demo Customer Grove,,,,,,,,,,,,,,,,,,,,,,,
20220113,900556,21,0,,,,,,,,,,,,1,D01,Demo Sales,4000,Demo Product Sales,C008,Demo Customer Halo,B5,Taxable sale 10%,105900,9627,Synthetic demo mixed sales and receipt 900556,,,0,,,,,,,,,,,,,,,,,,,,,,,,,,20220113120000,,,,,,,,,C008,Demo Customer Halo,,,,,,,,,,,,,,,
20220113,900556,21,0,,,,,,,,,,,,1,D01,Demo Sales,4010,Demo Service Revenue,C009,Demo Customer Indigo,B5,Taxable sale 10%,600160,54560,Synthetic demo mixed sales and receipt 900556,,,0,,,,,,,,,,,,,,,,,,,,,,,,,,20220113120000,,,,,,,,,C009,Demo Customer Indigo,,,,,,,,,,,,,,,
20220113,900575,21,0,1,D04,Demo Logistics,5020,Demo Inventory Adjustment,V006,Demo Vendor Prairie,Q6,Taxable purchase 8%,133180,9865,1,D04,Demo Logistics,2000,Demo Accounts Payable,V006,Demo Vendor Prairie,00,Out of scope,133180,0,Synthetic demo purchase on account 900575,,,0,,,,,,,,,,,,,,,,,,,,,,,,,,20220113120000,V006,Demo Vendor Prairie,,,,,,,V006,Demo Vendor Prairie,,,,,,,,,,,,,,,
20220114,900559,21,0,1,D03,Demo Operations,6030,Demo Utilities,S002,Demo Energy Services,Q5,Taxable purchase 10%,230110,20919,1,D03,Demo Operations,1110,Demo North Current Deposit,B002,North Demo Bank,00,Out of scope,522990,0,Synthetic demo operating cost bundle 900559,,,0,,,,,,,,,,,,,,,,,,,,,,,,,,20220114120000,S002,Demo Energy Services,,,,,,,B002,North Demo Bank,,,,,,,,,,,,,,,
20220114,900559,21,0,1,D03,Demo Operations,6040,Demo Communication,S003,Demo Network Services,Q5,Taxable purchase 10%,26140,2376,,,,,,,,,,,,Synthetic demo operating cost bundle 900559,,,0,,,,,,,,,,,,,,,,,,,,,,,,,,20220114120000,S003,Demo Network Services,,,,,,,,,,,,,,,,,,,,,,,
20220114,900559,21,0,1,D03,Demo Operations,6060,Demo Office Supplies,V010,Demo Vendor Tandem,Q5,Taxable purchase 10%,266740,24249,,,,,,,,,,,,Synthetic demo operating cost bundle 900559,,,0,,,,,,,,,,,,,,,,,,,,,,,,,,20220114120000,V010,Demo Vendor Tandem,,,,,,,,,,,,,,,,,,,,,,,
20220114,900576,21,0,1,D04,Demo Logistics,5000,Demo Purchases,V001,Demo Vendor Keystone,Q5,Taxable purchase 10%,394400,35855,1,D04,Demo Logistics,2000,Demo Accounts Payable,V001,Demo Vendor Keystone,00,Out of scope,394400,0,Synthetic demo purchase on account 900576,,,0,,,,,,,,,,,,,,,,,,,,,,,,,,20220114120000,V001,Demo Vendor Keystone,,,,,,,V001,Demo Vendor Keystone,,,,,,,,,,,,,,,
20220115,900578,21,0,1,D06,Demo Management,2200,Demo Short-term Loans,,,00,Out of scope,152110,0,1,D06,Demo Management,1120,Demo Harbor Ordinary Deposit,B003,Harbor Demo Bank,00,Out of scope,271640,0,Synthetic demo financing settlement 900578,,,0,,,,,,,,,,,,,,,,,,,,,,,,,,20220115120000,,,,,,,,,B003,Harbor Demo Bank,,,,,,,,,,,,,,,
20220115,900578,21,0,1,D06,Demo Management,6070,Demo Bank Fees,B003,Harbor Demo Bank,00,Out of scope,51610,0,,,,,,,,,,,,Synthetic demo financing settlement 900578,,,0,,,,,,,,,,,,,,,,,,,,,,,,,,20220115120000,B003,Harbor Demo Bank,,,,,,,,,,,,,,,,,,,,,,,
20220115,900578,21,0,1,D06,Demo Management,7000,Demo Taxes and Dues,,,P0,Non-taxable purchase,67920,0,,,,,,,,,,,,Synthetic demo financing settlement 900578,,,0,,,,,,,,,,,,,,,,,,,,,,,,,,20220115120000,,,,,,,,,,,,,,,,,,,,,,,,,
20220116,900537,21,0,1,D01,Demo Sales,2000,Demo Accounts Payable,V008,Demo Vendor Rivulet,00,Out of scope,217690,0,,,,,,,,,,,,Synthetic demo multi-vendor settlement 900537,,,0,,,,,,,,,,,,,,,,,,,,,,,,,,20220116120000,V008,Demo Vendor Rivulet,,,,,,,,,,,,,,,,,,,,,,,
20220116,900537,21,0,1,D01,Demo Sales,2100,Demo Accrued Payables,V001,Demo Vendor Keystone,00,Out of scope,209160,0,,,,,,,,,,,,Synthetic demo multi-vendor settlement 900537,,,0,,,,,,,,,,,,,,,,,,,,,,,,,,20220116120000,V001,Demo Vendor Keystone,,,,,,,,,,,,,,,,,,,,,,,
20220116,900537,21,0,,,,,,,,,,,,1,D01,Demo Sales,1100,Demo Central Ordinary Deposit,B001,Demo Central Bank,00,Out of scope,115240,0,Synthetic demo multi-vendor settlement 900537,,,0,,,,,,,,,,,,,,,,,,,,,,,,,,20220116120000,,,,,,,,,B001,Demo Central Bank,,,,,,,,,,,,,,,
20220116,900537,21,0,,,,,,,,,,,,1,D01,Demo Sales,1110,Demo North Current Deposit,B002,North Demo Bank,00,Out of scope,311610,0,Synthetic demo multi-vendor settlement 900537,,,0,,,,,,,,,,,,,,,,,,,,,,,,,,20220116120000,,,,,,,,,B002,North Demo Bank,,,,,,,,,,,,,,,
20220116,900587,21,0,1,D01,Demo Sales,2000,Demo Accounts Payable,V008,Demo Vendor Rivulet,00,Out of scope,59520,0,,,,,,,,,,,,Synthetic demo multi-vendor settlement 900587,,,0,,,,,,,,,,,,,,,,,,,,,,,,,,20220116120000,V008,Demo Vendor Rivulet,,,,,,,,,,,,,,,,,,,,,,,
20220116,900587,21,0,1,D01,Demo Sales,2100,Demo Accrued Payables,V001,Demo Vendor Keystone,00,Out of scope,115540,0,,,,,,,,,,,,Synthetic demo multi-vendor settlement 900587,,,0,,,,,,,,,,,,,,,,,,,,,,,,,,20220116120000,V001,Demo Vendor Keystone,,,,,,,,,,,,,,,,,,,,,,,
20220116,900587,21,0,,,,,,,,,,,,1,D01,Demo Sales,1120,Demo Harbor Ordinary Deposit,B003,Harbor Demo Bank,00,Out of scope,77020,0,Synthetic demo multi-vendor settlement 900587,,,0,,,,,,,,,,,,,,,,,,,,,,,,,,20220116120000,,,,,,,,,B003,Harbor Demo Bank,,,,,,,,,,,,,,,
20220116,900587,21,0,,,,,,,,,,,,1,D01,Demo Sales,1100,Demo Central Ordinary Deposit,B001,Demo Central Bank,00,Out of scope,98040,0,Synthetic demo multi-vendor settlement 900587,,,0,,,,,,,,,,,,,,,,,,,,,,,,,,20220116120000,,,,,,,,,B001,Demo Central Bank,,,,,,,,,,,,,,,
20220117,900544,21,0,1,D01,Demo Sales,1110,Demo North Current Deposit,B002,North Demo Bank,00,Out of scope,175540,0,1,D01,Demo Sales,1200,Demo Accounts Receivable,C003,Demo Customer Cobalt,00,Out of scope,175540,0,Synthetic demo customer receipt 900544,,,0,,,,,,,,,,,,,,,,,,,,,,,,,,20220117120000,B002,North Demo Bank,,,,,,,C003,Demo Customer Cobalt,,,,,,,,,,,,,,,
20220117,900557,21,0,1,D04,Demo Logistics,2000,Demo Accounts Payable,V006,Demo Vendor Prairie,00,Out of scope,308740,0,1,D04,Demo Logistics,1120,Demo Harbor Ordinary Deposit,B003,Harbor Demo Bank,00,Out of scope,308740,0,Synthetic demo vendor settlement 900557,,,0,,,,,,,,,,,,,,,,,,,,,,,,,,20220117120000,V006,Demo Vendor Prairie,,,,,,,B003,Harbor Demo Bank,,,,,,,,,,,,,,,
20220119,900546,21,0,1,D02,Demo Administration,6000,Demo Salaries,,,00,Out of scope,198150,0,1,D02,Demo Administration,1100,Demo Central Ordinary Deposit,B001,Demo Central Bank,00,Out of scope,762150,0,Synthetic demo monthly payroll bundle 900546,,,0,,,,,,,,,,,,,,,,,,,,,,,,,,20220119120000,,,,,,,,,B001,Demo Central Bank,,,,,,,,,,,,,,,
20220119,900546,21,0,1,D02,Demo Administration,6010,Demo Statutory Welfare,,,00,Out of scope,381070,0,,,,,,,,,,,,Synthetic demo monthly payroll bundle 900546,,,0,,,,,,,,,,,,,,,,,,,,,,,,,,20220119120000,,,,,,,,,,,,,,,,,,,,,,,,,
20220119,900546,21,0,1,D02,Demo Administration,2110,Demo Payroll Withholding,,,00,Out of scope,182930,0,,,,,,,,,,,,Synthetic demo monthly payroll bundle 900546,,,0,,,,,,,,,,,,,,,,,,,,,,,,,,20220119120000,,,,,,,,,,,,,,,,,,,,,,,,,
20220120,900540,21,0,1,D02,Demo Administration,6000,Demo Salaries,,,00,Out of scope,105310,0,1,D02,Demo Administration,1100,Demo Central Ordinary Deposit,B001,Demo Central Bank,00,Out of scope,270050,0,Synthetic demo monthly payroll bundle 900540,,,0,,,,,,,,,,,,,,,,,,,,,,,,,,20220120120000,,,,,,,,,B001,Demo Central Bank,,,,,,,,,,,,,,,
20220120,900540,21,0,1,D02,Demo Administration,6010,Demo Statutory Welfare,,,00,Out of scope,27000,0,,,,,,,,,,,,Synthetic demo monthly payroll bundle 900540,,,0,,,,,,,,,,,,,,,,,,,,,,,,,,20220120120000,,,,,,,,,,,,,,,,,,,,,,,,,
20220120,900540,21,0,1,D02,Demo Administration,2110,Demo Payroll Withholding,,,00,Out of scope,137740,0,,,,,,,,,,,,Synthetic demo monthly payroll bundle 900540,,,0,,,,,,,,,,,,,,,,,,,,,,,,,,20220120120000,,,,,,,,,,,,,,,,,,,,,,,,,
20220120,900543,21,0,1,D01,Demo Sales,2000,Demo Accounts Payable,V004,Demo Vendor Nimbus,00,Out of scope,471830,0,,,,,,,,,,,,Synthetic demo multi-vendor settlement 900543,,,0,,,,,,,,,,,,,,,,,,,,,,,,,,20220120120000,V004,Demo Vendor Nimbus,,,,,,,,,,,,,,,,,,,,,,,
20220120,900543,21,0,1,D01,Demo Sales,2100,Demo Accrued Payables,V007,Demo Vendor Quartz,00,Out of scope,222050,0,,,,,,,,,,,,Synthetic demo multi-vendor settlement 900543,,,0,,,,,,,,,,,,,,,,,,,,,,,,,,20220120120000,V007,Demo Vendor Quartz,,,,,,,,,,,,,,,,,,,,,,,
20220120,900543,21,0,,,,,,,,,,,,1,D01,Demo Sales,1100,Demo Central Ordinary Deposit,B001,Demo Central Bank,00,Out of scope,451020,0,Synthetic demo multi-vendor settlement 900543,,,0,,,,,,,,,,,,,,,,,,,,,,,,,,20220120120000,,,,,,,,,B001,Demo Central Bank,,,,,,,,,,,,,,,
20220120,900543,21,0,,,,,,,,,,,,1,D01,Demo Sales,1110,Demo North Current Deposit,B002,North Demo Bank,00,Out of scope,242860,0,Synthetic demo multi-vendor settlement 900543,,,0,,,,,,,,,,,,,,,,,,,,,,,,,,20220120120000,,,,,,,,,B002,North Demo Bank,,,,,,,,,,,,,,,
20220120,900554,21,0,1,D01,Demo Sales,1120,Demo Harbor Ordinary Deposit,B003,Harbor Demo Bank,00,Out of scope,242600,0,1,D01,Demo Sales,1200,Demo Accounts Receivable,C003,Demo Customer Cobalt,00,Out of scope,242600,0,Synthetic demo customer receipt 900554,,,0,,,,,,,,,,,,,,,,,,,,,,,,,,20220120120000,B003,Harbor Demo Bank,,,,,,,C003,Demo Customer Cobalt,,,,,,,,,,,,,,,
20220120,900574,21,0,1,D01,Demo Sales,1110,Demo North Current Deposit,B002,North Demo Bank,00,Out of scope,93230,0,,,,,,,,,,,,Synthetic demo mixed sales and receipt 900574,,,0,,,,,,,,,,,,,,,,,,,,,,,,,,20220120120000,B002,North Demo Bank,,,,,,,,,,,,,,,,,,,,,,,
20220120,900574,21,0,1,D01,Demo Sales,1200,Demo Accounts Receivable,C005,Demo Customer Elm,00,Out of scope,158760,0,,,,,,,,,,,,Synthetic demo mixed sales and receipt 900574,,,0,,,,,,,,,,,,,,,,,,,,,,,,,,20220120120000,C005,Demo Customer Elm,,,,,,,,,,,,,,,,,,,,,,,
20220120,900574,21,0,,,,,,,,,,,,1,D01,Demo Sales,4000,Demo Product Sales,C006,Demo Customer Fjord,B5,Taxable sale 10%,148670,13515,Synthetic demo mixed sales and receipt 900574,,,0,,,,,,,,,,,,,,,,,,,,,,,,,,20220120120000,,,,,,,,,C006,Demo Customer Fjord,,,,,,,,,,,,,,,
20220120,900574,21,0,,,,,,,,,,,,1,D01,Demo Sales,4010,Demo Service Revenue,C007,Demo Customer Grove,B5,Taxable sale 10%,103320,9393,Synthetic demo mixed sales and receipt 900574,,,0,,,,,,,,,,,,,,,,,,,,,,,,,,20220120120000,,,,,,,,,C007,Demo Customer Grove,,,,,,,,,,,,,,,
20220122,900561,21,0,1,D01,Demo Sales,1200,Demo Accounts Receivable,C004,Demo Customer Dawn,00,Out of scope,470100,0,1,D01,Demo Sales,4000,Demo Product Sales,C004,Demo Customer Dawn,B5,Taxable sale 10%,470100,42736,Synthetic demo credit sale 900561,,,0,,,,,,,,,,,,,,,,,,,,,,,,,,20220122120000,C004,Demo Customer Dawn,,,,,,,C004,Demo Customer Dawn,,,,,,,,,,,,,,,
20220122,900570,21,0,1,D01,Demo Sales,1200,Demo Accounts Receivable,C001,Demo Customer Aurora,00,Out of scope,594780,0,1,D01,Demo Sales,4000,Demo Product Sales,C001,Demo Customer Aurora,B5,Taxable sale 10%,594780,54071,Synthetic demo credit sale 900570,,,0,,,,,,,,,,,,,,,,,,,,,,,,,,20220122120000,C001,Demo Customer Aurora,,,,,,,C001,Demo Customer Aurora,,,,,,,,,,,,,,,
20220122,900585,21,0,1,D04,Demo Logistics,5000,Demo Purchases,V006,Demo Vendor Prairie,Q5,Taxable purchase 10%,184820,16802,1,D04,Demo Logistics,2000,Demo Accounts Payable,V006,Demo Vendor Prairie,00,Out of scope,184820,0,Synthetic demo purchase on account 900585,,,0,,,,,,,,,,,,,,,,,,,,,,,,,,20220122120000,V006,Demo Vendor Prairie,,,,,,,V006,Demo Vendor Prairie,,,,,,,,,,,,,,,
20220124,900549,21,0,1,D01,Demo Sales,2000,Demo Accounts Payable,V010,Demo Vendor Tandem,00,Out of scope,189650,0,,,,,,,,,,,,Synthetic demo multi-vendor settlement 900549,,,0,,,,,,,,,,,,,,,,,,,,,,,,,,20220124120000,V010,Demo Vendor Tandem,,,,,,,,,,,,,,,,,,,,,,,
20220124,900549,21,0,1,D01,Demo Sales,2100,Demo Accrued Payables,V003,Demo Vendor Mosaic,00,Out of scope,102130,0,,,,,,,,,,,,Synthetic demo multi-vendor settlement 900549,,,0,,,,,,,,,,,,,,,,,,,,,,,,,,20220124120000,V003,Demo Vendor Mosaic,,,,,,,,,,,,,,,,,,,,,,,
20220124,900549,21,0,,,,,,,,,,,,1,D01,Demo Sales,1100,Demo Central Ordinary Deposit,B001,Demo Central Bank,00,Out of scope,148800,0,Synthetic demo multi-vendor settlement 900549,,,0,,,,,,,,,,,,,,,,,,,,,,,,,,20220124120000,,,,,,,,,B001,Demo Central Bank,,,,,,,,,,,,,,,
20220124,900549,21,0,,,,,,,,,,,,1,D01,Demo Sales,1110,Demo North Current Deposit,B002,North Demo Bank,00,Out of scope,142980,0,Synthetic demo multi-vendor settlement 900549,,,0,,,,,,,,,,,,,,,,,,,,,,,,,,20220124120000,,,,,,,,,B002,North Demo Bank,,,,,,,,,,,,,,,
20220125,900564,21,0,1,D01,Demo Sales,1100,Demo Central Ordinary Deposit,B001,Demo Central Bank,00,Out of scope,94750,0,1,D01,Demo Sales,1200,Demo Accounts Receivable,C003,Demo Customer Cobalt,00,Out of scope,94750,0,Synthetic demo customer receipt 900564,,,0,,,,,,,,,,,,,,,,,,,,,,,,,,20220125120000,B001,Demo Central Bank,,,,,,,C003,Demo Customer Cobalt,,,,,,,,,,,,,,,
20220126,900582,21,0,1,D01,Demo Sales,1200,Demo Accounts Receivable,C007,Demo Customer Grove,00,Out of scope,69520,0,1,D01,Demo Sales,4000,Demo Product Sales,C007,Demo Customer Grove,B5,Taxable sale 10%,69520,6320,Synthetic demo credit sale 900582,,,0,,,,,,,,,,,,,,,,,,,,,,,,,,20220126120000,C007,Demo Customer Grove,,,,,,,C007,Demo Customer Grove,,,,,,,,,,,,,,,
20220126,900586,21,0,1,D04,Demo Logistics,5010,Demo Freight-in,V001,Demo Vendor Keystone,Q5,Taxable purchase 10%,274530,24957,1,D04,Demo Logistics,2000,Demo Accounts Payable,V001,Demo Vendor Keystone,00,Out of scope,274530,0,Synthetic demo purchase on account 900586,,,0,,,,,,,,,,,,,,,,,,,,,,,,,,20220126120000,V001,Demo Vendor Keystone,,,,,,,V001,Demo Vendor Keystone,,,,,,,,,,,,,,,
20220128,900542,21,0,1,D01,Demo Sales,1200,Demo Accounts Receivable,C007,Demo Customer Grove,00,Out of scope,555200,0,1,D01,Demo Sales,4020,Demo Other Operating Revenue,C007,Demo Customer Grove,B5,Taxable sale 10%,555200,50473,Synthetic demo credit sale 900542,,,0,,,,,,,,,,,,,,,,,,,,,,,,,,20220128120000,C007,Demo Customer Grove,,,,,,,C007,Demo Customer Grove,,,,,,,,,,,,,,,
20220128,900555,21,0,1,D04,Demo Logistics,5000,Demo Purchases,V006,Demo Vendor Prairie,Q5,Taxable purchase 10%,170990,15545,1,D04,Demo Logistics,2000,Demo Accounts Payable,V006,Demo Vendor Prairie,00,Out of scope,170990,0,Synthetic demo purchase on account 900555,,,0,,,,,,,,,,,,,,,,,,,,,,,,,,20220128120000,V006,Demo Vendor Prairie,,,,,,,V006,Demo Vendor Prairie,,,,,,,,,,,,,,,
20220129,900533,21,0,1,D06,Demo Management,2200,Demo Short-term Loans,,,00,Out of scope,331800,0,1,D06,Demo Management,1120,Demo Harbor Ordinary Deposit,B003,Harbor Demo Bank,00,Out of scope,705970,0,Synthetic demo financing settlement 900533,,,0,,,,,,,,,,,,,,,,,,,,,,,,,,20220129120000,,,,,,,,,B003,Harbor Demo Bank,,,,,,,,,,,,,,,
20220129,900533,21,0,1,D06,Demo Management,6070,Demo Bank Fees,B003,Harbor Demo Bank,00,Out of scope,204730,0,,,,,,,,,,,,Synthetic demo financing settlement 900533,,,0,,,,,,,,,,,,,,,,,,,,,,,,,,20220129120000,B003,Harbor Demo Bank,,,,,,,,,,,,,,,,,,,,,,,
20220129,900533,21,0,1,D06,Demo Management,7000,Demo Taxes and Dues,,,P0,Non-taxable purchase,169440,0,,,,,,,,,,,,Synthetic demo financing settlement 900533,,,0,,,,,,,,,,,,,,,,,,,,,,,,,,20220129120000,,,,,,,,,,,,,,,,,,,,,,,,,
20220129,900560,21,0,1,D01,Demo Sales,1200,Demo Accounts Receivable,C001,Demo Customer Aurora,00,Out of scope,143540,0,1,D01,Demo Sales,4020,Demo Other Operating Revenue,C001,Demo Customer Aurora,B5,Taxable sale 10%,143540,13049,Synthetic demo credit sale 900560,,,0,,,,,,,,,,,,,,,,,,,,,,,,,,20220129120000,C001,Demo Customer Aurora,,,,,,,C001,Demo Customer Aurora,,,,,,,,,,,,,,,
20220129,900568,21,0,1,D01,Demo Sales,1110,Demo North Current Deposit,B002,North Demo Bank,00,Out of scope,177030,0,,,,,,,,,,,,Synthetic demo mixed sales and receipt 900568,,,0,,,,,,,,,,,,,,,,,,,,,,,,,,20220129120000,B002,North Demo Bank,,,,,,,,,,,,,,,,,,,,,,,
20220129,900568,21,0,1,D01,Demo Sales,1200,Demo Accounts Receivable,C009,Demo Customer Indigo,00,Out of scope,103980,0,,,,,,,,,,,,Synthetic demo mixed sales and receipt 900568,,,0,,,,,,,,,,,,,,,,,,,,,,,,,,20220129120000,C009,Demo Customer Indigo,,,,,,,,,,,,,,,,,,,,,,,
20220129,900568,21,0,,,,,,,,,,,,1,D01,Demo Sales,4000,Demo Product Sales,C010,Demo Customer Juniper,B5,Taxable sale 10%,78680,7153,Synthetic demo mixed sales and receipt 900568,,,0,,,,,,,,,,,,,,,,,,,,,,,,,,20220129120000,,,,,,,,,C010,Demo Customer Juniper,,,,,,,,,,,,,,,
20220129,900568,21,0,,,,,,,,,,,,1,D01,Demo Sales,4010,Demo Service Revenue,C001,Demo Customer Aurora,B5,Taxable sale 10%,202330,18394,Synthetic demo mixed sales and receipt 900568,,,0,,,,,,,,,,,,,,,,,,,,,,,,,,20220129120000,,,,,,,,,C001,Demo Customer Aurora,,,,,,,,,,,,,,,
20220129,900581,21,0,1,D01,Demo Sales,2000,Demo Accounts Payable,V002,Demo Vendor Lattice,00,Out of scope,438010,0,,,,,,,,,,,,Synthetic demo multi-vendor settlement 900581,,,0,,,,,,,,,,,,,,,,,,,,,,,,,,20220129120000,V002,Demo Vendor Lattice,,,,,,,,,,,,,,,,,,,,,,,
20220129,900581,21,0,1,D01,Demo Sales,2100,Demo Accrued Payables,V005,Demo Vendor Orchid,00,Out of scope,83440,0,,,,,,,,,,,,Synthetic demo multi-vendor settlement 900581,,,0,,,,,,,,,,,,,,,,,,,,,,,,,,20220129120000,V005,Demo Vendor Orchid,,,,,,,,,,,,,,,,,,,,,,,
20220129,900581,21,0,,,,,,,,,,,,1,D01,Demo Sales,1120,Demo Harbor Ordinary Deposit,B003,Harbor Demo Bank,00,Out of scope,156430,0,Synthetic demo multi-vendor settlement 900581,,,0,,,,,,,,,,,,,,,,,,,,,,,,,,20220129120000,,,,,,,,,B003,Harbor Demo Bank,,,,,,,,,,,,,,,
20220129,900581,21,0,,,,,,,,,,,,1,D01,Demo Sales,1100,Demo Central Ordinary Deposit,B001,Demo Central Bank,00,Out of scope,365020,0,Synthetic demo multi-vendor settlement 900581,,,0,,,,,,,,,,,,,,,,,,,,,,,,,,20220129120000,,,,,,,,,B001,Demo Central Bank,,,,,,,,,,,,,,,
20220131,900541,21,0,1,D01,Demo Sales,1200,Demo Accounts Receivable,C004,Demo Customer Dawn,00,Out of scope,470430,0,1,D01,Demo Sales,4010,Demo Service Revenue,C004,Demo Customer Dawn,B5,Taxable sale 10%,470430,42766,Synthetic demo credit sale 900541,,,0,,,,,,,,,,,,,,,,,,,,,,,,,,20220131120000,C004,Demo Customer Dawn,,,,,,,C004,Demo Customer Dawn,,,,,,,,,,,,,,,
20220131,900580,21,0,1,D01,Demo Sales,1200,Demo Accounts Receivable,C001,Demo Customer Aurora,00,Out of scope,498270,0,1,D01,Demo Sales,4010,Demo Service Revenue,C001,Demo Customer Aurora,B5,Taxable sale 10%,498270,45297,Synthetic demo credit sale 900580,,,0,,,,,,,,,,,,,,,,,,,,,,,,,,20220131120000,C001,Demo Customer Aurora,,,,,,,C001,Demo Customer Aurora,,,,,,,,,,,,,,,
20220201,900605,21,0,1,D04,Demo Logistics,5020,Demo Inventory Adjustment,V006,Demo Vendor Prairie,Q5,Taxable purchase 10%,137870,12534,1,D04,Demo Logistics,2000,Demo Accounts Payable,V006,Demo Vendor Prairie,00,Out of scope,137870,0,Synthetic demo purchase on account 900605,,,0,,,,,,,,,,,,,,,,,,,,,,,,,,20220201120000,V006,Demo Vendor Prairie,,,,,,,V006,Demo Vendor Prairie,,,,,,,,,,,,,,,
20220202,900592,21,0,1,D01,Demo Sales,1200,Demo Accounts Receivable,C007,Demo Customer Grove,00,Out of scope,439160,0,1,D01,Demo Sales,4010,Demo Service Revenue,C007,Demo Customer Grove,R5,Taxable sale 8%,439160,32530,Synthetic demo credit sale 900592,,,0,,,,,,,,,,,,,,,,,,,,,,,,,,20220202120000,C007,Demo Customer Grove,,,,,,,C007,Demo Customer Grove,,,,,,,,,,,,,,,
20220202,900595,21,0,1,D04,Demo Logistics,5010,Demo Freight-in,V006,Demo Vendor Prairie,Q5,Taxable purchase 10%,38230,3475,1,D04,Demo Logistics,2000,Demo Accounts Payable,V006,Demo Vendor Prairie,00,Out of scope,38230,0,Synthetic demo purchase on account 900595,,,0,,,,,,,,,,,,,,,,,,,,,,,,,,20220202120000,V006,Demo Vendor Prairie,,,,,,,V006,Demo Vendor Prairie,,,,,,,,,,,,,,,
20220202,900629,21,0,1,D01,Demo Sales,2000,Demo Accounts Payable,V010,Demo Vendor Tandem,00,Out of scope,117770,0,,,,,,,,,,,,Synthetic demo multi-vendor settlement 900629,,,0,,,,,,,,,,,,,,,,,,,,,,,,,,20220202120000,V010,Demo Vendor Tandem,,,,,,,,,,,,,,,,,,,,,,,
20220202,900629,21,0,1,D01,Demo Sales,2100,Demo Accrued Payables,V003,Demo Vendor Mosaic,00,Out of scope,117770,0,,,,,,,,,,,,Synthetic demo multi-vendor settlement 900629,,,0,,,,,,,,,,,,,,,,,,,,,,,,,,20220202120000,V003,Demo Vendor Mosaic,,,,,,,,,,,,,,,,,,,,,,,
20220202,900629,21,0,,,,,,,,,,,,1,D01,Demo Sales,1120,Demo Harbor Ordinary Deposit,B003,Harbor Demo Bank,00,Out of scope,195490,0,Synthetic demo multi-vendor settlement 900629,,,0,,,,,,,,,,,,,,,,,,,,,,,,,,20220202120000,,,,,,,,,B003,Harbor Demo Bank,,,,,,,,,,,,,,,
20220202,900629,21,0,,,,,,,,,,,,1,D01,Demo Sales,1100,Demo Central Ordinary Deposit,B001,Demo Central Bank,00,Out of scope,40050,0,Synthetic demo multi-vendor settlement 900629,,,0,,,,,,,,,,,,,,,,,,,,,,,,,,20220202120000,,,,,,,,,B001,Demo Central Bank,,,,,,,,,,,,,,,
20220202,900641,21,0,1,D01,Demo Sales,1200,Demo Accounts Receivable,C004,Demo Customer Dawn,00,Out of scope,550300,0,1,D01,Demo Sales,4020,Demo Other Operating Revenue,C004,Demo Customer Dawn,B5,Taxable sale 10%,550300,50027,Synthetic demo credit sale 900641,,,0,,,,,,,,,,,,,,,,,,,,,,,,,,20220202120000,C004,Demo Customer Dawn,,,,,,,C004,Demo Customer Dawn,,,,,,,,,,,,,,,
20220203,900599,21,0,1,D05,Demo Digital Services,1400,Demo Prepaid Expenses,S006,Demo Insurance Services,00,Out of scope,114750,0,1,D05,Demo Digital Services,1120,Demo Harbor Ordinary Deposit,B003,Harbor Demo Bank,00,Out of scope,114750,0,Synthetic demo prepaid service 900599,,,0,,,,,,,,,,,,,,,,,,,,,,,,,,20220203120000,S006,Demo Insurance Services,,,,,,,B003,Harbor Demo Bank,,,,,,,,,,,,,,,
20220203,900626,21,0,1,D04,Demo Logistics,5020,Demo Inventory Adjustment,V001,Demo Vendor Keystone,Q5,Taxable purchase 10%,277450,25223,1,D04,Demo Logistics,2000,Demo Accounts Payable,V001,Demo Vendor Keystone,00,Out of scope,277450,0,Synthetic demo purchase on account 900626,,,0,,,,,,,,,,,,,,,,,,,,,,,,,,20220203120000,V001,Demo Vendor Keystone,,,,,,,V001,Demo Vendor Keystone,,,,,,,,,,,,,,,
20220204,900591,21,0,1,D02,Demo Administration,6000,Demo Salaries,,,00,Out of scope,74740,0,1,D02,Demo Administration,1100,Demo Central Ordinary Deposit,B001,Demo Central Bank,00,Out of scope,467130,0,Synthetic demo monthly payroll bundle 900591,,,0,,,,,,,,,,,,,,,,,,,,,,,,,,20220204120000,,,,,,,,,B001,Demo Central Bank,,,,,,,,,,,,,,,
20220204,900591,21,0,1,D02,Demo Administration,6010,Demo Statutory Welfare,,,00,Out of scope,266260,0,,,,,,,,,,,,Synthetic demo monthly payroll bundle 900591,,,0,,,,,,,,,,,,,,,,,,,,,,,,,,20220204120000,,,,,,,,,,,,,,,,,,,,,,,,,
20220204,900591,21,0,1,D02,Demo Administration,2110,Demo Payroll Withholding,,,00,Out of scope,126130,0,,,,,,,,,,,,Synthetic demo monthly payroll bundle 900591,,,0,,,,,,,,,,,,,,,,,,,,,,,,,,20220204120000,,,,,,,,,,,,,,,,,,,,,,,,,
20220204,900593,21,0,1,D01,Demo Sales,2000,Demo Accounts Payable,V004,Demo Vendor Nimbus,00,Out of scope,67240,0,,,,,,,,,,,,Synthetic demo multi-vendor settlement 900593,,,0,,,,,,,,,,,,,,,,,,,,,,,,,,20220204120000,V004,Demo Vendor Nimbus,,,,,,,,,,,,,,,,,,,,,,,
20220204,900593,21,0,1,D01,Demo Sales,2100,Demo Accrued Payables,V007,Demo Vendor Quartz,00,Out of scope,119560,0,,,,,,,,,,,,Synthetic demo multi-vendor settlement 900593,,,0,,,,,,,,,,,,,,,,,,,,,,,,,,20220204120000,V007,Demo Vendor Quartz,,,,,,,,,,,,,,,,,,,,,,,
20220204,900593,21,0,,,,,,,,,,,,1,D01,Demo Sales,1120,Demo Harbor Ordinary Deposit,B003,Harbor Demo Bank,00,Out of scope,63510,0,Synthetic demo multi-vendor settlement 900593,,,0,,,,,,,,,,,,,,,,,,,,,,,,,,20220204120000,,,,,,,,,B003,Harbor Demo Bank,,,,,,,,,,,,,,,
20220204,900593,21,0,,,,,,,,,,,,1,D01,Demo Sales,1100,Demo Central Ordinary Deposit,B001,Demo Central Bank,00,Out of scope,123290,0,Synthetic demo multi-vendor settlement 900593,,,0,,,,,,,,,,,,,,,,,,,,,,,,,,20220204120000,,,,,,,,,B001,Demo Central Bank,,,,,,,,,,,,,,,
20220204,900600,21,0,1,D01,Demo Sales,1100,Demo Central Ordinary Deposit,B001,Demo Central Bank,00,Out of scope,329970,0,,,,,,,,,,,,Synthetic demo mixed sales and receipt 900600,,,0,,,,,,,,,,,,,,,,,,,,,,,,,,20220204120000,B001,Demo Central Bank,,,,,,,,,,,,,,,,,,,,,,,
20220204,900600,21,0,1,D01,Demo Sales,1200,Demo Accounts Receivable,C001,Demo Customer Aurora,00,Out of scope,387360,0,,,,,,,,,,,,Synthetic demo mixed sales and receipt 900600,,,0,,,,,,,,,,,,,,,,,,,,,,,,,,20220204120000,C001,Demo Customer Aurora,,,,,,,,,,,,,,,,,,,,,,,
20220204,900600,21,0,,,,,,,,,,,,1,D01,Demo Sales,4000,Demo Product Sales,C002,Demo Customer Birch,B5,Taxable sale 10%,487780,44344,Synthetic demo mixed sales and receipt 900600,,,0,,,,,,,,,,,,,,,,,,,,,,,,,,20220204120000,,,,,,,,,C002,Demo Customer Birch,,,,,,,,,,,,,,,
20220204,900600,21,0,,,,,,,,,,,,1,D01,Demo Sales,4010,Demo Service Revenue,C003,Demo Customer Cobalt,B5,Taxable sale 10%,229550,20868,Synthetic demo mixed sales and receipt 900600,,,0,,,,,,,,,,,,,,,,,,,,,,,,,,20220204120000,,,,,,,,,C003,Demo Customer Cobalt,,,,,,,,,,,,,,,
20220204,900614,21,0,1,D01,Demo Sales,1120,Demo Harbor Ordinary Deposit,B003,Harbor Demo Bank,00,Out of scope,79810,0,1,D01,Demo Sales,1200,Demo Accounts Receivable,C003,Demo Customer Cobalt,00,Out of scope,79810,0,Synthetic demo customer receipt 900614,,,0,,,,,,,,,,,,,,,,,,,,,,,,,,20220204120000,B003,Harbor Demo Bank,,,,,,,C003,Demo Customer Cobalt,,,,,,,,,,,,,,,
20220205,900616,21,0,1,D01,Demo Sales,1110,Demo North Current Deposit,B002,North Demo Bank,00,Out of scope,297370,0,,,,,,,,,,,,Synthetic demo mixed sales and receipt 900616,,,0,,,,,,,,,,,,,,,,,,,,,,,,,,20220205120000,B002,North Demo Bank,,,,,,,,,,,,,,,,,,,,,,,
20220205,900616,21,0,1,D01,Demo Sales,1200,Demo Accounts Receivable,C007,Demo Customer Grove,00,Out of scope,182270,0,,,,,,,,,,,,Synthetic demo mixed sales and receipt 900616,,,0,,,,,,,,,,,,,,,,,,,,,,,,,,20220205120000,C007,Demo Customer Grove,,,,,,,,,,,,,,,,,,,,,,,
20220205,900616,21,0,,,,,,,,,,,,1,D01,Demo Sales,4000,Demo Product Sales,C008,Demo Customer Halo,B5,Taxable sale 10%,244610,22237,Synthetic demo mixed sales and receipt 900616,,,0,,,,,,,,,,,,,,,,,,,,,,,,,,20220205120000,,,,,,,,,C008,Demo Customer Halo,,,,,,,,,,,,,,,
20220205,900616,21,0,,,,,,,,,,,,1,D01,Demo Sales,4010,Demo Service Revenue,C009,Demo Customer Indigo,B5,Taxable sale 10%,235030,21366,Synthetic demo mixed sales and receipt 900616,,,0,,,,,,,,,,,,,,,,,,,,,,,,,,20220205120000,,,,,,,,,C009,Demo Customer Indigo,,,,,,,,,,,,,,,
20220206,900597,21,0,1,D02,Demo Administration,6000,Demo Salaries,,,00,Out of scope,60880,0,1,D02,Demo Administration,1100,Demo Central Ordinary Deposit,B001,Demo Central Bank,00,Out of scope,196410,0,Synthetic demo monthly payroll bundle 900597,,,0,,,,,,,,,,,,,,,,,,,,,,,,,,20220206120000,,,,,,,,,B001,Demo Central Bank,,,,,,,,,,,,,,,
20220206,900597,21,0,1,D02,Demo Administration,6010,Demo Statutory Welfare,,,00,Out of scope,56950,0,,,,,,,,,,,,Synthetic demo monthly payroll bundle 900597,,,0,,,,,,,,,,,,,,,,,,,,,,,,,,20220206120000,,,,,,,,,,,,,,,,,,,,,,,,,
20220206,900597,21,0,1,D02,Demo Administration,2110,Demo Payroll Withholding,,,00,Out of scope,78580,0,,,,,,,,,,,,Synthetic demo monthly payroll bundle 900597,,,0,,,,,,,,,,,,,,,,,,,,,,,,,,20220206120000,,,,,,,,,,,,,,,,,,,,,,,,,
20220206,900627,21,0,1,D04,Demo Logistics,2000,Demo Accounts Payable,V006,Demo Vendor Prairie,00,Out of scope,297220,0,1,D04,Demo Logistics,1100,Demo Central Ordinary Deposit,B001,Demo Central Bank,00,Out of scope,297220,0,Synthetic demo vendor settlement 900627,,,0,,,,,,,,,,,,,,,,,,,,,,,,,,20220206120000,V006,Demo Vendor Prairie,,,,,,,B001,Demo Central Bank,,,,,,,,,,,,,,,
20220206,900647,21,0,1,D04,Demo Logistics,2000,Demo Accounts Payable,V006,Demo Vendor Prairie,00,Out of scope,293160,0,1,D04,Demo Logistics,1120,Demo Harbor Ordinary Deposit,B003,Harbor Demo Bank,00,Out of scope,293160,0,Synthetic demo vendor settlement 900647,,,0,,,,,,,,,,,,,,,,,,,,,,,,,,20220206120000,V006,Demo Vendor Prairie,,,,,,,B003,Harbor Demo Bank,,,,,,,,,,,,,,,
20220207,900618,21,0,1,D02,Demo Administration,6080,Demo Advertising,V001,Demo Vendor Keystone,Q5,Taxable purchase 10%,3950,359,1,D02,Demo Administration,1100,Demo Central Ordinary Deposit,B001,Demo Central Bank,00,Out of scope,3950,0,Synthetic demo operating expense 900618,,,0,,,,,,,,,,,,,,,,,,,,,,,,,,20220207120000,V001,Demo Vendor Keystone,,,,,,,B001,Demo Central Bank,,,,,,,,,,,,,,,
20220208,900623,21,0,1,D01,Demo Sales,2000,Demo Accounts Payable,V004,Demo Vendor Nimbus,00,Out of scope,100460,0,,,,,,,,,,,,Synthetic demo multi-vendor settlement 900623,,,0,,,,,,,,,,,,,,,,,,,,,,,,,,20220208120000,V004,Demo Vendor Nimbus,,,,,,,,,,,,,,,,,,,,,,,
20220208,900623,21,0,1,D01,Demo Sales,2100,Demo Accrued Payables,V007,Demo Vendor Quartz,00,Out of scope,96530,0,,,,,,,,,,,,Synthetic demo multi-vendor settlement 900623,,,0,,,,,,,,,,,,,,,,,,,,,,,,,,20220208120000,V007,Demo Vendor Quartz,,,,,,,,,,,,,,,,,,,,,,,
20220208,900623,21,0,,,,,,,,,,,,1,D01,Demo Sales,1120,Demo Harbor Ordinary Deposit,B003,Harbor Demo Bank,00,Out of scope,94550,0,Synthetic demo multi-vendor settlement 900623,,,0,,,,,,,,,,,,,,,,,,,,,,,,,,20220208120000,,,,,,,,,B003,Harbor Demo Bank,,,,,,,,,,,,,,,
20220208,900623,21,0,,,,,,,,,,,,1,D01,Demo Sales,1100,Demo Central Ordinary Deposit,B001,Demo Central Bank,00,Out of scope,102440,0,Synthetic demo multi-vendor settlement 900623,,,0,,,,,,,,,,,,,,,,,,,,,,,,,,20220208120000,,,,,,,,,B001,Demo Central Bank,,,,,,,,,,,,,,,
20220208,900634,21,0,1,D01,Demo Sales,1110,Demo North Current Deposit,B002,North Demo Bank,00,Out of scope,500030,0,1,D01,Demo Sales,1200,Demo Accounts Receivable,C003,Demo Customer Cobalt,00,Out of scope,500030,0,Synthetic demo customer receipt 900634,,,0,,,,,,,,,,,,,,,,,,,,,,,,,,20220208120000,B002,North Demo Bank,,,,,,,C003,Demo Customer Cobalt,,,,,,,,,,,,,,,
20220209,900604,21,0,1,D03,Demo Operations,6030,Demo Utilities,S002,Demo Energy Services,Q5,Taxable purchase 10%,90100,8191,1,D03,Demo Operations,1110,Demo North Current Deposit,B002,North Demo Bank,00,Out of scope,290670,0,Synthetic demo operating cost bundle 900604,,,0,,,,,,,,,,,,,,,,,,,,,,,,,,20220209120000,S002,Demo Energy Services,,,,,,,B002,North Demo Bank,,,,,,,,,,,,,,,
20220209,900604,21,0,1,D03,Demo Operations,6040,Demo Communication,S003,Demo Network Services,Q5,Taxable purchase 10%,37780,3435,,,,,,,,,,,,Synthetic demo operating cost bundle 900604,,,0,,,,,,,,,,,,,,,,,,,,,,,,,,20220209120000,S003,Demo Network Services,,,,,,,,,,,,,,,,,,,,,,,
20220209,900604,21,0,1,D03,Demo Operations,6060,Demo Office Supplies,V005,Demo Vendor Orchid,Q5,Taxable purchase 10%,162790,14799,,,,,,,,,,,,Synthetic demo operating cost bundle 900604,,,0,,,,,,,,,,,,,,,,,,,,,,,,,,20220209120000,V005,Demo Vendor Orchid,,,,,,,,,,,,,,,,,,,,,,,
20220209,900620,21,0,1,D01,Demo Sales,1200,Demo Accounts Receivable,C001,Demo Customer Aurora,00,Out of scope,406720,0,1,D01,Demo Sales,4020,Demo Other Operating Revenue,C001,Demo Customer Aurora,B5,Taxable sale 10%,406720,36975,Synthetic demo credit sale 900620,,,0,,,,,,,,,,,,,,,,,,,,,,,,,,20220209120000,C001,Demo Customer Aurora,,,,,,,C001,Demo Customer Aurora,,,,,,,,,,,,,,,
20220210,900603,21,0,1,D01,Demo Sales,1100,Demo Central Ordinary Deposit,B001,Demo Central Bank,00,Out of scope,61800,0,1,D01,Demo Sales,1200,Demo Accounts Receivable,C010,Demo Customer Juniper,00,Out of scope,61800,0,Synthetic demo customer receipt 900603,,,0,,,,,,,,,,,,,,,,,,,,,,,,,,20220210120000,B001,Demo Central Bank,,,,,,,C010,Demo Customer Juniper,,,,,,,,,,,,,,,
20220210,900631,21,0,1,D03,Demo Operations,6030,Demo Utilities,S002,Demo Energy Services,Q5,Taxable purchase 10%,368880,33535,1,D03,Demo Operations,1110,Demo North Current Deposit,B002,North Demo Bank,00,Out of scope,594980,0,Synthetic demo operating cost bundle 900631,,,0,,,,,,,,,,,,,,,,,,,,,,,,,,20220210120000,S002,Demo Energy Services,,,,,,,B002,North Demo Bank,,,,,,,,,,,,,,,
20220210,900631,21,0,1,D03,Demo Operations,6040,Demo Communication,S003,Demo Network Services,Q5,Taxable purchase 10%,41640,3785,,,,,,,,,,,,Synthetic demo operating cost bundle 900631,,,0,,,,,,,,,,,,,,,,,,,,,,,,,,20220210120000,S003,Demo Network Services,,,,,,,,,,,,,,,,,,,,,,,
20220210,900631,21,0,1,D03,Demo Operations,6060,Demo Office Supplies,V002,Demo Vendor Lattice,Q5,Taxable purchase 10%,184460,16769,,,,,,,,,,,,Synthetic demo operating cost bundle 900631,,,0,,,,,,,,,,,,,,,,,,,,,,,,,,20220210120000,V002,Demo Vendor Lattice,,,,,,,,,,,,,,,,,,,,,,,
20220211,900642,21,0,1,D01,Demo Sales,1200,Demo Accounts Receivable,C007,Demo Customer Grove,00,Out of scope,327270,0,1,D01,Demo Sales,4000,Demo Product Sales,C007,Demo Customer Grove,B5,Taxable sale 10%,327270,29752,Synthetic demo credit sale 900642,,,0,,,,,,,,,,,,,,,,,,,,,,,,,,20220211120000,C007,Demo Customer Grove,,,,,,,C007,Demo Customer Grove,,,,,,,,,,,,,,,
20220211,900645,21,0,1,D04,Demo Logistics,5000,Demo Purchases,V006,Demo Vendor Prairie,Q5,Taxable purchase 10%,362650,32968,1,D04,Demo Logistics,2000,Demo Accounts Payable,V006,Demo Vendor Prairie,00,Out of scope,362650,0,Synthetic demo purchase on account 900645,,,0,,,,,,,,,,,,,,,,,,,,,,,,,,20220211120000,V006,Demo Vendor Prairie,,,,,,,V006,Demo Vendor Prairie,,,,,,,,,,,,,,,
20220212,900598,21,0,1,D03,Demo Operations,6060,Demo Office Supplies,V001,Demo Vendor Keystone,Q6,Taxable purchase 8%,127860,9471,1,D03,Demo Operations,1110,Demo North Current Deposit,B002,North Demo Bank,00,Out of scope,127860,0,Synthetic demo operating expense 900598,,,0,,,,,,,,,,,,,,,,,,,,,,,,,,20220212120000,V001,Demo Vendor Keystone,,,,,,,B002,North Demo Bank,,,,,,,,,,,,,,,
20220212,900621,21,0,1,D01,Demo Sales,1200,Demo Accounts Receivable,C004,Demo Customer Dawn,00,Out of scope,558020,0,1,D01,Demo Sales,4000,Demo Product Sales,C004,Demo Customer Dawn,B5,Taxable sale 10%,558020,50729,Synthetic demo credit sale 900621,,,0,,,,,,,,,,,,,,,,,,,,,,,,,,20220212120000,C004,Demo Customer Dawn,,,,,,,C004,Demo Customer Dawn,,,,,,,,,,,,,,,
20220212,900630,21,0,1,D01,Demo Sales,1200,Demo Accounts Receivable,C001,Demo Customer Aurora,00,Out of scope,396830,0,1,D01,Demo Sales,4000,Demo Product Sales,C001,Demo Customer Aurora,B5,Taxable sale 10%,396830,36075,Synthetic demo credit sale 900630,,,0,,,,,,,,,,,,,,,,,,,,,,,,,,20220212120000,C001,Demo Customer Aurora,,,,,,,C001,Demo Customer Aurora,,,,,,,,,,,,,,,
20220212,900644,21,0,1,D01,Demo Sales,1120,Demo Harbor Ordinary Deposit,B003,Harbor Demo Bank,00,Out of scope,141750,0,,,,,,,,,,,,Synthetic demo mixed sales and receipt 900644,,,0,,,,,,,,,,,,,,,,,,,,,,,,,,20220212120000,B003,Harbor Demo Bank,,,,,,,,,,,,,,,,,,,,,,,
20220212,900644,21,0,1,D01,Demo Sales,1200,Demo Accounts Receivable,C005,Demo Customer Elm,00,Out of scope,33250,0,,,,,,,,,,,,Synthetic demo mixed sales and receipt 900644,,,0,,,,,,,,,,,,,,,,,,,,,,,,,,20220212120000,C005,Demo Customer Elm,,,,,,,,,,,,,,,,,,,,,,,
20220212,900644,21,0,,,,,,,,,,,,1,D01,Demo Sales,4000,Demo Product Sales,C006,Demo Customer Fjord,B5,Taxable sale 10%,126000,11455,Synthetic demo mixed sales and receipt 900644,,,0,,,,,,,,,,,,,,,,,,,,,,,,,,20220212120000,,,,,,,,,C006,Demo Customer Fjord,,,,,,,,,,,,,,,
20220212,900644,21,0,,,,,,,,,,,,1,D01,Demo Sales,4010,Demo Service Revenue,C007,Demo Customer Grove,B5,Taxable sale 10%,49000,4455,Synthetic demo mixed sales and receipt 900644,,,0,,,,,,,,,,,,,,,,,,,,,,,,,,20220212120000,,,,,,,,,C007,Demo Customer Grove,,,,,,,,,,,,,,,
20220213,900609,21,0,1,D05,Demo Digital Services,1400,Demo Prepaid Expenses,S004,Demo Logistics Services,00,Out of scope,191730,0,1,D05,Demo Digital Services,1100,Demo Central Ordinary Deposit,B001,Demo Central Bank,00,Out of scope,191730,0,Synthetic demo prepaid service 900609,,,0,,,,,,,,,,,,,,,,,,,,,,,,,,20220213120000,S004,Demo Logistics Services,,,,,,,B001,Demo Central Bank,,,,,,,,,,,,,,,
20220213,900615,21,0,1,D04,Demo Logistics,5000,Demo Purchases,V006,Demo Vendor Prairie,C5,Synthetic demo tax category C5,292150,26559,1,D04,Demo Logistics,2000,Demo Accounts Payable,V006,Demo Vendor Prairie,00,Out of scope,292150,0,Synthetic demo purchase on account 900615,,,0,,,,,,,,,,,,,,,,,,,,,,,,,,20220213120000,V006,Demo Vendor Prairie,,,,,,,V006,Demo Vendor Prairie,,,,,,,,,,,,,,,
20220213,900638,21,0,1,D05,Demo Digital Services,6100,Demo Repairs,V001,Demo Vendor Keystone,Q5,Taxable purchase 10%,54560,4960,1,D05,Demo Digital Services,1120,Demo Harbor Ordinary Deposit,B003,Harbor Demo Bank,00,Out of scope,54560,0,Synthetic demo operating expense 900638,,,0,,,,,,,,,,,,,,,,,,,,,,,,,,20220213120000,V001,Demo Vendor Keystone,,,,,,,B003,Harbor Demo Bank,,,,,,,,,,,,,,,
20220214,900610,21,0,1,D01,Demo Sales,1110,Demo North Current Deposit,B002,North Demo Bank,00,Out of scope,294300,0,,,,,,,,,,,,Synthetic demo mixed sales and receipt 900610,,,0,,,,,,,,,,,,,,,,,,,,,,,,,,20220214120000,B002,North Demo Bank,,,,,,,,,,,,,,,,,,,,,,,
20220214,900610,21,0,1,D01,Demo Sales,1200,Demo Accounts Receivable,C001,Demo Customer Aurora,00,Out of scope,460340,0,,,,,,,,,,,,Synthetic demo mixed sales and receipt 900610,,,0,,,,,,,,,,,,,,,,,,,,,,,,,,20220214120000,C001,Demo Customer Aurora,,,,,,,,,,,,,,,,,,,,,,,
20220214,900610,21,0,,,,,,,,,,,,1,D01,Demo Sales,4000,Demo Product Sales,C002,Demo Customer Birch,B5,Taxable sale 10%,135830,12348,Synthetic demo mixed sales and receipt 900610,,,0,,,,,,,,,,,,,,,,,,,,,,,,,,20220214120000,,,,,,,,,C002,Demo Customer Birch,,,,,,,,,,,,,,,
20220214,900610,21,0,,,,,,,,,,,,1,D01,Demo Sales,4010,Demo Service Revenue,C003,Demo Customer Cobalt,B5,Taxable sale 10%,618810,56255,Synthetic demo mixed sales and receipt 900610,,,0,,,,,,,,,,,,,,,,,,,,,,,,,,20220214120000,,,,,,,,,C003,Demo Customer Cobalt,,,,,,,,,,,,,,,
20220214,900619,21,0,1,D03,Demo Operations,6030,Demo Utilities,S002,Demo Energy Services,Q5,Taxable purchase 10%,46650,4241,1,D03,Demo Operations,1110,Demo North Current Deposit,B002,North Demo Bank,00,Out of scope,233280,0,Synthetic demo operating cost bundle 900619,,,0,,,,,,,,,,,,,,,,,,,,,,,,,,20220214120000,S002,Demo Energy Services,,,,,,,B002,North Demo Bank,,,,,,,,,,,,,,,
20220214,900619,21,0,1,D03,Demo Operations,6040,Demo Communication,S003,Demo Network Services,Q5,Taxable purchase 10%,27990,2545,,,,,,,,,,,,Synthetic demo operating cost bundle 900619,,,0,,,,,,,,,,,,,,,,,,,,,,,,,,20220214120000,S003,Demo Network Services,,,,,,,,,,,,,,,,,,,,,,,
20220214,900619,21,0,1,D03,Demo Operations,6060,Demo Office Supplies,V010,Demo Vendor Tandem,Q6,Taxable purchase 8%,158640,11751,,,,,,,,,,,,Synthetic demo operating cost bundle 900619,,,0,,,,,,,,,,,,,,,,,,,,,,,,,,20220214120000,V010,Demo Vendor Tandem,,,,,,,,,,,,,,,,,,,,,,,
20220214,900622,21,0,1,D01,Demo Sales,1200,Demo Accounts Receivable,C007,Demo Customer Grove,00,Out of scope,362110,0,1,D01,Demo Sales,4010,Demo Service Revenue,C007,Demo Customer Grove,B5,Taxable sale 10%,362110,32919,Synthetic demo credit sale 900622,,,0,,,,,,,,,,,,,,,,,,,,,,,,,,20220214120000,C007,Demo Customer Grove,,,,,,,C007,Demo Customer Grove,,,,,,,,,,,,,,,
20220215,900612,21,0,1,D02,Demo Administration,6000,Demo Salaries,,,00,Out of scope,162410,0,1,D02,Demo Administration,1100,Demo Central Ordinary Deposit,B001,Demo Central Bank,00,Out of scope,338370,0,Synthetic demo monthly payroll bundle 900612,,,0,,,,,,,,,,,,,,,,,,,,,,,,,,20220215120000,,,,,,,,,B001,Demo Central Bank,,,,,,,,,,,,,,,
20220215,900612,21,0,1,D02,Demo Administration,6010,Demo Statutory Welfare,,,00,Out of scope,125190,0,,,,,,,,,,,,Synthetic demo monthly payroll bundle 900612,,,0,,,,,,,,,,,,,,,,,,,,,,,,,,20220215120000,,,,,,,,,,,,,,,,,,,,,,,,,
20220215,900612,21,0,1,D02,Demo Administration,2110,Demo Payroll Withholding,,,00,Out of scope,50770,0,,,,,,,,,,,,Synthetic demo monthly payroll bundle 900612,,,0,,,,,,,,,,,,,,,,,,,,,,,,,,20220215120000,,,,,,,,,,,,,,,,,,,,,,,,,
20220215,900639,21,0,1,D05,Demo Digital Services,1400,Demo Prepaid Expenses,S004,Demo Logistics Services,00,Out of scope,63590,0,1,D05,Demo Digital Services,1100,Demo Central Ordinary Deposit,B001,Demo Central Bank,00,Out of scope,63590,0,Synthetic demo prepaid service 900639,,,0,,,,,,,,,,,,,,,,,,,,,,,,,,20220215120000,S004,Demo Logistics Services,,,,,,,B001,Demo Central Bank,,,,,,,,,,,,,,,
20220215,900640,21,0,1,D03,Demo Operations,6030,Demo Utilities,S002,Demo Energy Services,Q5,Taxable purchase 10%,68570,6234,1,D03,Demo Operations,1110,Demo North Current Deposit,B002,North Demo Bank,00,Out of scope,457170,0,Synthetic demo operating cost bundle 900640,,,0,,,,,,,,,,,,,,,,,,,,,,,,,,20220215120000,S002,Demo Energy Services,,,,,,,B002,North Demo Bank,,,,,,,,,,,,,,,
20220215,900640,21,0,1,D03,Demo Operations,6040,Demo Communication,S003,Demo Network Services,Q5,Taxable purchase 10%,237720,21611,,,,,,,,,,,,Synthetic demo operating cost bundle 900640,,,0,,,,,,,,,,,,,,,,,,,,,,,,,,20220215120000,S003,Demo Network Services,,,,,,,,,,,,,,,,,,,,,,,
20220215,900640,21,0,1,D03,Demo Operations,6060,Demo Office Supplies,V001,Demo Vendor Keystone,Q5,Taxable purchase 10%,150880,13716,,,,,,,,,,,,Synthetic demo operating cost bundle 900640,,,0,,,,,,,,,,,,,,,,,,,,,,,,,,20220215120000,V001,Demo Vendor Keystone,,,,,,,,,,,,,,,,,,,,,,,
20220216,900625,21,0,1,D03,Demo Operations,6030,Demo Utilities,S002,Demo Energy Services,Q5,Taxable purchase 10%,45280,4116,1,D03,Demo Operations,1110,Demo North Current Deposit,B002,North Demo Bank,00,Out of scope,181120,0,Synthetic demo operating cost bundle 900625,,,0,,,,,,,,,,,,,,,,,,,,,,,,,,20220216120000,S002,Demo Energy Services,,,,,,,B002,North Demo Bank,,,,,,,,,,,,,,,
20220216,900625,21,0,1,D03,Demo Operations,6040,Demo Communication,S003,Demo Network Services,Q5,Taxable purchase 10%,81500,7409,,,,,,,,,,,,Synthetic demo operating cost bundle 900625,,,0,,,,,,,,,,,,,,,,,,,,,,,,,,20220216120000,S003,Demo Network Services,,,,,,,,,,,,,,,,,,,,,,,
20220216,900625,21,0,1,D03,Demo Operations,6060,Demo Office Supplies,V006,Demo Vendor Prairie,Q5,Taxable purchase 10%,54340,4940,,,,,,,,,,,,Synthetic demo operating cost bundle 900625,,,0,,,,,,,,,,,,,,,,,,,,,,,,,,20220216120000,V006,Demo Vendor Prairie,,,,,,,,,,,,,,,,,,,,,,,
20220217,900607,21,0,1,D04,Demo Logistics,2000,Demo Accounts Payable,V006,Demo Vendor Prairie,00,Out of scope,290910,0,1,D04,Demo Logistics,1110,Demo North Current Deposit,B002,North Demo Bank,00,Out of scope,290910,0,Synthetic demo vendor settlement 900607,,,0,,,,,,,,,,,,,,,,,,,,,,,,,,20220217120000,V006,Demo Vendor Prairie,,,,,,,B002,North Demo Bank,,,,,,,,,,,,,,,
20220219,900636,21,0,1,D04,Demo Logistics,5000,Demo Purchases,V001,Demo Vendor Keystone,Q5,Taxable purchase 10%,133490,12135,1,D04,Demo Logistics,2000,Demo Accounts Payable,V001,Demo Vendor Keystone,00,Out of scope,133490,0,Synthetic demo purchase on account 900636,,,0,,,,,,,,,,,,,,,,,,,,,,,,,,20220219120000,V001,Demo Vendor Keystone,,,,,,,V001,Demo Vendor Keystone,,,,,,,,,,,,,,,
20220220,900608,21,0,1,D05,Demo Digital Services,6160,Demo Shipping,V001,Demo Vendor Keystone,Q5,Taxable purchase 10%,111900,10173,1,D05,Demo Digital Services,1120,Demo Harbor Ordinary Deposit,B003,Harbor Demo Bank,00,Out of scope,111900,0,Synthetic demo operating expense 900608,,,0,,,,,,,,,,,,,,,,,,,,,,,,,,20220220120000,V001,Demo Vendor Keystone,,,,,,,B003,Harbor Demo Bank,,,,,,,,,,,,,,,
20220221,900596,21,0,1,D04,Demo Logistics,5020,Demo Inventory Adjustment,V001,Demo Vendor Keystone,Q5,Taxable purchase 10%,199620,18147,1,D04,Demo Logistics,2000,Demo Accounts Payable,V001,Demo Vendor Keystone,00,Out of scope,199620,0,Synthetic demo purchase on account 900596,,,0,,,,,,,,,,,,,,,,,,,,,,,,,,20220221120000,V001,Demo Vendor Keystone,,,,,,,V001,Demo Vendor Keystone,,,,,,,,,,,,,,,
20220221,900613,21,0,1,D01,Demo Sales,1110,Demo North Current Deposit,B002,North Demo Bank,00,Out of scope,107170,0,1,D01,Demo Sales,1200,Demo Accounts Receivable,C010,Demo Customer Juniper,00,Out of scope,107170,0,Synthetic demo customer receipt 900613,,,0,,,,,,,,,,,,,,,,,,,,,,,,,,20220221120000,B002,North Demo Bank,,,,,,,C010,Demo Customer Juniper,,,,,,,,,,,,,,,
20220222,900611,21,0,1,D01,Demo Sales,1200,Demo Accounts Receivable,C004,Demo Customer Dawn,00,Out of scope,53250,0,1,D01,Demo Sales,4020,Demo Other Operating Revenue,C004,Demo Customer Dawn,B5,Taxable sale 10%,53250,4841,Synthetic demo credit sale 900611,,,0,,,,,,,,,,,,,,,,,,,,,,,,,,20220222120000,C004,Demo Customer Dawn,,,,,,,C004,Demo Customer Dawn,,,,,,,,,,,,,,,
20220222,900632,21,0,1,D01,Demo Sales,1200,Demo Accounts Receivable,C007,Demo Customer Grove,00,Out of scope,532500,0,1,D01,Demo Sales,4020,Demo Other Operating Revenue,C007,Demo Customer Grove,B5,Taxable sale 10%,532500,48409,Synthetic demo credit sale 900632,,,0,,,,,,,,,,,,,,,,,,,,,,,,,,20220222120000,C007,Demo Customer Grove,,,,,,,C007,Demo Customer Grove,,,,,,,,,,,,,,,
20220223,900633,21,0,1,D01,Demo Sales,1100,Demo Central Ordinary Deposit,B001,Demo Central Bank,00,Out of scope,53980,0,1,D01,Demo Sales,1200,Demo Accounts Receivable,C010,Demo Customer Juniper,00,Out of scope,53980,0,Synthetic demo customer receipt 900633,,,0,,,,,,,,,,,,,,,,,,,,,,,,,,20220223120000,B001,Demo Central Bank,,,,,,,C010,Demo Customer Juniper,,,,,,,,,,,,,,,
20220224,900601,21,0,1,D01,Demo Sales,1200,Demo Accounts Receivable,C004,Demo Customer Dawn,00,Out of scope,524240,0,1,D01,Demo Sales,4010,Demo Service Revenue,C004,Demo Customer Dawn,B5,Taxable sale 10%,524240,47658,Synthetic demo credit sale 900601,,,0,,,,,,,,,,,,,,,,,,,,,,,,,,20220224120000,C004,Demo Customer Dawn,,,,,,,C004,Demo Customer Dawn,,,,,,,,,,,,,,,
20220224,900643,21,0,1,D01,Demo Sales,1110,Demo North Current Deposit,B002,North Demo Bank,00,Out of scope,325920,0,1,D01,Demo Sales,1200,Demo Accounts Receivable,C010,Demo Customer Juniper,00,Out of scope,325920,0,Synthetic demo customer receipt 900643,,,0,,,,,,,,,,,,,,,,,,,,,,,,,,20220224120000,B002,North Demo Bank,,,,,,,C010,Demo Customer Juniper,,,,,,,,,,,,,,,
20220225,900594,21,0,1,D01,Demo Sales,1100,Demo Central Ordinary Deposit,B001,Demo Central Bank,00,Out of scope,191530,0,1,D01,Demo Sales,1200,Demo Accounts Receivable,C003,Demo Customer Cobalt,00,Out of scope,191530,0,Synthetic demo customer receipt 900594,,,0,,,,,,,,,,,,,,,,,,,,,,,,,,20220225120000,B001,Demo Central Bank,,,,,,,C003,Demo Customer Cobalt,,,,,,,,,,,,,,,
20220226,900602,21,0,1,D01,Demo Sales,1200,Demo Accounts Receivable,C007,Demo Customer Grove,00,Out of scope,61000,0,1,D01,Demo Sales,4020,Demo Other Operating Revenue,C007,Demo Customer Grove,B5,Taxable sale 10%,61000,5545,Synthetic demo credit sale 900602,,,0,,,,,,,,,,,,,,,,,,,,,,,,,,20220226120000,C007,Demo Customer Grove,,,,,,,C007,Demo Customer Grove,,,,,,,,,,,,,,,
20220226,900624,21,0,1,D01,Demo Sales,1100,Demo Central Ordinary Deposit,B001,Demo Central Bank,00,Out of scope,308770,0,1,D01,Demo Sales,1200,Demo Accounts Receivable,C003,Demo Customer Cobalt,00,Out of scope,308770,0,Synthetic demo customer receipt 900624,,,0,,,,,,,,,,,,,,,,,,,,,,,,,,20220226120000,B001,Demo Central Bank,,,,,,,C003,Demo Customer Cobalt,,,,,,,,,,,,,,,
20220226,900628,21,0,1,D03,Demo Operations,7000,Demo Taxes and Dues,V001,Demo Vendor Keystone,P0,Non-taxable purchase,171800,0,1,D03,Demo Operations,1110,Demo North Current Deposit,B002,North Demo Bank,00,Out of scope,171800,0,Synthetic demo operating expense 900628,,,0,,,,,,,,,,,,,,,,,,,,,,,,,,20220226120000,V001,Demo Vendor Keystone,,,,,,,B002,North Demo Bank,,,,,,,,,,,,,,,
20220226,900646,21,0,1,D03,Demo Operations,6030,Demo Utilities,S002,Demo Energy Services,Q5,Taxable purchase 10%,356310,32392,1,D03,Demo Operations,1110,Demo North Current Deposit,B002,North Demo Bank,00,Out of scope,647850,0,Synthetic demo operating cost bundle 900646,,,0,,,,,,,,,,,,,,,,,,,,,,,,,,20220226120000,S002,Demo Energy Services,,,,,,,B002,North Demo Bank,,,,,,,,,,,,,,,
20220226,900646,21,0,1,D03,Demo Operations,6040,Demo Communication,S003,Demo Network Services,Q5,Taxable purchase 10%,129570,11779,,,,,,,,,,,,Synthetic demo operating cost bundle 900646,,,0,,,,,,,,,,,,,,,,,,,,,,,,,,20220226120000,S003,Demo Network Services,,,,,,,,,,,,,,,,,,,,,,,
20220226,900646,21,0,1,D03,Demo Operations,6060,Demo Office Supplies,V007,Demo Vendor Quartz,Q5,Taxable purchase 10%,161970,14725,,,,,,,,,,,,Synthetic demo operating cost bundle 900646,,,0,,,,,,,,,,,,,,,,,,,,,,,,,,20220226120000,V007,Demo Vendor Quartz,,,,,,,,,,,,,,,,,,,,,,,
20220227,900606,21,0,1,D01,Demo Sales,1100,Demo Central Ordinary Deposit,B001,Demo Central Bank,00,Out of scope,162180,0,,,,,,,,,,,,Synthetic demo mixed sales and receipt 900606,,,0,,,,,,,,,,,,,,,,,,,,,,,,,,20220227120000,B001,Demo Central Bank,,,,,,,,,,,,,,,,,,,,,,,
20220227,900606,21,0,1,D01,Demo Sales,1200,Demo Accounts Receivable,C007,Demo Customer Grove,00,Out of scope,83550,0,,,,,,,,,,,,Synthetic demo mixed sales and receipt 900606,,,0,,,,,,,,,,,,,,,,,,,,,,,,,,20220227120000,C007,Demo Customer Grove,,,,,,,,,,,,,,,,,,,,,,,
20220227,900606,21,0,,,,,,,,,,,,1,D01,Demo Sales,4000,Demo Product Sales,C008,Demo Customer Halo,B5,Taxable sale 10%,122860,11169,Synthetic demo mixed sales and receipt 900606,,,0,,,,,,,,,,,,,,,,,,,,,,,,,,20220227120000,,,,,,,,,C008,Demo Customer Halo,,,,,,,,,,,,,,,
20220227,900606,21,0,,,,,,,,,,,,1,D01,Demo Sales,4010,Demo Service Revenue,C009,Demo Customer Indigo,B5,Taxable sale 10%,122870,11170,Synthetic demo mixed sales and receipt 900606,,,0,,,,,,,,,,,,,,,,,,,,,,,,,,20220227120000,,,,,,,,,C009,Demo Customer Indigo,,,,,,,,,,,,,,,
20220227,900617,21,0,1,D04,Demo Logistics,2000,Demo Accounts Payable,V006,Demo Vendor Prairie,00,Out of scope,267940,0,1,D04,Demo Logistics,1120,Demo Harbor Ordinary Deposit,B003,Harbor Demo Bank,00,Out of scope,267940,0,Synthetic demo vendor settlement 900617,,,0,,,,,,,,,,,,,,,,,,,,,,,,,,20220227120000,V006,Demo Vendor Prairie,,,,,,,B003,Harbor Demo Bank,,,,,,,,,,,,,,,
20220227,900635,21,0,1,D01,Demo Sales,1120,Demo Harbor Ordinary Deposit,B003,Harbor Demo Bank,00,Out of scope,481680,0,1,D01,Demo Sales,1200,Demo Accounts Receivable,C006,Demo Customer Fjord,00,Out of scope,139680,0,Synthetic demo combined customer receipt 900635,,,0,,,,,,,,,,,,,,,,,,,,,,,,,,20220227120000,B003,Harbor Demo Bank,,,,,,,C006,Demo Customer Fjord,,,,,,,,,,,,,,,
20220227,900635,21,0,,,,,,,,,,,,1,D01,Demo Sales,1200,Demo Accounts Receivable,C007,Demo Customer Grove,00,Out of scope,67430,0,Synthetic demo combined customer receipt 900635,,,0,,,,,,,,,,,,,,,,,,,,,,,,,,20220227120000,,,,,,,,,C007,Demo Customer Grove,,,,,,,,,,,,,,,
20220227,900635,21,0,,,,,,,,,,,,1,D01,Demo Sales,1200,Demo Accounts Receivable,C008,Demo Customer Halo,00,Out of scope,274570,0,Synthetic demo combined customer receipt 900635,,,0,,,,,,,,,,,,,,,,,,,,,,,,,,20220227120000,,,,,,,,,C008,Demo Customer Halo,,,,,,,,,,,,,,,
20220228,900637,21,0,1,D01,Demo Sales,2000,Demo Accounts Payable,V008,Demo Vendor Rivulet,00,Out of scope,222700,0,,,,,,,,,,,,Synthetic demo multi-vendor settlement 900637,,,0,,,,,,,,,,,,,,,,,,,,,,,,,,20220228120000,V008,Demo Vendor Rivulet,,,,,,,,,,,,,,,,,,,,,,,
20220228,900637,21,0,1,D01,Demo Sales,2100,Demo Accrued Payables,V001,Demo Vendor Keystone,00,Out of scope,125280,0,,,,,,,,,,,,Synthetic demo multi-vendor settlement 900637,,,0,,,,,,,,,,,,,,,,,,,,,,,,,,20220228120000,V001,Demo Vendor Keystone,,,,,,,,,,,,,,,,,,,,,,,
20220228,900637,21,0,,,,,,,,,,,,1,D01,Demo Sales,1110,Demo North Current Deposit,B002,North Demo Bank,00,Out of scope,254020,0,Synthetic demo multi-vendor settlement 900637,,,0,,,,,,,,,,,,,,,,,,,,,,,,,,20220228120000,,,,,,,,,B002,North Demo Bank,,,,,,,,,,,,,,,
20220228,900637,21,0,,,,,,,,,,,,1,D01,Demo Sales,1120,Demo Harbor Ordinary Deposit,B003,Harbor Demo Bank,00,Out of scope,93960,0,Synthetic demo multi-vendor settlement 900637,,,0,,,,,,,,,,,,,,,,,,,,,,,,,,20220228120000,,,,,,,,,B003,Harbor Demo Bank,,,,,,,,,,,,,,,
20220301,900671,21,0,1,D01,Demo Sales,1200,Demo Accounts Receivable,C004,Demo Customer Dawn,00,Out of scope,478190,0,1,D01,Demo Sales,4020,Demo Other Operating Revenue,C004,Demo Customer Dawn,B5,Taxable sale 10%,478190,43472,Synthetic demo credit sale 900671,,,0,,,,,,,,,,,,,,,,,,,,,,,,,,20220301120000,C004,Demo Customer Dawn,,,,,,,C004,Demo Customer Dawn,,,,,,,,,,,,,,,
20220301,900683,21,0,1,D01,Demo Sales,1120,Demo Harbor Ordinary Deposit,B003,Harbor Demo Bank,00,Out of scope,450630,0,1,D01,Demo Sales,1200,Demo Accounts Receivable,C010,Demo Customer Juniper,00,Out of scope,450630,0,Synthetic demo customer receipt 900683,,,0,,,,,,,,,,,,,,,,,,,,,,,,,,20220301120000,B003,Harbor Demo Bank,,,,,,,C010,Demo Customer Juniper,,,,,,,,,,,,,,,
20220302,900664,21,0,1,D01,Demo Sales,1110,Demo North Current Deposit,B002,North Demo Bank,00,Out of scope,357170,0,1,D01,Demo Sales,1200,Demo Accounts Receivable,C003,Demo Customer Cobalt,00,Out of scope,357170,0,Synthetic demo customer receipt 900664,,,0,,,,,,,,,,,,,,,,,,,,,,,,,,20220302120000,B002,North Demo Bank,,,,,,,C003,Demo Customer Cobalt,,,,,,,,,,,,,,,
20220302,900692,21,0,1,D01,Demo Sales,1200,Demo Accounts Receivable,C007,Demo Customer Grove,00,Out of scope,333380,0,1,D01,Demo Sales,4020,Demo Other Operating Revenue,C007,Demo Customer Grove,B5,Taxable sale 10%,333380,30307,Synthetic demo credit sale 900692,,,0,,,,,,,,,,,,,,,,,,,,,,,,,,20220302120000,C007,Demo Customer Grove,,,,,,,C007,Demo Customer Grove,,,,,,,,,,,,,,,
20220302,900697,21,0,1,D04,Demo Logistics,2000,Demo Accounts Payable,V006,Demo Vendor Prairie,00,Out of scope,300670,0,1,D04,Demo Logistics,1110,Demo North Current Deposit,B002,North Demo Bank,00,Out of scope,300670,0,Synthetic demo vendor settlement 900697,,,0,,,,,,,,,,,,,,,,,,,,,,,,,,20220302120000,V006,Demo Vendor Prairie,,,,,,,B002,North Demo Bank,,,,,,,,,,,,,,,
20220303,900669,21,0,1,D01,Demo Sales,2000,Demo Accounts Payable,V010,Demo Vendor Tandem,00,Out of scope,201600,0,,,,,,,,,,,,Synthetic demo multi-vendor settlement 900669,,,0,,,,,,,,,,,,,,,,,,,,,,,,,,20220303120000,V010,Demo Vendor Tandem,,,,,,,,,,,,,,,,,,,,,,,
20220303,900669,21,0,1,D01,Demo Sales,2100,Demo Accrued Payables,V003,Demo Vendor Mosaic,00,Out of scope,193710,0,,,,,,,,,,,,Synthetic demo multi-vendor settlement 900669,,,0,,,,,,,,,,,,,,,,,,,,,,,,,,20220303120000,V003,Demo Vendor Mosaic,,,,,,,,,,,,,,,,,,,,,,,
20220303,900669,21,0,,,,,,,,,,,,1,D01,Demo Sales,1100,Demo Central Ordinary Deposit,B001,Demo Central Bank,00,Out of scope,102780,0,Synthetic demo multi-vendor settlement 900669,,,0,,,,,,,,,,,,,,,,,,,,,,,,,,20220303120000,,,,,,,,,B001,Demo Central Bank,,,,,,,,,,,,,,,
20220303,900669,21,0,,,,,,,,,,,,1,D01,Demo Sales,1110,Demo North Current Deposit,B002,North Demo Bank,00,Out of scope,292530,0,Synthetic demo multi-vendor settlement 900669,,,0,,,,,,,,,,,,,,,,,,,,,,,,,,20220303120000,,,,,,,,,B002,North Demo Bank,,,,,,,,,,,,,,,
20220303,900686,21,0,1,D04,Demo Logistics,5020,Demo Inventory Adjustment,V001,Demo Vendor Keystone,Q5,Taxable purchase 10%,54120,4920,1,D04,Demo Logistics,2000,Demo Accounts Payable,V001,Demo Vendor Keystone,00,Out of scope,54120,0,Synthetic demo purchase on account 900686,,,0,,,,,,,,,,,,,,,,,,,,,,,,,,20220303120000,V001,Demo Vendor Keystone,,,,,,,V001,Demo Vendor Keystone,,,,,,,,,,,,,,,
20220303,900687,21,0,1,D04,Demo Logistics,2000,Demo Accounts Payable,V006,Demo Vendor Prairie,00,Out of scope,98750,0,1,D04,Demo Logistics,1100,Demo Central Ordinary Deposit,B001,Demo Central Bank,00,Out of scope,98750,0,Synthetic demo vendor settlement 900687,,,0,,,,,,,,,,,,,,,,,,,,,,,,,,20220303120000,V006,Demo Vendor Prairie,,,,,,,B001,Demo Central Bank,,,,,,,,,,,,,,,
20220304,900651,21,0,1,D01,Demo Sales,1200,Demo Accounts Receivable,C004,Demo Customer Dawn,00,Out of scope,542830,0,1,D01,Demo Sales,4000,Demo Product Sales,C004,Demo Customer Dawn,B5,Taxable sale 10%,542830,49348,Synthetic demo credit sale 900651,,,0,,,,,,,,,,,,,,,,,,,,,,,,,,20220304120000,C004,Demo Customer Dawn,,,,,,,C004,Demo Customer Dawn,,,,,,,,,,,,,,,
20220304,900659,21,0,1,D06,Demo Management,2200,Demo Short-term Loans,,,00,Out of scope,532710,0,1,D06,Demo Management,1120,Demo Harbor Ordinary Deposit,B003,Harbor Demo Bank,00,Out of scope,772050,0,Synthetic demo financing settlement 900659,,,0,,,,,,,,,,,,,,,,,,,,,,,,,,20220304120000,,,,,,,,,B003,Harbor Demo Bank,,,,,,,,,,,,,,,
20220304,900659,21,0,1,D06,Demo Management,6070,Demo Bank Fees,B003,Harbor Demo Bank,00,Out of scope,38600,0,,,,,,,,,,,,Synthetic demo financing settlement 900659,,,0,,,,,,,,,,,,,,,,,,,,,,,,,,20220304120000,B003,Harbor Demo Bank,,,,,,,,,,,,,,,,,,,,,,,
20220304,900659,21,0,1,D06,Demo Management,7000,Demo Taxes and Dues,,,P0,Non-taxable purchase,200740,0,,,,,,,,,,,,Synthetic demo financing settlement 900659,,,0,,,,,,,,,,,,,,,,,,,,,,,,,,20220304120000,,,,,,,,,,,,,,,,,,,,,,,,,
20220305,900670,21,0,1,D01,Demo Sales,1200,Demo Accounts Receivable,C001,Demo Customer Aurora,00,Out of scope,554310,0,1,D01,Demo Sales,4010,Demo Service Revenue,C001,Demo Customer Aurora,B5,Taxable sale 10%,554310,50392,Synthetic demo credit sale 900670,,,0,,,,,,,,,,,,,,,,,,,,,,,,,,20220305120000,C001,Demo Customer Aurora,,,,,,,C001,Demo Customer Aurora,,,,,,,,,,,,,,,
20220305,900706,21,0,1,D01,Demo Sales,1110,Demo North Current Deposit,B002,North Demo Bank,00,Out of scope,132580,0,,,,,,,,,,,,Synthetic demo mixed sales and receipt 900706,,,0,,,,,,,,,,,,,,,,,,,,,,,,,,20220305120000,B002,North Demo Bank,,,,,,,,,,,,,,,,,,,,,,,
20220305,900706,21,0,1,D01,Demo Sales,1200,Demo Accounts Receivable,C007,Demo Customer Grove,00,Out of scope,604030,0,,,,,,,,,,,,Synthetic demo mixed sales and receipt 900706,,,0,,,,,,,,,,,,,,,,,,,,,,,,,,20220305120000,C007,Demo Customer Grove,,,,,,,,,,,,,,,,,,,,,,,
20220305,900706,21,0,,,,,,,,,,,,1,D01,Demo Sales,4000,Demo Product Sales,C008,Demo Customer Halo,B5,Taxable sale 10%,360930,32812,Synthetic demo mixed sales and receipt 900706,,,0,,,,,,,,,,,,,,,,,,,,,,,,,,20220305120000,,,,,,,,,C008,Demo Customer Halo,,,,,,,,,,,,,,,
20220305,900706,21,0,,,,,,,,,,,,1,D01,Demo Sales,4010,Demo Service Revenue,C009,Demo Customer Indigo,B5,Taxable sale 10%,375680,34153,Synthetic demo mixed sales and receipt 900706,,,0,,,,,,,,,,,,,,,,,,,,,,,,,,20220305120000,,,,,,,,,C009,Demo Customer Indigo,,,,,,,,,,,,,,,
20220306,900656,21,0,1,D01,Demo Sales,1120,Demo Harbor Ordinary Deposit,B003,Harbor Demo Bank,00,Out of scope,304930,0,,,,,,,,,,,,Synthetic demo mixed sales and receipt 900656,,,0,,,,,,,,,,,,,,,,,,,,,,,,,,20220306120000,B003,Harbor Demo Bank,,,,,,,,,,,,,,,,,,,,,,,
20220306,900656,21,0,1,D01,Demo Sales,1200,Demo Accounts Receivable,C007,Demo Customer Grove,00,Out of scope,281490,0,,,,,,,,,,,,Synthetic demo mixed sales and receipt 900656,,,0,,,,,,,,,,,,,,,,,,,,,,,,,,20220306120000,C007,Demo Customer Grove,,,,,,,,,,,,,,,,,,,,,,,
20220306,900656,21,0,,,,,,,,,,,,1,D01,Demo Sales,4000,Demo Product Sales,C008,Demo Customer Halo,B5,Taxable sale 10%,404620,36784,Synthetic demo mixed sales and receipt 900656,,,0,,,,,,,,,,,,,,,,,,,,,,,,,,20220306120000,,,,,,,,,C008,Demo Customer Halo,,,,,,,,,,,,,,,
20220306,900656,21,0,,,,,,,,,,,,1,D01,Demo Sales,4010,Demo Service Revenue,C009,Demo Customer Indigo,B5,Taxable sale 10%,181800,16527,Synthetic demo mixed sales and receipt 900656,,,0,,,,,,,,,,,,,,,,,,,,,,,,,,20220306120000,,,,,,,,,C009,Demo Customer Indigo,,,,,,,,,,,,,,,
20220306,900661,21,0,1,D01,Demo Sales,1200,Demo Accounts Receivable,C004,Demo Customer Dawn,00,Out of scope,328340,0,1,D01,Demo Sales,4010,Demo Service Revenue,C004,Demo Customer Dawn,B5,Taxable sale 10%,328340,29849,Synthetic demo credit sale 900661,,,0,,,,,,,,,,,,,,,,,,,,,,,,,,20220306120000,C004,Demo Customer Dawn,,,,,,,C004,Demo Customer Dawn,,,,,,,,,,,,,,,
20220306,900695,21,0,1,D04,Demo Logistics,5020,Demo Inventory Adjustment,V006,Demo Vendor Prairie,Q5,Taxable purchase 10%,39690,3608,1,D04,Demo Logistics,2000,Demo Accounts Payable,V006,Demo Vendor Prairie,00,Out of scope,39690,0,Synthetic demo purchase on account 900695,,,0,,,,,,,,,,,,,,,,,,,,,,,,,,20220306120000,V006,Demo Vendor Prairie,,,,,,,V006,Demo Vendor Prairie,,,,,,,,,,,,,,,
20220307,900654,21,0,1,D01,Demo Sales,1100,Demo Central Ordinary Deposit,B001,Demo Central Bank,00,Out of scope,510450,0,1,D01,Demo Sales,1200,Demo Accounts Receivable,C003,Demo Customer Cobalt,00,Out of scope,510450,0,Synthetic demo customer receipt 900654,,,0,,,,,,,,,,,,,,,,,,,,,,,,,,20220307120000,B001,Demo Central Bank,,,,,,,C003,Demo Customer Cobalt,,,,,,,,,,,,,,,
20220307,900693,21,0,1,D06,Demo Management,1000,Demo Cash,,,00,Out of scope,89150,0,1,D06,Demo Management,8010,Demo Clearing,,,00,Out of scope,89150,0,Synthetic demo low-frequency account event 900693,,,0,,,,,,,,,,,,,,,,,,,,,,,,,,20220307120000,,,,,,,,,,,,,,,,,,,,,,,,,
20220309,900676,21,0,1,D06,Demo Management,1010,Demo Petty Cash,,,00,Out of scope,153050,0,1,D06,Demo Management,8010,Demo Clearing,,,00,Out of scope,153050,0,Synthetic demo low-frequency account event 900676,,,0,,,,,,,,,,,,,,,,,,,,,,,,,,20220309120000,,,,,,,,,,,,,,,,,,,,,,,,,
20220309,900680,21,0,1,D06,Demo Management,1210,Demo Notes Receivable,,,00,Out of scope,34600,0,1,D06,Demo Management,8010,Demo Clearing,,,00,Out of scope,34600,0,Synthetic demo low-frequency account event 900680,,,0,,,,,,,,,,,,,,,,,,,,,,,,,,20220309120000,,,,,,,,,,,,,,,,,,,,,,,,,
20220310,900672,21,0,1,D02,Demo Administration,6000,Demo Salaries,,,00,Out of scope,297500,0,1,D02,Demo Administration,1100,Demo Central Ordinary Deposit,B001,Demo Central Bank,00,Out of scope,540920,0,Synthetic demo monthly payroll bundle 900672,,,0,,,,,,,,,,,,,,,,,,,,,,,,,,20220310120000,,,,,,,,,B001,Demo Central Bank,,,,,,,,,,,,,,,
20220310,900672,21,0,1,D02,Demo Administration,6010,Demo Statutory Welfare,,,00,Out of scope,54090,0,,,,,,,,,,,,Synthetic demo monthly payroll bundle 900672,,,0,,,,,,,,,,,,,,,,,,,,,,,,,,20220310120000,,,,,,,,,,,,,,,,,,,,,,,,,
20220310,900672,21,0,1,D02,Demo Administration,2110,Demo Payroll Withholding,,,00,Out of scope,189330,0,,,,,,,,,,,,Synthetic demo monthly payroll bundle 900672,,,0,,,,,,,,,,,,,,,,,,,,,,,,,,20220310120000,,,,,,,,,,,,,,,,,,,,,,,,,
20220310,900674,21,0,1,D06,Demo Management,1300,Demo Inventory,,,00,Out of scope,57510,0,1,D06,Demo Management,8010,Demo Clearing,,,00,Out of scope,57510,0,Synthetic demo low-frequency account event 900674,,,0,,,,,,,,,,,,,,,,,,,,,,,,,,20220310120000,,,,,,,,,,,,,,,,,,,,,,,,,
20220310,900696,21,0,1,D06,Demo Management,1410,Demo Advances Paid,,,00,Out of scope,70740,0,1,D06,Demo Management,8010,Demo Clearing,,,00,Out of scope,70740,0,Synthetic demo low-frequency account event 900696,,,0,,,,,,,,,,,,,,,,,,,,,,,,,,20220310120000,,,,,,,,,,,,,,,,,,,,,,,,,
20220312,900652,21,0,1,D06,Demo Management,1420,Demo Temporary Payments,,,00,Out of scope,166960,0,1,D06,Demo Management,8010,Demo Clearing,,,00,Out of scope,166960,0,Synthetic demo low-frequency account event 900652,,,0,,,,,,,,,,,,,,,,,,,,,,,,,,20220312120000,,,,,,,,,,,,,,,,,,,,,,,,,
20220312,900655,21,0,1,D06,Demo Management,1430,Demo Input Tax Receivable,,,00,Out of scope,21070,0,1,D06,Demo Management,8010,Demo Clearing,,,00,Out of scope,21070,0,Synthetic demo low-frequency account event 900655,,,0,,,,,,,,,,,,,,,,,,,,,,,,,,20220312120000,,,,,,,,,,,,,,,,,,,,,,,,,
20220312,900667,21,0,1,D06,Demo Management,1500,Demo Equipment,,,00,Out of scope,114040,0,1,D06,Demo Management,8010,Demo Clearing,,,00,Out of scope,114040,0,Synthetic demo low-frequency account event 900667,,,0,,,,,,,,,,,,,,,,,,,,,,,,,,20220312120000,,,,,,,,,,,,,,,,,,,,,,,,,
20220312,900685,21,0,1,D03,Demo Operations,6030,Demo Utilities,S002,Demo Energy Services,Q5,Taxable purchase 10%,47930,4357,1,D03,Demo Operations,1110,Demo North Current Deposit,B002,North Demo Bank,00,Out of scope,252290,0,Synthetic demo operating cost bundle 900685,,,0,,,,,,,,,,,,,,,,,,,,,,,,,,20220312120000,S002,Demo Energy Services,,,,,,,B002,North Demo Bank,,,,,,,,,,,,,,,
20220312,900685,21,0,1,D03,Demo Operations,6040,Demo Communication,S003,Demo Network Services,Q5,Taxable purchase 10%,5040,458,,,,,,,,,,,,Synthetic demo operating cost bundle 900685,,,0,,,,,,,,,,,,,,,,,,,,,,,,,,20220312120000,S003,Demo Network Services,,,,,,,,,,,,,,,,,,,,,,,
20220312,900685,21,0,1,D03,Demo Operations,6060,Demo Office Supplies,V006,Demo Vendor Prairie,Q5,Taxable purchase 10%,199320,18120,,,,,,,,,,,,Synthetic demo operating cost bundle 900685,,,0,,,,,,,,,,,,,,,,,,,,,,,,,,20220312120000,V006,Demo Vendor Prairie,,,,,,,,,,,,,,,,,,,,,,,
20220314,900701,21,0,1,D06,Demo Management,1510,Demo Vehicles,,,00,Out of scope,133420,0,1,D06,Demo Management,8010,Demo Clearing,,,00,Out of scope,133420,0,Synthetic demo low-frequency account event 900701,,,0,,,,,,,,,,,,,,,,,,,,,,,,,,20220314120000,,,,,,,,,,,,,,,,,,,,,,,,,
20220315,900650,21,0,1,D01,Demo Sales,1120,Demo Harbor Ordinary Deposit,B003,Harbor Demo Bank,00,Out of scope,197400,0,,,,,,,,,,,,Synthetic demo mixed sales and receipt 900650,,,0,,,,,,,,,,,,,,,,,,,,,,,,,,20220315120000,B003,Harbor Demo Bank,,,,,,,,,,,,,,,,,,,,,,,
20220315,900650,21,0,1,D01,Demo Sales,1200,Demo Accounts Receivable,C001,Demo Customer Aurora,00,Out of scope,439400,0,,,,,,,,,,,,Synthetic demo mixed sales and receipt 900650,,,0,,,,,,,,,,,,,,,,,,,,,,,,,,20220315120000,C001,Demo Customer Aurora,,,,,,,,,,,,,,,,,,,,,,,
20220315,900650,21,0,,,,,,,,,,,,1,D01,Demo Sales,4000,Demo Product Sales,C002,Demo Customer Birch,B5,Taxable sale 10%,299290,27208,Synthetic demo mixed sales and receipt 900650,,,0,,,,,,,,,,,,,,,,,,,,,,,,,,20220315120000,,,,,,,,,C002,Demo Customer Birch,,,,,,,,,,,,,,,
20220315,900650,21,0,,,,,,,,,,,,1,D01,Demo Sales,4010,Demo Service Revenue,C003,Demo Customer Cobalt,B5,Taxable sale 10%,337510,30683,Synthetic demo mixed sales and receipt 900650,,,0,,,,,,,,,,,,,,,,,,,,,,,,,,20220315120000,,,,,,,,,C003,Demo Customer Cobalt,,,,,,,,,,,,,,,
20220315,900675,21,0,1,D01,Demo Sales,2000,Demo Accounts Payable,V006,Demo Vendor Prairie,00,Out of scope,418040,0,,,,,,,,,,,,Synthetic demo multi-vendor settlement 900675,,,0,,,,,,,,,,,,,,,,,,,,,,,,,,20220315120000,V006,Demo Vendor Prairie,,,,,,,,,,,,,,,,,,,,,,,
20220315,900675,21,0,1,D01,Demo Sales,2100,Demo Accrued Payables,V009,Demo Vendor Summit,00,Out of scope,146890,0,,,,,,,,,,,,Synthetic demo multi-vendor settlement 900675,,,0,,,,,,,,,,,,,,,,,,,,,,,,,,20220315120000,V009,Demo Vendor Summit,,,,,,,,,,,,,,,,,,,,,,,
20220315,900675,21,0,,,,,,,,,,,,1,D01,Demo Sales,1100,Demo Central Ordinary Deposit,B001,Demo Central Bank,00,Out of scope,220320,0,Synthetic demo multi-vendor settlement 900675,,,0,,,,,,,,,,,,,,,,,,,,,,,,,,20220315120000,,,,,,,,,B001,Demo Central Bank,,,,,,,,,,,,,,,
20220315,900675,21,0,,,,,,,,,,,,1,D01,Demo Sales,1110,Demo North Current Deposit,B002,North Demo Bank,00,Out of scope,344610,0,Synthetic demo multi-vendor settlement 900675,,,0,,,,,,,,,,,,,,,,,,,,,,,,,,20220315120000,,,,,,,,,B002,North Demo Bank,,,,,,,,,,,,,,,
20220315,900679,21,0,1,D03,Demo Operations,6030,Demo Utilities,S002,Demo Energy Services,Q5,Taxable purchase 10%,97940,8904,1,D03,Demo Operations,1110,Demo North Current Deposit,B002,North Demo Bank,00,Out of scope,408090,0,Synthetic demo operating cost bundle 900679,,,0,,,,,,,,,,,,,,,,,,,,,,,,,,20220315120000,S002,Demo Energy Services,,,,,,,B002,North Demo Bank,,,,,,,,,,,,,,,
20220315,900679,21,0,1,D03,Demo Operations,6040,Demo Communication,S003,Demo Network Services,Q5,Taxable purchase 10%,97940,8904,,,,,,,,,,,,Synthetic demo operating cost bundle 900679,,,0,,,,,,,,,,,,,,,,,,,,,,,,,,20220315120000,S003,Demo Network Services,,,,,,,,,,,,,,,,,,,,,,,
20220315,900679,21,0,1,D03,Demo Operations,6060,Demo Office Supplies,V010,Demo Vendor Tandem,Q5,Taxable purchase 10%,212210,19292,,,,,,,,,,,,Synthetic demo operating cost bundle 900679,,,0,,,,,,,,,,,,,,,,,,,,,,,,,,20220315120000,V010,Demo Vendor Tandem,,,,,,,,,,,,,,,,,,,,,,,
20220317,900700,21,0,1,D01,Demo Sales,1110,Demo North Current Deposit,B002,North Demo Bank,00,Out of scope,537560,0,,,,,,,,,,,,Synthetic demo mixed sales and receipt 900700,,,0,,,,,,,,,,,,,,,,,,,,,,,,,,20220317120000,B002,North Demo Bank,,,,,,,,,,,,,,,,,,,,,,,
20220317,900700,21,0,1,D01,Demo Sales,1200,Demo Accounts Receivable,C001,Demo Customer Aurora,00,Out of scope,134390,0,,,,,,,,,,,,Synthetic demo mixed sales and receipt 900700,,,0,,,,,,,,,,,,,,,,,,,,,,,,,,20220317120000,C001,Demo Customer Aurora,,,,,,,,,,,,,,,,,,,,,,,
20220317,900700,21,0,,,,,,,,,,,,1,D01,Demo Sales,4000,Demo Product Sales,C002,Demo Customer Birch,B5,Taxable sale 10%,309090,28099,Synthetic demo mixed sales and receipt 900700,,,0,,,,,,,,,,,,,,,,,,,,,,,,,,20220317120000,,,,,,,,,C002,Demo Customer Birch,,,,,,,,,,,,,,,
20220317,900700,21,0,,,,,,,,,,,,1,D01,Demo Sales,4010,Demo Service Revenue,C003,Demo Customer Cobalt,R5,Taxable sale 8%,362860,26879,Synthetic demo mixed sales and receipt 900700,,,0,,,,,,,,,,,,,,,,,,,,,,,,,,20220317120000,,,,,,,,,C003,Demo Customer Cobalt,,,,,,,,,,,,,,,
20220318,900649,21,0,1,D06,Demo Management,1520,Demo Software,,,00,Out of scope,50040,0,1,D06,Demo Management,8010,Demo Clearing,,,00,Out of scope,50040,0,Synthetic demo low-frequency account event 900649,,,0,,,,,,,,,,,,,,,,,,,,,,,,,,20220318120000,,,,,,,,,,,,,,,,,,,,,,,,,
20220318,900662,21,0,1,D01,Demo Sales,1120,Demo Harbor Ordinary Deposit,B003,Harbor Demo Bank,00,Out of scope,191100,0,,,,,,,,,,,,Synthetic demo mixed sales and receipt 900662,,,0,,,,,,,,,,,,,,,,,,,,,,,,,,20220318120000,B003,Harbor Demo Bank,,,,,,,,,,,,,,,,,,,,,,,
20220318,900662,21,0,1,D01,Demo Sales,1200,Demo Accounts Receivable,C003,Demo Customer Cobalt,00,Out of scope,47780,0,,,,,,,,,,,,Synthetic demo mixed sales and receipt 900662,,,0,,,,,,,,,,,,,,,,,,,,,,,,,,20220318120000,C003,Demo Customer Cobalt,,,,,,,,,,,,,,,,,,,,,,,
20220318,900662,21,0,,,,,,,,,,,,1,D01,Demo Sales,4000,Demo Product Sales,C004,Demo Customer Dawn,B5,Taxable sale 10%,100320,9120,Synthetic demo mixed sales and receipt 900662,,,0,,,,,,,,,,,,,,,,,,,,,,,,,,20220318120000,,,,,,,,,C004,Demo Customer Dawn,,,,,,,,,,,,,,,
20220318,900662,21,0,,,,,,,,,,,,1,D01,Demo Sales,4010,Demo Service Revenue,C005,Demo Customer Elm,B5,Taxable sale 10%,138560,12596,Synthetic demo mixed sales and receipt 900662,,,0,,,,,,,,,,,,,,,,,,,,,,,,,,20220318120000,,,,,,,,,C005,Demo Customer Elm,,,,,,,,,,,,,,,
20220318,900663,21,0,1,D06,Demo Management,8000,Demo Suspense,,,00,Out of scope,127930,0,1,D06,Demo Management,1590,Demo Accumulated Depreciation,,,00,Out of scope,127930,0,Synthetic demo low-frequency account event 900663,,,0,,,,,,,,,,,,,,,,,,,,,,,,,,20220318120000,,,,,,,,,,,,,,,,,,,,,,,,,
20220318,900703,21,0,1,D06,Demo Management,8000,Demo Suspense,,,00,Out of scope,105070,0,1,D06,Demo Management,2010,Demo Notes Payable,,,00,Out of scope,105070,0,Synthetic demo low-frequency account event 900703,,,0,,,,,,,,,,,,,,,,,,,,,,,,,,20220318120000,,,,,,,,,,,,,,,,,,,,,,,,,
20220318,900704,21,0,1,D06,Demo Management,2200,Demo Short-term Loans,,,00,Out of scope,294940,0,1,D06,Demo Management,1120,Demo Harbor Ordinary Deposit,B003,Harbor Demo Bank,00,Out of scope,415410,0,Synthetic demo financing settlement 900704,,,0,,,,,,,,,,,,,,,,,,,,,,,,,,20220318120000,,,,,,,,,B003,Harbor Demo Bank,,,,,,,,,,,,,,,
20220318,900704,21,0,1,D06,Demo Management,6070,Demo Bank Fees,B003,Harbor Demo Bank,00,Out of scope,29070,0,,,,,,,,,,,,Synthetic demo financing settlement 900704,,,0,,,,,,,,,,,,,,,,,,,,,,,,,,20220318120000,B003,Harbor Demo Bank,,,,,,,,,,,,,,,,,,,,,,,
20220318,900704,21,0,1,D06,Demo Management,7000,Demo Taxes and Dues,,,P0,Non-taxable purchase,91400,0,,,,,,,,,,,,Synthetic demo financing settlement 900704,,,0,,,,,,,,,,,,,,,,,,,,,,,,,,20220318120000,,,,,,,,,,,,,,,,,,,,,,,,,
20220319,900657,21,0,1,D06,Demo Management,8000,Demo Suspense,,,00,Out of scope,163390,0,1,D06,Demo Management,2120,Demo Output Tax Payable,,,00,Out of scope,163390,0,Synthetic demo low-frequency account event 900657,,,0,,,,,,,,,,,,,,,,,,,,,,,,,,20220319120000,,,,,,,,,,,,,,,,,,,,,,,,,
20220319,900660,21,0,1,D06,Demo Management,8000,Demo Suspense,,,00,Out of scope,40470,0,1,D06,Demo Management,2130,Demo Temporary Receipts,,,00,Out of scope,40470,0,Synthetic demo low-frequency account event 900660,,,0,,,,,,,,,,,,,,,,,,,,,,,,,,20220319120000,,,,,,,,,,,,,,,,,,,,,,,,,
20220319,900691,21,0,1,D03,Demo Operations,6030,Demo Utilities,S002,Demo Energy Services,Q5,Taxable purchase 10%,241680,21971,1,D03,Demo Operations,1110,Demo North Current Deposit,B002,North Demo Bank,00,Out of scope,653200,0,Synthetic demo operating cost bundle 900691,,,0,,,,,,,,,,,,,,,,,,,,,,,,,,20220319120000,S002,Demo Energy Services,,,,,,,B002,North Demo Bank,,,,,,,,,,,,,,,
20220319,900691,21,0,1,D03,Demo Operations,6040,Demo Communication,S003,Demo Network Services,Q5,Taxable purchase 10%,176360,16033,,,,,,,,,,,,Synthetic demo operating cost bundle 900691,,,0,,,,,,,,,,,,,,,,,,,,,,,,,,20220319120000,S003,Demo Network Services,,,,,,,,,,,,,,,,,,,,,,,
20220319,900691,21,0,1,D03,Demo Operations,6060,Demo Office Supplies,V002,Demo Vendor Lattice,Q5,Taxable purchase 10%,235160,21378,,,,,,,,,,,,Synthetic demo operating cost bundle 900691,,,0,,,,,,,,,,,,,,,,,,,,,,,,,,20220319120000,V002,Demo Vendor Lattice,,,,,,,,,,,,,,,,,,,,,,,
20220319,900705,21,0,1,D06,Demo Management,8000,Demo Suspense,,,00,Out of scope,154870,0,1,D06,Demo Management,2300,Demo Long-term Loans,,,00,Out of scope,154870,0,Synthetic demo low-frequency account event 900705,,,0,,,,,,,,,,,,,,,,,,,,,,,,,,20220319120000,,,,,,,,,,,,,,,,,,,,,,,,,
20220320,900658,21,0,1,D06,Demo Management,8000,Demo Suspense,,,00,Out of scope,113970,0,1,D06,Demo Management,2400,Demo Unearned Revenue,,,00,Out of scope,113970,0,Synthetic demo low-frequency account event 900658,,,0,,,,,,,,,,,,,,,,,,,,,,,,,,20220320120000,,,,,,,,,,,,,,,,,,,,,,,,,
20220320,900665,21,0,1,D06,Demo Management,8000,Demo Suspense,,,00,Out of scope,78940,0,1,D06,Demo Management,3000,Demo Capital,,,00,Out of scope,78940,0,Synthetic demo low-frequency account event 900665,,,0,,,,,,,,,,,,,,,,,,,,,,,,,,20220320120000,,,,,,,,,,,,,,,,,,,,,,,,,
20220321,900678,21,0,1,D06,Demo Management,8000,Demo Suspense,,,00,Out of scope,68330,0,1,D06,Demo Management,3100,Demo Retained Earnings,,,00,Out of scope,68330,0,Synthetic demo low-frequency account event 900678,,,0,,,,,,,,,,,,,,,,,,,,,,,,,,20220321120000,,,,,,,,,,,,,,,,,,,,,,,,,
20220321,900694,21,0,1,D01,Demo Sales,1110,Demo North Current Deposit,B002,North Demo Bank,00,Out of scope,386630,0,,,,,,,,,,,,Synthetic demo mixed sales and receipt 900694,,,0,,,,,,,,,,,,,,,,,,,,,,,,,,20220321120000,B002,North Demo Bank,,,,,,,,,,,,,,,,,,,,,,,
20220321,900694,21,0,1,D01,Demo Sales,1200,Demo Accounts Receivable,C005,Demo Customer Elm,00,Out of scope,122100,0,,,,,,,,,,,,Synthetic demo mixed sales and receipt 900694,,,0,,,,,,,,,,,,,,,,,,,,,,,,,,20220321120000,C005,Demo Customer Elm,,,,,,,,,,,,,,,,,,,,,,,
20220321,900694,21,0,,,,,,,,,,,,1,D01,Demo Sales,4000,Demo Product Sales,C006,Demo Customer Fjord,B5,Taxable sale 10%,366280,33298,Synthetic demo mixed sales and receipt 900694,,,0,,,,,,,,,,,,,,,,,,,,,,,,,,20220321120000,,,,,,,,,C006,Demo Customer Fjord,,,,,,,,,,,,,,,
20220321,900694,21,0,,,,,,,,,,,,1,D01,Demo Sales,4010,Demo Service Revenue,C007,Demo Customer Grove,B5,Taxable sale 10%,142450,12950,Synthetic demo mixed sales and receipt 900694,,,0,,,,,,,,,,,,,,,,,,,,,,,,,,20220321120000,,,,,,,,,C007,Demo Customer Grove,,,,,,,,,,,,,,,
20220321,900708,21,0,1,D06,Demo Management,8000,Demo Suspense,,,00,Out of scope,29230,0,1,D06,Demo Management,4030,Demo Interest Income,,,B5,Taxable sale 10%,29230,2657,Synthetic demo low-frequency account event 900708,,,0,,,,,,,,,,,,,,,,,,,,,,,,,,20220321120000,,,,,,,,,,,,,,,,,,,,,,,,,
20220326,900666,21,0,1,D02,Demo Administration,6000,Demo Salaries,,,00,Out of scope,154860,0,1,D02,Demo Administration,1100,Demo Central Ordinary Deposit,B001,Demo Central Bank,00,Out of scope,469280,0,Synthetic demo monthly payroll bundle 900666,,,0,,,,,,,,,,,,,,,,,,,,,,,,,,20220326120000,,,,,,,,,B001,Demo Central Bank,,,,,,,,,,,,,,,
20220326,900666,21,0,1,D02,Demo Administration,6010,Demo Statutory Welfare,,,00,Out of scope,28150,0,,,,,,,,,,,,Synthetic demo monthly payroll bundle 900666,,,0,,,,,,,,,,,,,,,,,,,,,,,,,,20220326120000,,,,,,,,,,,,,,,,,,,,,,,,,
20220326,900666,21,0,1,D02,Demo Administration,2110,Demo Payroll Withholding,,,00,Out of scope,286270,0,,,,,,,,,,,,Synthetic demo monthly payroll bundle 900666,,,0,,,,,,,,,,,,,,,,,,,,,,,,,,20220326120000,,,,,,,,,,,,,,,,,,,,,,,,,
20220326,900677,21,0,1,D06,Demo Management,8000,Demo Suspense,,,00,Out of scope,175380,0,1,D06,Demo Management,4040,Demo Miscellaneous Income,,,B5,Taxable sale 10%,175380,15944,Synthetic demo low-frequency account event 900677,,,0,,,,,,,,,,,,,,,,,,,,,,,,,,20220326120000,,,,,,,,,,,,,,,,,,,,,,,,,
20220326,900689,21,0,1,D06,Demo Management,6050,Demo Business Travel,,,Q5,Taxable purchase 10%,170080,15462,1,D06,Demo Management,8010,Demo Clearing,,,00,Out of scope,170080,0,Synthetic demo low-frequency account event 900689,,,0,,,,,,,,,,,,,,,,,,,,,,,,,,20220326120000,,,,,,,,,,,,,,,,,,,,,,,,,
20220326,900690,21,0,1,D06,Demo Management,6090,Demo Insurance,,,Q5,Taxable purchase 10%,63660,5787,1,D06,Demo Management,8010,Demo Clearing,,,00,Out of scope,63660,0,Synthetic demo low-frequency account event 900690,,,0,,,,,,,,,,,,,,,,,,,,,,,,,,20220326120000,,,,,,,,,,,,,,,,,,,,,,,,,
20220328,900684,21,0,1,D06,Demo Management,6110,Demo Depreciation Expense,,,Q5,Taxable purchase 10%,40850,3714,1,D06,Demo Management,8010,Demo Clearing,,,00,Out of scope,40850,0,Synthetic demo low-frequency account event 900684,,,0,,,,,,,,,,,,,,,,,,,,,,,,,,20220328120000,,,,,,,,,,,,,,,,,,,,,,,,,
20220328,900688,21,0,1,D01,Demo Sales,1110,Demo North Current Deposit,B002,North Demo Bank,00,Out of scope,243840,0,,,,,,,,,,,,Synthetic demo mixed sales and receipt 900688,,,0,,,,,,,,,,,,,,,,,,,,,,,,,,20220328120000,B002,North Demo Bank,,,,,,,,,,,,,,,,,,,,,,,
20220328,900688,21,0,1,D01,Demo Sales,1200,Demo Accounts Receivable,C009,Demo Customer Indigo,00,Out of scope,253800,0,,,,,,,,,,,,Synthetic demo mixed sales and receipt 900688,,,0,,,,,,,,,,,,,,,,,,,,,,,,,,20220328120000,C009,Demo Customer Indigo,,,,,,,,,,,,,,,,,,,,,,,
20220328,900688,21,0,,,,,,,,,,,,1,D01,Demo Sales,4000,Demo Product Sales,C010,Demo Customer Juniper,B5,Taxable sale 10%,124410,11310,Synthetic demo mixed sales and receipt 900688,,,0,,,,,,,,,,,,,,,,,,,,,,,,,,20220328120000,,,,,,,,,C010,Demo Customer Juniper,,,,,,,,,,,,,,,
20220328,900688,21,0,,,,,,,,,,,,1,D01,Demo Sales,4010,Demo Service Revenue,C001,Demo Customer Aurora,B5,Taxable sale 10%,373230,33930,Synthetic demo mixed sales and receipt 900688,,,0,,,,,,,,,,,,,,,,,,,,,,,,,,20220328120000,,,,,,,,,C001,Demo Customer Aurora,,,,,,,,,,,,,,,
20220328,900702,21,0,1,D06,Demo Management,6130,Demo Training,,,Q5,Taxable purchase 10%,22200,2018,1,D06,Demo Management,8010,Demo Clearing,,,00,Out of scope,22200,0,Synthetic demo low-frequency account event 900702,,,0,,,,,,,,,,,,,,,,,,,,,,,,,,20220328120000,,,,,,,,,,,,,,,,,,,,,,,,,
20220329,900673,21,0,1,D06,Demo Management,6150,Demo Software Subscription,,,Q5,Taxable purchase 10%,27710,2519,1,D06,Demo Management,8010,Demo Clearing,,,00,Out of scope,27710,0,Synthetic demo low-frequency account event 900673,,,0,,,,,,,,,,,,,,,,,,,,,,,,,,20220329120000,,,,,,,,,,,,,,,,,,,,,,,,,
20220329,900681,21,0,1,D01,Demo Sales,2000,Demo Accounts Payable,V002,Demo Vendor Lattice,00,Out of scope,220380,0,,,,,,,,,,,,Synthetic demo multi-vendor settlement 900681,,,0,,,,,,,,,,,,,,,,,,,,,,,,,,20220329120000,V002,Demo Vendor Lattice,,,,,,,,,,,,,,,,,,,,,,,
20220329,900681,21,0,1,D01,Demo Sales,2100,Demo Accrued Payables,V005,Demo Vendor Orchid,00,Out of scope,65840,0,,,,,,,,,,,,Synthetic demo multi-vendor settlement 900681,,,0,,,,,,,,,,,,,,,,,,,,,,,,,,20220329120000,V005,Demo Vendor Orchid,,,,,,,,,,,,,,,,,,,,,,,
20220329,900681,21,0,,,,,,,,,,,,1,D01,Demo Sales,1100,Demo Central Ordinary Deposit,B001,Demo Central Bank,00,Out of scope,197490,0,Synthetic demo multi-vendor settlement 900681,,,0,,,,,,,,,,,,,,,,,,,,,,,,,,20220329120000,,,,,,,,,B001,Demo Central Bank,,,,,,,,,,,,,,,
20220329,900681,21,0,,,,,,,,,,,,1,D01,Demo Sales,1110,Demo North Current Deposit,B002,North Demo Bank,00,Out of scope,88730,0,Synthetic demo multi-vendor settlement 900681,,,0,,,,,,,,,,,,,,,,,,,,,,,,,,20220329120000,,,,,,,,,B002,North Demo Bank,,,,,,,,,,,,,,,
20220329,900699,21,0,1,D06,Demo Management,6170,Demo Miscellaneous Expense,,,Q5,Taxable purchase 10%,84370,7670,1,D06,Demo Management,8010,Demo Clearing,,,00,Out of scope,84370,0,Synthetic demo low-frequency account event 900699,,,0,,,,,,,,,,,,,,,,,,,,,,,,,,20220329120000,,,,,,,,,,,,,,,,,,,,,,,,,
20220330,900648,21,0,1,D06,Demo Management,7010,Demo Corporate Tax,,,P0,Non-taxable purchase,80460,0,1,D06,Demo Management,8010,Demo Clearing,,,00,Out of scope,80460,0,Synthetic demo low-frequency account event 900648,,,0,,,,,,,,,,,,,,,,,,,,,,,,,,20220330120000,,,,,,,,,,,,,,,,,,,,,,,,,
20220330,900653,21,0,1,D06,Demo Management,2200,Demo Short-term Loans,,,00,Out of scope,323530,0,1,D06,Demo Management,1120,Demo Harbor Ordinary Deposit,B003,Harbor Demo Bank,00,Out of scope,539220,0,Synthetic demo financing settlement 900653,,,0,,,,,,,,,,,,,,,,,,,,,,,,,,20220330120000,,,,,,,,,B003,Harbor Demo Bank,,,,,,,,,,,,,,,
20220330,900653,21,0,1,D06,Demo Management,6070,Demo Bank Fees,B003,Harbor Demo Bank,00,Out of scope,53920,0,,,,,,,,,,,,Synthetic demo financing settlement 900653,,,0,,,,,,,,,,,,,,,,,,,,,,,,,,20220330120000,B003,Harbor Demo Bank,,,,,,,,,,,,,,,,,,,,,,,
20220330,900653,21,0,1,D06,Demo Management,7000,Demo Taxes and Dues,,,P0,Non-taxable purchase,161770,0,,,,,,,,,,,,Synthetic demo financing settlement 900653,,,0,,,,,,,,,,,,,,,,,,,,,,,,,,20220330120000,,,,,,,,,,,,,,,,,,,,,,,,,
20220330,900682,21,0,1,D06,Demo Management,7020,Demo Consumption Tax Expense,,,P0,Non-taxable purchase,164190,0,1,D06,Demo Management,8010,Demo Clearing,,,00,Out of scope,164190,0,Synthetic demo low-frequency account event 900682,,,0,,,,,,,,,,,,,,,,,,,,,,,,,,20220330120000,,,,,,,,,,,,,,,,,,,,,,,,,
20220330,900698,21,0,1,D06,Demo Management,2200,Demo Short-term Loans,,,00,Out of scope,375800,0,1,D06,Demo Management,1120,Demo Harbor Ordinary Deposit,B003,Harbor Demo Bank,00,Out of scope,659310,0,Synthetic demo financing settlement 900698,,,0,,,,,,,,,,,,,,,,,,,,,,,,,,20220330120000,,,,,,,,,B003,Harbor Demo Bank,,,,,,,,,,,,,,,
20220330,900698,21,0,1,D06,Demo Management,6070,Demo Bank Fees,B003,Harbor Demo Bank,00,Out of scope,125260,0,,,,,,,,,,,,Synthetic demo financing settlement 900698,,,0,,,,,,,,,,,,,,,,,,,,,,,,,,20220330120000,B003,Harbor Demo Bank,,,,,,,,,,,,,,,,,,,,,,,
20220330,900698,21,0,1,D06,Demo Management,7000,Demo Taxes and Dues,,,P0,Non-taxable purchase,158250,0,,,,,,,,,,,,Synthetic demo financing settlement 900698,,,0,,,,,,,,,,,,,,,,,,,,,,,,,,20220330120000,,,,,,,,,,,,,,,,,,,,,,,,,
20220331,900668,21,0,1,D06,Demo Management,8000,Demo Suspense,,,00,Out of scope,139920,0,1,D06,Demo Management,8010,Demo Clearing,,,00,Out of scope,139920,0,Synthetic demo low-frequency account event 900668,,,0,,,,,,,,,,,,,,,,,,,,,,,,,,20220331120000,,,,,,,,,,,,,,,,,,,,,,,,,
20220331,900707,21,0,1,D06,Demo Management,8000,Demo Suspense,,,00,Out of scope,41830,0,1,D06,Demo Management,8010,Demo Clearing,,,00,Out of scope,41830,0,Synthetic demo low-frequency account event 900707,,,0,,,,,,,,,,,,,,,,,,,,,,,,,,20220331120000,,,,,,,,,,,,,,,,,,,,,,,,,
